-- CARGA DE LAS TRACTORAS DEL SIA CCMX (correos dummies consecutivos temporales):
INSERT INTO INFRA.USUARIOS ( CVE_USUARIO, PASSWORD ) VALUES( 'dummy.t.1@mail.com', 'ccmx1234' );
INSERT INTO INFRA.REL_ROLES ( CVE_ROL, CVE_USUARIO ) VALUES( 'Tractora', 'dummy.t.1@mail.com' );
INSERT INTO INFRA.TRACTORAS ( ID_USUARIO, ID_USUARIO_PADRE, ID_TRACTORA_PADRE, EMPRESA, NOMBRE_CONTACTO, APP_PATERNO, APP_MATERNO, CORREO_ELECTRONICO, PUESTO ) VALUES( ( SELECT ID_USUARIO FROM INFRA.USUARIOS WHERE CVE_USUARIO = 'dummy.t.1@mail.com' ), '1', '0', 'Barcel', '', '', '', 'dummy.t.1@mail.com', null );

INSERT INTO INFRA.USUARIOS ( CVE_USUARIO, PASSWORD ) VALUES( 'dummy.t.2@mail.com', 'ccmx1234' );
INSERT INTO INFRA.REL_ROLES ( CVE_ROL, CVE_USUARIO ) VALUES( 'Tractora', 'dummy.t.2@mail.com' );
INSERT INTO INFRA.TRACTORAS ( ID_USUARIO, ID_USUARIO_PADRE, ID_TRACTORA_PADRE, EMPRESA, NOMBRE_CONTACTO, APP_PATERNO, APP_MATERNO, CORREO_ELECTRONICO, PUESTO ) VALUES( ( SELECT ID_USUARIO FROM INFRA.USUARIOS WHERE CVE_USUARIO = 'dummy.t.2@mail.com' ), '1', '0', 'BEPENSA', '', '', '', 'dummy.t.2@mail.com', null );

INSERT INTO INFRA.USUARIOS ( CVE_USUARIO, PASSWORD ) VALUES( 'dummy.t.3@mail.com', 'ccmx1234' );
INSERT INTO INFRA.REL_ROLES ( CVE_ROL, CVE_USUARIO ) VALUES( 'Tractora', 'dummy.t.3@mail.com' );
INSERT INTO INFRA.TRACTORAS ( ID_USUARIO, ID_USUARIO_PADRE, ID_TRACTORA_PADRE, EMPRESA, NOMBRE_CONTACTO, APP_PATERNO, APP_MATERNO, CORREO_ELECTRONICO, PUESTO ) VALUES( ( SELECT ID_USUARIO FROM INFRA.USUARIOS WHERE CVE_USUARIO = 'dummy.t.3@mail.com' ), '1', '0', 'Bimbo', '', '', '', 'dummy.t.3@mail.com', null );

INSERT INTO INFRA.USUARIOS ( CVE_USUARIO, PASSWORD ) VALUES( 'dummy.t.4@mail.com', 'ccmx1234' );
INSERT INTO INFRA.REL_ROLES ( CVE_ROL, CVE_USUARIO ) VALUES( 'Tractora', 'dummy.t.4@mail.com' );
INSERT INTO INFRA.TRACTORAS ( ID_USUARIO, ID_USUARIO_PADRE, ID_TRACTORA_PADRE, EMPRESA, NOMBRE_CONTACTO, APP_PATERNO, APP_MATERNO, CORREO_ELECTRONICO, PUESTO ) VALUES( ( SELECT ID_USUARIO FROM INFRA.USUARIOS WHERE CVE_USUARIO = 'dummy.t.4@mail.com' ), '1', '0', 'Casa Cuervo', '', '', '', 'dummy.t.4@mail.com', null );

INSERT INTO INFRA.USUARIOS ( CVE_USUARIO, PASSWORD ) VALUES( 'dummy.t.5@mail.com', 'ccmx1234' );
INSERT INTO INFRA.REL_ROLES ( CVE_ROL, CVE_USUARIO ) VALUES( 'Tractora', 'dummy.t.5@mail.com' );
INSERT INTO INFRA.TRACTORAS ( ID_USUARIO, ID_USUARIO_PADRE, ID_TRACTORA_PADRE, EMPRESA, NOMBRE_CONTACTO, APP_PATERNO, APP_MATERNO, CORREO_ELECTRONICO, PUESTO ) VALUES( ( SELECT ID_USUARIO FROM INFRA.USUARIOS WHERE CVE_USUARIO = 'dummy.t.5@mail.com' ), '1', '0', 'Ccm/Crece', '', '', '', 'dummy.t.5@mail.com', null );

INSERT INTO INFRA.USUARIOS ( CVE_USUARIO, PASSWORD ) VALUES( 'dummy.t.6@mail.com', 'ccmx1234' );
INSERT INTO INFRA.REL_ROLES ( CVE_ROL, CVE_USUARIO ) VALUES( 'Tractora', 'dummy.t.6@mail.com' );
INSERT INTO INFRA.TRACTORAS ( ID_USUARIO, ID_USUARIO_PADRE, ID_TRACTORA_PADRE, EMPRESA, NOMBRE_CONTACTO, APP_PATERNO, APP_MATERNO, CORREO_ELECTRONICO, PUESTO ) VALUES( ( SELECT ID_USUARIO FROM INFRA.USUARIOS WHERE CVE_USUARIO = 'dummy.t.6@mail.com' ), '1', '0', 'CCMX', '', '', '', 'dummy.t.6@mail.com', null );

INSERT INTO INFRA.USUARIOS ( CVE_USUARIO, PASSWORD ) VALUES( 'dummy.t.7@mail.com', 'ccmx1234' );
INSERT INTO INFRA.REL_ROLES ( CVE_ROL, CVE_USUARIO ) VALUES( 'Tractora', 'dummy.t.7@mail.com' );
INSERT INTO INFRA.TRACTORAS ( ID_USUARIO, ID_USUARIO_PADRE, ID_TRACTORA_PADRE, EMPRESA, NOMBRE_CONTACTO, APP_PATERNO, APP_MATERNO, CORREO_ELECTRONICO, PUESTO ) VALUES( ( SELECT ID_USUARIO FROM INFRA.USUARIOS WHERE CVE_USUARIO = 'dummy.t.7@mail.com' ), '1', '0', 'Cemex', '', '', '', 'dummy.t.7@mail.com', null );

INSERT INTO INFRA.USUARIOS ( CVE_USUARIO, PASSWORD ) VALUES( 'dummy.t.8@mail.com', 'ccmx1234' );
INSERT INTO INFRA.REL_ROLES ( CVE_ROL, CVE_USUARIO ) VALUES( 'Tractora', 'dummy.t.8@mail.com' );
INSERT INTO INFRA.TRACTORAS ( ID_USUARIO, ID_USUARIO_PADRE, ID_TRACTORA_PADRE, EMPRESA, NOMBRE_CONTACTO, APP_PATERNO, APP_MATERNO, CORREO_ELECTRONICO, PUESTO ) VALUES( ( SELECT ID_USUARIO FROM INFRA.USUARIOS WHERE CVE_USUARIO = 'dummy.t.8@mail.com' ), '1', '0', 'Chedraui', '', '', '', 'dummy.t.8@mail.com', null );

INSERT INTO INFRA.USUARIOS ( CVE_USUARIO, PASSWORD ) VALUES( 'dummy.t.9@mail.com', 'ccmx1234' );
INSERT INTO INFRA.REL_ROLES ( CVE_ROL, CVE_USUARIO ) VALUES( 'Tractora', 'dummy.t.9@mail.com' );
INSERT INTO INFRA.TRACTORAS ( ID_USUARIO, ID_USUARIO_PADRE, ID_TRACTORA_PADRE, EMPRESA, NOMBRE_CONTACTO, APP_PATERNO, APP_MATERNO, CORREO_ELECTRONICO, PUESTO ) VALUES( ( SELECT ID_USUARIO FROM INFRA.USUARIOS WHERE CVE_USUARIO = 'dummy.t.9@mail.com' ), '1', '0', 'Cinepolis', '', '', '', 'dummy.t.9@mail.com', null );

INSERT INTO INFRA.USUARIOS ( CVE_USUARIO, PASSWORD ) VALUES( 'dummy.t.10@mail.com', 'ccmx1234' );
INSERT INTO INFRA.REL_ROLES ( CVE_ROL, CVE_USUARIO ) VALUES( 'Tractora', 'dummy.t.10@mail.com' );
INSERT INTO INFRA.TRACTORAS ( ID_USUARIO, ID_USUARIO_PADRE, ID_TRACTORA_PADRE, EMPRESA, NOMBRE_CONTACTO, APP_PATERNO, APP_MATERNO, CORREO_ELECTRONICO, PUESTO ) VALUES( ( SELECT ID_USUARIO FROM INFRA.USUARIOS WHERE CVE_USUARIO = 'dummy.t.10@mail.com' ), '1', '0', 'Comex', '', '', '', 'dummy.t.10@mail.com', null );

INSERT INTO INFRA.USUARIOS ( CVE_USUARIO, PASSWORD ) VALUES( 'dummy.t.11@mail.com', 'ccmx1234' );
INSERT INTO INFRA.REL_ROLES ( CVE_ROL, CVE_USUARIO ) VALUES( 'Tractora', 'dummy.t.11@mail.com' );
INSERT INTO INFRA.TRACTORAS ( ID_USUARIO, ID_USUARIO_PADRE, ID_TRACTORA_PADRE, EMPRESA, NOMBRE_CONTACTO, APP_PATERNO, APP_MATERNO, CORREO_ELECTRONICO, PUESTO ) VALUES( ( SELECT ID_USUARIO FROM INFRA.USUARIOS WHERE CVE_USUARIO = 'dummy.t.11@mail.com' ), '1', '0', 'Cryoinfra', '', '', '', 'dummy.t.11@mail.com', null );

INSERT INTO INFRA.USUARIOS ( CVE_USUARIO, PASSWORD ) VALUES( 'dummy.t.12@mail.com', 'ccmx1234' );
INSERT INTO INFRA.REL_ROLES ( CVE_ROL, CVE_USUARIO ) VALUES( 'Tractora', 'dummy.t.12@mail.com' );
INSERT INTO INFRA.TRACTORAS ( ID_USUARIO, ID_USUARIO_PADRE, ID_TRACTORA_PADRE, EMPRESA, NOMBRE_CONTACTO, APP_PATERNO, APP_MATERNO, CORREO_ELECTRONICO, PUESTO ) VALUES( ( SELECT ID_USUARIO FROM INFRA.USUARIOS WHERE CVE_USUARIO = 'dummy.t.12@mail.com' ), '1', '0', 'Cydsa', '', '', '', 'dummy.t.12@mail.com', null );

INSERT INTO INFRA.USUARIOS ( CVE_USUARIO, PASSWORD ) VALUES( 'dummy.t.13@mail.com', 'ccmx1234' );
INSERT INTO INFRA.REL_ROLES ( CVE_ROL, CVE_USUARIO ) VALUES( 'Tractora', 'dummy.t.13@mail.com' );
INSERT INTO INFRA.TRACTORAS ( ID_USUARIO, ID_USUARIO_PADRE, ID_TRACTORA_PADRE, EMPRESA, NOMBRE_CONTACTO, APP_PATERNO, APP_MATERNO, CORREO_ELECTRONICO, PUESTO ) VALUES( ( SELECT ID_USUARIO FROM INFRA.USUARIOS WHERE CVE_USUARIO = 'dummy.t.13@mail.com' ), '1', '0', 'Farmacias Guadalajara', '', '', '', 'dummy.t.13@mail.com', null );

INSERT INTO INFRA.USUARIOS ( CVE_USUARIO, PASSWORD ) VALUES( 'dummy.t.14@mail.com', 'ccmx1234' );
INSERT INTO INFRA.REL_ROLES ( CVE_ROL, CVE_USUARIO ) VALUES( 'Tractora', 'dummy.t.14@mail.com' );
INSERT INTO INFRA.TRACTORAS ( ID_USUARIO, ID_USUARIO_PADRE, ID_TRACTORA_PADRE, EMPRESA, NOMBRE_CONTACTO, APP_PATERNO, APP_MATERNO, CORREO_ELECTRONICO, PUESTO ) VALUES( ( SELECT ID_USUARIO FROM INFRA.USUARIOS WHERE CVE_USUARIO = 'dummy.t.14@mail.com' ), '1', '0', 'Femsa', '', '', '', 'dummy.t.14@mail.com', null );

INSERT INTO INFRA.USUARIOS ( CVE_USUARIO, PASSWORD ) VALUES( 'dummy.t.15@mail.com', 'ccmx1234' );
INSERT INTO INFRA.REL_ROLES ( CVE_ROL, CVE_USUARIO ) VALUES( 'Tractora', 'dummy.t.15@mail.com' );
INSERT INTO INFRA.TRACTORAS ( ID_USUARIO, ID_USUARIO_PADRE, ID_TRACTORA_PADRE, EMPRESA, NOMBRE_CONTACTO, APP_PATERNO, APP_MATERNO, CORREO_ELECTRONICO, PUESTO ) VALUES( ( SELECT ID_USUARIO FROM INFRA.USUARIOS WHERE CVE_USUARIO = 'dummy.t.15@mail.com' ), '1', '0', 'Gepp', '', '', '', 'dummy.t.15@mail.com', null );

INSERT INTO INFRA.USUARIOS ( CVE_USUARIO, PASSWORD ) VALUES( 'dummy.t.16@mail.com', 'ccmx1234' );
INSERT INTO INFRA.REL_ROLES ( CVE_ROL, CVE_USUARIO ) VALUES( 'Tractora', 'dummy.t.16@mail.com' );
INSERT INTO INFRA.TRACTORAS ( ID_USUARIO, ID_USUARIO_PADRE, ID_TRACTORA_PADRE, EMPRESA, NOMBRE_CONTACTO, APP_PATERNO, APP_MATERNO, CORREO_ELECTRONICO, PUESTO ) VALUES( ( SELECT ID_USUARIO FROM INFRA.USUARIOS WHERE CVE_USUARIO = 'dummy.t.16@mail.com' ), '1', '0', 'Geusa', '', '', '', 'dummy.t.16@mail.com', null );

INSERT INTO INFRA.USUARIOS ( CVE_USUARIO, PASSWORD ) VALUES( 'dummy.t.17@mail.com', 'ccmx1234' );
INSERT INTO INFRA.REL_ROLES ( CVE_ROL, CVE_USUARIO ) VALUES( 'Tractora', 'dummy.t.17@mail.com' );
INSERT INTO INFRA.TRACTORAS ( ID_USUARIO, ID_USUARIO_PADRE, ID_TRACTORA_PADRE, EMPRESA, NOMBRE_CONTACTO, APP_PATERNO, APP_MATERNO, CORREO_ELECTRONICO, PUESTO ) VALUES( ( SELECT ID_USUARIO FROM INFRA.USUARIOS WHERE CVE_USUARIO = 'dummy.t.17@mail.com' ), '1', '0', 'Grupo Alfa', '', '', '', 'dummy.t.17@mail.com', null );

INSERT INTO INFRA.USUARIOS ( CVE_USUARIO, PASSWORD ) VALUES( 'dummy.t.18@mail.com', 'ccmx1234' );
INSERT INTO INFRA.REL_ROLES ( CVE_ROL, CVE_USUARIO ) VALUES( 'Tractora', 'dummy.t.18@mail.com' );
INSERT INTO INFRA.TRACTORAS ( ID_USUARIO, ID_USUARIO_PADRE, ID_TRACTORA_PADRE, EMPRESA, NOMBRE_CONTACTO, APP_PATERNO, APP_MATERNO, CORREO_ELECTRONICO, PUESTO ) VALUES( ( SELECT ID_USUARIO FROM INFRA.USUARIOS WHERE CVE_USUARIO = 'dummy.t.18@mail.com' ), '1', '0', 'Grupo Lala', '', '', '', 'dummy.t.18@mail.com', null );

INSERT INTO INFRA.USUARIOS ( CVE_USUARIO, PASSWORD ) VALUES( 'dummy.t.19@mail.com', 'ccmx1234' );
INSERT INTO INFRA.REL_ROLES ( CVE_ROL, CVE_USUARIO ) VALUES( 'Tractora', 'dummy.t.19@mail.com' );
INSERT INTO INFRA.TRACTORAS ( ID_USUARIO, ID_USUARIO_PADRE, ID_TRACTORA_PADRE, EMPRESA, NOMBRE_CONTACTO, APP_PATERNO, APP_MATERNO, CORREO_ELECTRONICO, PUESTO ) VALUES( ( SELECT ID_USUARIO FROM INFRA.USUARIOS WHERE CVE_USUARIO = 'dummy.t.19@mail.com' ), '1', '0', 'Grupo Peñoles', '', '', '', 'dummy.t.19@mail.com', null );

INSERT INTO INFRA.USUARIOS ( CVE_USUARIO, PASSWORD ) VALUES( 'dummy.t.20@mail.com', 'ccmx1234' );
INSERT INTO INFRA.REL_ROLES ( CVE_ROL, CVE_USUARIO ) VALUES( 'Tractora', 'dummy.t.20@mail.com' );
INSERT INTO INFRA.TRACTORAS ( ID_USUARIO, ID_USUARIO_PADRE, ID_TRACTORA_PADRE, EMPRESA, NOMBRE_CONTACTO, APP_PATERNO, APP_MATERNO, CORREO_ELECTRONICO, PUESTO ) VALUES( ( SELECT ID_USUARIO FROM INFRA.USUARIOS WHERE CVE_USUARIO = 'dummy.t.20@mail.com' ), '1', '0', 'Ica', '', '', '', 'dummy.t.20@mail.com', null );

INSERT INTO INFRA.USUARIOS ( CVE_USUARIO, PASSWORD ) VALUES( 'dummy.t.21@mail.com', 'ccmx1234' );
INSERT INTO INFRA.REL_ROLES ( CVE_ROL, CVE_USUARIO ) VALUES( 'Tractora', 'dummy.t.21@mail.com' );
INSERT INTO INFRA.TRACTORAS ( ID_USUARIO, ID_USUARIO_PADRE, ID_TRACTORA_PADRE, EMPRESA, NOMBRE_CONTACTO, APP_PATERNO, APP_MATERNO, CORREO_ELECTRONICO, PUESTO ) VALUES( ( SELECT ID_USUARIO FROM INFRA.USUARIOS WHERE CVE_USUARIO = 'dummy.t.21@mail.com' ), '1', '0', 'Iquisa Santa Clara, S.A. De C.V.', '', '', '', 'dummy.t.21@mail.com', null );

INSERT INTO INFRA.USUARIOS ( CVE_USUARIO, PASSWORD ) VALUES( 'dummy.t.22@mail.com', 'ccmx1234' );
INSERT INTO INFRA.REL_ROLES ( CVE_ROL, CVE_USUARIO ) VALUES( 'Tractora', 'dummy.t.22@mail.com' );
INSERT INTO INFRA.TRACTORAS ( ID_USUARIO, ID_USUARIO_PADRE, ID_TRACTORA_PADRE, EMPRESA, NOMBRE_CONTACTO, APP_PATERNO, APP_MATERNO, CORREO_ELECTRONICO, PUESTO ) VALUES( ( SELECT ID_USUARIO FROM INFRA.USUARIOS WHERE CVE_USUARIO = 'dummy.t.22@mail.com' ), '1', '0', 'Kimberly Clark', '', '', '', 'dummy.t.22@mail.com', null );

INSERT INTO INFRA.USUARIOS ( CVE_USUARIO, PASSWORD ) VALUES( 'dummy.t.23@mail.com', 'ccmx1234' );
INSERT INTO INFRA.REL_ROLES ( CVE_ROL, CVE_USUARIO ) VALUES( 'Tractora', 'dummy.t.23@mail.com' );
INSERT INTO INFRA.TRACTORAS ( ID_USUARIO, ID_USUARIO_PADRE, ID_TRACTORA_PADRE, EMPRESA, NOMBRE_CONTACTO, APP_PATERNO, APP_MATERNO, CORREO_ELECTRONICO, PUESTO ) VALUES( ( SELECT ID_USUARIO FROM INFRA.USUARIOS WHERE CVE_USUARIO = 'dummy.t.23@mail.com' ), '1', '0', 'Kimberly-Clark // Cemex', '', '', '', 'dummy.t.23@mail.com', null );

INSERT INTO INFRA.USUARIOS ( CVE_USUARIO, PASSWORD ) VALUES( 'dummy.t.24@mail.com', 'ccmx1234' );
INSERT INTO INFRA.REL_ROLES ( CVE_ROL, CVE_USUARIO ) VALUES( 'Tractora', 'dummy.t.24@mail.com' );
INSERT INTO INFRA.TRACTORAS ( ID_USUARIO, ID_USUARIO_PADRE, ID_TRACTORA_PADRE, EMPRESA, NOMBRE_CONTACTO, APP_PATERNO, APP_MATERNO, CORREO_ELECTRONICO, PUESTO ) VALUES( ( SELECT ID_USUARIO FROM INFRA.USUARIOS WHERE CVE_USUARIO = 'dummy.t.24@mail.com' ), '1', '0', 'Kuo', '', '', '', 'dummy.t.24@mail.com', null );

INSERT INTO INFRA.USUARIOS ( CVE_USUARIO, PASSWORD ) VALUES( 'dummy.t.25@mail.com', 'ccmx1234' );
INSERT INTO INFRA.REL_ROLES ( CVE_ROL, CVE_USUARIO ) VALUES( 'Tractora', 'dummy.t.25@mail.com' );
INSERT INTO INFRA.TRACTORAS ( ID_USUARIO, ID_USUARIO_PADRE, ID_TRACTORA_PADRE, EMPRESA, NOMBRE_CONTACTO, APP_PATERNO, APP_MATERNO, CORREO_ELECTRONICO, PUESTO ) VALUES( ( SELECT ID_USUARIO FROM INFRA.USUARIOS WHERE CVE_USUARIO = 'dummy.t.25@mail.com' ), '1', '0', 'Lamosa', '', '', '', 'dummy.t.25@mail.com', null );

INSERT INTO INFRA.USUARIOS ( CVE_USUARIO, PASSWORD ) VALUES( 'dummy.t.26@mail.com', 'ccmx1234' );
INSERT INTO INFRA.REL_ROLES ( CVE_ROL, CVE_USUARIO ) VALUES( 'Tractora', 'dummy.t.26@mail.com' );
INSERT INTO INFRA.TRACTORAS ( ID_USUARIO, ID_USUARIO_PADRE, ID_TRACTORA_PADRE, EMPRESA, NOMBRE_CONTACTO, APP_PATERNO, APP_MATERNO, CORREO_ELECTRONICO, PUESTO ) VALUES( ( SELECT ID_USUARIO FROM INFRA.USUARIOS WHERE CVE_USUARIO = 'dummy.t.26@mail.com' ), '1', '0', 'Mabe', '', '', '', 'dummy.t.26@mail.com', null );

INSERT INTO INFRA.USUARIOS ( CVE_USUARIO, PASSWORD ) VALUES( 'dummy.t.27@mail.com', 'ccmx1234' );
INSERT INTO INFRA.REL_ROLES ( CVE_ROL, CVE_USUARIO ) VALUES( 'Tractora', 'dummy.t.27@mail.com' );
INSERT INTO INFRA.TRACTORAS ( ID_USUARIO, ID_USUARIO_PADRE, ID_TRACTORA_PADRE, EMPRESA, NOMBRE_CONTACTO, APP_PATERNO, APP_MATERNO, CORREO_ELECTRONICO, PUESTO ) VALUES( ( SELECT ID_USUARIO FROM INFRA.USUARIOS WHERE CVE_USUARIO = 'dummy.t.27@mail.com' ), '1', '0', 'Mexichem', '', '', '', 'dummy.t.27@mail.com', null );

INSERT INTO INFRA.USUARIOS ( CVE_USUARIO, PASSWORD ) VALUES( 'dummy.t.28@mail.com', 'ccmx1234' );
INSERT INTO INFRA.REL_ROLES ( CVE_ROL, CVE_USUARIO ) VALUES( 'Tractora', 'dummy.t.28@mail.com' );
INSERT INTO INFRA.TRACTORAS ( ID_USUARIO, ID_USUARIO_PADRE, ID_TRACTORA_PADRE, EMPRESA, NOMBRE_CONTACTO, APP_PATERNO, APP_MATERNO, CORREO_ELECTRONICO, PUESTO ) VALUES( ( SELECT ID_USUARIO FROM INFRA.USUARIOS WHERE CVE_USUARIO = 'dummy.t.28@mail.com' ), '1', '0', 'Palacio De Hierro', '', '', '', 'dummy.t.28@mail.com', null );

INSERT INTO INFRA.USUARIOS ( CVE_USUARIO, PASSWORD ) VALUES( 'dummy.t.29@mail.com', 'ccmx1234' );
INSERT INTO INFRA.REL_ROLES ( CVE_ROL, CVE_USUARIO ) VALUES( 'Tractora', 'dummy.t.29@mail.com' );
INSERT INTO INFRA.TRACTORAS ( ID_USUARIO, ID_USUARIO_PADRE, ID_TRACTORA_PADRE, EMPRESA, NOMBRE_CONTACTO, APP_PATERNO, APP_MATERNO, CORREO_ELECTRONICO, PUESTO ) VALUES( ( SELECT ID_USUARIO FROM INFRA.USUARIOS WHERE CVE_USUARIO = 'dummy.t.29@mail.com' ), '1', '0', 'Pendiente', '', '', '', 'dummy.t.29@mail.com', null );

INSERT INTO INFRA.USUARIOS ( CVE_USUARIO, PASSWORD ) VALUES( 'dummy.t.30@mail.com', 'ccmx1234' );
INSERT INTO INFRA.REL_ROLES ( CVE_ROL, CVE_USUARIO ) VALUES( 'Tractora', 'dummy.t.30@mail.com' );
INSERT INTO INFRA.TRACTORAS ( ID_USUARIO, ID_USUARIO_PADRE, ID_TRACTORA_PADRE, EMPRESA, NOMBRE_CONTACTO, APP_PATERNO, APP_MATERNO, CORREO_ELECTRONICO, PUESTO ) VALUES( ( SELECT ID_USUARIO FROM INFRA.USUARIOS WHERE CVE_USUARIO = 'dummy.t.30@mail.com' ), '1', '0', 'PROSEL', '', '', '', 'dummy.t.30@mail.com', null );

INSERT INTO INFRA.USUARIOS ( CVE_USUARIO, PASSWORD ) VALUES( 'dummy.t.31@mail.com', 'ccmx1234' );
INSERT INTO INFRA.REL_ROLES ( CVE_ROL, CVE_USUARIO ) VALUES( 'Tractora', 'dummy.t.31@mail.com' );
INSERT INTO INFRA.TRACTORAS ( ID_USUARIO, ID_USUARIO_PADRE, ID_TRACTORA_PADRE, EMPRESA, NOMBRE_CONTACTO, APP_PATERNO, APP_MATERNO, CORREO_ELECTRONICO, PUESTO ) VALUES( ( SELECT ID_USUARIO FROM INFRA.USUARIOS WHERE CVE_USUARIO = 'dummy.t.31@mail.com' ), '1', '0', 'Pymes', '', '', '', 'dummy.t.31@mail.com', null );

INSERT INTO INFRA.USUARIOS ( CVE_USUARIO, PASSWORD ) VALUES( 'dummy.t.32@mail.com', 'ccmx1234' );
INSERT INTO INFRA.REL_ROLES ( CVE_ROL, CVE_USUARIO ) VALUES( 'Tractora', 'dummy.t.32@mail.com' );
INSERT INTO INFRA.TRACTORAS ( ID_USUARIO, ID_USUARIO_PADRE, ID_TRACTORA_PADRE, EMPRESA, NOMBRE_CONTACTO, APP_PATERNO, APP_MATERNO, CORREO_ELECTRONICO, PUESTO ) VALUES( ( SELECT ID_USUARIO FROM INFRA.USUARIOS WHERE CVE_USUARIO = 'dummy.t.32@mail.com' ), '1', '0', 'QUALTIA', '', '', '', 'dummy.t.32@mail.com', null );

INSERT INTO INFRA.USUARIOS ( CVE_USUARIO, PASSWORD ) VALUES( 'dummy.t.33@mail.com', 'ccmx1234' );
INSERT INTO INFRA.REL_ROLES ( CVE_ROL, CVE_USUARIO ) VALUES( 'Tractora', 'dummy.t.33@mail.com' );
INSERT INTO INFRA.TRACTORAS ( ID_USUARIO, ID_USUARIO_PADRE, ID_TRACTORA_PADRE, EMPRESA, NOMBRE_CONTACTO, APP_PATERNO, APP_MATERNO, CORREO_ELECTRONICO, PUESTO ) VALUES( ( SELECT ID_USUARIO FROM INFRA.USUARIOS WHERE CVE_USUARIO = 'dummy.t.33@mail.com' ), '1', '0', 'REFERENCIADO', '', '', '', 'dummy.t.33@mail.com', null );

INSERT INTO INFRA.USUARIOS ( CVE_USUARIO, PASSWORD ) VALUES( 'dummy.t.34@mail.com', 'ccmx1234' );
INSERT INTO INFRA.REL_ROLES ( CVE_ROL, CVE_USUARIO ) VALUES( 'Tractora', 'dummy.t.34@mail.com' );
INSERT INTO INFRA.TRACTORAS ( ID_USUARIO, ID_USUARIO_PADRE, ID_TRACTORA_PADRE, EMPRESA, NOMBRE_CONTACTO, APP_PATERNO, APP_MATERNO, CORREO_ELECTRONICO, PUESTO ) VALUES( ( SELECT ID_USUARIO FROM INFRA.USUARIOS WHERE CVE_USUARIO = 'dummy.t.34@mail.com' ), '1', '0', 'San Luis Coroporación', '', '', '', 'dummy.t.34@mail.com', null );

INSERT INTO INFRA.USUARIOS ( CVE_USUARIO, PASSWORD ) VALUES( 'dummy.t.35@mail.com', 'ccmx1234' );
INSERT INTO INFRA.REL_ROLES ( CVE_ROL, CVE_USUARIO ) VALUES( 'Tractora', 'dummy.t.35@mail.com' );
INSERT INTO INFRA.TRACTORAS ( ID_USUARIO, ID_USUARIO_PADRE, ID_TRACTORA_PADRE, EMPRESA, NOMBRE_CONTACTO, APP_PATERNO, APP_MATERNO, CORREO_ELECTRONICO, PUESTO ) VALUES( ( SELECT ID_USUARIO FROM INFRA.USUARIOS WHERE CVE_USUARIO = 'dummy.t.35@mail.com' ), '1', '0', 'San Luis Rassini', '', '', '', 'dummy.t.35@mail.com', null );

INSERT INTO INFRA.USUARIOS ( CVE_USUARIO, PASSWORD ) VALUES( 'dummy.t.36@mail.com', 'ccmx1234' );
INSERT INTO INFRA.REL_ROLES ( CVE_ROL, CVE_USUARIO ) VALUES( 'Tractora', 'dummy.t.36@mail.com' );
INSERT INTO INFRA.TRACTORAS ( ID_USUARIO, ID_USUARIO_PADRE, ID_TRACTORA_PADRE, EMPRESA, NOMBRE_CONTACTO, APP_PATERNO, APP_MATERNO, CORREO_ELECTRONICO, PUESTO ) VALUES( ( SELECT ID_USUARIO FROM INFRA.USUARIOS WHERE CVE_USUARIO = 'dummy.t.36@mail.com' ), '1', '0', 'Semana Pyme', '', '', '', 'dummy.t.36@mail.com', null );

INSERT INTO INFRA.USUARIOS ( CVE_USUARIO, PASSWORD ) VALUES( 'dummy.t.37@mail.com', 'ccmx1234' );
INSERT INTO INFRA.REL_ROLES ( CVE_ROL, CVE_USUARIO ) VALUES( 'Tractora', 'dummy.t.37@mail.com' );
INSERT INTO INFRA.TRACTORAS ( ID_USUARIO, ID_USUARIO_PADRE, ID_TRACTORA_PADRE, EMPRESA, NOMBRE_CONTACTO, APP_PATERNO, APP_MATERNO, CORREO_ELECTRONICO, PUESTO ) VALUES( ( SELECT ID_USUARIO FROM INFRA.USUARIOS WHERE CVE_USUARIO = 'dummy.t.37@mail.com' ), '1', '0', 'Televisa', '', '', '', 'dummy.t.37@mail.com', null );

INSERT INTO INFRA.USUARIOS ( CVE_USUARIO, PASSWORD ) VALUES( 'dummy.t.38@mail.com', 'ccmx1234' );
INSERT INTO INFRA.REL_ROLES ( CVE_ROL, CVE_USUARIO ) VALUES( 'Tractora', 'dummy.t.38@mail.com' );
INSERT INTO INFRA.TRACTORAS ( ID_USUARIO, ID_USUARIO_PADRE, ID_TRACTORA_PADRE, EMPRESA, NOMBRE_CONTACTO, APP_PATERNO, APP_MATERNO, CORREO_ELECTRONICO, PUESTO ) VALUES( ( SELECT ID_USUARIO FROM INFRA.USUARIOS WHERE CVE_USUARIO = 'dummy.t.38@mail.com' ), '1', '0', 'Vitro', '', '', '', 'dummy.t.38@mail.com', null );
