-- CARGA DE LAS PyMEs DEL SIA CCMX:


--BEPENSA

--WORKMAN
INSERT INTO INFRA.USUARIOS ( CVE_USUARIO, PASSWORD ) VALUES( 'miguelmeza@workman.com.mx', 'ccmx1234' );
INSERT INTO INFRA.REL_ROLES ( CVE_ROL, CVE_USUARIO ) VALUES( 'PyME', 'miguelmeza@workman.com.mx' );
INSERT INTO INFRA.PYMES ( ID_USUARIO, ID_USUARIO_PADRE, CORREO_ELECTRONICO, NOMBRE_COMERCIAL ) VALUES( (SELECT ID_USUARIO FROM INFRA.USUARIOS WHERE CVE_USUARIO = 'miguelmeza@workman.com.mx'), '1', 'miguelmeza@workman.com.mx', 'WORKMAN' );
INSERT INTO INFRA.CONTACTOS (ID_USUARIO, TIPO, NOMBRE, APELLIDO_PATERNO, APELLIDO_MATERNO, CORREO_ELECTRONICO, B_PRINCIPAL, TELEFONO) VALUES ( (SELECT ID_USUARIO FROM INFRA.USUARIOS WHERE CVE_USUARIO = 'miguelmeza@workman.com.mx'), 'Ventas', 'Miguel', 'Meza', '', 'miguelmeza@workman.com.mx', true, '4777071154');
INSERT INTO INFRA.REL_PYMES_TRACTORAS ( ID_USUARIO_TRACTORA, ID_USUARIO_PYME) VALUES( (SELECT ID_USUARIO FROM INFRA.TRACTORAS WHERE EMPRESA = 'BEPENSA'), (SELECT ID_USUARIO FROM INFRA.USUARIOS WHERE CVE_USUARIO = 'miguelmeza@workman.com.mx') );
INSERT INTO INFRA.CLIENTES ( ID_USUARIO, CLIENTE) VALUES( (SELECT ID_USUARIO FROM INFRA.USUARIOS WHERE CVE_USUARIO = 'miguelmeza@workman.com.mx'), 'BEPENSA' );


--Bimbo

--Guantes Industriales Arellano, S.A. de C.V.
INSERT INTO INFRA.USUARIOS ( CVE_USUARIO, PASSWORD ) VALUES( 'guantesarellano@prodigy.net.mx', 'ccmx1234' );
INSERT INTO INFRA.REL_ROLES ( CVE_ROL, CVE_USUARIO ) VALUES( 'PyME', 'guantesarellano@prodigy.net.mx' );
INSERT INTO INFRA.PYMES ( ID_USUARIO, ID_USUARIO_PADRE, CORREO_ELECTRONICO, NOMBRE_COMERCIAL ) VALUES( (SELECT ID_USUARIO FROM INFRA.USUARIOS WHERE CVE_USUARIO = 'guantesarellano@prodigy.net.mx'), '1', 'guantesarellano@prodigy.net.mx', 'Guantes Industriales Arellano, S.A. de C.V.' );
INSERT INTO INFRA.CONTACTOS (ID_USUARIO, TIPO, NOMBRE, APELLIDO_PATERNO, APELLIDO_MATERNO, CORREO_ELECTRONICO, B_PRINCIPAL, TELEFONO) VALUES ( (SELECT ID_USUARIO FROM INFRA.USUARIOS WHERE CVE_USUARIO = 'guantesarellano@prodigy.net.mx'), 'Ventas', 'Noe', 'Arellano', 'Perez', 'guantesarellano@prodigy.net.mx', true, '52365702');
INSERT INTO INFRA.REL_PYMES_TRACTORAS ( ID_USUARIO_TRACTORA, ID_USUARIO_PYME) VALUES( (SELECT ID_USUARIO FROM INFRA.TRACTORAS WHERE EMPRESA = 'Bimbo'), (SELECT ID_USUARIO FROM INFRA.USUARIOS WHERE CVE_USUARIO = 'guantesarellano@prodigy.net.mx') );
INSERT INTO INFRA.CLIENTES ( ID_USUARIO, CLIENTE) VALUES( (SELECT ID_USUARIO FROM INFRA.USUARIOS WHERE CVE_USUARIO = 'guantesarellano@prodigy.net.mx'), 'Bimbo' );

--Besser Electrónica, S.A. de C.V.
INSERT INTO INFRA.USUARIOS ( CVE_USUARIO, PASSWORD ) VALUES( 'besser@prodigy.net.mx', 'ccmx1234' );
INSERT INTO INFRA.REL_ROLES ( CVE_ROL, CVE_USUARIO ) VALUES( 'PyME', 'besser@prodigy.net.mx' );
INSERT INTO INFRA.PYMES ( ID_USUARIO, ID_USUARIO_PADRE, CORREO_ELECTRONICO, NOMBRE_COMERCIAL ) VALUES( (SELECT ID_USUARIO FROM INFRA.USUARIOS WHERE CVE_USUARIO = 'besser@prodigy.net.mx'), '1', 'besser@prodigy.net.mx', 'Besser Electrónica, S.A. de C.V.' );
INSERT INTO INFRA.CONTACTOS (ID_USUARIO, TIPO, NOMBRE, APELLIDO_PATERNO, APELLIDO_MATERNO, CORREO_ELECTRONICO, B_PRINCIPAL, TELEFONO) VALUES ( (SELECT ID_USUARIO FROM INFRA.USUARIOS WHERE CVE_USUARIO = 'besser@prodigy.net.mx'), 'Ventas', 'Alma Delia', 'Sanchez', 'Prado', 'besser@prodigy.net.mx', true, '5553820086');
INSERT INTO INFRA.REL_PYMES_TRACTORAS ( ID_USUARIO_TRACTORA, ID_USUARIO_PYME) VALUES( (SELECT ID_USUARIO FROM INFRA.TRACTORAS WHERE EMPRESA = 'Bimbo'), (SELECT ID_USUARIO FROM INFRA.USUARIOS WHERE CVE_USUARIO = 'besser@prodigy.net.mx') );
INSERT INTO INFRA.CLIENTES ( ID_USUARIO, CLIENTE) VALUES( (SELECT ID_USUARIO FROM INFRA.USUARIOS WHERE CVE_USUARIO = 'besser@prodigy.net.mx'), 'Bimbo' );

--Cremería Americana, S.A. de C.V.
INSERT INTO INFRA.USUARIOS ( CVE_USUARIO, PASSWORD ) VALUES( 'pancho.garcia@cremeria-americana.com.mx', 'ccmx1234' );
INSERT INTO INFRA.REL_ROLES ( CVE_ROL, CVE_USUARIO ) VALUES( 'PyME', 'pancho.garcia@cremeria-americana.com.mx' );
INSERT INTO INFRA.PYMES ( ID_USUARIO, ID_USUARIO_PADRE, CORREO_ELECTRONICO, NOMBRE_COMERCIAL ) VALUES( (SELECT ID_USUARIO FROM INFRA.USUARIOS WHERE CVE_USUARIO = 'pancho.garcia@cremeria-americana.com.mx'), '1', 'pancho.garcia@cremeria-americana.com.mx', 'Cremería Americana, S.A. de C.V.' );
INSERT INTO INFRA.CONTACTOS (ID_USUARIO, TIPO, NOMBRE, APELLIDO_PATERNO, APELLIDO_MATERNO, CORREO_ELECTRONICO, B_PRINCIPAL, TELEFONO) VALUES ( (SELECT ID_USUARIO FROM INFRA.USUARIOS WHERE CVE_USUARIO = 'pancho.garcia@cremeria-americana.com.mx'), 'Ventas', 'Francisco Javier', 'Garcia', 'Garcia', 'pancho.garcia@cremeria-americana.com.mx', true, '5555163035');
INSERT INTO INFRA.REL_PYMES_TRACTORAS ( ID_USUARIO_TRACTORA, ID_USUARIO_PYME) VALUES( (SELECT ID_USUARIO FROM INFRA.TRACTORAS WHERE EMPRESA = 'Bimbo'), (SELECT ID_USUARIO FROM INFRA.USUARIOS WHERE CVE_USUARIO = 'pancho.garcia@cremeria-americana.com.mx') );
INSERT INTO INFRA.CLIENTES ( ID_USUARIO, CLIENTE) VALUES( (SELECT ID_USUARIO FROM INFRA.USUARIOS WHERE CVE_USUARIO = 'pancho.garcia@cremeria-americana.com.mx'), 'Bimbo' );

--Garlok de México, S.A. de C.V.
INSERT INTO INFRA.USUARIOS ( CVE_USUARIO, PASSWORD ) VALUES( 'felipe.w.mues@garlock.com', 'ccmx1234' );
INSERT INTO INFRA.REL_ROLES ( CVE_ROL, CVE_USUARIO ) VALUES( 'PyME', 'felipe.w.mues@garlock.com' );
INSERT INTO INFRA.PYMES ( ID_USUARIO, ID_USUARIO_PADRE, CORREO_ELECTRONICO, NOMBRE_COMERCIAL ) VALUES( (SELECT ID_USUARIO FROM INFRA.USUARIOS WHERE CVE_USUARIO = 'felipe.w.mues@garlock.com'), '1', 'felipe.w.mues@garlock.com', 'Garlok de México, S.A. de C.V.' );
INSERT INTO INFRA.CONTACTOS (ID_USUARIO, TIPO, NOMBRE, APELLIDO_PATERNO, APELLIDO_MATERNO, CORREO_ELECTRONICO, B_PRINCIPAL, TELEFONO) VALUES ( (SELECT ID_USUARIO FROM INFRA.USUARIOS WHERE CVE_USUARIO = 'felipe.w.mues@garlock.com'), 'Ventas', 'Felipe W.', 'Mues', 'Campos', 'felipe.w.mues@garlock.com', true, '50784600');
INSERT INTO INFRA.REL_PYMES_TRACTORAS ( ID_USUARIO_TRACTORA, ID_USUARIO_PYME) VALUES( (SELECT ID_USUARIO FROM INFRA.TRACTORAS WHERE EMPRESA = 'Bimbo'), (SELECT ID_USUARIO FROM INFRA.USUARIOS WHERE CVE_USUARIO = 'felipe.w.mues@garlock.com') );
INSERT INTO INFRA.CLIENTES ( ID_USUARIO, CLIENTE) VALUES( (SELECT ID_USUARIO FROM INFRA.USUARIOS WHERE CVE_USUARIO = 'felipe.w.mues@garlock.com'), 'Bimbo' );

--Gluten y Almidones Industriales, S.A. de C.V.
INSERT INTO INFRA.USUARIOS ( CVE_USUARIO, PASSWORD ) VALUES( 'gamil@prodigy.net.mx', 'ccmx1234' );
INSERT INTO INFRA.REL_ROLES ( CVE_ROL, CVE_USUARIO ) VALUES( 'PyME', 'gamil@prodigy.net.mx' );
INSERT INTO INFRA.PYMES ( ID_USUARIO, ID_USUARIO_PADRE, CORREO_ELECTRONICO, NOMBRE_COMERCIAL ) VALUES( (SELECT ID_USUARIO FROM INFRA.USUARIOS WHERE CVE_USUARIO = 'gamil@prodigy.net.mx'), '1', 'gamil@prodigy.net.mx', 'Gluten y Almidones Industriales, S.A. de C.V.' );
INSERT INTO INFRA.CONTACTOS (ID_USUARIO, TIPO, NOMBRE, APELLIDO_PATERNO, APELLIDO_MATERNO, CORREO_ELECTRONICO, B_PRINCIPAL, TELEFONO) VALUES ( (SELECT ID_USUARIO FROM INFRA.USUARIOS WHERE CVE_USUARIO = 'gamil@prodigy.net.mx'), 'Ventas', 'Joaquin', 'Suarez', 'Alvarez', 'gamil@prodigy.net.mx', true, '555878555');
INSERT INTO INFRA.REL_PYMES_TRACTORAS ( ID_USUARIO_TRACTORA, ID_USUARIO_PYME) VALUES( (SELECT ID_USUARIO FROM INFRA.TRACTORAS WHERE EMPRESA = 'Bimbo'), (SELECT ID_USUARIO FROM INFRA.USUARIOS WHERE CVE_USUARIO = 'gamil@prodigy.net.mx') );
INSERT INTO INFRA.CLIENTES ( ID_USUARIO, CLIENTE) VALUES( (SELECT ID_USUARIO FROM INFRA.USUARIOS WHERE CVE_USUARIO = 'gamil@prodigy.net.mx'), 'Bimbo' );

--Complete Marketing, S.A. de C.V.
INSERT INTO INFRA.USUARIOS ( CVE_USUARIO, PASSWORD ) VALUES( 'cmamex@prodigy.net.mx', 'ccmx1234' );
INSERT INTO INFRA.REL_ROLES ( CVE_ROL, CVE_USUARIO ) VALUES( 'PyME', 'cmamex@prodigy.net.mx' );
INSERT INTO INFRA.PYMES ( ID_USUARIO, ID_USUARIO_PADRE, CORREO_ELECTRONICO, NOMBRE_COMERCIAL ) VALUES( (SELECT ID_USUARIO FROM INFRA.USUARIOS WHERE CVE_USUARIO = 'cmamex@prodigy.net.mx'), '1', 'cmamex@prodigy.net.mx', 'Complete Marketing, S.A. de C.V.' );
INSERT INTO INFRA.CONTACTOS (ID_USUARIO, TIPO, NOMBRE, APELLIDO_PATERNO, APELLIDO_MATERNO, CORREO_ELECTRONICO, B_PRINCIPAL, TELEFONO) VALUES ( (SELECT ID_USUARIO FROM INFRA.USUARIOS WHERE CVE_USUARIO = 'cmamex@prodigy.net.mx'), 'Ventas', 'Adriana', 'Chavez', '', 'cmamex@prodigy.net.mx', true, '55662996');
INSERT INTO INFRA.REL_PYMES_TRACTORAS ( ID_USUARIO_TRACTORA, ID_USUARIO_PYME) VALUES( (SELECT ID_USUARIO FROM INFRA.TRACTORAS WHERE EMPRESA = 'Bimbo'), (SELECT ID_USUARIO FROM INFRA.USUARIOS WHERE CVE_USUARIO = 'cmamex@prodigy.net.mx') );
INSERT INTO INFRA.CLIENTES ( ID_USUARIO, CLIENTE) VALUES( (SELECT ID_USUARIO FROM INFRA.USUARIOS WHERE CVE_USUARIO = 'cmamex@prodigy.net.mx'), 'Bimbo' );

--Fruta Fresca, S.A. de C.V.
INSERT INTO INFRA.USUARIOS ( CVE_USUARIO, PASSWORD ) VALUES( 'lucila.gonzález@frios.com.mx', 'ccmx1234' );
INSERT INTO INFRA.REL_ROLES ( CVE_ROL, CVE_USUARIO ) VALUES( 'PyME', 'lucila.gonzález@frios.com.mx' );
INSERT INTO INFRA.PYMES ( ID_USUARIO, ID_USUARIO_PADRE, CORREO_ELECTRONICO, NOMBRE_COMERCIAL ) VALUES( (SELECT ID_USUARIO FROM INFRA.USUARIOS WHERE CVE_USUARIO = 'lucila.gonzález@frios.com.mx'), '1', 'lucila.gonzález@frios.com.mx', 'Fruta Fresca, S.A. de C.V.' );
INSERT INTO INFRA.CONTACTOS (ID_USUARIO, TIPO, NOMBRE, APELLIDO_PATERNO, APELLIDO_MATERNO, CORREO_ELECTRONICO, B_PRINCIPAL, TELEFONO) VALUES ( (SELECT ID_USUARIO FROM INFRA.USUARIOS WHERE CVE_USUARIO = 'lucila.gonzález@frios.com.mx'), 'Ventas', 'Lucila', 'Gonzalez', 'Gomez', 'lucila.gonzález@frios.com.mx', true, '51478900');
INSERT INTO INFRA.REL_PYMES_TRACTORAS ( ID_USUARIO_TRACTORA, ID_USUARIO_PYME) VALUES( (SELECT ID_USUARIO FROM INFRA.TRACTORAS WHERE EMPRESA = 'Bimbo'), (SELECT ID_USUARIO FROM INFRA.USUARIOS WHERE CVE_USUARIO = 'lucila.gonzález@frios.com.mx') );
INSERT INTO INFRA.CLIENTES ( ID_USUARIO, CLIENTE) VALUES( (SELECT ID_USUARIO FROM INFRA.USUARIOS WHERE CVE_USUARIO = 'lucila.gonzález@frios.com.mx'), 'Bimbo' );

--Terbarjos S.A. de C.V.
INSERT INTO INFRA.USUARIOS ( CVE_USUARIO, PASSWORD ) VALUES( 'terbarjos@hotmail.com', 'ccmx1234' );
INSERT INTO INFRA.REL_ROLES ( CVE_ROL, CVE_USUARIO ) VALUES( 'PyME', 'terbarjos@hotmail.com' );
INSERT INTO INFRA.PYMES ( ID_USUARIO, ID_USUARIO_PADRE, CORREO_ELECTRONICO, NOMBRE_COMERCIAL ) VALUES( (SELECT ID_USUARIO FROM INFRA.USUARIOS WHERE CVE_USUARIO = 'terbarjos@hotmail.com'), '1', 'terbarjos@hotmail.com', 'Terbarjos S.A. de C.V.' );
INSERT INTO INFRA.CONTACTOS (ID_USUARIO, TIPO, NOMBRE, APELLIDO_PATERNO, APELLIDO_MATERNO, CORREO_ELECTRONICO, B_PRINCIPAL, TELEFONO) VALUES ( (SELECT ID_USUARIO FROM INFRA.USUARIOS WHERE CVE_USUARIO = 'terbarjos@hotmail.com'), 'Ventas', 'Juan Antonio', 'Alvarez', 'Sendra', 'terbarjos@hotmail.com', true, '19962226');
INSERT INTO INFRA.REL_PYMES_TRACTORAS ( ID_USUARIO_TRACTORA, ID_USUARIO_PYME) VALUES( (SELECT ID_USUARIO FROM INFRA.TRACTORAS WHERE EMPRESA = 'Bimbo'), (SELECT ID_USUARIO FROM INFRA.USUARIOS WHERE CVE_USUARIO = 'terbarjos@hotmail.com') );
INSERT INTO INFRA.CLIENTES ( ID_USUARIO, CLIENTE) VALUES( (SELECT ID_USUARIO FROM INFRA.USUARIOS WHERE CVE_USUARIO = 'terbarjos@hotmail.com'), 'Bimbo' );

--CP Ingredientes S.A. de C.V.
INSERT INTO INFRA.USUARIOS ( CVE_USUARIO, PASSWORD ) VALUES( 'Adriana.Monroy@ingredion.com', 'ccmx1234' );
INSERT INTO INFRA.REL_ROLES ( CVE_ROL, CVE_USUARIO ) VALUES( 'PyME', 'Adriana.Monroy@ingredion.com' );
INSERT INTO INFRA.PYMES ( ID_USUARIO, ID_USUARIO_PADRE, CORREO_ELECTRONICO, NOMBRE_COMERCIAL ) VALUES( (SELECT ID_USUARIO FROM INFRA.USUARIOS WHERE CVE_USUARIO = 'Adriana.Monroy@ingredion.com'), '1', 'Adriana.Monroy@ingredion.com', 'CP Ingredientes S.A. de C.V.' );
INSERT INTO INFRA.CONTACTOS (ID_USUARIO, TIPO, NOMBRE, APELLIDO_PATERNO, APELLIDO_MATERNO, CORREO_ELECTRONICO, B_PRINCIPAL, TELEFONO) VALUES ( (SELECT ID_USUARIO FROM INFRA.USUARIOS WHERE CVE_USUARIO = 'Adriana.Monroy@ingredion.com'), 'Ventas', 'Adriana', 'Monroy', '', 'Adriana.Monroy@ingredion.com', true, '53335095');
INSERT INTO INFRA.REL_PYMES_TRACTORAS ( ID_USUARIO_TRACTORA, ID_USUARIO_PYME) VALUES( (SELECT ID_USUARIO FROM INFRA.TRACTORAS WHERE EMPRESA = 'Bimbo'), (SELECT ID_USUARIO FROM INFRA.USUARIOS WHERE CVE_USUARIO = 'Adriana.Monroy@ingredion.com') );
INSERT INTO INFRA.CLIENTES ( ID_USUARIO, CLIENTE) VALUES( (SELECT ID_USUARIO FROM INFRA.USUARIOS WHERE CVE_USUARIO = 'Adriana.Monroy@ingredion.com'), 'Bimbo' );

--AR Soluciones Integrales en Arquitectura S.A. de C.V.
INSERT INTO INFRA.USUARIOS ( CVE_USUARIO, PASSWORD ) VALUES( 'jjca022002@yahoo.com.mx', 'ccmx1234' );
INSERT INTO INFRA.REL_ROLES ( CVE_ROL, CVE_USUARIO ) VALUES( 'PyME', 'jjca022002@yahoo.com.mx' );
INSERT INTO INFRA.PYMES ( ID_USUARIO, ID_USUARIO_PADRE, CORREO_ELECTRONICO, NOMBRE_COMERCIAL ) VALUES( (SELECT ID_USUARIO FROM INFRA.USUARIOS WHERE CVE_USUARIO = 'jjca022002@yahoo.com.mx'), '1', 'jjca022002@yahoo.com.mx', 'AR Soluciones Integrales en Arquitectura S.A. de C.V.' );
INSERT INTO INFRA.CONTACTOS (ID_USUARIO, TIPO, NOMBRE, APELLIDO_PATERNO, APELLIDO_MATERNO, CORREO_ELECTRONICO, B_PRINCIPAL, TELEFONO) VALUES ( (SELECT ID_USUARIO FROM INFRA.USUARIOS WHERE CVE_USUARIO = 'jjca022002@yahoo.com.mx'), 'Ventas', 'Tere', 'Espinosa', '', 'jjca022002@yahoo.com.mx', true, '53614081');
INSERT INTO INFRA.REL_PYMES_TRACTORAS ( ID_USUARIO_TRACTORA, ID_USUARIO_PYME) VALUES( (SELECT ID_USUARIO FROM INFRA.TRACTORAS WHERE EMPRESA = 'Bimbo'), (SELECT ID_USUARIO FROM INFRA.USUARIOS WHERE CVE_USUARIO = 'jjca022002@yahoo.com.mx') );
INSERT INTO INFRA.CLIENTES ( ID_USUARIO, CLIENTE) VALUES( (SELECT ID_USUARIO FROM INFRA.USUARIOS WHERE CVE_USUARIO = 'jjca022002@yahoo.com.mx'), 'Bimbo' );

--Constructora y Comercializadora de Sistemas Ambientales S.A. de C.V.
INSERT INTO INFRA.USUARIOS ( CVE_USUARIO, PASSWORD ) VALUES( 'construambientales@hotmail.com', 'ccmx1234' );
INSERT INTO INFRA.REL_ROLES ( CVE_ROL, CVE_USUARIO ) VALUES( 'PyME', 'construambientales@hotmail.com' );
INSERT INTO INFRA.PYMES ( ID_USUARIO, ID_USUARIO_PADRE, CORREO_ELECTRONICO, NOMBRE_COMERCIAL ) VALUES( (SELECT ID_USUARIO FROM INFRA.USUARIOS WHERE CVE_USUARIO = 'construambientales@hotmail.com'), '1', 'construambientales@hotmail.com', 'Constructora y Comercializadora de Sistemas Ambientales S.A. de C.V.' );
INSERT INTO INFRA.CONTACTOS (ID_USUARIO, TIPO, NOMBRE, APELLIDO_PATERNO, APELLIDO_MATERNO, CORREO_ELECTRONICO, B_PRINCIPAL, TELEFONO) VALUES ( (SELECT ID_USUARIO FROM INFRA.USUARIOS WHERE CVE_USUARIO = 'construambientales@hotmail.com'), 'Ventas', 'Fernando', 'Mendez', '', 'construambientales@hotmail.com', true, '55271682');
INSERT INTO INFRA.REL_PYMES_TRACTORAS ( ID_USUARIO_TRACTORA, ID_USUARIO_PYME) VALUES( (SELECT ID_USUARIO FROM INFRA.TRACTORAS WHERE EMPRESA = 'Bimbo'), (SELECT ID_USUARIO FROM INFRA.USUARIOS WHERE CVE_USUARIO = 'construambientales@hotmail.com') );
INSERT INTO INFRA.CLIENTES ( ID_USUARIO, CLIENTE) VALUES( (SELECT ID_USUARIO FROM INFRA.USUARIOS WHERE CVE_USUARIO = 'construambientales@hotmail.com'), 'Bimbo' );

--Mirmad Diseños, S.A. de C.V.
INSERT INTO INFRA.USUARIOS ( CVE_USUARIO, PASSWORD ) VALUES( 'efernandez@mirmad.com', 'ccmx1234' );
INSERT INTO INFRA.REL_ROLES ( CVE_ROL, CVE_USUARIO ) VALUES( 'PyME', 'efernandez@mirmad.com' );
INSERT INTO INFRA.PYMES ( ID_USUARIO, ID_USUARIO_PADRE, CORREO_ELECTRONICO, NOMBRE_COMERCIAL ) VALUES( (SELECT ID_USUARIO FROM INFRA.USUARIOS WHERE CVE_USUARIO = 'efernandez@mirmad.com'), '1', 'efernandez@mirmad.com', 'Mirmad Diseños, S.A. de C.V.' );
INSERT INTO INFRA.CONTACTOS (ID_USUARIO, TIPO, NOMBRE, APELLIDO_PATERNO, APELLIDO_MATERNO, CORREO_ELECTRONICO, B_PRINCIPAL, TELEFONO) VALUES ( (SELECT ID_USUARIO FROM INFRA.USUARIOS WHERE CVE_USUARIO = 'efernandez@mirmad.com'), 'Ventas', 'Edgar', 'Fenandez', 'Lopez', 'efernandez@mirmad.com', true, '56114640');
INSERT INTO INFRA.REL_PYMES_TRACTORAS ( ID_USUARIO_TRACTORA, ID_USUARIO_PYME) VALUES( (SELECT ID_USUARIO FROM INFRA.TRACTORAS WHERE EMPRESA = 'Bimbo'), (SELECT ID_USUARIO FROM INFRA.USUARIOS WHERE CVE_USUARIO = 'efernandez@mirmad.com') );
INSERT INTO INFRA.CLIENTES ( ID_USUARIO, CLIENTE) VALUES( (SELECT ID_USUARIO FROM INFRA.USUARIOS WHERE CVE_USUARIO = 'efernandez@mirmad.com'), 'Bimbo' );

--Fabrica Especial de Mobiliario de Acero Inoxidable, S.A de C.V.
INSERT INTO INFRA.USUARIOS ( CVE_USUARIO, PASSWORD ) VALUES( 'femai_sa@yahoo.com.mx', 'ccmx1234' );
INSERT INTO INFRA.REL_ROLES ( CVE_ROL, CVE_USUARIO ) VALUES( 'PyME', 'femai_sa@yahoo.com.mx' );
INSERT INTO INFRA.PYMES ( ID_USUARIO, ID_USUARIO_PADRE, CORREO_ELECTRONICO, NOMBRE_COMERCIAL ) VALUES( (SELECT ID_USUARIO FROM INFRA.USUARIOS WHERE CVE_USUARIO = 'femai_sa@yahoo.com.mx'), '1', 'femai_sa@yahoo.com.mx', 'Fabrica Especial de Mobiliario de Acero Inoxidable, S.A de C.V.' );
INSERT INTO INFRA.CONTACTOS (ID_USUARIO, TIPO, NOMBRE, APELLIDO_PATERNO, APELLIDO_MATERNO, CORREO_ELECTRONICO, B_PRINCIPAL, TELEFONO) VALUES ( (SELECT ID_USUARIO FROM INFRA.USUARIOS WHERE CVE_USUARIO = 'femai_sa@yahoo.com.mx'), 'Ventas', 'Ma. del Carmen', '', '', 'femai_sa@yahoo.com.mx', true, '53909652');
INSERT INTO INFRA.REL_PYMES_TRACTORAS ( ID_USUARIO_TRACTORA, ID_USUARIO_PYME) VALUES( (SELECT ID_USUARIO FROM INFRA.TRACTORAS WHERE EMPRESA = 'Bimbo'), (SELECT ID_USUARIO FROM INFRA.USUARIOS WHERE CVE_USUARIO = 'femai_sa@yahoo.com.mx') );
INSERT INTO INFRA.CLIENTES ( ID_USUARIO, CLIENTE) VALUES( (SELECT ID_USUARIO FROM INFRA.USUARIOS WHERE CVE_USUARIO = 'femai_sa@yahoo.com.mx'), 'Bimbo' );

--Máxima Arquitectura Y Construcción S.A. de C.V.
INSERT INTO INFRA.USUARIOS ( CVE_USUARIO, PASSWORD ) VALUES( 'jorge.gonzalez@masarquitecturamexico.com.mx', 'ccmx1234' );
INSERT INTO INFRA.REL_ROLES ( CVE_ROL, CVE_USUARIO ) VALUES( 'PyME', 'jorge.gonzalez@masarquitecturamexico.com.mx' );
INSERT INTO INFRA.PYMES ( ID_USUARIO, ID_USUARIO_PADRE, CORREO_ELECTRONICO, NOMBRE_COMERCIAL ) VALUES( (SELECT ID_USUARIO FROM INFRA.USUARIOS WHERE CVE_USUARIO = 'jorge.gonzalez@masarquitecturamexico.com.mx'), '1', 'jorge.gonzalez@masarquitecturamexico.com.mx', 'Máxima Arquitectura Y Construcción S.A. de C.V.' );
INSERT INTO INFRA.CONTACTOS (ID_USUARIO, TIPO, NOMBRE, APELLIDO_PATERNO, APELLIDO_MATERNO, CORREO_ELECTRONICO, B_PRINCIPAL, TELEFONO) VALUES ( (SELECT ID_USUARIO FROM INFRA.USUARIOS WHERE CVE_USUARIO = 'jorge.gonzalez@masarquitecturamexico.com.mx'), 'Ventas', 'Jorge', 'Gonzalez', '', 'jorge.gonzalez@masarquitecturamexico.com.mx', true, '91170772');
INSERT INTO INFRA.REL_PYMES_TRACTORAS ( ID_USUARIO_TRACTORA, ID_USUARIO_PYME) VALUES( (SELECT ID_USUARIO FROM INFRA.TRACTORAS WHERE EMPRESA = 'Bimbo'), (SELECT ID_USUARIO FROM INFRA.USUARIOS WHERE CVE_USUARIO = 'jorge.gonzalez@masarquitecturamexico.com.mx') );
INSERT INTO INFRA.CLIENTES ( ID_USUARIO, CLIENTE) VALUES( (SELECT ID_USUARIO FROM INFRA.USUARIOS WHERE CVE_USUARIO = 'jorge.gonzalez@masarquitecturamexico.com.mx'), 'Bimbo' );

--Keep Value, S.A. de C.V.
INSERT INTO INFRA.USUARIOS ( CVE_USUARIO, PASSWORD ) VALUES( 'laura@keepvalue.mx', 'ccmx1234' );
INSERT INTO INFRA.REL_ROLES ( CVE_ROL, CVE_USUARIO ) VALUES( 'PyME', 'laura@keepvalue.mx' );
INSERT INTO INFRA.PYMES ( ID_USUARIO, ID_USUARIO_PADRE, CORREO_ELECTRONICO, NOMBRE_COMERCIAL ) VALUES( (SELECT ID_USUARIO FROM INFRA.USUARIOS WHERE CVE_USUARIO = 'laura@keepvalue.mx'), '1', 'laura@keepvalue.mx', 'Keep Value, S.A. de C.V.' );
INSERT INTO INFRA.CONTACTOS (ID_USUARIO, TIPO, NOMBRE, APELLIDO_PATERNO, APELLIDO_MATERNO, CORREO_ELECTRONICO, B_PRINCIPAL, TELEFONO) VALUES ( (SELECT ID_USUARIO FROM INFRA.USUARIOS WHERE CVE_USUARIO = 'laura@keepvalue.mx'), 'Ventas', 'Yolanda', 'Mora', 'Salazar', 'laura@keepvalue.mx', true, '55641377');
INSERT INTO INFRA.REL_PYMES_TRACTORAS ( ID_USUARIO_TRACTORA, ID_USUARIO_PYME) VALUES( (SELECT ID_USUARIO FROM INFRA.TRACTORAS WHERE EMPRESA = 'Bimbo'), (SELECT ID_USUARIO FROM INFRA.USUARIOS WHERE CVE_USUARIO = 'laura@keepvalue.mx') );
INSERT INTO INFRA.CLIENTES ( ID_USUARIO, CLIENTE) VALUES( (SELECT ID_USUARIO FROM INFRA.USUARIOS WHERE CVE_USUARIO = 'laura@keepvalue.mx'), 'Bimbo' );

--Quinesis, S.A. de C.V.
INSERT INTO INFRA.USUARIOS ( CVE_USUARIO, PASSWORD ) VALUES( 'lcervantes@quinesis.com', 'ccmx1234' );
INSERT INTO INFRA.REL_ROLES ( CVE_ROL, CVE_USUARIO ) VALUES( 'PyME', 'lcervantes@quinesis.com' );
INSERT INTO INFRA.PYMES ( ID_USUARIO, ID_USUARIO_PADRE, CORREO_ELECTRONICO, NOMBRE_COMERCIAL ) VALUES( (SELECT ID_USUARIO FROM INFRA.USUARIOS WHERE CVE_USUARIO = 'lcervantes@quinesis.com'), '1', 'lcervantes@quinesis.com', 'Quinesis, S.A. de C.V.' );
INSERT INTO INFRA.CONTACTOS (ID_USUARIO, TIPO, NOMBRE, APELLIDO_PATERNO, APELLIDO_MATERNO, CORREO_ELECTRONICO, B_PRINCIPAL, TELEFONO) VALUES ( (SELECT ID_USUARIO FROM INFRA.USUARIOS WHERE CVE_USUARIO = 'lcervantes@quinesis.com'), 'Ventas', 'Lilia', 'Cervantes', 'Bravo', 'lcervantes@quinesis.com', true, '56816450');
INSERT INTO INFRA.REL_PYMES_TRACTORAS ( ID_USUARIO_TRACTORA, ID_USUARIO_PYME) VALUES( (SELECT ID_USUARIO FROM INFRA.TRACTORAS WHERE EMPRESA = 'Bimbo'), (SELECT ID_USUARIO FROM INFRA.USUARIOS WHERE CVE_USUARIO = 'lcervantes@quinesis.com') );
INSERT INTO INFRA.CLIENTES ( ID_USUARIO, CLIENTE) VALUES( (SELECT ID_USUARIO FROM INFRA.USUARIOS WHERE CVE_USUARIO = 'lcervantes@quinesis.com'), 'Bimbo' );

--Risoul y Cia S.A. de C.V.
INSERT INTO INFRA.USUARIOS ( CVE_USUARIO, PASSWORD ) VALUES( 'bgutierrez@mail.risoul.com.mx', 'ccmx1234' );
INSERT INTO INFRA.REL_ROLES ( CVE_ROL, CVE_USUARIO ) VALUES( 'PyME', 'bgutierrez@mail.risoul.com.mx' );
INSERT INTO INFRA.PYMES ( ID_USUARIO, ID_USUARIO_PADRE, CORREO_ELECTRONICO, NOMBRE_COMERCIAL ) VALUES( (SELECT ID_USUARIO FROM INFRA.USUARIOS WHERE CVE_USUARIO = 'bgutierrez@mail.risoul.com.mx'), '1', 'bgutierrez@mail.risoul.com.mx', 'Risoul y Cia S.A. de C.V.' );
INSERT INTO INFRA.CONTACTOS (ID_USUARIO, TIPO, NOMBRE, APELLIDO_PATERNO, APELLIDO_MATERNO, CORREO_ELECTRONICO, B_PRINCIPAL, TELEFONO) VALUES ( (SELECT ID_USUARIO FROM INFRA.USUARIOS WHERE CVE_USUARIO = 'bgutierrez@mail.risoul.com.mx'), 'Ventas', 'Benito', 'Gutierrez', '', 'bgutierrez@mail.risoul.com.mx', true, '53549090');
INSERT INTO INFRA.REL_PYMES_TRACTORAS ( ID_USUARIO_TRACTORA, ID_USUARIO_PYME) VALUES( (SELECT ID_USUARIO FROM INFRA.TRACTORAS WHERE EMPRESA = 'Bimbo'), (SELECT ID_USUARIO FROM INFRA.USUARIOS WHERE CVE_USUARIO = 'bgutierrez@mail.risoul.com.mx') );
INSERT INTO INFRA.CLIENTES ( ID_USUARIO, CLIENTE) VALUES( (SELECT ID_USUARIO FROM INFRA.USUARIOS WHERE CVE_USUARIO = 'bgutierrez@mail.risoul.com.mx'), 'Bimbo' );

--Markem-Imaje, S.A. de C.V.
INSERT INTO INFRA.USUARIOS ( CVE_USUARIO, PASSWORD ) VALUES( 'lherrera@markem-imaje.com', 'ccmx1234' );
INSERT INTO INFRA.REL_ROLES ( CVE_ROL, CVE_USUARIO ) VALUES( 'PyME', 'lherrera@markem-imaje.com' );
INSERT INTO INFRA.PYMES ( ID_USUARIO, ID_USUARIO_PADRE, CORREO_ELECTRONICO, NOMBRE_COMERCIAL ) VALUES( (SELECT ID_USUARIO FROM INFRA.USUARIOS WHERE CVE_USUARIO = 'lherrera@markem-imaje.com'), '1', 'lherrera@markem-imaje.com', 'Markem-Imaje, S.A. de C.V.' );
INSERT INTO INFRA.CONTACTOS (ID_USUARIO, TIPO, NOMBRE, APELLIDO_PATERNO, APELLIDO_MATERNO, CORREO_ELECTRONICO, B_PRINCIPAL, TELEFONO) VALUES ( (SELECT ID_USUARIO FROM INFRA.USUARIOS WHERE CVE_USUARIO = 'lherrera@markem-imaje.com'), 'Ventas', 'Arturo', 'Murillo', '', 'lherrera@markem-imaje.com', true, '10869840');
INSERT INTO INFRA.REL_PYMES_TRACTORAS ( ID_USUARIO_TRACTORA, ID_USUARIO_PYME) VALUES( (SELECT ID_USUARIO FROM INFRA.TRACTORAS WHERE EMPRESA = 'Bimbo'), (SELECT ID_USUARIO FROM INFRA.USUARIOS WHERE CVE_USUARIO = 'lherrera@markem-imaje.com') );
INSERT INTO INFRA.CLIENTES ( ID_USUARIO, CLIENTE) VALUES( (SELECT ID_USUARIO FROM INFRA.USUARIOS WHERE CVE_USUARIO = 'lherrera@markem-imaje.com'), 'Bimbo' );

--Cambridge Internacional S.A. de C.V.
INSERT INTO INFRA.USUARIOS ( CVE_USUARIO, PASSWORD ) VALUES( 'lmanterola@cambridge.intl.com', 'ccmx1234' );
INSERT INTO INFRA.REL_ROLES ( CVE_ROL, CVE_USUARIO ) VALUES( 'PyME', 'lmanterola@cambridge.intl.com' );
INSERT INTO INFRA.PYMES ( ID_USUARIO, ID_USUARIO_PADRE, CORREO_ELECTRONICO, NOMBRE_COMERCIAL ) VALUES( (SELECT ID_USUARIO FROM INFRA.USUARIOS WHERE CVE_USUARIO = 'lmanterola@cambridge.intl.com'), '1', 'lmanterola@cambridge.intl.com', 'Cambridge Internacional S.A. de C.V.' );
INSERT INTO INFRA.CONTACTOS (ID_USUARIO, TIPO, NOMBRE, APELLIDO_PATERNO, APELLIDO_MATERNO, CORREO_ELECTRONICO, B_PRINCIPAL, TELEFONO) VALUES ( (SELECT ID_USUARIO FROM INFRA.USUARIOS WHERE CVE_USUARIO = 'lmanterola@cambridge.intl.com'), 'Ventas', 'Lulu', 'Manterola', '', 'lmanterola@cambridge.intl.com', true, '53610202');
INSERT INTO INFRA.REL_PYMES_TRACTORAS ( ID_USUARIO_TRACTORA, ID_USUARIO_PYME) VALUES( (SELECT ID_USUARIO FROM INFRA.TRACTORAS WHERE EMPRESA = 'Bimbo'), (SELECT ID_USUARIO FROM INFRA.USUARIOS WHERE CVE_USUARIO = 'lmanterola@cambridge.intl.com') );
INSERT INTO INFRA.CLIENTES ( ID_USUARIO, CLIENTE) VALUES( (SELECT ID_USUARIO FROM INFRA.USUARIOS WHERE CVE_USUARIO = 'lmanterola@cambridge.intl.com'), 'Bimbo' );

--Videojet Technologies Mexico S. de R.L. de C.V.
INSERT INTO INFRA.USUARIOS ( CVE_USUARIO, PASSWORD ) VALUES( 'victor.miranda@videojet.com', 'ccmx1234' );
INSERT INTO INFRA.REL_ROLES ( CVE_ROL, CVE_USUARIO ) VALUES( 'PyME', 'victor.miranda@videojet.com' );
INSERT INTO INFRA.PYMES ( ID_USUARIO, ID_USUARIO_PADRE, CORREO_ELECTRONICO, NOMBRE_COMERCIAL ) VALUES( (SELECT ID_USUARIO FROM INFRA.USUARIOS WHERE CVE_USUARIO = 'victor.miranda@videojet.com'), '1', 'victor.miranda@videojet.com', 'Videojet Technologies Mexico S. de R.L. de C.V.' );
INSERT INTO INFRA.CONTACTOS (ID_USUARIO, TIPO, NOMBRE, APELLIDO_PATERNO, APELLIDO_MATERNO, CORREO_ELECTRONICO, B_PRINCIPAL, TELEFONO) VALUES ( (SELECT ID_USUARIO FROM INFRA.USUARIOS WHERE CVE_USUARIO = 'victor.miranda@videojet.com'), 'Ventas', 'Victor', 'Miranda', '', 'victor.miranda@videojet.com', true, '56980100');
INSERT INTO INFRA.REL_PYMES_TRACTORAS ( ID_USUARIO_TRACTORA, ID_USUARIO_PYME) VALUES( (SELECT ID_USUARIO FROM INFRA.TRACTORAS WHERE EMPRESA = 'Bimbo'), (SELECT ID_USUARIO FROM INFRA.USUARIOS WHERE CVE_USUARIO = 'victor.miranda@videojet.com') );
INSERT INTO INFRA.CLIENTES ( ID_USUARIO, CLIENTE) VALUES( (SELECT ID_USUARIO FROM INFRA.USUARIOS WHERE CVE_USUARIO = 'victor.miranda@videojet.com'), 'Bimbo' );

--Tetraflon, S.A. de C.V.
INSERT INTO INFRA.USUARIOS ( CVE_USUARIO, PASSWORD ) VALUES( 'louis@tetraflon.com', 'ccmx1234' );
INSERT INTO INFRA.REL_ROLES ( CVE_ROL, CVE_USUARIO ) VALUES( 'PyME', 'louis@tetraflon.com' );
INSERT INTO INFRA.PYMES ( ID_USUARIO, ID_USUARIO_PADRE, CORREO_ELECTRONICO, NOMBRE_COMERCIAL ) VALUES( (SELECT ID_USUARIO FROM INFRA.USUARIOS WHERE CVE_USUARIO = 'louis@tetraflon.com'), '1', 'louis@tetraflon.com', 'Tetraflon, S.A. de C.V.' );
INSERT INTO INFRA.CONTACTOS (ID_USUARIO, TIPO, NOMBRE, APELLIDO_PATERNO, APELLIDO_MATERNO, CORREO_ELECTRONICO, B_PRINCIPAL, TELEFONO) VALUES ( (SELECT ID_USUARIO FROM INFRA.USUARIOS WHERE CVE_USUARIO = 'louis@tetraflon.com'), 'Ventas', 'Louis Phelipe', 'Lacouture', 'Henry', 'louis@tetraflon.com', true, '52033900');
INSERT INTO INFRA.REL_PYMES_TRACTORAS ( ID_USUARIO_TRACTORA, ID_USUARIO_PYME) VALUES( (SELECT ID_USUARIO FROM INFRA.TRACTORAS WHERE EMPRESA = 'Bimbo'), (SELECT ID_USUARIO FROM INFRA.USUARIOS WHERE CVE_USUARIO = 'louis@tetraflon.com') );
INSERT INTO INFRA.CLIENTES ( ID_USUARIO, CLIENTE) VALUES( (SELECT ID_USUARIO FROM INFRA.USUARIOS WHERE CVE_USUARIO = 'louis@tetraflon.com'), 'Bimbo' );

--Euroelectrica, S.A. de C.V.
INSERT INTO INFRA.USUARIOS ( CVE_USUARIO, PASSWORD ) VALUES( 'mad@euroelectrica.com.mx', 'ccmx1234' );
INSERT INTO INFRA.REL_ROLES ( CVE_ROL, CVE_USUARIO ) VALUES( 'PyME', 'mad@euroelectrica.com.mx' );
INSERT INTO INFRA.PYMES ( ID_USUARIO, ID_USUARIO_PADRE, CORREO_ELECTRONICO, NOMBRE_COMERCIAL ) VALUES( (SELECT ID_USUARIO FROM INFRA.USUARIOS WHERE CVE_USUARIO = 'mad@euroelectrica.com.mx'), '1', 'mad@euroelectrica.com.mx', 'Euroelectrica, S.A. de C.V.' );
INSERT INTO INFRA.CONTACTOS (ID_USUARIO, TIPO, NOMBRE, APELLIDO_PATERNO, APELLIDO_MATERNO, CORREO_ELECTRONICO, B_PRINCIPAL, TELEFONO) VALUES ( (SELECT ID_USUARIO FROM INFRA.USUARIOS WHERE CVE_USUARIO = 'mad@euroelectrica.com.mx'), 'Ventas', 'Miguel A.', 'Alfonso', 'Diaz', 'mad@euroelectrica.com.mx', true, '56972250');
INSERT INTO INFRA.REL_PYMES_TRACTORAS ( ID_USUARIO_TRACTORA, ID_USUARIO_PYME) VALUES( (SELECT ID_USUARIO FROM INFRA.TRACTORAS WHERE EMPRESA = 'Bimbo'), (SELECT ID_USUARIO FROM INFRA.USUARIOS WHERE CVE_USUARIO = 'mad@euroelectrica.com.mx') );
INSERT INTO INFRA.CLIENTES ( ID_USUARIO, CLIENTE) VALUES( (SELECT ID_USUARIO FROM INFRA.USUARIOS WHERE CVE_USUARIO = 'mad@euroelectrica.com.mx'), 'Bimbo' );

--Acamatsa S.A. de C.V.
INSERT INTO INFRA.USUARIOS ( CVE_USUARIO, PASSWORD ) VALUES( 'cesarceballos@vace.com.mx', 'ccmx1234' );
INSERT INTO INFRA.REL_ROLES ( CVE_ROL, CVE_USUARIO ) VALUES( 'PyME', 'cesarceballos@vace.com.mx' );
INSERT INTO INFRA.PYMES ( ID_USUARIO, ID_USUARIO_PADRE, CORREO_ELECTRONICO, NOMBRE_COMERCIAL ) VALUES( (SELECT ID_USUARIO FROM INFRA.USUARIOS WHERE CVE_USUARIO = 'cesarceballos@vace.com.mx'), '1', 'cesarceballos@vace.com.mx', 'Acamatsa S.A. de C.V.' );
INSERT INTO INFRA.CONTACTOS (ID_USUARIO, TIPO, NOMBRE, APELLIDO_PATERNO, APELLIDO_MATERNO, CORREO_ELECTRONICO, B_PRINCIPAL, TELEFONO) VALUES ( (SELECT ID_USUARIO FROM INFRA.USUARIOS WHERE CVE_USUARIO = 'cesarceballos@vace.com.mx'), 'Ventas', 'Cesar F.', 'Ceballos', '', 'cesarceballos@vace.com.mx', true, '55742724');
INSERT INTO INFRA.REL_PYMES_TRACTORAS ( ID_USUARIO_TRACTORA, ID_USUARIO_PYME) VALUES( (SELECT ID_USUARIO FROM INFRA.TRACTORAS WHERE EMPRESA = 'Bimbo'), (SELECT ID_USUARIO FROM INFRA.USUARIOS WHERE CVE_USUARIO = 'cesarceballos@vace.com.mx') );
INSERT INTO INFRA.CLIENTES ( ID_USUARIO, CLIENTE) VALUES( (SELECT ID_USUARIO FROM INFRA.USUARIOS WHERE CVE_USUARIO = 'cesarceballos@vace.com.mx'), 'Bimbo' );

--Forbo Siegling S.A. de C.V.
INSERT INTO INFRA.USUARIOS ( CVE_USUARIO, PASSWORD ) VALUES( 'peter.stege@forbo.com', 'ccmx1234' );
INSERT INTO INFRA.REL_ROLES ( CVE_ROL, CVE_USUARIO ) VALUES( 'PyME', 'peter.stege@forbo.com' );
INSERT INTO INFRA.PYMES ( ID_USUARIO, ID_USUARIO_PADRE, CORREO_ELECTRONICO, NOMBRE_COMERCIAL ) VALUES( (SELECT ID_USUARIO FROM INFRA.USUARIOS WHERE CVE_USUARIO = 'peter.stege@forbo.com'), '1', 'peter.stege@forbo.com', 'Forbo Siegling S.A. de C.V.' );
INSERT INTO INFRA.CONTACTOS (ID_USUARIO, TIPO, NOMBRE, APELLIDO_PATERNO, APELLIDO_MATERNO, CORREO_ELECTRONICO, B_PRINCIPAL, TELEFONO) VALUES ( (SELECT ID_USUARIO FROM INFRA.USUARIOS WHERE CVE_USUARIO = 'peter.stege@forbo.com'), 'Ventas', 'Peter', 'Stege', 'Renk', 'peter.stege@forbo.com', true, '12536200');
INSERT INTO INFRA.REL_PYMES_TRACTORAS ( ID_USUARIO_TRACTORA, ID_USUARIO_PYME) VALUES( (SELECT ID_USUARIO FROM INFRA.TRACTORAS WHERE EMPRESA = 'Bimbo'), (SELECT ID_USUARIO FROM INFRA.USUARIOS WHERE CVE_USUARIO = 'peter.stege@forbo.com') );
INSERT INTO INFRA.CLIENTES ( ID_USUARIO, CLIENTE) VALUES( (SELECT ID_USUARIO FROM INFRA.USUARIOS WHERE CVE_USUARIO = 'peter.stege@forbo.com'), 'Bimbo' );

--Tnamex, S. de R.L. de C.V.
INSERT INTO INFRA.USUARIOS ( CVE_USUARIO, PASSWORD ) VALUES( 'juan.lechuga@tnasolutions.com', 'ccmx1234' );
INSERT INTO INFRA.REL_ROLES ( CVE_ROL, CVE_USUARIO ) VALUES( 'PyME', 'juan.lechuga@tnasolutions.com' );
INSERT INTO INFRA.PYMES ( ID_USUARIO, ID_USUARIO_PADRE, CORREO_ELECTRONICO, NOMBRE_COMERCIAL ) VALUES( (SELECT ID_USUARIO FROM INFRA.USUARIOS WHERE CVE_USUARIO = 'juan.lechuga@tnasolutions.com'), '1', 'juan.lechuga@tnasolutions.com', 'Tnamex, S. de R.L. de C.V.' );
INSERT INTO INFRA.CONTACTOS (ID_USUARIO, TIPO, NOMBRE, APELLIDO_PATERNO, APELLIDO_MATERNO, CORREO_ELECTRONICO, B_PRINCIPAL, TELEFONO) VALUES ( (SELECT ID_USUARIO FROM INFRA.USUARIOS WHERE CVE_USUARIO = 'juan.lechuga@tnasolutions.com'), 'Ventas', 'Juan', 'Lechuga', '', 'juan.lechuga@tnasolutions.com', true, '56156370');
INSERT INTO INFRA.REL_PYMES_TRACTORAS ( ID_USUARIO_TRACTORA, ID_USUARIO_PYME) VALUES( (SELECT ID_USUARIO FROM INFRA.TRACTORAS WHERE EMPRESA = 'Bimbo'), (SELECT ID_USUARIO FROM INFRA.USUARIOS WHERE CVE_USUARIO = 'juan.lechuga@tnasolutions.com') );
INSERT INTO INFRA.CLIENTES ( ID_USUARIO, CLIENTE) VALUES( (SELECT ID_USUARIO FROM INFRA.USUARIOS WHERE CVE_USUARIO = 'juan.lechuga@tnasolutions.com'), 'Bimbo' );

--Bombas y Control de Fluidos, S.A. de C.V.
INSERT INTO INFRA.USUARIOS ( CVE_USUARIO, PASSWORD ) VALUES( 'audelioc@bocoflusa.com.mx', 'ccmx1234' );
INSERT INTO INFRA.REL_ROLES ( CVE_ROL, CVE_USUARIO ) VALUES( 'PyME', 'audelioc@bocoflusa.com.mx' );
INSERT INTO INFRA.PYMES ( ID_USUARIO, ID_USUARIO_PADRE, CORREO_ELECTRONICO, NOMBRE_COMERCIAL ) VALUES( (SELECT ID_USUARIO FROM INFRA.USUARIOS WHERE CVE_USUARIO = 'audelioc@bocoflusa.com.mx'), '1', 'audelioc@bocoflusa.com.mx', 'Bombas y Control de Fluidos, S.A. de C.V.' );
INSERT INTO INFRA.CONTACTOS (ID_USUARIO, TIPO, NOMBRE, APELLIDO_PATERNO, APELLIDO_MATERNO, CORREO_ELECTRONICO, B_PRINCIPAL, TELEFONO) VALUES ( (SELECT ID_USUARIO FROM INFRA.USUARIOS WHERE CVE_USUARIO = 'audelioc@bocoflusa.com.mx'), 'Ventas', 'Audelio', 'Cruz', '', 'audelioc@bocoflusa.com.mx', true, '55875075');
INSERT INTO INFRA.REL_PYMES_TRACTORAS ( ID_USUARIO_TRACTORA, ID_USUARIO_PYME) VALUES( (SELECT ID_USUARIO FROM INFRA.TRACTORAS WHERE EMPRESA = 'Bimbo'), (SELECT ID_USUARIO FROM INFRA.USUARIOS WHERE CVE_USUARIO = 'audelioc@bocoflusa.com.mx') );
INSERT INTO INFRA.CLIENTES ( ID_USUARIO, CLIENTE) VALUES( (SELECT ID_USUARIO FROM INFRA.USUARIOS WHERE CVE_USUARIO = 'audelioc@bocoflusa.com.mx'), 'Bimbo' );

--Ingeniería en Lubricación y Sistemas Automatizados, S.A. de C.V.
INSERT INTO INFRA.USUARIOS ( CVE_USUARIO, PASSWORD ) VALUES( 'angelmr@ilsamexico.com', 'ccmx1234' );
INSERT INTO INFRA.REL_ROLES ( CVE_ROL, CVE_USUARIO ) VALUES( 'PyME', 'angelmr@ilsamexico.com' );
INSERT INTO INFRA.PYMES ( ID_USUARIO, ID_USUARIO_PADRE, CORREO_ELECTRONICO, NOMBRE_COMERCIAL ) VALUES( (SELECT ID_USUARIO FROM INFRA.USUARIOS WHERE CVE_USUARIO = 'angelmr@ilsamexico.com'), '1', 'angelmr@ilsamexico.com', 'Ingeniería en Lubricación y Sistemas Automatizados, S.A. de C.V.' );
INSERT INTO INFRA.CONTACTOS (ID_USUARIO, TIPO, NOMBRE, APELLIDO_PATERNO, APELLIDO_MATERNO, CORREO_ELECTRONICO, B_PRINCIPAL, TELEFONO) VALUES ( (SELECT ID_USUARIO FROM INFRA.USUARIOS WHERE CVE_USUARIO = 'angelmr@ilsamexico.com'), 'Ventas', 'Angel', 'Martinez', 'Rodriguez', 'angelmr@ilsamexico.com', true, '53883960');
INSERT INTO INFRA.REL_PYMES_TRACTORAS ( ID_USUARIO_TRACTORA, ID_USUARIO_PYME) VALUES( (SELECT ID_USUARIO FROM INFRA.TRACTORAS WHERE EMPRESA = 'Bimbo'), (SELECT ID_USUARIO FROM INFRA.USUARIOS WHERE CVE_USUARIO = 'angelmr@ilsamexico.com') );
INSERT INTO INFRA.CLIENTES ( ID_USUARIO, CLIENTE) VALUES( (SELECT ID_USUARIO FROM INFRA.USUARIOS WHERE CVE_USUARIO = 'angelmr@ilsamexico.com'), 'Bimbo' );

--Beltservice de México S. de R.L. de C.V.
INSERT INTO INFRA.USUARIOS ( CVE_USUARIO, PASSWORD ) VALUES( 'jcgranados@beltservice.com', 'ccmx1234' );
INSERT INTO INFRA.REL_ROLES ( CVE_ROL, CVE_USUARIO ) VALUES( 'PyME', 'jcgranados@beltservice.com' );
INSERT INTO INFRA.PYMES ( ID_USUARIO, ID_USUARIO_PADRE, CORREO_ELECTRONICO, NOMBRE_COMERCIAL ) VALUES( (SELECT ID_USUARIO FROM INFRA.USUARIOS WHERE CVE_USUARIO = 'jcgranados@beltservice.com'), '1', 'jcgranados@beltservice.com', 'Beltservice de México S. de R.L. de C.V.' );
INSERT INTO INFRA.CONTACTOS (ID_USUARIO, TIPO, NOMBRE, APELLIDO_PATERNO, APELLIDO_MATERNO, CORREO_ELECTRONICO, B_PRINCIPAL, TELEFONO) VALUES ( (SELECT ID_USUARIO FROM INFRA.USUARIOS WHERE CVE_USUARIO = 'jcgranados@beltservice.com'), 'Ventas', 'Juan Carlos', 'Granados', '', 'jcgranados@beltservice.com', true, '53620434');
INSERT INTO INFRA.REL_PYMES_TRACTORAS ( ID_USUARIO_TRACTORA, ID_USUARIO_PYME) VALUES( (SELECT ID_USUARIO FROM INFRA.TRACTORAS WHERE EMPRESA = 'Bimbo'), (SELECT ID_USUARIO FROM INFRA.USUARIOS WHERE CVE_USUARIO = 'jcgranados@beltservice.com') );
INSERT INTO INFRA.CLIENTES ( ID_USUARIO, CLIENTE) VALUES( (SELECT ID_USUARIO FROM INFRA.USUARIOS WHERE CVE_USUARIO = 'jcgranados@beltservice.com'), 'Bimbo' );

--Intelux S.A. de C.V.
INSERT INTO INFRA.USUARIOS ( CVE_USUARIO, PASSWORD ) VALUES( 'jlozano@intelux.com.mx', 'ccmx1234' );
INSERT INTO INFRA.REL_ROLES ( CVE_ROL, CVE_USUARIO ) VALUES( 'PyME', 'jlozano@intelux.com.mx' );
INSERT INTO INFRA.PYMES ( ID_USUARIO, ID_USUARIO_PADRE, CORREO_ELECTRONICO, NOMBRE_COMERCIAL ) VALUES( (SELECT ID_USUARIO FROM INFRA.USUARIOS WHERE CVE_USUARIO = 'jlozano@intelux.com.mx'), '1', 'jlozano@intelux.com.mx', 'Intelux S.A. de C.V.' );
INSERT INTO INFRA.CONTACTOS (ID_USUARIO, TIPO, NOMBRE, APELLIDO_PATERNO, APELLIDO_MATERNO, CORREO_ELECTRONICO, B_PRINCIPAL, TELEFONO) VALUES ( (SELECT ID_USUARIO FROM INFRA.USUARIOS WHERE CVE_USUARIO = 'jlozano@intelux.com.mx'), 'Ventas', 'Jorge', 'Lozano', '', 'jlozano@intelux.com.mx', true, '83323492');
INSERT INTO INFRA.REL_PYMES_TRACTORAS ( ID_USUARIO_TRACTORA, ID_USUARIO_PYME) VALUES( (SELECT ID_USUARIO FROM INFRA.TRACTORAS WHERE EMPRESA = 'Bimbo'), (SELECT ID_USUARIO FROM INFRA.USUARIOS WHERE CVE_USUARIO = 'jlozano@intelux.com.mx') );
INSERT INTO INFRA.CLIENTES ( ID_USUARIO, CLIENTE) VALUES( (SELECT ID_USUARIO FROM INFRA.USUARIOS WHERE CVE_USUARIO = 'jlozano@intelux.com.mx'), 'Bimbo' );

--Silos y Camiones, S.A. de C.V.
INSERT INTO INFRA.USUARIOS ( CVE_USUARIO, PASSWORD ) VALUES( 'edmundo.santos@sycsa.com', 'ccmx1234' );
INSERT INTO INFRA.REL_ROLES ( CVE_ROL, CVE_USUARIO ) VALUES( 'PyME', 'edmundo.santos@sycsa.com' );
INSERT INTO INFRA.PYMES ( ID_USUARIO, ID_USUARIO_PADRE, CORREO_ELECTRONICO, NOMBRE_COMERCIAL ) VALUES( (SELECT ID_USUARIO FROM INFRA.USUARIOS WHERE CVE_USUARIO = 'edmundo.santos@sycsa.com'), '1', 'edmundo.santos@sycsa.com', 'Silos y Camiones, S.A. de C.V.' );
INSERT INTO INFRA.CONTACTOS (ID_USUARIO, TIPO, NOMBRE, APELLIDO_PATERNO, APELLIDO_MATERNO, CORREO_ELECTRONICO, B_PRINCIPAL, TELEFONO) VALUES ( (SELECT ID_USUARIO FROM INFRA.USUARIOS WHERE CVE_USUARIO = 'edmundo.santos@sycsa.com'), 'Ventas', 'Edmundo', 'Santos', '', 'edmundo.santos@sycsa.com', true, '7170900');
INSERT INTO INFRA.REL_PYMES_TRACTORAS ( ID_USUARIO_TRACTORA, ID_USUARIO_PYME) VALUES( (SELECT ID_USUARIO FROM INFRA.TRACTORAS WHERE EMPRESA = 'Bimbo'), (SELECT ID_USUARIO FROM INFRA.USUARIOS WHERE CVE_USUARIO = 'edmundo.santos@sycsa.com') );
INSERT INTO INFRA.CLIENTES ( ID_USUARIO, CLIENTE) VALUES( (SELECT ID_USUARIO FROM INFRA.USUARIOS WHERE CVE_USUARIO = 'edmundo.santos@sycsa.com'), 'Bimbo' );

--Domino Printing Mexico, S.A. de C.V.
INSERT INTO INFRA.USUARIOS ( CVE_USUARIO, PASSWORD ) VALUES( 'francisco.ramirez@domino-mexico.com.mx', 'ccmx1234' );
INSERT INTO INFRA.REL_ROLES ( CVE_ROL, CVE_USUARIO ) VALUES( 'PyME', 'francisco.ramirez@domino-mexico.com.mx' );
INSERT INTO INFRA.PYMES ( ID_USUARIO, ID_USUARIO_PADRE, CORREO_ELECTRONICO, NOMBRE_COMERCIAL ) VALUES( (SELECT ID_USUARIO FROM INFRA.USUARIOS WHERE CVE_USUARIO = 'francisco.ramirez@domino-mexico.com.mx'), '1', 'francisco.ramirez@domino-mexico.com.mx', 'Domino Printing Mexico, S.A. de C.V.' );
INSERT INTO INFRA.CONTACTOS (ID_USUARIO, TIPO, NOMBRE, APELLIDO_PATERNO, APELLIDO_MATERNO, CORREO_ELECTRONICO, B_PRINCIPAL, TELEFONO) VALUES ( (SELECT ID_USUARIO FROM INFRA.USUARIOS WHERE CVE_USUARIO = 'francisco.ramirez@domino-mexico.com.mx'), 'Ventas', 'Francisco', 'Ramirez', '', 'francisco.ramirez@domino-mexico.com.mx', true, '55767979');
INSERT INTO INFRA.REL_PYMES_TRACTORAS ( ID_USUARIO_TRACTORA, ID_USUARIO_PYME) VALUES( (SELECT ID_USUARIO FROM INFRA.TRACTORAS WHERE EMPRESA = 'Bimbo'), (SELECT ID_USUARIO FROM INFRA.USUARIOS WHERE CVE_USUARIO = 'francisco.ramirez@domino-mexico.com.mx') );
INSERT INTO INFRA.CLIENTES ( ID_USUARIO, CLIENTE) VALUES( (SELECT ID_USUARIO FROM INFRA.USUARIOS WHERE CVE_USUARIO = 'francisco.ramirez@domino-mexico.com.mx'), 'Bimbo' );

--Grupo Alcione S.A. de C.V
INSERT INTO INFRA.USUARIOS ( CVE_USUARIO, PASSWORD ) VALUES( 'aic@alcione.mx', 'ccmx1234' );
INSERT INTO INFRA.REL_ROLES ( CVE_ROL, CVE_USUARIO ) VALUES( 'PyME', 'aic@alcione.mx' );
INSERT INTO INFRA.PYMES ( ID_USUARIO, ID_USUARIO_PADRE, CORREO_ELECTRONICO, NOMBRE_COMERCIAL ) VALUES( (SELECT ID_USUARIO FROM INFRA.USUARIOS WHERE CVE_USUARIO = 'aic@alcione.mx'), '1', 'aic@alcione.mx', 'Grupo Alcione S.A. de C.V' );
INSERT INTO INFRA.CONTACTOS (ID_USUARIO, TIPO, NOMBRE, APELLIDO_PATERNO, APELLIDO_MATERNO, CORREO_ELECTRONICO, B_PRINCIPAL, TELEFONO) VALUES ( (SELECT ID_USUARIO FROM INFRA.USUARIOS WHERE CVE_USUARIO = 'aic@alcione.mx'), 'Ventas', 'Antonio', 'Iturbide', 'Cardenas', 'aic@alcione.mx', true, '53665999');
INSERT INTO INFRA.REL_PYMES_TRACTORAS ( ID_USUARIO_TRACTORA, ID_USUARIO_PYME) VALUES( (SELECT ID_USUARIO FROM INFRA.TRACTORAS WHERE EMPRESA = 'Bimbo'), (SELECT ID_USUARIO FROM INFRA.USUARIOS WHERE CVE_USUARIO = 'aic@alcione.mx') );
INSERT INTO INFRA.CLIENTES ( ID_USUARIO, CLIENTE) VALUES( (SELECT ID_USUARIO FROM INFRA.USUARIOS WHERE CVE_USUARIO = 'aic@alcione.mx'), 'Bimbo' );

--Schneider Electric Mexico S.A. de C.V.
INSERT INTO INFRA.USUARIOS ( CVE_USUARIO, PASSWORD ) VALUES( 'javier.aguilar@mx.schneider-electric.com', 'ccmx1234' );
INSERT INTO INFRA.REL_ROLES ( CVE_ROL, CVE_USUARIO ) VALUES( 'PyME', 'javier.aguilar@mx.schneider-electric.com' );
INSERT INTO INFRA.PYMES ( ID_USUARIO, ID_USUARIO_PADRE, CORREO_ELECTRONICO, NOMBRE_COMERCIAL ) VALUES( (SELECT ID_USUARIO FROM INFRA.USUARIOS WHERE CVE_USUARIO = 'javier.aguilar@mx.schneider-electric.com'), '1', 'javier.aguilar@mx.schneider-electric.com', 'Schneider Electric Mexico S.A. de C.V.' );
INSERT INTO INFRA.CONTACTOS (ID_USUARIO, TIPO, NOMBRE, APELLIDO_PATERNO, APELLIDO_MATERNO, CORREO_ELECTRONICO, B_PRINCIPAL, TELEFONO) VALUES ( (SELECT ID_USUARIO FROM INFRA.USUARIOS WHERE CVE_USUARIO = 'javier.aguilar@mx.schneider-electric.com'), 'Ventas', 'Javier', 'Aguilar', '', 'javier.aguilar@mx.schneider-electric.com', true, '58045000');
INSERT INTO INFRA.REL_PYMES_TRACTORAS ( ID_USUARIO_TRACTORA, ID_USUARIO_PYME) VALUES( (SELECT ID_USUARIO FROM INFRA.TRACTORAS WHERE EMPRESA = 'Bimbo'), (SELECT ID_USUARIO FROM INFRA.USUARIOS WHERE CVE_USUARIO = 'javier.aguilar@mx.schneider-electric.com') );
INSERT INTO INFRA.CLIENTES ( ID_USUARIO, CLIENTE) VALUES( (SELECT ID_USUARIO FROM INFRA.USUARIOS WHERE CVE_USUARIO = 'javier.aguilar@mx.schneider-electric.com'), 'Bimbo' );

--Rockwell Automation de México, S.A. de C.V.
INSERT INTO INFRA.USUARIOS ( CVE_USUARIO, PASSWORD ) VALUES( 'cvillasis@ra.rockwell.com', 'ccmx1234' );
INSERT INTO INFRA.REL_ROLES ( CVE_ROL, CVE_USUARIO ) VALUES( 'PyME', 'cvillasis@ra.rockwell.com' );
INSERT INTO INFRA.PYMES ( ID_USUARIO, ID_USUARIO_PADRE, CORREO_ELECTRONICO, NOMBRE_COMERCIAL ) VALUES( (SELECT ID_USUARIO FROM INFRA.USUARIOS WHERE CVE_USUARIO = 'cvillasis@ra.rockwell.com'), '1', 'cvillasis@ra.rockwell.com', 'Rockwell Automation de México, S.A. de C.V.' );
INSERT INTO INFRA.CONTACTOS (ID_USUARIO, TIPO, NOMBRE, APELLIDO_PATERNO, APELLIDO_MATERNO, CORREO_ELECTRONICO, B_PRINCIPAL, TELEFONO) VALUES ( (SELECT ID_USUARIO FROM INFRA.USUARIOS WHERE CVE_USUARIO = 'cvillasis@ra.rockwell.com'), 'Ventas', 'Vicente', 'Magaña', '', 'cvillasis@ra.rockwell.com', true, '52462032');
INSERT INTO INFRA.REL_PYMES_TRACTORAS ( ID_USUARIO_TRACTORA, ID_USUARIO_PYME) VALUES( (SELECT ID_USUARIO FROM INFRA.TRACTORAS WHERE EMPRESA = 'Bimbo'), (SELECT ID_USUARIO FROM INFRA.USUARIOS WHERE CVE_USUARIO = 'cvillasis@ra.rockwell.com') );
INSERT INTO INFRA.CLIENTES ( ID_USUARIO, CLIENTE) VALUES( (SELECT ID_USUARIO FROM INFRA.USUARIOS WHERE CVE_USUARIO = 'cvillasis@ra.rockwell.com'), 'Bimbo' );

--Exxonmobil México, S.A. de C.V.
INSERT INTO INFRA.USUARIOS ( CVE_USUARIO, PASSWORD ) VALUES( 'manuel.a.jimenez@exxonmobil.com', 'ccmx1234' );
INSERT INTO INFRA.REL_ROLES ( CVE_ROL, CVE_USUARIO ) VALUES( 'PyME', 'manuel.a.jimenez@exxonmobil.com' );
INSERT INTO INFRA.PYMES ( ID_USUARIO, ID_USUARIO_PADRE, CORREO_ELECTRONICO, NOMBRE_COMERCIAL ) VALUES( (SELECT ID_USUARIO FROM INFRA.USUARIOS WHERE CVE_USUARIO = 'manuel.a.jimenez@exxonmobil.com'), '1', 'manuel.a.jimenez@exxonmobil.com', 'Exxonmobil México, S.A. de C.V.' );
INSERT INTO INFRA.CONTACTOS (ID_USUARIO, TIPO, NOMBRE, APELLIDO_PATERNO, APELLIDO_MATERNO, CORREO_ELECTRONICO, B_PRINCIPAL, TELEFONO) VALUES ( (SELECT ID_USUARIO FROM INFRA.USUARIOS WHERE CVE_USUARIO = 'manuel.a.jimenez@exxonmobil.com'), 'Ventas', 'Manuel Alejandro', 'Jimenez', 'Ruiz', 'manuel.a.jimenez@exxonmobil.com', true, '53540500');
INSERT INTO INFRA.REL_PYMES_TRACTORAS ( ID_USUARIO_TRACTORA, ID_USUARIO_PYME) VALUES( (SELECT ID_USUARIO FROM INFRA.TRACTORAS WHERE EMPRESA = 'Bimbo'), (SELECT ID_USUARIO FROM INFRA.USUARIOS WHERE CVE_USUARIO = 'manuel.a.jimenez@exxonmobil.com') );
INSERT INTO INFRA.CLIENTES ( ID_USUARIO, CLIENTE) VALUES( (SELECT ID_USUARIO FROM INFRA.USUARIOS WHERE CVE_USUARIO = 'manuel.a.jimenez@exxonmobil.com'), 'Bimbo' );

--Duro de México, S.A. de C.V.
INSERT INTO INFRA.USUARIOS ( CVE_USUARIO, PASSWORD ) VALUES( 'rtorres@duromex.com.mx', 'ccmx1234' );
INSERT INTO INFRA.REL_ROLES ( CVE_ROL, CVE_USUARIO ) VALUES( 'PyME', 'rtorres@duromex.com.mx' );
INSERT INTO INFRA.PYMES ( ID_USUARIO, ID_USUARIO_PADRE, CORREO_ELECTRONICO, NOMBRE_COMERCIAL ) VALUES( (SELECT ID_USUARIO FROM INFRA.USUARIOS WHERE CVE_USUARIO = 'rtorres@duromex.com.mx'), '1', 'rtorres@duromex.com.mx', 'Duro de México, S.A. de C.V.' );
INSERT INTO INFRA.CONTACTOS (ID_USUARIO, TIPO, NOMBRE, APELLIDO_PATERNO, APELLIDO_MATERNO, CORREO_ELECTRONICO, B_PRINCIPAL, TELEFONO) VALUES ( (SELECT ID_USUARIO FROM INFRA.USUARIOS WHERE CVE_USUARIO = 'rtorres@duromex.com.mx'), 'Ventas', 'Jose Rafael', 'Torres', 'Rangel', 'rtorres@duromex.com.mx', true, '58992740');
INSERT INTO INFRA.REL_PYMES_TRACTORAS ( ID_USUARIO_TRACTORA, ID_USUARIO_PYME) VALUES( (SELECT ID_USUARIO FROM INFRA.TRACTORAS WHERE EMPRESA = 'Bimbo'), (SELECT ID_USUARIO FROM INFRA.USUARIOS WHERE CVE_USUARIO = 'rtorres@duromex.com.mx') );
INSERT INTO INFRA.CLIENTES ( ID_USUARIO, CLIENTE) VALUES( (SELECT ID_USUARIO FROM INFRA.USUARIOS WHERE CVE_USUARIO = 'rtorres@duromex.com.mx'), 'Bimbo' );

--ACISA Automatización Industrial de Toluca S.A. de C.V.
INSERT INTO INFRA.USUARIOS ( CVE_USUARIO, PASSWORD ) VALUES( 'nicolas@acisaindustrial.com.mx', 'ccmx1234' );
INSERT INTO INFRA.REL_ROLES ( CVE_ROL, CVE_USUARIO ) VALUES( 'PyME', 'nicolas@acisaindustrial.com.mx' );
INSERT INTO INFRA.PYMES ( ID_USUARIO, ID_USUARIO_PADRE, CORREO_ELECTRONICO, NOMBRE_COMERCIAL ) VALUES( (SELECT ID_USUARIO FROM INFRA.USUARIOS WHERE CVE_USUARIO = 'nicolas@acisaindustrial.com.mx'), '1', 'nicolas@acisaindustrial.com.mx', 'ACISA Automatización Industrial de Toluca S.A. de C.V.' );
INSERT INTO INFRA.CONTACTOS (ID_USUARIO, TIPO, NOMBRE, APELLIDO_PATERNO, APELLIDO_MATERNO, CORREO_ELECTRONICO, B_PRINCIPAL, TELEFONO) VALUES ( (SELECT ID_USUARIO FROM INFRA.USUARIOS WHERE CVE_USUARIO = 'nicolas@acisaindustrial.com.mx'), 'Ventas', 'Nicolas', 'Sosa', 'Garcia', 'nicolas@acisaindustrial.com.mx', true, '38680159');
INSERT INTO INFRA.REL_PYMES_TRACTORAS ( ID_USUARIO_TRACTORA, ID_USUARIO_PYME) VALUES( (SELECT ID_USUARIO FROM INFRA.TRACTORAS WHERE EMPRESA = 'Bimbo'), (SELECT ID_USUARIO FROM INFRA.USUARIOS WHERE CVE_USUARIO = 'nicolas@acisaindustrial.com.mx') );
INSERT INTO INFRA.CLIENTES ( ID_USUARIO, CLIENTE) VALUES( (SELECT ID_USUARIO FROM INFRA.USUARIOS WHERE CVE_USUARIO = 'nicolas@acisaindustrial.com.mx'), 'Bimbo' );

--Car Store S.A. de C.V.
INSERT INTO INFRA.USUARIOS ( CVE_USUARIO, PASSWORD ) VALUES( 'car_store@hotmail.com', 'ccmx1234' );
INSERT INTO INFRA.REL_ROLES ( CVE_ROL, CVE_USUARIO ) VALUES( 'PyME', 'car_store@hotmail.com' );
INSERT INTO INFRA.PYMES ( ID_USUARIO, ID_USUARIO_PADRE, CORREO_ELECTRONICO, NOMBRE_COMERCIAL ) VALUES( (SELECT ID_USUARIO FROM INFRA.USUARIOS WHERE CVE_USUARIO = 'car_store@hotmail.com'), '1', 'car_store@hotmail.com', 'Car Store S.A. de C.V.' );
INSERT INTO INFRA.CONTACTOS (ID_USUARIO, TIPO, NOMBRE, APELLIDO_PATERNO, APELLIDO_MATERNO, CORREO_ELECTRONICO, B_PRINCIPAL, TELEFONO) VALUES ( (SELECT ID_USUARIO FROM INFRA.USUARIOS WHERE CVE_USUARIO = 'car_store@hotmail.com'), 'Ventas', 'Juan Manuel', 'Villafañe', '', 'car_store@hotmail.com', true, '50493484');
INSERT INTO INFRA.REL_PYMES_TRACTORAS ( ID_USUARIO_TRACTORA, ID_USUARIO_PYME) VALUES( (SELECT ID_USUARIO FROM INFRA.TRACTORAS WHERE EMPRESA = 'Bimbo'), (SELECT ID_USUARIO FROM INFRA.USUARIOS WHERE CVE_USUARIO = 'car_store@hotmail.com') );
INSERT INTO INFRA.CLIENTES ( ID_USUARIO, CLIENTE) VALUES( (SELECT ID_USUARIO FROM INFRA.USUARIOS WHERE CVE_USUARIO = 'car_store@hotmail.com'), 'Bimbo' );

--Pintamos Todo en Versalles, S.A. de C.V.
INSERT INTO INFRA.USUARIOS ( CVE_USUARIO, PASSWORD ) VALUES( 'pinturasversalles@prodigy.net.mx', 'ccmx1234' );
INSERT INTO INFRA.REL_ROLES ( CVE_ROL, CVE_USUARIO ) VALUES( 'PyME', 'pinturasversalles@prodigy.net.mx' );
INSERT INTO INFRA.PYMES ( ID_USUARIO, ID_USUARIO_PADRE, CORREO_ELECTRONICO, NOMBRE_COMERCIAL ) VALUES( (SELECT ID_USUARIO FROM INFRA.USUARIOS WHERE CVE_USUARIO = 'pinturasversalles@prodigy.net.mx'), '1', 'pinturasversalles@prodigy.net.mx', 'Pintamos Todo en Versalles, S.A. de C.V.' );
INSERT INTO INFRA.CONTACTOS (ID_USUARIO, TIPO, NOMBRE, APELLIDO_PATERNO, APELLIDO_MATERNO, CORREO_ELECTRONICO, B_PRINCIPAL, TELEFONO) VALUES ( (SELECT ID_USUARIO FROM INFRA.USUARIOS WHERE CVE_USUARIO = 'pinturasversalles@prodigy.net.mx'), 'Ventas', 'Lucia', 'Peña', 'Romero', 'pinturasversalles@prodigy.net.mx', true, '53676751');
INSERT INTO INFRA.REL_PYMES_TRACTORAS ( ID_USUARIO_TRACTORA, ID_USUARIO_PYME) VALUES( (SELECT ID_USUARIO FROM INFRA.TRACTORAS WHERE EMPRESA = 'Bimbo'), (SELECT ID_USUARIO FROM INFRA.USUARIOS WHERE CVE_USUARIO = 'pinturasversalles@prodigy.net.mx') );
INSERT INTO INFRA.CLIENTES ( ID_USUARIO, CLIENTE) VALUES( (SELECT ID_USUARIO FROM INFRA.USUARIOS WHERE CVE_USUARIO = 'pinturasversalles@prodigy.net.mx'), 'Bimbo' );

--Regoesa, S.A. de C.V.
INSERT INTO INFRA.USUARIOS ( CVE_USUARIO, PASSWORD ) VALUES( 'regoesasa@yahoo.com', 'ccmx1234' );
INSERT INTO INFRA.REL_ROLES ( CVE_ROL, CVE_USUARIO ) VALUES( 'PyME', 'regoesasa@yahoo.com' );
INSERT INTO INFRA.PYMES ( ID_USUARIO, ID_USUARIO_PADRE, CORREO_ELECTRONICO, NOMBRE_COMERCIAL ) VALUES( (SELECT ID_USUARIO FROM INFRA.USUARIOS WHERE CVE_USUARIO = 'regoesasa@yahoo.com'), '1', 'regoesasa@yahoo.com', 'Regoesa, S.A. de C.V.' );
INSERT INTO INFRA.CONTACTOS (ID_USUARIO, TIPO, NOMBRE, APELLIDO_PATERNO, APELLIDO_MATERNO, CORREO_ELECTRONICO, B_PRINCIPAL, TELEFONO) VALUES ( (SELECT ID_USUARIO FROM INFRA.USUARIOS WHERE CVE_USUARIO = 'regoesasa@yahoo.com'), 'Ventas', 'Jose Juan', 'Recillas', 'Tellez', 'regoesasa@yahoo.com', true, '55565343');
INSERT INTO INFRA.REL_PYMES_TRACTORAS ( ID_USUARIO_TRACTORA, ID_USUARIO_PYME) VALUES( (SELECT ID_USUARIO FROM INFRA.TRACTORAS WHERE EMPRESA = 'Bimbo'), (SELECT ID_USUARIO FROM INFRA.USUARIOS WHERE CVE_USUARIO = 'regoesasa@yahoo.com') );
INSERT INTO INFRA.CLIENTES ( ID_USUARIO, CLIENTE) VALUES( (SELECT ID_USUARIO FROM INFRA.USUARIOS WHERE CVE_USUARIO = 'regoesasa@yahoo.com'), 'Bimbo' );

--Verónica Mejía Navarro.
INSERT INTO INFRA.USUARIOS ( CVE_USUARIO, PASSWORD ) VALUES( 'duldet11@yahoo.com.mx', 'ccmx1234' );
INSERT INTO INFRA.REL_ROLES ( CVE_ROL, CVE_USUARIO ) VALUES( 'PyME', 'duldet11@yahoo.com.mx' );
INSERT INTO INFRA.PYMES ( ID_USUARIO, ID_USUARIO_PADRE, CORREO_ELECTRONICO, NOMBRE_COMERCIAL ) VALUES( (SELECT ID_USUARIO FROM INFRA.USUARIOS WHERE CVE_USUARIO = 'duldet11@yahoo.com.mx'), '1', 'duldet11@yahoo.com.mx', 'Verónica Mejía Navarro.' );
INSERT INTO INFRA.CONTACTOS (ID_USUARIO, TIPO, NOMBRE, APELLIDO_PATERNO, APELLIDO_MATERNO, CORREO_ELECTRONICO, B_PRINCIPAL, TELEFONO) VALUES ( (SELECT ID_USUARIO FROM INFRA.USUARIOS WHERE CVE_USUARIO = 'duldet11@yahoo.com.mx'), 'Ventas', 'Yuliana', 'Cardenas', '', 'duldet11@yahoo.com.mx', true, '56832165');
INSERT INTO INFRA.REL_PYMES_TRACTORAS ( ID_USUARIO_TRACTORA, ID_USUARIO_PYME) VALUES( (SELECT ID_USUARIO FROM INFRA.TRACTORAS WHERE EMPRESA = 'Bimbo'), (SELECT ID_USUARIO FROM INFRA.USUARIOS WHERE CVE_USUARIO = 'duldet11@yahoo.com.mx') );
INSERT INTO INFRA.CLIENTES ( ID_USUARIO, CLIENTE) VALUES( (SELECT ID_USUARIO FROM INFRA.USUARIOS WHERE CVE_USUARIO = 'duldet11@yahoo.com.mx'), 'Bimbo' );

--Grupo Profesional en Mantenimiento Industrial  Dbc S.A. de C.V.
INSERT INTO INFRA.USUARIOS ( CVE_USUARIO, PASSWORD ) VALUES( 'diego.becerra@gpmi.mx', 'ccmx1234' );
INSERT INTO INFRA.REL_ROLES ( CVE_ROL, CVE_USUARIO ) VALUES( 'PyME', 'diego.becerra@gpmi.mx' );
INSERT INTO INFRA.PYMES ( ID_USUARIO, ID_USUARIO_PADRE, CORREO_ELECTRONICO, NOMBRE_COMERCIAL ) VALUES( (SELECT ID_USUARIO FROM INFRA.USUARIOS WHERE CVE_USUARIO = 'diego.becerra@gpmi.mx'), '1', 'diego.becerra@gpmi.mx', 'Grupo Profesional en Mantenimiento Industrial  Dbc S.A. de C.V.' );
INSERT INTO INFRA.CONTACTOS (ID_USUARIO, TIPO, NOMBRE, APELLIDO_PATERNO, APELLIDO_MATERNO, CORREO_ELECTRONICO, B_PRINCIPAL, TELEFONO) VALUES ( (SELECT ID_USUARIO FROM INFRA.USUARIOS WHERE CVE_USUARIO = 'diego.becerra@gpmi.mx'), 'Ventas', 'Diego', 'Becerra', 'Cortes', 'diego.becerra@gpmi.mx', true, '58881365');
INSERT INTO INFRA.REL_PYMES_TRACTORAS ( ID_USUARIO_TRACTORA, ID_USUARIO_PYME) VALUES( (SELECT ID_USUARIO FROM INFRA.TRACTORAS WHERE EMPRESA = 'Bimbo'), (SELECT ID_USUARIO FROM INFRA.USUARIOS WHERE CVE_USUARIO = 'diego.becerra@gpmi.mx') );
INSERT INTO INFRA.CLIENTES ( ID_USUARIO, CLIENTE) VALUES( (SELECT ID_USUARIO FROM INFRA.USUARIOS WHERE CVE_USUARIO = 'diego.becerra@gpmi.mx'), 'Bimbo' );

--Araballo Rivas Sergio.
INSERT INTO INFRA.USUARIOS ( CVE_USUARIO, PASSWORD ) VALUES( 'vidrierianonoalco@hotmail.com', 'ccmx1234' );
INSERT INTO INFRA.REL_ROLES ( CVE_ROL, CVE_USUARIO ) VALUES( 'PyME', 'vidrierianonoalco@hotmail.com' );
INSERT INTO INFRA.PYMES ( ID_USUARIO, ID_USUARIO_PADRE, CORREO_ELECTRONICO, NOMBRE_COMERCIAL ) VALUES( (SELECT ID_USUARIO FROM INFRA.USUARIOS WHERE CVE_USUARIO = 'vidrierianonoalco@hotmail.com'), '1', 'vidrierianonoalco@hotmail.com', 'Araballo Rivas Sergio.' );
INSERT INTO INFRA.CONTACTOS (ID_USUARIO, TIPO, NOMBRE, APELLIDO_PATERNO, APELLIDO_MATERNO, CORREO_ELECTRONICO, B_PRINCIPAL, TELEFONO) VALUES ( (SELECT ID_USUARIO FROM INFRA.USUARIOS WHERE CVE_USUARIO = 'vidrierianonoalco@hotmail.com'), 'Ventas', 'Sergio David', 'Araballo', 'Correa', 'vidrierianonoalco@hotmail.com', true, '55416130');
INSERT INTO INFRA.REL_PYMES_TRACTORAS ( ID_USUARIO_TRACTORA, ID_USUARIO_PYME) VALUES( (SELECT ID_USUARIO FROM INFRA.TRACTORAS WHERE EMPRESA = 'Bimbo'), (SELECT ID_USUARIO FROM INFRA.USUARIOS WHERE CVE_USUARIO = 'vidrierianonoalco@hotmail.com') );
INSERT INTO INFRA.CLIENTES ( ID_USUARIO, CLIENTE) VALUES( (SELECT ID_USUARIO FROM INFRA.USUARIOS WHERE CVE_USUARIO = 'vidrierianonoalco@hotmail.com'), 'Bimbo' );

--Reynaga Ramírez Ana Bertha.
INSERT INTO INFRA.USUARIOS ( CVE_USUARIO, PASSWORD ) VALUES( 'disfire@prodigy.net.mx', 'ccmx1234' );
INSERT INTO INFRA.REL_ROLES ( CVE_ROL, CVE_USUARIO ) VALUES( 'PyME', 'disfire@prodigy.net.mx' );
INSERT INTO INFRA.PYMES ( ID_USUARIO, ID_USUARIO_PADRE, CORREO_ELECTRONICO, NOMBRE_COMERCIAL ) VALUES( (SELECT ID_USUARIO FROM INFRA.USUARIOS WHERE CVE_USUARIO = 'disfire@prodigy.net.mx'), '1', 'disfire@prodigy.net.mx', 'Reynaga Ramírez Ana Bertha.' );
INSERT INTO INFRA.CONTACTOS (ID_USUARIO, TIPO, NOMBRE, APELLIDO_PATERNO, APELLIDO_MATERNO, CORREO_ELECTRONICO, B_PRINCIPAL, TELEFONO) VALUES ( (SELECT ID_USUARIO FROM INFRA.USUARIOS WHERE CVE_USUARIO = 'disfire@prodigy.net.mx'), 'Ventas', 'Ana Bertha', 'Reynaga', 'Ramirez', 'disfire@prodigy.net.mx', true, '53432661');
INSERT INTO INFRA.REL_PYMES_TRACTORAS ( ID_USUARIO_TRACTORA, ID_USUARIO_PYME) VALUES( (SELECT ID_USUARIO FROM INFRA.TRACTORAS WHERE EMPRESA = 'Bimbo'), (SELECT ID_USUARIO FROM INFRA.USUARIOS WHERE CVE_USUARIO = 'disfire@prodigy.net.mx') );
INSERT INTO INFRA.CLIENTES ( ID_USUARIO, CLIENTE) VALUES( (SELECT ID_USUARIO FROM INFRA.USUARIOS WHERE CVE_USUARIO = 'disfire@prodigy.net.mx'), 'Bimbo' );

--Villegas Monter Epimaco.
INSERT INTO INFRA.USUARIOS ( CVE_USUARIO, PASSWORD ) VALUES( 'seguvic@prodigy.net.mx', 'ccmx1234' );
INSERT INTO INFRA.REL_ROLES ( CVE_ROL, CVE_USUARIO ) VALUES( 'PyME', 'seguvic@prodigy.net.mx' );
INSERT INTO INFRA.PYMES ( ID_USUARIO, ID_USUARIO_PADRE, CORREO_ELECTRONICO, NOMBRE_COMERCIAL ) VALUES( (SELECT ID_USUARIO FROM INFRA.USUARIOS WHERE CVE_USUARIO = 'seguvic@prodigy.net.mx'), '1', 'seguvic@prodigy.net.mx', 'Villegas Monter Epimaco.' );
INSERT INTO INFRA.CONTACTOS (ID_USUARIO, TIPO, NOMBRE, APELLIDO_PATERNO, APELLIDO_MATERNO, CORREO_ELECTRONICO, B_PRINCIPAL, TELEFONO) VALUES ( (SELECT ID_USUARIO FROM INFRA.USUARIOS WHERE CVE_USUARIO = 'seguvic@prodigy.net.mx'), 'Ventas', 'Epimaco', 'Villegas', 'Monter', 'seguvic@prodigy.net.mx', true, '9547335');
INSERT INTO INFRA.REL_PYMES_TRACTORAS ( ID_USUARIO_TRACTORA, ID_USUARIO_PYME) VALUES( (SELECT ID_USUARIO FROM INFRA.TRACTORAS WHERE EMPRESA = 'Bimbo'), (SELECT ID_USUARIO FROM INFRA.USUARIOS WHERE CVE_USUARIO = 'seguvic@prodigy.net.mx') );
INSERT INTO INFRA.CLIENTES ( ID_USUARIO, CLIENTE) VALUES( (SELECT ID_USUARIO FROM INFRA.USUARIOS WHERE CVE_USUARIO = 'seguvic@prodigy.net.mx'), 'Bimbo' );

--Roberto Mendoza Cárdenas.
INSERT INTO INFRA.USUARIOS ( CVE_USUARIO, PASSWORD ) VALUES( 'mileniumtransmisiones@yahoo.com.mx', 'ccmx1234' );
INSERT INTO INFRA.REL_ROLES ( CVE_ROL, CVE_USUARIO ) VALUES( 'PyME', 'mileniumtransmisiones@yahoo.com.mx' );
INSERT INTO INFRA.PYMES ( ID_USUARIO, ID_USUARIO_PADRE, CORREO_ELECTRONICO, NOMBRE_COMERCIAL ) VALUES( (SELECT ID_USUARIO FROM INFRA.USUARIOS WHERE CVE_USUARIO = 'mileniumtransmisiones@yahoo.com.mx'), '1', 'mileniumtransmisiones@yahoo.com.mx', 'Roberto Mendoza Cárdenas.' );
INSERT INTO INFRA.CONTACTOS (ID_USUARIO, TIPO, NOMBRE, APELLIDO_PATERNO, APELLIDO_MATERNO, CORREO_ELECTRONICO, B_PRINCIPAL, TELEFONO) VALUES ( (SELECT ID_USUARIO FROM INFRA.USUARIOS WHERE CVE_USUARIO = 'mileniumtransmisiones@yahoo.com.mx'), 'Ventas', 'Roberto', 'Mendoza', 'Cardenas', 'mileniumtransmisiones@yahoo.com.mx', true, '55415212');
INSERT INTO INFRA.REL_PYMES_TRACTORAS ( ID_USUARIO_TRACTORA, ID_USUARIO_PYME) VALUES( (SELECT ID_USUARIO FROM INFRA.TRACTORAS WHERE EMPRESA = 'Bimbo'), (SELECT ID_USUARIO FROM INFRA.USUARIOS WHERE CVE_USUARIO = 'mileniumtransmisiones@yahoo.com.mx') );
INSERT INTO INFRA.CLIENTES ( ID_USUARIO, CLIENTE) VALUES( (SELECT ID_USUARIO FROM INFRA.USUARIOS WHERE CVE_USUARIO = 'mileniumtransmisiones@yahoo.com.mx'), 'Bimbo' );

--Vera Ramírez Antonio Fernando.
INSERT INTO INFRA.USUARIOS ( CVE_USUARIO, PASSWORD ) VALUES( 'miguelanselmo@hotmail.com', 'ccmx1234' );
INSERT INTO INFRA.REL_ROLES ( CVE_ROL, CVE_USUARIO ) VALUES( 'PyME', 'miguelanselmo@hotmail.com' );
INSERT INTO INFRA.PYMES ( ID_USUARIO, ID_USUARIO_PADRE, CORREO_ELECTRONICO, NOMBRE_COMERCIAL ) VALUES( (SELECT ID_USUARIO FROM INFRA.USUARIOS WHERE CVE_USUARIO = 'miguelanselmo@hotmail.com'), '1', 'miguelanselmo@hotmail.com', 'Vera Ramírez Antonio Fernando.' );
INSERT INTO INFRA.CONTACTOS (ID_USUARIO, TIPO, NOMBRE, APELLIDO_PATERNO, APELLIDO_MATERNO, CORREO_ELECTRONICO, B_PRINCIPAL, TELEFONO) VALUES ( (SELECT ID_USUARIO FROM INFRA.USUARIOS WHERE CVE_USUARIO = 'miguelanselmo@hotmail.com'), 'Ventas', 'Miguel Anselmo', 'Andres', '', 'miguelanselmo@hotmail.com', true, '55678353');
INSERT INTO INFRA.REL_PYMES_TRACTORAS ( ID_USUARIO_TRACTORA, ID_USUARIO_PYME) VALUES( (SELECT ID_USUARIO FROM INFRA.TRACTORAS WHERE EMPRESA = 'Bimbo'), (SELECT ID_USUARIO FROM INFRA.USUARIOS WHERE CVE_USUARIO = 'miguelanselmo@hotmail.com') );
INSERT INTO INFRA.CLIENTES ( ID_USUARIO, CLIENTE) VALUES( (SELECT ID_USUARIO FROM INFRA.USUARIOS WHERE CVE_USUARIO = 'miguelanselmo@hotmail.com'), 'Bimbo' );

--Grupo Autocompactos NISSAN
INSERT INTO INFRA.USUARIOS ( CVE_USUARIO, PASSWORD ) VALUES( 'proyectos@nissancoacalco.com.mx', 'ccmx1234' );
INSERT INTO INFRA.REL_ROLES ( CVE_ROL, CVE_USUARIO ) VALUES( 'PyME', 'proyectos@nissancoacalco.com.mx' );
INSERT INTO INFRA.PYMES ( ID_USUARIO, ID_USUARIO_PADRE, CORREO_ELECTRONICO, NOMBRE_COMERCIAL ) VALUES( (SELECT ID_USUARIO FROM INFRA.USUARIOS WHERE CVE_USUARIO = 'proyectos@nissancoacalco.com.mx'), '1', 'proyectos@nissancoacalco.com.mx', 'Grupo Autocompactos NISSAN' );
INSERT INTO INFRA.CONTACTOS (ID_USUARIO, TIPO, NOMBRE, APELLIDO_PATERNO, APELLIDO_MATERNO, CORREO_ELECTRONICO, B_PRINCIPAL, TELEFONO) VALUES ( (SELECT ID_USUARIO FROM INFRA.USUARIOS WHERE CVE_USUARIO = 'proyectos@nissancoacalco.com.mx'), 'Ventas', 'Alfonso', 'Rojas', '', 'proyectos@nissancoacalco.com.mx', true, '53339200');
INSERT INTO INFRA.REL_PYMES_TRACTORAS ( ID_USUARIO_TRACTORA, ID_USUARIO_PYME) VALUES( (SELECT ID_USUARIO FROM INFRA.TRACTORAS WHERE EMPRESA = 'Bimbo'), (SELECT ID_USUARIO FROM INFRA.USUARIOS WHERE CVE_USUARIO = 'proyectos@nissancoacalco.com.mx') );
INSERT INTO INFRA.CLIENTES ( ID_USUARIO, CLIENTE) VALUES( (SELECT ID_USUARIO FROM INFRA.USUARIOS WHERE CVE_USUARIO = 'proyectos@nissancoacalco.com.mx'), 'Bimbo' );

--Confitados Finos de México S.A. de C.V.
INSERT INTO INFRA.USUARIOS ( CVE_USUARIO, PASSWORD ) VALUES( 'confimex@confitadosfinos.com.mx', 'ccmx1234' );
INSERT INTO INFRA.REL_ROLES ( CVE_ROL, CVE_USUARIO ) VALUES( 'PyME', 'confimex@confitadosfinos.com.mx' );
INSERT INTO INFRA.PYMES ( ID_USUARIO, ID_USUARIO_PADRE, CORREO_ELECTRONICO, NOMBRE_COMERCIAL ) VALUES( (SELECT ID_USUARIO FROM INFRA.USUARIOS WHERE CVE_USUARIO = 'confimex@confitadosfinos.com.mx'), '1', 'confimex@confitadosfinos.com.mx', 'Confitados Finos de México S.A. de C.V.' );
INSERT INTO INFRA.CONTACTOS (ID_USUARIO, TIPO, NOMBRE, APELLIDO_PATERNO, APELLIDO_MATERNO, CORREO_ELECTRONICO, B_PRINCIPAL, TELEFONO) VALUES ( (SELECT ID_USUARIO FROM INFRA.USUARIOS WHERE CVE_USUARIO = 'confimex@confitadosfinos.com.mx'), 'Ventas', 'Jesus', 'Robles', '', 'confimex@confitadosfinos.com.mx', true, '3336183142');
INSERT INTO INFRA.REL_PYMES_TRACTORAS ( ID_USUARIO_TRACTORA, ID_USUARIO_PYME) VALUES( (SELECT ID_USUARIO FROM INFRA.TRACTORAS WHERE EMPRESA = 'Bimbo'), (SELECT ID_USUARIO FROM INFRA.USUARIOS WHERE CVE_USUARIO = 'confimex@confitadosfinos.com.mx') );
INSERT INTO INFRA.CLIENTES ( ID_USUARIO, CLIENTE) VALUES( (SELECT ID_USUARIO FROM INFRA.USUARIOS WHERE CVE_USUARIO = 'confimex@confitadosfinos.com.mx'), 'Bimbo' );

--Almidones Mexicanos S.A. de C.V.
INSERT INTO INFRA.USUARIOS ( CVE_USUARIO, PASSWORD ) VALUES( 'Ghope@almidones.com.mx', 'ccmx1234' );
INSERT INTO INFRA.REL_ROLES ( CVE_ROL, CVE_USUARIO ) VALUES( 'PyME', 'Ghope@almidones.com.mx' );
INSERT INTO INFRA.PYMES ( ID_USUARIO, ID_USUARIO_PADRE, CORREO_ELECTRONICO, NOMBRE_COMERCIAL ) VALUES( (SELECT ID_USUARIO FROM INFRA.USUARIOS WHERE CVE_USUARIO = 'Ghope@almidones.com.mx'), '1', 'Ghope@almidones.com.mx', 'Almidones Mexicanos S.A. de C.V.' );
INSERT INTO INFRA.CONTACTOS (ID_USUARIO, TIPO, NOMBRE, APELLIDO_PATERNO, APELLIDO_MATERNO, CORREO_ELECTRONICO, B_PRINCIPAL, TELEFONO) VALUES ( (SELECT ID_USUARIO FROM INFRA.USUARIOS WHERE CVE_USUARIO = 'Ghope@almidones.com.mx'), 'Ventas', 'Guillermo', 'Hope', '', 'Ghope@almidones.com.mx', true, '3336684660');
INSERT INTO INFRA.REL_PYMES_TRACTORAS ( ID_USUARIO_TRACTORA, ID_USUARIO_PYME) VALUES( (SELECT ID_USUARIO FROM INFRA.TRACTORAS WHERE EMPRESA = 'Bimbo'), (SELECT ID_USUARIO FROM INFRA.USUARIOS WHERE CVE_USUARIO = 'Ghope@almidones.com.mx') );
INSERT INTO INFRA.CLIENTES ( ID_USUARIO, CLIENTE) VALUES( (SELECT ID_USUARIO FROM INFRA.USUARIOS WHERE CVE_USUARIO = 'Ghope@almidones.com.mx'), 'Bimbo' );

--Grupo Medesa.
INSERT INTO INFRA.USUARIOS ( CVE_USUARIO, PASSWORD ) VALUES( 'amejia@grupomedesa.com', 'ccmx1234' );
INSERT INTO INFRA.REL_ROLES ( CVE_ROL, CVE_USUARIO ) VALUES( 'PyME', 'amejia@grupomedesa.com' );
INSERT INTO INFRA.PYMES ( ID_USUARIO, ID_USUARIO_PADRE, CORREO_ELECTRONICO, NOMBRE_COMERCIAL ) VALUES( (SELECT ID_USUARIO FROM INFRA.USUARIOS WHERE CVE_USUARIO = 'amejia@grupomedesa.com'), '1', 'amejia@grupomedesa.com', 'Grupo Medesa.' );
INSERT INTO INFRA.CONTACTOS (ID_USUARIO, TIPO, NOMBRE, APELLIDO_PATERNO, APELLIDO_MATERNO, CORREO_ELECTRONICO, B_PRINCIPAL, TELEFONO) VALUES ( (SELECT ID_USUARIO FROM INFRA.USUARIOS WHERE CVE_USUARIO = 'amejia@grupomedesa.com'), 'Ventas', 'Antonio', 'Mejia', 'Delgado', 'amejia@grupomedesa.com', true, '7222728716');
INSERT INTO INFRA.REL_PYMES_TRACTORAS ( ID_USUARIO_TRACTORA, ID_USUARIO_PYME) VALUES( (SELECT ID_USUARIO FROM INFRA.TRACTORAS WHERE EMPRESA = 'Bimbo'), (SELECT ID_USUARIO FROM INFRA.USUARIOS WHERE CVE_USUARIO = 'amejia@grupomedesa.com') );
INSERT INTO INFRA.CLIENTES ( ID_USUARIO, CLIENTE) VALUES( (SELECT ID_USUARIO FROM INFRA.USUARIOS WHERE CVE_USUARIO = 'amejia@grupomedesa.com'), 'Bimbo' );

--Seleccionadora de Cacahuate de México.
INSERT INTO INFRA.USUARIOS ( CVE_USUARIO, PASSWORD ) VALUES( 'secamex@infosel.net.mx', 'ccmx1234' );
INSERT INTO INFRA.REL_ROLES ( CVE_ROL, CVE_USUARIO ) VALUES( 'PyME', 'secamex@infosel.net.mx' );
INSERT INTO INFRA.PYMES ( ID_USUARIO, ID_USUARIO_PADRE, CORREO_ELECTRONICO, NOMBRE_COMERCIAL ) VALUES( (SELECT ID_USUARIO FROM INFRA.USUARIOS WHERE CVE_USUARIO = 'secamex@infosel.net.mx'), '1', 'secamex@infosel.net.mx', 'Seleccionadora de Cacahuate de México.' );
INSERT INTO INFRA.CONTACTOS (ID_USUARIO, TIPO, NOMBRE, APELLIDO_PATERNO, APELLIDO_MATERNO, CORREO_ELECTRONICO, B_PRINCIPAL, TELEFONO) VALUES ( (SELECT ID_USUARIO FROM INFRA.USUARIOS WHERE CVE_USUARIO = 'secamex@infosel.net.mx'), 'Ventas', 'Eduardo', 'Calderon', 'Magaña', 'secamex@infosel.net.mx', true, '3336860891');
INSERT INTO INFRA.REL_PYMES_TRACTORAS ( ID_USUARIO_TRACTORA, ID_USUARIO_PYME) VALUES( (SELECT ID_USUARIO FROM INFRA.TRACTORAS WHERE EMPRESA = 'Bimbo'), (SELECT ID_USUARIO FROM INFRA.USUARIOS WHERE CVE_USUARIO = 'secamex@infosel.net.mx') );
INSERT INTO INFRA.CLIENTES ( ID_USUARIO, CLIENTE) VALUES( (SELECT ID_USUARIO FROM INFRA.USUARIOS WHERE CVE_USUARIO = 'secamex@infosel.net.mx'), 'Bimbo' );

--Granjas Orespi.
INSERT INTO INFRA.USUARIOS ( CVE_USUARIO, PASSWORD ) VALUES( 'roman.rodriguez@orespi.com.mx', 'ccmx1234' );
INSERT INTO INFRA.REL_ROLES ( CVE_ROL, CVE_USUARIO ) VALUES( 'PyME', 'roman.rodriguez@orespi.com.mx' );
INSERT INTO INFRA.PYMES ( ID_USUARIO, ID_USUARIO_PADRE, CORREO_ELECTRONICO, NOMBRE_COMERCIAL ) VALUES( (SELECT ID_USUARIO FROM INFRA.USUARIOS WHERE CVE_USUARIO = 'roman.rodriguez@orespi.com.mx'), '1', 'roman.rodriguez@orespi.com.mx', 'Granjas Orespi.' );
INSERT INTO INFRA.CONTACTOS (ID_USUARIO, TIPO, NOMBRE, APELLIDO_PATERNO, APELLIDO_MATERNO, CORREO_ELECTRONICO, B_PRINCIPAL, TELEFONO) VALUES ( (SELECT ID_USUARIO FROM INFRA.USUARIOS WHERE CVE_USUARIO = 'roman.rodriguez@orespi.com.mx'), 'Ventas', 'Hector', 'Roman', 'Rodriguez', 'roman.rodriguez@orespi.com.mx', true, '8181441820');
INSERT INTO INFRA.REL_PYMES_TRACTORAS ( ID_USUARIO_TRACTORA, ID_USUARIO_PYME) VALUES( (SELECT ID_USUARIO FROM INFRA.TRACTORAS WHERE EMPRESA = 'Bimbo'), (SELECT ID_USUARIO FROM INFRA.USUARIOS WHERE CVE_USUARIO = 'roman.rodriguez@orespi.com.mx') );
INSERT INTO INFRA.CLIENTES ( ID_USUARIO, CLIENTE) VALUES( (SELECT ID_USUARIO FROM INFRA.USUARIOS WHERE CVE_USUARIO = 'roman.rodriguez@orespi.com.mx'), 'Bimbo' );

--Avibel.
INSERT INTO INFRA.USUARIOS ( CVE_USUARIO, PASSWORD ) VALUES( 'icastillo@inovaalimentos.com', 'ccmx1234' );
INSERT INTO INFRA.REL_ROLES ( CVE_ROL, CVE_USUARIO ) VALUES( 'PyME', 'icastillo@inovaalimentos.com' );
INSERT INTO INFRA.PYMES ( ID_USUARIO, ID_USUARIO_PADRE, CORREO_ELECTRONICO, NOMBRE_COMERCIAL ) VALUES( (SELECT ID_USUARIO FROM INFRA.USUARIOS WHERE CVE_USUARIO = 'icastillo@inovaalimentos.com'), '1', 'icastillo@inovaalimentos.com', 'Avibel.' );
INSERT INTO INFRA.CONTACTOS (ID_USUARIO, TIPO, NOMBRE, APELLIDO_PATERNO, APELLIDO_MATERNO, CORREO_ELECTRONICO, B_PRINCIPAL, TELEFONO) VALUES ( (SELECT ID_USUARIO FROM INFRA.USUARIOS WHERE CVE_USUARIO = 'icastillo@inovaalimentos.com'), 'Ventas', 'Ignacio', 'Castillo', '', 'icastillo@inovaalimentos.com', true, '3787826060');
INSERT INTO INFRA.REL_PYMES_TRACTORAS ( ID_USUARIO_TRACTORA, ID_USUARIO_PYME) VALUES( (SELECT ID_USUARIO FROM INFRA.TRACTORAS WHERE EMPRESA = 'Bimbo'), (SELECT ID_USUARIO FROM INFRA.USUARIOS WHERE CVE_USUARIO = 'icastillo@inovaalimentos.com') );
INSERT INTO INFRA.CLIENTES ( ID_USUARIO, CLIENTE) VALUES( (SELECT ID_USUARIO FROM INFRA.USUARIOS WHERE CVE_USUARIO = 'icastillo@inovaalimentos.com'), 'Bimbo' );

--Productos Fritos S.A. de C.V.
INSERT INTO INFRA.USUARIOS ( CVE_USUARIO, PASSWORD ) VALUES( 'pfritos@hotmail.com', 'ccmx1234' );
INSERT INTO INFRA.REL_ROLES ( CVE_ROL, CVE_USUARIO ) VALUES( 'PyME', 'pfritos@hotmail.com' );
INSERT INTO INFRA.PYMES ( ID_USUARIO, ID_USUARIO_PADRE, CORREO_ELECTRONICO, NOMBRE_COMERCIAL ) VALUES( (SELECT ID_USUARIO FROM INFRA.USUARIOS WHERE CVE_USUARIO = 'pfritos@hotmail.com'), '1', 'pfritos@hotmail.com', 'Productos Fritos S.A. de C.V.' );
INSERT INTO INFRA.CONTACTOS (ID_USUARIO, TIPO, NOMBRE, APELLIDO_PATERNO, APELLIDO_MATERNO, CORREO_ELECTRONICO, B_PRINCIPAL, TELEFONO) VALUES ( (SELECT ID_USUARIO FROM INFRA.USUARIOS WHERE CVE_USUARIO = 'pfritos@hotmail.com'), 'Ventas', 'Donovan', 'Marquez', 'Lemus', 'pfritos@hotmail.com', true, '5555832555');
INSERT INTO INFRA.REL_PYMES_TRACTORAS ( ID_USUARIO_TRACTORA, ID_USUARIO_PYME) VALUES( (SELECT ID_USUARIO FROM INFRA.TRACTORAS WHERE EMPRESA = 'Bimbo'), (SELECT ID_USUARIO FROM INFRA.USUARIOS WHERE CVE_USUARIO = 'pfritos@hotmail.com') );
INSERT INTO INFRA.CLIENTES ( ID_USUARIO, CLIENTE) VALUES( (SELECT ID_USUARIO FROM INFRA.USUARIOS WHERE CVE_USUARIO = 'pfritos@hotmail.com'), 'Bimbo' );

--Andrade Pérez Irene  (Grupo Industrial Manolito).
INSERT INTO INFRA.USUARIOS ( CVE_USUARIO, PASSWORD ) VALUES( 'grinma_sacv@yahoo.com.mx', 'ccmx1234' );
INSERT INTO INFRA.REL_ROLES ( CVE_ROL, CVE_USUARIO ) VALUES( 'PyME', 'grinma_sacv@yahoo.com.mx' );
INSERT INTO INFRA.PYMES ( ID_USUARIO, ID_USUARIO_PADRE, CORREO_ELECTRONICO, NOMBRE_COMERCIAL ) VALUES( (SELECT ID_USUARIO FROM INFRA.USUARIOS WHERE CVE_USUARIO = 'grinma_sacv@yahoo.com.mx'), '1', 'grinma_sacv@yahoo.com.mx', 'Andrade Pérez Irene (Grupo Industrial Manolito).' );
INSERT INTO INFRA.CONTACTOS (ID_USUARIO, TIPO, NOMBRE, APELLIDO_PATERNO, APELLIDO_MATERNO, CORREO_ELECTRONICO, B_PRINCIPAL, TELEFONO) VALUES ( (SELECT ID_USUARIO FROM INFRA.USUARIOS WHERE CVE_USUARIO = 'grinma_sacv@yahoo.com.mx'), 'Ventas', 'Mario Andres', 'Merino', '', 'grinma_sacv@yahoo.com.mx', true, '5556933735');
INSERT INTO INFRA.REL_PYMES_TRACTORAS ( ID_USUARIO_TRACTORA, ID_USUARIO_PYME) VALUES( (SELECT ID_USUARIO FROM INFRA.TRACTORAS WHERE EMPRESA = 'Bimbo'), (SELECT ID_USUARIO FROM INFRA.USUARIOS WHERE CVE_USUARIO = 'grinma_sacv@yahoo.com.mx') );
INSERT INTO INFRA.CLIENTES ( ID_USUARIO, CLIENTE) VALUES( (SELECT ID_USUARIO FROM INFRA.USUARIOS WHERE CVE_USUARIO = 'grinma_sacv@yahoo.com.mx'), 'Bimbo' );

--Planeación y Dirección Constructora, S. A. de C. V.
INSERT INTO INFRA.USUARIOS ( CVE_USUARIO, PASSWORD ) VALUES( 'fernando@planeacionpdc.com.mx', 'ccmx1234' );
INSERT INTO INFRA.REL_ROLES ( CVE_ROL, CVE_USUARIO ) VALUES( 'PyME', 'fernando@planeacionpdc.com.mx' );
INSERT INTO INFRA.PYMES ( ID_USUARIO, ID_USUARIO_PADRE, CORREO_ELECTRONICO, NOMBRE_COMERCIAL ) VALUES( (SELECT ID_USUARIO FROM INFRA.USUARIOS WHERE CVE_USUARIO = 'fernando@planeacionpdc.com.mx'), '1', 'fernando@planeacionpdc.com.mx', 'Planeación y Dirección Constructora, S. A. de C. V.' );
INSERT INTO INFRA.CONTACTOS (ID_USUARIO, TIPO, NOMBRE, APELLIDO_PATERNO, APELLIDO_MATERNO, CORREO_ELECTRONICO, B_PRINCIPAL, TELEFONO) VALUES ( (SELECT ID_USUARIO FROM INFRA.USUARIOS WHERE CVE_USUARIO = 'fernando@planeacionpdc.com.mx'), 'Ventas', 'Fernando', 'Lopez', 'Basave', 'fernando@planeacionpdc.com.mx', true, '53683112');
INSERT INTO INFRA.REL_PYMES_TRACTORAS ( ID_USUARIO_TRACTORA, ID_USUARIO_PYME) VALUES( (SELECT ID_USUARIO FROM INFRA.TRACTORAS WHERE EMPRESA = 'Bimbo'), (SELECT ID_USUARIO FROM INFRA.USUARIOS WHERE CVE_USUARIO = 'fernando@planeacionpdc.com.mx') );
INSERT INTO INFRA.CLIENTES ( ID_USUARIO, CLIENTE) VALUES( (SELECT ID_USUARIO FROM INFRA.USUARIOS WHERE CVE_USUARIO = 'fernando@planeacionpdc.com.mx'), 'Bimbo' );

--Constructores Técnicos y Arquitectos S.A de C.V
INSERT INTO INFRA.USUARIOS ( CVE_USUARIO, PASSWORD ) VALUES( 'ffranco@grupocota.com', 'ccmx1234' );
INSERT INTO INFRA.REL_ROLES ( CVE_ROL, CVE_USUARIO ) VALUES( 'PyME', 'ffranco@grupocota.com' );
INSERT INTO INFRA.PYMES ( ID_USUARIO, ID_USUARIO_PADRE, CORREO_ELECTRONICO, NOMBRE_COMERCIAL ) VALUES( (SELECT ID_USUARIO FROM INFRA.USUARIOS WHERE CVE_USUARIO = 'ffranco@grupocota.com'), '1', 'ffranco@grupocota.com', 'Constructores Técnicos y Arquitectos S.A de C.V' );
INSERT INTO INFRA.CONTACTOS (ID_USUARIO, TIPO, NOMBRE, APELLIDO_PATERNO, APELLIDO_MATERNO, CORREO_ELECTRONICO, B_PRINCIPAL, TELEFONO) VALUES ( (SELECT ID_USUARIO FROM INFRA.USUARIOS WHERE CVE_USUARIO = 'ffranco@grupocota.com'), 'Ventas', 'Fredy', 'Franco', 'Calderon', 'ffranco@grupocota.com', true, '55900650');
INSERT INTO INFRA.REL_PYMES_TRACTORAS ( ID_USUARIO_TRACTORA, ID_USUARIO_PYME) VALUES( (SELECT ID_USUARIO FROM INFRA.TRACTORAS WHERE EMPRESA = 'Bimbo'), (SELECT ID_USUARIO FROM INFRA.USUARIOS WHERE CVE_USUARIO = 'ffranco@grupocota.com') );
INSERT INTO INFRA.CLIENTES ( ID_USUARIO, CLIENTE) VALUES( (SELECT ID_USUARIO FROM INFRA.USUARIOS WHERE CVE_USUARIO = 'ffranco@grupocota.com'), 'Bimbo' );

--Thecnobiol, S.A. de C.V.
INSERT INTO INFRA.USUARIOS ( CVE_USUARIO, PASSWORD ) VALUES( 'fmendez@thecnobiol.com', 'ccmx1234' );
INSERT INTO INFRA.REL_ROLES ( CVE_ROL, CVE_USUARIO ) VALUES( 'PyME', 'fmendez@thecnobiol.com' );
INSERT INTO INFRA.PYMES ( ID_USUARIO, ID_USUARIO_PADRE, CORREO_ELECTRONICO, NOMBRE_COMERCIAL ) VALUES( (SELECT ID_USUARIO FROM INFRA.USUARIOS WHERE CVE_USUARIO = 'fmendez@thecnobiol.com'), '1', 'fmendez@thecnobiol.com', 'Thecnobiol, S.A. de C.V.' );
INSERT INTO INFRA.CONTACTOS (ID_USUARIO, TIPO, NOMBRE, APELLIDO_PATERNO, APELLIDO_MATERNO, CORREO_ELECTRONICO, B_PRINCIPAL, TELEFONO) VALUES ( (SELECT ID_USUARIO FROM INFRA.USUARIOS WHERE CVE_USUARIO = 'fmendez@thecnobiol.com'), 'Ventas', 'Felipe', 'Mendez', 'Hernandez', 'fmendez@thecnobiol.com', true, '53534128');
INSERT INTO INFRA.REL_PYMES_TRACTORAS ( ID_USUARIO_TRACTORA, ID_USUARIO_PYME) VALUES( (SELECT ID_USUARIO FROM INFRA.TRACTORAS WHERE EMPRESA = 'Bimbo'), (SELECT ID_USUARIO FROM INFRA.USUARIOS WHERE CVE_USUARIO = 'fmendez@thecnobiol.com') );
INSERT INTO INFRA.CLIENTES ( ID_USUARIO, CLIENTE) VALUES( (SELECT ID_USUARIO FROM INFRA.USUARIOS WHERE CVE_USUARIO = 'fmendez@thecnobiol.com'), 'Bimbo' );

--Benjamin Ferrer Arista.
INSERT INTO INFRA.USUARIOS ( CVE_USUARIO, PASSWORD ) VALUES( 'transformados_met1@hotmail.com', 'ccmx1234' );
INSERT INTO INFRA.REL_ROLES ( CVE_ROL, CVE_USUARIO ) VALUES( 'PyME', 'transformados_met1@hotmail.com' );
INSERT INTO INFRA.PYMES ( ID_USUARIO, ID_USUARIO_PADRE, CORREO_ELECTRONICO, NOMBRE_COMERCIAL ) VALUES( (SELECT ID_USUARIO FROM INFRA.USUARIOS WHERE CVE_USUARIO = 'transformados_met1@hotmail.com'), '1', 'transformados_met1@hotmail.com', 'Benjamin Ferrer Arista.' );
INSERT INTO INFRA.CONTACTOS (ID_USUARIO, TIPO, NOMBRE, APELLIDO_PATERNO, APELLIDO_MATERNO, CORREO_ELECTRONICO, B_PRINCIPAL, TELEFONO) VALUES ( (SELECT ID_USUARIO FROM INFRA.USUARIOS WHERE CVE_USUARIO = 'transformados_met1@hotmail.com'), 'Ventas', 'Benjamin', 'Ferrer', 'Arista', 'transformados_met1@hotmail.com', true, '26327649');
INSERT INTO INFRA.REL_PYMES_TRACTORAS ( ID_USUARIO_TRACTORA, ID_USUARIO_PYME) VALUES( (SELECT ID_USUARIO FROM INFRA.TRACTORAS WHERE EMPRESA = 'Bimbo'), (SELECT ID_USUARIO FROM INFRA.USUARIOS WHERE CVE_USUARIO = 'transformados_met1@hotmail.com') );
INSERT INTO INFRA.CLIENTES ( ID_USUARIO, CLIENTE) VALUES( (SELECT ID_USUARIO FROM INFRA.USUARIOS WHERE CVE_USUARIO = 'transformados_met1@hotmail.com'), 'Bimbo' );

--Proveedora de Filtros Textiles para la Industria Alimentaria, S.A. de C.V. / Profiltex.
INSERT INTO INFRA.USUARIOS ( CVE_USUARIO, PASSWORD ) VALUES( 'profiltex@prodigy.net.mx', 'ccmx1234' );
INSERT INTO INFRA.REL_ROLES ( CVE_ROL, CVE_USUARIO ) VALUES( 'PyME', 'profiltex@prodigy.net.mx' );
INSERT INTO INFRA.PYMES ( ID_USUARIO, ID_USUARIO_PADRE, CORREO_ELECTRONICO, NOMBRE_COMERCIAL ) VALUES( (SELECT ID_USUARIO FROM INFRA.USUARIOS WHERE CVE_USUARIO = 'profiltex@prodigy.net.mx'), '1', 'profiltex@prodigy.net.mx', 'Proveedora de Filtros Textiles para la Industria Alimentaria, S.A. de C.V. / Profiltex.' );
INSERT INTO INFRA.CONTACTOS (ID_USUARIO, TIPO, NOMBRE, APELLIDO_PATERNO, APELLIDO_MATERNO, CORREO_ELECTRONICO, B_PRINCIPAL, TELEFONO) VALUES ( (SELECT ID_USUARIO FROM INFRA.USUARIOS WHERE CVE_USUARIO = 'profiltex@prodigy.net.mx'), 'Ventas', 'Maria del Carmen', 'Escutia', 'Martinez', 'profiltex@prodigy.net.mx', true, '52407477');
INSERT INTO INFRA.REL_PYMES_TRACTORAS ( ID_USUARIO_TRACTORA, ID_USUARIO_PYME) VALUES( (SELECT ID_USUARIO FROM INFRA.TRACTORAS WHERE EMPRESA = 'Bimbo'), (SELECT ID_USUARIO FROM INFRA.USUARIOS WHERE CVE_USUARIO = 'profiltex@prodigy.net.mx') );
INSERT INTO INFRA.CLIENTES ( ID_USUARIO, CLIENTE) VALUES( (SELECT ID_USUARIO FROM INFRA.USUARIOS WHERE CVE_USUARIO = 'profiltex@prodigy.net.mx'), 'Bimbo' );

--Transportes Monterrey.
INSERT INTO INFRA.USUARIOS ( CVE_USUARIO, PASSWORD ) VALUES( 'mdrosa@transportesmty.com.mx', 'ccmx1234' );
INSERT INTO INFRA.REL_ROLES ( CVE_ROL, CVE_USUARIO ) VALUES( 'PyME', 'mdrosa@transportesmty.com.mx' );
INSERT INTO INFRA.PYMES ( ID_USUARIO, ID_USUARIO_PADRE, CORREO_ELECTRONICO, NOMBRE_COMERCIAL ) VALUES( (SELECT ID_USUARIO FROM INFRA.USUARIOS WHERE CVE_USUARIO = 'mdrosa@transportesmty.com.mx'), '1', 'mdrosa@transportesmty.com.mx', 'Transportes Monterrey.' );
INSERT INTO INFRA.CONTACTOS (ID_USUARIO, TIPO, NOMBRE, APELLIDO_PATERNO, APELLIDO_MATERNO, CORREO_ELECTRONICO, B_PRINCIPAL, TELEFONO) VALUES ( (SELECT ID_USUARIO FROM INFRA.USUARIOS WHERE CVE_USUARIO = 'mdrosa@transportesmty.com.mx'), 'Ventas', 'Mateo', 'de la Rosa', '', 'mdrosa@transportesmty.com.mx', true, '26265400');
INSERT INTO INFRA.REL_PYMES_TRACTORAS ( ID_USUARIO_TRACTORA, ID_USUARIO_PYME) VALUES( (SELECT ID_USUARIO FROM INFRA.TRACTORAS WHERE EMPRESA = 'Bimbo'), (SELECT ID_USUARIO FROM INFRA.USUARIOS WHERE CVE_USUARIO = 'mdrosa@transportesmty.com.mx') );
INSERT INTO INFRA.CLIENTES ( ID_USUARIO, CLIENTE) VALUES( (SELECT ID_USUARIO FROM INFRA.USUARIOS WHERE CVE_USUARIO = 'mdrosa@transportesmty.com.mx'), 'Bimbo' );

--Intralox S. de R.L. de C.V.
INSERT INTO INFRA.USUARIOS ( CVE_USUARIO, PASSWORD ) VALUES( 'sara.alcalde@intralox.com', 'ccmx1234' );
INSERT INTO INFRA.REL_ROLES ( CVE_ROL, CVE_USUARIO ) VALUES( 'PyME', 'sara.alcalde@intralox.com' );
INSERT INTO INFRA.PYMES ( ID_USUARIO, ID_USUARIO_PADRE, CORREO_ELECTRONICO, NOMBRE_COMERCIAL ) VALUES( (SELECT ID_USUARIO FROM INFRA.USUARIOS WHERE CVE_USUARIO = 'sara.alcalde@intralox.com'), '1', 'sara.alcalde@intralox.com', 'Intralox S. de R.L. de C.V.' );
INSERT INTO INFRA.CONTACTOS (ID_USUARIO, TIPO, NOMBRE, APELLIDO_PATERNO, APELLIDO_MATERNO, CORREO_ELECTRONICO, B_PRINCIPAL, TELEFONO) VALUES ( (SELECT ID_USUARIO FROM INFRA.USUARIOS WHERE CVE_USUARIO = 'sara.alcalde@intralox.com'), 'Ventas', 'Sara', 'Alcalde', '', 'sara.alcalde@intralox.com', true, '52645135');
INSERT INTO INFRA.REL_PYMES_TRACTORAS ( ID_USUARIO_TRACTORA, ID_USUARIO_PYME) VALUES( (SELECT ID_USUARIO FROM INFRA.TRACTORAS WHERE EMPRESA = 'Bimbo'), (SELECT ID_USUARIO FROM INFRA.USUARIOS WHERE CVE_USUARIO = 'sara.alcalde@intralox.com') );
INSERT INTO INFRA.CLIENTES ( ID_USUARIO, CLIENTE) VALUES( (SELECT ID_USUARIO FROM INFRA.USUARIOS WHERE CVE_USUARIO = 'sara.alcalde@intralox.com'), 'Bimbo' );

--Rocua Internacional S.A. de C.V.
INSERT INTO INFRA.USUARIOS ( CVE_USUARIO, PASSWORD ) VALUES( 'jrivera@rocua.com.mx', 'ccmx1234' );
INSERT INTO INFRA.REL_ROLES ( CVE_ROL, CVE_USUARIO ) VALUES( 'PyME', 'jrivera@rocua.com.mx' );
INSERT INTO INFRA.PYMES ( ID_USUARIO, ID_USUARIO_PADRE, CORREO_ELECTRONICO, NOMBRE_COMERCIAL ) VALUES( (SELECT ID_USUARIO FROM INFRA.USUARIOS WHERE CVE_USUARIO = 'jrivera@rocua.com.mx'), '1', 'jrivera@rocua.com.mx', 'Rocua Internacional S.A. de C.V.' );
INSERT INTO INFRA.CONTACTOS (ID_USUARIO, TIPO, NOMBRE, APELLIDO_PATERNO, APELLIDO_MATERNO, CORREO_ELECTRONICO, B_PRINCIPAL, TELEFONO) VALUES ( (SELECT ID_USUARIO FROM INFRA.USUARIOS WHERE CVE_USUARIO = 'jrivera@rocua.com.mx'), 'Ventas', 'Jose Luis', 'Rivera', '', 'jrivera@rocua.com.mx', true, '36233386');
INSERT INTO INFRA.REL_PYMES_TRACTORAS ( ID_USUARIO_TRACTORA, ID_USUARIO_PYME) VALUES( (SELECT ID_USUARIO FROM INFRA.TRACTORAS WHERE EMPRESA = 'Bimbo'), (SELECT ID_USUARIO FROM INFRA.USUARIOS WHERE CVE_USUARIO = 'jrivera@rocua.com.mx') );
INSERT INTO INFRA.CLIENTES ( ID_USUARIO, CLIENTE) VALUES( (SELECT ID_USUARIO FROM INFRA.USUARIOS WHERE CVE_USUARIO = 'jrivera@rocua.com.mx'), 'Bimbo' );

--Refrigeración y Accesorios, S.A. de C.V.
INSERT INTO INFRA.USUARIOS ( CVE_USUARIO, PASSWORD ) VALUES( 'joseluis_barron@reacsa.com.mx', 'ccmx1234' );
INSERT INTO INFRA.REL_ROLES ( CVE_ROL, CVE_USUARIO ) VALUES( 'PyME', 'joseluis_barron@reacsa.com.mx' );
INSERT INTO INFRA.PYMES ( ID_USUARIO, ID_USUARIO_PADRE, CORREO_ELECTRONICO, NOMBRE_COMERCIAL ) VALUES( (SELECT ID_USUARIO FROM INFRA.USUARIOS WHERE CVE_USUARIO = 'joseluis_barron@reacsa.com.mx'), '1', 'joseluis_barron@reacsa.com.mx', 'Refrigeración y Accesorios, S.A. de C.V.' );
INSERT INTO INFRA.CONTACTOS (ID_USUARIO, TIPO, NOMBRE, APELLIDO_PATERNO, APELLIDO_MATERNO, CORREO_ELECTRONICO, B_PRINCIPAL, TELEFONO) VALUES ( (SELECT ID_USUARIO FROM INFRA.USUARIOS WHERE CVE_USUARIO = 'joseluis_barron@reacsa.com.mx'), 'Ventas', 'Jose Luis', 'Barron', '', 'joseluis_barron@reacsa.com.mx', true, '31344015');
INSERT INTO INFRA.REL_PYMES_TRACTORAS ( ID_USUARIO_TRACTORA, ID_USUARIO_PYME) VALUES( (SELECT ID_USUARIO FROM INFRA.TRACTORAS WHERE EMPRESA = 'Bimbo'), (SELECT ID_USUARIO FROM INFRA.USUARIOS WHERE CVE_USUARIO = 'joseluis_barron@reacsa.com.mx') );
INSERT INTO INFRA.CLIENTES ( ID_USUARIO, CLIENTE) VALUES( (SELECT ID_USUARIO FROM INFRA.USUARIOS WHERE CVE_USUARIO = 'joseluis_barron@reacsa.com.mx'), 'Bimbo' );

--Ingersoll Rand S.A. de C.V.
INSERT INTO INFRA.USUARIOS ( CVE_USUARIO, PASSWORD ) VALUES( 'carlos_garcia@irco.com', 'ccmx1234' );
INSERT INTO INFRA.REL_ROLES ( CVE_ROL, CVE_USUARIO ) VALUES( 'PyME', 'carlos_garcia@irco.com' );
INSERT INTO INFRA.PYMES ( ID_USUARIO, ID_USUARIO_PADRE, CORREO_ELECTRONICO, NOMBRE_COMERCIAL ) VALUES( (SELECT ID_USUARIO FROM INFRA.USUARIOS WHERE CVE_USUARIO = 'carlos_garcia@irco.com'), '1', 'carlos_garcia@irco.com', 'Ingersoll Rand S.A. de C.V.' );
INSERT INTO INFRA.CONTACTOS (ID_USUARIO, TIPO, NOMBRE, APELLIDO_PATERNO, APELLIDO_MATERNO, CORREO_ELECTRONICO, B_PRINCIPAL, TELEFONO) VALUES ( (SELECT ID_USUARIO FROM INFRA.USUARIOS WHERE CVE_USUARIO = 'carlos_garcia@irco.com'), 'Ventas', 'Carlos Manuel', 'Garcia', '', 'carlos_garcia@irco.com', true, '50056630');
INSERT INTO INFRA.REL_PYMES_TRACTORAS ( ID_USUARIO_TRACTORA, ID_USUARIO_PYME) VALUES( (SELECT ID_USUARIO FROM INFRA.TRACTORAS WHERE EMPRESA = 'Bimbo'), (SELECT ID_USUARIO FROM INFRA.USUARIOS WHERE CVE_USUARIO = 'carlos_garcia@irco.com') );
INSERT INTO INFRA.CLIENTES ( ID_USUARIO, CLIENTE) VALUES( (SELECT ID_USUARIO FROM INFRA.USUARIOS WHERE CVE_USUARIO = 'carlos_garcia@irco.com'), 'Bimbo' );

--Nuevas Industrias Rodamex S.A. de C.V.
INSERT INTO INFRA.USUARIOS ( CVE_USUARIO, PASSWORD ) VALUES( 'hlopez@rodamex.com.mx', 'ccmx1234' );
INSERT INTO INFRA.REL_ROLES ( CVE_ROL, CVE_USUARIO ) VALUES( 'PyME', 'hlopez@rodamex.com.mx' );
INSERT INTO INFRA.PYMES ( ID_USUARIO, ID_USUARIO_PADRE, CORREO_ELECTRONICO, NOMBRE_COMERCIAL ) VALUES( (SELECT ID_USUARIO FROM INFRA.USUARIOS WHERE CVE_USUARIO = 'hlopez@rodamex.com.mx'), '1', 'hlopez@rodamex.com.mx', 'Nuevas Industrias Rodamex S.A. de C.V.' );
INSERT INTO INFRA.CONTACTOS (ID_USUARIO, TIPO, NOMBRE, APELLIDO_PATERNO, APELLIDO_MATERNO, CORREO_ELECTRONICO, B_PRINCIPAL, TELEFONO) VALUES ( (SELECT ID_USUARIO FROM INFRA.USUARIOS WHERE CVE_USUARIO = 'hlopez@rodamex.com.mx'), 'Ventas', 'Horacio', 'Lopez', 'Reyes', 'hlopez@rodamex.com.mx', true, '10551139');
INSERT INTO INFRA.REL_PYMES_TRACTORAS ( ID_USUARIO_TRACTORA, ID_USUARIO_PYME) VALUES( (SELECT ID_USUARIO FROM INFRA.TRACTORAS WHERE EMPRESA = 'Bimbo'), (SELECT ID_USUARIO FROM INFRA.USUARIOS WHERE CVE_USUARIO = 'hlopez@rodamex.com.mx') );
INSERT INTO INFRA.CLIENTES ( ID_USUARIO, CLIENTE) VALUES( (SELECT ID_USUARIO FROM INFRA.USUARIOS WHERE CVE_USUARIO = 'hlopez@rodamex.com.mx'), 'Bimbo' );

--Distribuidora de Tecnologías D-Tech S. de R.L. de C.V.
INSERT INTO INFRA.USUARIOS ( CVE_USUARIO, PASSWORD ) VALUES( 'jmarcosp@d-tech.com.mx', 'ccmx1234' );
INSERT INTO INFRA.REL_ROLES ( CVE_ROL, CVE_USUARIO ) VALUES( 'PyME', 'jmarcosp@d-tech.com.mx' );
INSERT INTO INFRA.PYMES ( ID_USUARIO, ID_USUARIO_PADRE, CORREO_ELECTRONICO, NOMBRE_COMERCIAL ) VALUES( (SELECT ID_USUARIO FROM INFRA.USUARIOS WHERE CVE_USUARIO = 'jmarcosp@d-tech.com.mx'), '1', 'jmarcosp@d-tech.com.mx', 'Distribuidora de Tecnologías D-Tech S. de R.L. de C.V.' );
INSERT INTO INFRA.CONTACTOS (ID_USUARIO, TIPO, NOMBRE, APELLIDO_PATERNO, APELLIDO_MATERNO, CORREO_ELECTRONICO, B_PRINCIPAL, TELEFONO) VALUES ( (SELECT ID_USUARIO FROM INFRA.USUARIOS WHERE CVE_USUARIO = 'jmarcosp@d-tech.com.mx'), 'Ventas', 'Juan Marcos', 'Prado', 'Agee', 'jmarcosp@d-tech.com.mx', true, '12017668');
INSERT INTO INFRA.REL_PYMES_TRACTORAS ( ID_USUARIO_TRACTORA, ID_USUARIO_PYME) VALUES( (SELECT ID_USUARIO FROM INFRA.TRACTORAS WHERE EMPRESA = 'Bimbo'), (SELECT ID_USUARIO FROM INFRA.USUARIOS WHERE CVE_USUARIO = 'jmarcosp@d-tech.com.mx') );
INSERT INTO INFRA.CLIENTES ( ID_USUARIO, CLIENTE) VALUES( (SELECT ID_USUARIO FROM INFRA.USUARIOS WHERE CVE_USUARIO = 'jmarcosp@d-tech.com.mx'), 'Bimbo' );

--Airibuz S.A. de C.V.
INSERT INTO INFRA.USUARIOS ( CVE_USUARIO, PASSWORD ) VALUES( 'ezubiria@airibuzsacv.com', 'ccmx1234' );
INSERT INTO INFRA.REL_ROLES ( CVE_ROL, CVE_USUARIO ) VALUES( 'PyME', 'ezubiria@airibuzsacv.com' );
INSERT INTO INFRA.PYMES ( ID_USUARIO, ID_USUARIO_PADRE, CORREO_ELECTRONICO, NOMBRE_COMERCIAL ) VALUES( (SELECT ID_USUARIO FROM INFRA.USUARIOS WHERE CVE_USUARIO = 'ezubiria@airibuzsacv.com'), '1', 'ezubiria@airibuzsacv.com', 'Airibuz S.A. de C.V.' );
INSERT INTO INFRA.CONTACTOS (ID_USUARIO, TIPO, NOMBRE, APELLIDO_PATERNO, APELLIDO_MATERNO, CORREO_ELECTRONICO, B_PRINCIPAL, TELEFONO) VALUES ( (SELECT ID_USUARIO FROM INFRA.USUARIOS WHERE CVE_USUARIO = 'ezubiria@airibuzsacv.com'), 'Ventas', 'Esperanza', 'Zubiria', 'Alanis', 'ezubiria@airibuzsacv.com', true, '58703680');
INSERT INTO INFRA.REL_PYMES_TRACTORAS ( ID_USUARIO_TRACTORA, ID_USUARIO_PYME) VALUES( (SELECT ID_USUARIO FROM INFRA.TRACTORAS WHERE EMPRESA = 'Bimbo'), (SELECT ID_USUARIO FROM INFRA.USUARIOS WHERE CVE_USUARIO = 'ezubiria@airibuzsacv.com') );
INSERT INTO INFRA.CLIENTES ( ID_USUARIO, CLIENTE) VALUES( (SELECT ID_USUARIO FROM INFRA.USUARIOS WHERE CVE_USUARIO = 'ezubiria@airibuzsacv.com'), 'Bimbo' );

--Controles y Válvulas S.A. de C.V.
INSERT INTO INFRA.USUARIOS ( CVE_USUARIO, PASSWORD ) VALUES( 'carlos.vargas@cyvsa.com.mx', 'ccmx1234' );
INSERT INTO INFRA.REL_ROLES ( CVE_ROL, CVE_USUARIO ) VALUES( 'PyME', 'carlos.vargas@cyvsa.com.mx' );
INSERT INTO INFRA.PYMES ( ID_USUARIO, ID_USUARIO_PADRE, CORREO_ELECTRONICO, NOMBRE_COMERCIAL ) VALUES( (SELECT ID_USUARIO FROM INFRA.USUARIOS WHERE CVE_USUARIO = 'carlos.vargas@cyvsa.com.mx'), '1', 'carlos.vargas@cyvsa.com.mx', 'Controles y Válvulas S.A. de C.V.' );
INSERT INTO INFRA.CONTACTOS (ID_USUARIO, TIPO, NOMBRE, APELLIDO_PATERNO, APELLIDO_MATERNO, CORREO_ELECTRONICO, B_PRINCIPAL, TELEFONO) VALUES ( (SELECT ID_USUARIO FROM INFRA.USUARIOS WHERE CVE_USUARIO = 'carlos.vargas@cyvsa.com.mx'), 'Ventas', 'Carlos', 'Vargas', '', 'carlos.vargas@cyvsa.com.mx', true, '52088630');
INSERT INTO INFRA.REL_PYMES_TRACTORAS ( ID_USUARIO_TRACTORA, ID_USUARIO_PYME) VALUES( (SELECT ID_USUARIO FROM INFRA.TRACTORAS WHERE EMPRESA = 'Bimbo'), (SELECT ID_USUARIO FROM INFRA.USUARIOS WHERE CVE_USUARIO = 'carlos.vargas@cyvsa.com.mx') );
INSERT INTO INFRA.CLIENTES ( ID_USUARIO, CLIENTE) VALUES( (SELECT ID_USUARIO FROM INFRA.USUARIOS WHERE CVE_USUARIO = 'carlos.vargas@cyvsa.com.mx'), 'Bimbo' );

--Equipos y Componentes para Manejo de Solidos S.A. de C.V.
INSERT INTO INFRA.USUARIOS ( CVE_USUARIO, PASSWORD ) VALUES( 'omar.cipres@ecomssa.com.mx', 'ccmx1234' );
INSERT INTO INFRA.REL_ROLES ( CVE_ROL, CVE_USUARIO ) VALUES( 'PyME', 'omar.cipres@ecomssa.com.mx' );
INSERT INTO INFRA.PYMES ( ID_USUARIO, ID_USUARIO_PADRE, CORREO_ELECTRONICO, NOMBRE_COMERCIAL ) VALUES( (SELECT ID_USUARIO FROM INFRA.USUARIOS WHERE CVE_USUARIO = 'omar.cipres@ecomssa.com.mx'), '1', 'omar.cipres@ecomssa.com.mx', 'Equipos y Componentes para Manejo de Solidos S.A. de C.V.' );
INSERT INTO INFRA.CONTACTOS (ID_USUARIO, TIPO, NOMBRE, APELLIDO_PATERNO, APELLIDO_MATERNO, CORREO_ELECTRONICO, B_PRINCIPAL, TELEFONO) VALUES ( (SELECT ID_USUARIO FROM INFRA.USUARIOS WHERE CVE_USUARIO = 'omar.cipres@ecomssa.com.mx'), 'Ventas', 'Omar', 'Cipres', 'Ramon', 'omar.cipres@ecomssa.com.mx', true, '7142448');
INSERT INTO INFRA.REL_PYMES_TRACTORAS ( ID_USUARIO_TRACTORA, ID_USUARIO_PYME) VALUES( (SELECT ID_USUARIO FROM INFRA.TRACTORAS WHERE EMPRESA = 'Bimbo'), (SELECT ID_USUARIO FROM INFRA.USUARIOS WHERE CVE_USUARIO = 'omar.cipres@ecomssa.com.mx') );
INSERT INTO INFRA.CLIENTES ( ID_USUARIO, CLIENTE) VALUES( (SELECT ID_USUARIO FROM INFRA.USUARIOS WHERE CVE_USUARIO = 'omar.cipres@ecomssa.com.mx'), 'Bimbo' );

--Instrumatic, S.A. de C.V.
INSERT INTO INFRA.USUARIOS ( CVE_USUARIO, PASSWORD ) VALUES( 'salvadorfc@instrumatic.com.mx', 'ccmx1234' );
INSERT INTO INFRA.REL_ROLES ( CVE_ROL, CVE_USUARIO ) VALUES( 'PyME', 'salvadorfc@instrumatic.com.mx' );
INSERT INTO INFRA.PYMES ( ID_USUARIO, ID_USUARIO_PADRE, CORREO_ELECTRONICO, NOMBRE_COMERCIAL ) VALUES( (SELECT ID_USUARIO FROM INFRA.USUARIOS WHERE CVE_USUARIO = 'salvadorfc@instrumatic.com.mx'), '1', 'salvadorfc@instrumatic.com.mx', 'Instrumatic, S.A. de C.V.' );
INSERT INTO INFRA.CONTACTOS (ID_USUARIO, TIPO, NOMBRE, APELLIDO_PATERNO, APELLIDO_MATERNO, CORREO_ELECTRONICO, B_PRINCIPAL, TELEFONO) VALUES ( (SELECT ID_USUARIO FROM INFRA.USUARIOS WHERE CVE_USUARIO = 'salvadorfc@instrumatic.com.mx'), 'Ventas', 'Salvador', 'Fernandez', 'Correa', 'salvadorfc@instrumatic.com.mx', true, '55875744');
INSERT INTO INFRA.REL_PYMES_TRACTORAS ( ID_USUARIO_TRACTORA, ID_USUARIO_PYME) VALUES( (SELECT ID_USUARIO FROM INFRA.TRACTORAS WHERE EMPRESA = 'Bimbo'), (SELECT ID_USUARIO FROM INFRA.USUARIOS WHERE CVE_USUARIO = 'salvadorfc@instrumatic.com.mx') );
INSERT INTO INFRA.CLIENTES ( ID_USUARIO, CLIENTE) VALUES( (SELECT ID_USUARIO FROM INFRA.USUARIOS WHERE CVE_USUARIO = 'salvadorfc@instrumatic.com.mx'), 'Bimbo' );

--Itrosa S.A. de C.V.
INSERT INTO INFRA.USUARIOS ( CVE_USUARIO, PASSWORD ) VALUES( 'agomez@cadenasrak.com', 'ccmx1234' );
INSERT INTO INFRA.REL_ROLES ( CVE_ROL, CVE_USUARIO ) VALUES( 'PyME', 'agomez@cadenasrak.com' );
INSERT INTO INFRA.PYMES ( ID_USUARIO, ID_USUARIO_PADRE, CORREO_ELECTRONICO, NOMBRE_COMERCIAL ) VALUES( (SELECT ID_USUARIO FROM INFRA.USUARIOS WHERE CVE_USUARIO = 'agomez@cadenasrak.com'), '1', 'agomez@cadenasrak.com', 'Itrosa S.A. de C.V.' );
INSERT INTO INFRA.CONTACTOS (ID_USUARIO, TIPO, NOMBRE, APELLIDO_PATERNO, APELLIDO_MATERNO, CORREO_ELECTRONICO, B_PRINCIPAL, TELEFONO) VALUES ( (SELECT ID_USUARIO FROM INFRA.USUARIOS WHERE CVE_USUARIO = 'agomez@cadenasrak.com'), 'Ventas', 'Andrea', 'Gomez Arambula', 'Romo', 'agomez@cadenasrak.com', true, '55350605');
INSERT INTO INFRA.REL_PYMES_TRACTORAS ( ID_USUARIO_TRACTORA, ID_USUARIO_PYME) VALUES( (SELECT ID_USUARIO FROM INFRA.TRACTORAS WHERE EMPRESA = 'Bimbo'), (SELECT ID_USUARIO FROM INFRA.USUARIOS WHERE CVE_USUARIO = 'agomez@cadenasrak.com') );
INSERT INTO INFRA.CLIENTES ( ID_USUARIO, CLIENTE) VALUES( (SELECT ID_USUARIO FROM INFRA.USUARIOS WHERE CVE_USUARIO = 'agomez@cadenasrak.com'), 'Bimbo' );

--Quick Connectors, S.A. de C.V.
INSERT INTO INFRA.USUARIOS ( CVE_USUARIO, PASSWORD ) VALUES( 'quickcon@prodigy.net.mx', 'ccmx1234' );
INSERT INTO INFRA.REL_ROLES ( CVE_ROL, CVE_USUARIO ) VALUES( 'PyME', 'quickcon@prodigy.net.mx' );
INSERT INTO INFRA.PYMES ( ID_USUARIO, ID_USUARIO_PADRE, CORREO_ELECTRONICO, NOMBRE_COMERCIAL ) VALUES( (SELECT ID_USUARIO FROM INFRA.USUARIOS WHERE CVE_USUARIO = 'quickcon@prodigy.net.mx'), '1', 'quickcon@prodigy.net.mx', 'Quick Connectors, S.A. de C.V.' );
INSERT INTO INFRA.CONTACTOS (ID_USUARIO, TIPO, NOMBRE, APELLIDO_PATERNO, APELLIDO_MATERNO, CORREO_ELECTRONICO, B_PRINCIPAL, TELEFONO) VALUES ( (SELECT ID_USUARIO FROM INFRA.USUARIOS WHERE CVE_USUARIO = 'quickcon@prodigy.net.mx'), 'Ventas', 'Julio Arturo', 'Diaz', 'Campuzano', 'quickcon@prodigy.net.mx', true, '7222078341');
INSERT INTO INFRA.REL_PYMES_TRACTORAS ( ID_USUARIO_TRACTORA, ID_USUARIO_PYME) VALUES( (SELECT ID_USUARIO FROM INFRA.TRACTORAS WHERE EMPRESA = 'Bimbo'), (SELECT ID_USUARIO FROM INFRA.USUARIOS WHERE CVE_USUARIO = 'quickcon@prodigy.net.mx') );
INSERT INTO INFRA.CLIENTES ( ID_USUARIO, CLIENTE) VALUES( (SELECT ID_USUARIO FROM INFRA.USUARIOS WHERE CVE_USUARIO = 'quickcon@prodigy.net.mx'), 'Bimbo' );

--Seguridad Privada Industrial Aplicada, S.A. de C.V.
INSERT INTO INFRA.USUARIOS ( CVE_USUARIO, PASSWORD ) VALUES( 'masantacruz@sepia.mx', 'ccmx1234' );
INSERT INTO INFRA.REL_ROLES ( CVE_ROL, CVE_USUARIO ) VALUES( 'PyME', 'masantacruz@sepia.mx' );
INSERT INTO INFRA.PYMES ( ID_USUARIO, ID_USUARIO_PADRE, CORREO_ELECTRONICO, NOMBRE_COMERCIAL ) VALUES( (SELECT ID_USUARIO FROM INFRA.USUARIOS WHERE CVE_USUARIO = 'masantacruz@sepia.mx'), '1', 'masantacruz@sepia.mx', 'Seguridad Privada Industrial Aplicada, S.A. de C.V.' );
INSERT INTO INFRA.CONTACTOS (ID_USUARIO, TIPO, NOMBRE, APELLIDO_PATERNO, APELLIDO_MATERNO, CORREO_ELECTRONICO, B_PRINCIPAL, TELEFONO) VALUES ( (SELECT ID_USUARIO FROM INFRA.USUARIOS WHERE CVE_USUARIO = 'masantacruz@sepia.mx'), 'Ventas', 'Marco Antonio', 'Santa Cruz', 'Morales', 'masantacruz@sepia.mx', true, '55367787');
INSERT INTO INFRA.REL_PYMES_TRACTORAS ( ID_USUARIO_TRACTORA, ID_USUARIO_PYME) VALUES( (SELECT ID_USUARIO FROM INFRA.TRACTORAS WHERE EMPRESA = 'Bimbo'), (SELECT ID_USUARIO FROM INFRA.USUARIOS WHERE CVE_USUARIO = 'masantacruz@sepia.mx') );
INSERT INTO INFRA.CLIENTES ( ID_USUARIO, CLIENTE) VALUES( (SELECT ID_USUARIO FROM INFRA.USUARIOS WHERE CVE_USUARIO = 'masantacruz@sepia.mx'), 'Bimbo' );

--Sygma Abastecedora Industrial S.A. de C.V.
INSERT INTO INFRA.USUARIOS ( CVE_USUARIO, PASSWORD ) VALUES( 'jsanchez@sygma.com.mx', 'ccmx1234' );
INSERT INTO INFRA.REL_ROLES ( CVE_ROL, CVE_USUARIO ) VALUES( 'PyME', 'jsanchez@sygma.com.mx' );
INSERT INTO INFRA.PYMES ( ID_USUARIO, ID_USUARIO_PADRE, CORREO_ELECTRONICO, NOMBRE_COMERCIAL ) VALUES( (SELECT ID_USUARIO FROM INFRA.USUARIOS WHERE CVE_USUARIO = 'jsanchez@sygma.com.mx'), '1', 'jsanchez@sygma.com.mx', 'Sygma Abastecedora Industrial S.A. de C.V.' );
INSERT INTO INFRA.CONTACTOS (ID_USUARIO, TIPO, NOMBRE, APELLIDO_PATERNO, APELLIDO_MATERNO, CORREO_ELECTRONICO, B_PRINCIPAL, TELEFONO) VALUES ( (SELECT ID_USUARIO FROM INFRA.USUARIOS WHERE CVE_USUARIO = 'jsanchez@sygma.com.mx'), 'Ventas', 'Jorge', 'Sanchez', 'de la Garza', 'jsanchez@sygma.com.mx', true, '53666800');
INSERT INTO INFRA.REL_PYMES_TRACTORAS ( ID_USUARIO_TRACTORA, ID_USUARIO_PYME) VALUES( (SELECT ID_USUARIO FROM INFRA.TRACTORAS WHERE EMPRESA = 'Bimbo'), (SELECT ID_USUARIO FROM INFRA.USUARIOS WHERE CVE_USUARIO = 'jsanchez@sygma.com.mx') );
INSERT INTO INFRA.CLIENTES ( ID_USUARIO, CLIENTE) VALUES( (SELECT ID_USUARIO FROM INFRA.USUARIOS WHERE CVE_USUARIO = 'jsanchez@sygma.com.mx'), 'Bimbo' );

--Servicios Integrales de Mantenimiento y Desazolve S.A. de C.V.
INSERT INTO INFRA.USUARIOS ( CVE_USUARIO, PASSWORD ) VALUES( 'simade2003@hotmail.com', 'ccmx1234' );
INSERT INTO INFRA.REL_ROLES ( CVE_ROL, CVE_USUARIO ) VALUES( 'PyME', 'simade2003@hotmail.com' );
INSERT INTO INFRA.PYMES ( ID_USUARIO, ID_USUARIO_PADRE, CORREO_ELECTRONICO, NOMBRE_COMERCIAL ) VALUES( (SELECT ID_USUARIO FROM INFRA.USUARIOS WHERE CVE_USUARIO = 'simade2003@hotmail.com'), '1', 'simade2003@hotmail.com', 'Servicios Integrales de Mantenimiento y Desazolve S.A. de C.V.' );
INSERT INTO INFRA.CONTACTOS (ID_USUARIO, TIPO, NOMBRE, APELLIDO_PATERNO, APELLIDO_MATERNO, CORREO_ELECTRONICO, B_PRINCIPAL, TELEFONO) VALUES ( (SELECT ID_USUARIO FROM INFRA.USUARIOS WHERE CVE_USUARIO = 'simade2003@hotmail.com'), 'Ventas', 'Antonio', 'Barajas', '', 'simade2003@hotmail.com', true, '53532270');
INSERT INTO INFRA.REL_PYMES_TRACTORAS ( ID_USUARIO_TRACTORA, ID_USUARIO_PYME) VALUES( (SELECT ID_USUARIO FROM INFRA.TRACTORAS WHERE EMPRESA = 'Bimbo'), (SELECT ID_USUARIO FROM INFRA.USUARIOS WHERE CVE_USUARIO = 'simade2003@hotmail.com') );
INSERT INTO INFRA.CLIENTES ( ID_USUARIO, CLIENTE) VALUES( (SELECT ID_USUARIO FROM INFRA.USUARIOS WHERE CVE_USUARIO = 'simade2003@hotmail.com'), 'Bimbo' );

--Tratamiento Interamericano de Agua.
INSERT INTO INFRA.USUARIOS ( CVE_USUARIO, PASSWORD ) VALUES( 'proyecto@tratamientointegral.com.mx', 'ccmx1234' );
INSERT INTO INFRA.REL_ROLES ( CVE_ROL, CVE_USUARIO ) VALUES( 'PyME', 'proyecto@tratamientointegral.com.mx' );
INSERT INTO INFRA.PYMES ( ID_USUARIO, ID_USUARIO_PADRE, CORREO_ELECTRONICO, NOMBRE_COMERCIAL ) VALUES( (SELECT ID_USUARIO FROM INFRA.USUARIOS WHERE CVE_USUARIO = 'proyecto@tratamientointegral.com.mx'), '1', 'proyecto@tratamientointegral.com.mx', 'Tratamiento Interamericano de Agua.' );
INSERT INTO INFRA.CONTACTOS (ID_USUARIO, TIPO, NOMBRE, APELLIDO_PATERNO, APELLIDO_MATERNO, CORREO_ELECTRONICO, B_PRINCIPAL, TELEFONO) VALUES ( (SELECT ID_USUARIO FROM INFRA.USUARIOS WHERE CVE_USUARIO = 'proyecto@tratamientointegral.com.mx'), 'Ventas', 'Luis Manuel', 'Garcia', 'Bucio', 'proyecto@tratamientointegral.com.mx', true, '55275710');
INSERT INTO INFRA.REL_PYMES_TRACTORAS ( ID_USUARIO_TRACTORA, ID_USUARIO_PYME) VALUES( (SELECT ID_USUARIO FROM INFRA.TRACTORAS WHERE EMPRESA = 'Bimbo'), (SELECT ID_USUARIO FROM INFRA.USUARIOS WHERE CVE_USUARIO = 'proyecto@tratamientointegral.com.mx') );
INSERT INTO INFRA.CLIENTES ( ID_USUARIO, CLIENTE) VALUES( (SELECT ID_USUARIO FROM INFRA.USUARIOS WHERE CVE_USUARIO = 'proyecto@tratamientointegral.com.mx'), 'Bimbo' );

--JL Extintores S.A. de C.V.
INSERT INTO INFRA.USUARIOS ( CVE_USUARIO, PASSWORD ) VALUES( 'jlextintores@prodigy.net.mx', 'ccmx1234' );
INSERT INTO INFRA.REL_ROLES ( CVE_ROL, CVE_USUARIO ) VALUES( 'PyME', 'jlextintores@prodigy.net.mx' );
INSERT INTO INFRA.PYMES ( ID_USUARIO, ID_USUARIO_PADRE, CORREO_ELECTRONICO, NOMBRE_COMERCIAL ) VALUES( (SELECT ID_USUARIO FROM INFRA.USUARIOS WHERE CVE_USUARIO = 'jlextintores@prodigy.net.mx'), '1', 'jlextintores@prodigy.net.mx', 'JL Extintores S.A. de C.V.' );
INSERT INTO INFRA.CONTACTOS (ID_USUARIO, TIPO, NOMBRE, APELLIDO_PATERNO, APELLIDO_MATERNO, CORREO_ELECTRONICO, B_PRINCIPAL, TELEFONO) VALUES ( (SELECT ID_USUARIO FROM INFRA.USUARIOS WHERE CVE_USUARIO = 'jlextintores@prodigy.net.mx'), 'Ventas', 'Lazaro', 'Monter', '', 'jlextintores@prodigy.net.mx', true, '51205724');
INSERT INTO INFRA.REL_PYMES_TRACTORAS ( ID_USUARIO_TRACTORA, ID_USUARIO_PYME) VALUES( (SELECT ID_USUARIO FROM INFRA.TRACTORAS WHERE EMPRESA = 'Bimbo'), (SELECT ID_USUARIO FROM INFRA.USUARIOS WHERE CVE_USUARIO = 'jlextintores@prodigy.net.mx') );
INSERT INTO INFRA.CLIENTES ( ID_USUARIO, CLIENTE) VALUES( (SELECT ID_USUARIO FROM INFRA.USUARIOS WHERE CVE_USUARIO = 'jlextintores@prodigy.net.mx'), 'Bimbo' );

--Miriam Magdalena Silva Calderón.
INSERT INTO INFRA.USUARIOS ( CVE_USUARIO, PASSWORD ) VALUES( 'drivingcars2011@gmail.com', 'ccmx1234' );
INSERT INTO INFRA.REL_ROLES ( CVE_ROL, CVE_USUARIO ) VALUES( 'PyME', 'drivingcars2011@gmail.com' );
INSERT INTO INFRA.PYMES ( ID_USUARIO, ID_USUARIO_PADRE, CORREO_ELECTRONICO, NOMBRE_COMERCIAL ) VALUES( (SELECT ID_USUARIO FROM INFRA.USUARIOS WHERE CVE_USUARIO = 'drivingcars2011@gmail.com'), '1', 'drivingcars2011@gmail.com', 'Miriam Magdalena Silva Calderón.' );
INSERT INTO INFRA.CONTACTOS (ID_USUARIO, TIPO, NOMBRE, APELLIDO_PATERNO, APELLIDO_MATERNO, CORREO_ELECTRONICO, B_PRINCIPAL, TELEFONO) VALUES ( (SELECT ID_USUARIO FROM INFRA.USUARIOS WHERE CVE_USUARIO = 'drivingcars2011@gmail.com'), 'Ventas', 'Roberto', 'Espinosa', 'Cortes', 'drivingcars2011@gmail.com', true, '47416556');
INSERT INTO INFRA.REL_PYMES_TRACTORAS ( ID_USUARIO_TRACTORA, ID_USUARIO_PYME) VALUES( (SELECT ID_USUARIO FROM INFRA.TRACTORAS WHERE EMPRESA = 'Bimbo'), (SELECT ID_USUARIO FROM INFRA.USUARIOS WHERE CVE_USUARIO = 'drivingcars2011@gmail.com') );
INSERT INTO INFRA.CLIENTES ( ID_USUARIO, CLIENTE) VALUES( (SELECT ID_USUARIO FROM INFRA.USUARIOS WHERE CVE_USUARIO = 'drivingcars2011@gmail.com'), 'Bimbo' );

--Representaciones Nobol, S.A. de C.V.
INSERT INTO INFRA.USUARIOS ( CVE_USUARIO, PASSWORD ) VALUES( 'repnobol@hotmail.com', 'ccmx1234' );
INSERT INTO INFRA.REL_ROLES ( CVE_ROL, CVE_USUARIO ) VALUES( 'PyME', 'repnobol@hotmail.com' );
INSERT INTO INFRA.PYMES ( ID_USUARIO, ID_USUARIO_PADRE, CORREO_ELECTRONICO, NOMBRE_COMERCIAL ) VALUES( (SELECT ID_USUARIO FROM INFRA.USUARIOS WHERE CVE_USUARIO = 'repnobol@hotmail.com'), '1', 'repnobol@hotmail.com', 'Representaciones Nobol, S.A. de C.V.' );
INSERT INTO INFRA.CONTACTOS (ID_USUARIO, TIPO, NOMBRE, APELLIDO_PATERNO, APELLIDO_MATERNO, CORREO_ELECTRONICO, B_PRINCIPAL, TELEFONO) VALUES ( (SELECT ID_USUARIO FROM INFRA.USUARIOS WHERE CVE_USUARIO = 'repnobol@hotmail.com'), 'Ventas', 'Carlos', 'Noriega', 'Lavalle', 'repnobol@hotmail.com', true, '56665040');
INSERT INTO INFRA.REL_PYMES_TRACTORAS ( ID_USUARIO_TRACTORA, ID_USUARIO_PYME) VALUES( (SELECT ID_USUARIO FROM INFRA.TRACTORAS WHERE EMPRESA = 'Bimbo'), (SELECT ID_USUARIO FROM INFRA.USUARIOS WHERE CVE_USUARIO = 'repnobol@hotmail.com') );
INSERT INTO INFRA.CLIENTES ( ID_USUARIO, CLIENTE) VALUES( (SELECT ID_USUARIO FROM INFRA.USUARIOS WHERE CVE_USUARIO = 'repnobol@hotmail.com'), 'Bimbo' );

--Peerlespack, S.A. de C.V.
INSERT INTO INFRA.USUARIOS ( CVE_USUARIO, PASSWORD ) VALUES( 'amilcar@packaging.com.mx', 'ccmx1234' );
INSERT INTO INFRA.REL_ROLES ( CVE_ROL, CVE_USUARIO ) VALUES( 'PyME', 'amilcar@packaging.com.mx' );
INSERT INTO INFRA.PYMES ( ID_USUARIO, ID_USUARIO_PADRE, CORREO_ELECTRONICO, NOMBRE_COMERCIAL ) VALUES( (SELECT ID_USUARIO FROM INFRA.USUARIOS WHERE CVE_USUARIO = 'amilcar@packaging.com.mx'), '1', 'amilcar@packaging.com.mx', 'Peerlespack, S.A. de C.V.' );
INSERT INTO INFRA.CONTACTOS (ID_USUARIO, TIPO, NOMBRE, APELLIDO_PATERNO, APELLIDO_MATERNO, CORREO_ELECTRONICO, B_PRINCIPAL, TELEFONO) VALUES ( (SELECT ID_USUARIO FROM INFRA.USUARIOS WHERE CVE_USUARIO = 'amilcar@packaging.com.mx'), 'Ventas', 'Amilcar', 'Caballero', 'Lopez', 'amilcar@packaging.com.mx', true, '58252408');
INSERT INTO INFRA.REL_PYMES_TRACTORAS ( ID_USUARIO_TRACTORA, ID_USUARIO_PYME) VALUES( (SELECT ID_USUARIO FROM INFRA.TRACTORAS WHERE EMPRESA = 'Bimbo'), (SELECT ID_USUARIO FROM INFRA.USUARIOS WHERE CVE_USUARIO = 'amilcar@packaging.com.mx') );
INSERT INTO INFRA.CLIENTES ( ID_USUARIO, CLIENTE) VALUES( (SELECT ID_USUARIO FROM INFRA.USUARIOS WHERE CVE_USUARIO = 'amilcar@packaging.com.mx'), 'Bimbo' );

--Biocontrol de Plagas Urbanas Ecológica, S.A. de C.V.
INSERT INTO INFRA.USUARIOS ( CVE_USUARIO, PASSWORD ) VALUES( 'jesus_gallo2002@yahoo.com', 'ccmx1234' );
INSERT INTO INFRA.REL_ROLES ( CVE_ROL, CVE_USUARIO ) VALUES( 'PyME', 'jesus_gallo2002@yahoo.com' );
INSERT INTO INFRA.PYMES ( ID_USUARIO, ID_USUARIO_PADRE, CORREO_ELECTRONICO, NOMBRE_COMERCIAL ) VALUES( (SELECT ID_USUARIO FROM INFRA.USUARIOS WHERE CVE_USUARIO = 'jesus_gallo2002@yahoo.com'), '1', 'jesus_gallo2002@yahoo.com', 'Biocontrol de Plagas Urbanas Ecológica, S.A. de C.V.' );
INSERT INTO INFRA.CONTACTOS (ID_USUARIO, TIPO, NOMBRE, APELLIDO_PATERNO, APELLIDO_MATERNO, CORREO_ELECTRONICO, B_PRINCIPAL, TELEFONO) VALUES ( (SELECT ID_USUARIO FROM INFRA.USUARIOS WHERE CVE_USUARIO = 'jesus_gallo2002@yahoo.com'), 'Ventas', 'Jesus', 'Gallo', 'Gonzalez', 'jesus_gallo2002@yahoo.com', true, '56300589');
INSERT INTO INFRA.REL_PYMES_TRACTORAS ( ID_USUARIO_TRACTORA, ID_USUARIO_PYME) VALUES( (SELECT ID_USUARIO FROM INFRA.TRACTORAS WHERE EMPRESA = 'Bimbo'), (SELECT ID_USUARIO FROM INFRA.USUARIOS WHERE CVE_USUARIO = 'jesus_gallo2002@yahoo.com') );
INSERT INTO INFRA.CLIENTES ( ID_USUARIO, CLIENTE) VALUES( (SELECT ID_USUARIO FROM INFRA.USUARIOS WHERE CVE_USUARIO = 'jesus_gallo2002@yahoo.com'), 'Bimbo' );

--Abastecedora Industrial DEIL, S. de R.L. de C.V.
INSERT INTO INFRA.USUARIOS ( CVE_USUARIO, PASSWORD ) VALUES( 'campospenrique@gmail.com', 'ccmx1234' );
INSERT INTO INFRA.REL_ROLES ( CVE_ROL, CVE_USUARIO ) VALUES( 'PyME', 'campospenrique@gmail.com' );
INSERT INTO INFRA.PYMES ( ID_USUARIO, ID_USUARIO_PADRE, CORREO_ELECTRONICO, NOMBRE_COMERCIAL ) VALUES( (SELECT ID_USUARIO FROM INFRA.USUARIOS WHERE CVE_USUARIO = 'campospenrique@gmail.com'), '1', 'campospenrique@gmail.com', 'Abastecedora Industrial DEIL, S. de R.L. de C.V.' );
INSERT INTO INFRA.CONTACTOS (ID_USUARIO, TIPO, NOMBRE, APELLIDO_PATERNO, APELLIDO_MATERNO, CORREO_ELECTRONICO, B_PRINCIPAL, TELEFONO) VALUES ( (SELECT ID_USUARIO FROM INFRA.USUARIOS WHERE CVE_USUARIO = 'campospenrique@gmail.com'), 'Ventas', 'Enrique Alberto', 'Campos', 'Padilla', 'campospenrique@gmail.com', true, '24573062');
INSERT INTO INFRA.REL_PYMES_TRACTORAS ( ID_USUARIO_TRACTORA, ID_USUARIO_PYME) VALUES( (SELECT ID_USUARIO FROM INFRA.TRACTORAS WHERE EMPRESA = 'Bimbo'), (SELECT ID_USUARIO FROM INFRA.USUARIOS WHERE CVE_USUARIO = 'campospenrique@gmail.com') );
INSERT INTO INFRA.CLIENTES ( ID_USUARIO, CLIENTE) VALUES( (SELECT ID_USUARIO FROM INFRA.USUARIOS WHERE CVE_USUARIO = 'campospenrique@gmail.com'), 'Bimbo' );

--Sunscopemx Net, S.A. de C.V.
INSERT INTO INFRA.USUARIOS ( CVE_USUARIO, PASSWORD ) VALUES( 'ana@sunscopemx.com', 'ccmx1234' );
INSERT INTO INFRA.REL_ROLES ( CVE_ROL, CVE_USUARIO ) VALUES( 'PyME', 'ana@sunscopemx.com' );
INSERT INTO INFRA.PYMES ( ID_USUARIO, ID_USUARIO_PADRE, CORREO_ELECTRONICO, NOMBRE_COMERCIAL ) VALUES( (SELECT ID_USUARIO FROM INFRA.USUARIOS WHERE CVE_USUARIO = 'ana@sunscopemx.com'), '1', 'ana@sunscopemx.com', 'Sunscopemx Net, S.A. de C.V.' );
INSERT INTO INFRA.CONTACTOS (ID_USUARIO, TIPO, NOMBRE, APELLIDO_PATERNO, APELLIDO_MATERNO, CORREO_ELECTRONICO, B_PRINCIPAL, TELEFONO) VALUES ( (SELECT ID_USUARIO FROM INFRA.USUARIOS WHERE CVE_USUARIO = 'ana@sunscopemx.com'), 'Ventas', 'Gustavo', 'Castillo', 'Chavez', 'ana@sunscopemx.com', true, '52629800');
INSERT INTO INFRA.REL_PYMES_TRACTORAS ( ID_USUARIO_TRACTORA, ID_USUARIO_PYME) VALUES( (SELECT ID_USUARIO FROM INFRA.TRACTORAS WHERE EMPRESA = 'Bimbo'), (SELECT ID_USUARIO FROM INFRA.USUARIOS WHERE CVE_USUARIO = 'ana@sunscopemx.com') );
INSERT INTO INFRA.CLIENTES ( ID_USUARIO, CLIENTE) VALUES( (SELECT ID_USUARIO FROM INFRA.USUARIOS WHERE CVE_USUARIO = 'ana@sunscopemx.com'), 'Bimbo' );

--Industrias Alimenticias Sam, S.A. de C.V.
INSERT INTO INFRA.USUARIOS ( CVE_USUARIO, PASSWORD ) VALUES( 'arturo@samper.com.mx', 'ccmx1234' );
INSERT INTO INFRA.REL_ROLES ( CVE_ROL, CVE_USUARIO ) VALUES( 'PyME', 'arturo@samper.com.mx' );
INSERT INTO INFRA.PYMES ( ID_USUARIO, ID_USUARIO_PADRE, CORREO_ELECTRONICO, NOMBRE_COMERCIAL ) VALUES( (SELECT ID_USUARIO FROM INFRA.USUARIOS WHERE CVE_USUARIO = 'arturo@samper.com.mx'), '1', 'arturo@samper.com.mx', 'Industrias Alimenticias Sam, S.A. de C.V.' );
INSERT INTO INFRA.CONTACTOS (ID_USUARIO, TIPO, NOMBRE, APELLIDO_PATERNO, APELLIDO_MATERNO, CORREO_ELECTRONICO, B_PRINCIPAL, TELEFONO) VALUES ( (SELECT ID_USUARIO FROM INFRA.USUARIOS WHERE CVE_USUARIO = 'arturo@samper.com.mx'), 'Ventas', 'Arturo', 'Samperio', 'Gonzalez', 'arturo@samper.com.mx', true, '55459202');
INSERT INTO INFRA.REL_PYMES_TRACTORAS ( ID_USUARIO_TRACTORA, ID_USUARIO_PYME) VALUES( (SELECT ID_USUARIO FROM INFRA.TRACTORAS WHERE EMPRESA = 'Bimbo'), (SELECT ID_USUARIO FROM INFRA.USUARIOS WHERE CVE_USUARIO = 'arturo@samper.com.mx') );
INSERT INTO INFRA.CLIENTES ( ID_USUARIO, CLIENTE) VALUES( (SELECT ID_USUARIO FROM INFRA.USUARIOS WHERE CVE_USUARIO = 'arturo@samper.com.mx'), 'Bimbo' );

--Comercializadora Kram, S.A. de C.V.
INSERT INTO INFRA.USUARIOS ( CVE_USUARIO, PASSWORD ) VALUES( 'ask@comerkram.com.mx', 'ccmx1234' );
INSERT INTO INFRA.REL_ROLES ( CVE_ROL, CVE_USUARIO ) VALUES( 'PyME', 'ask@comerkram.com.mx' );
INSERT INTO INFRA.PYMES ( ID_USUARIO, ID_USUARIO_PADRE, CORREO_ELECTRONICO, NOMBRE_COMERCIAL ) VALUES( (SELECT ID_USUARIO FROM INFRA.USUARIOS WHERE CVE_USUARIO = 'ask@comerkram.com.mx'), '1', 'ask@comerkram.com.mx', 'Comercializadora Kram, S.A. de C.V.' );
INSERT INTO INFRA.CONTACTOS (ID_USUARIO, TIPO, NOMBRE, APELLIDO_PATERNO, APELLIDO_MATERNO, CORREO_ELECTRONICO, B_PRINCIPAL, TELEFONO) VALUES ( (SELECT ID_USUARIO FROM INFRA.USUARIOS WHERE CVE_USUARIO = 'ask@comerkram.com.mx'), 'Ventas', 'Andres', 'Sevilla', 'Kram', 'ask@comerkram.com.mx', true, '55154900');
INSERT INTO INFRA.REL_PYMES_TRACTORAS ( ID_USUARIO_TRACTORA, ID_USUARIO_PYME) VALUES( (SELECT ID_USUARIO FROM INFRA.TRACTORAS WHERE EMPRESA = 'Bimbo'), (SELECT ID_USUARIO FROM INFRA.USUARIOS WHERE CVE_USUARIO = 'ask@comerkram.com.mx') );
INSERT INTO INFRA.CLIENTES ( ID_USUARIO, CLIENTE) VALUES( (SELECT ID_USUARIO FROM INFRA.USUARIOS WHERE CVE_USUARIO = 'ask@comerkram.com.mx'), 'Bimbo' );

--Chocolate y Creación, S.A. de C.V.
INSERT INTO INFRA.USUARIOS ( CVE_USUARIO, PASSWORD ) VALUES( 'cohen@dukrons.com.mx', 'ccmx1234' );
INSERT INTO INFRA.REL_ROLES ( CVE_ROL, CVE_USUARIO ) VALUES( 'PyME', 'cohen@dukrons.com.mx' );
INSERT INTO INFRA.PYMES ( ID_USUARIO, ID_USUARIO_PADRE, CORREO_ELECTRONICO, NOMBRE_COMERCIAL ) VALUES( (SELECT ID_USUARIO FROM INFRA.USUARIOS WHERE CVE_USUARIO = 'cohen@dukrons.com.mx'), '1', 'cohen@dukrons.com.mx', 'Chocolate y Creación, S.A. de C.V.' );
INSERT INTO INFRA.CONTACTOS (ID_USUARIO, TIPO, NOMBRE, APELLIDO_PATERNO, APELLIDO_MATERNO, CORREO_ELECTRONICO, B_PRINCIPAL, TELEFONO) VALUES ( (SELECT ID_USUARIO FROM INFRA.USUARIOS WHERE CVE_USUARIO = 'cohen@dukrons.com.mx'), 'Ventas', 'Isidoro', 'Cohen', 'Asse', 'cohen@dukrons.com.mx', true, '10546520');
INSERT INTO INFRA.REL_PYMES_TRACTORAS ( ID_USUARIO_TRACTORA, ID_USUARIO_PYME) VALUES( (SELECT ID_USUARIO FROM INFRA.TRACTORAS WHERE EMPRESA = 'Bimbo'), (SELECT ID_USUARIO FROM INFRA.USUARIOS WHERE CVE_USUARIO = 'cohen@dukrons.com.mx') );
INSERT INTO INFRA.CLIENTES ( ID_USUARIO, CLIENTE) VALUES( (SELECT ID_USUARIO FROM INFRA.USUARIOS WHERE CVE_USUARIO = 'cohen@dukrons.com.mx'), 'Bimbo' );

--Reconverpack, S.A. de C.V.
INSERT INTO INFRA.USUARIOS ( CVE_USUARIO, PASSWORD ) VALUES( 'dsandoval@reconverpack.com.mx', 'ccmx1234' );
INSERT INTO INFRA.REL_ROLES ( CVE_ROL, CVE_USUARIO ) VALUES( 'PyME', 'dsandoval@reconverpack.com.mx' );
INSERT INTO INFRA.PYMES ( ID_USUARIO, ID_USUARIO_PADRE, CORREO_ELECTRONICO, NOMBRE_COMERCIAL ) VALUES( (SELECT ID_USUARIO FROM INFRA.USUARIOS WHERE CVE_USUARIO = 'dsandoval@reconverpack.com.mx'), '1', 'dsandoval@reconverpack.com.mx', 'Reconverpack, S.A. de C.V.' );
INSERT INTO INFRA.CONTACTOS (ID_USUARIO, TIPO, NOMBRE, APELLIDO_PATERNO, APELLIDO_MATERNO, CORREO_ELECTRONICO, B_PRINCIPAL, TELEFONO) VALUES ( (SELECT ID_USUARIO FROM INFRA.USUARIOS WHERE CVE_USUARIO = 'dsandoval@reconverpack.com.mx'), 'Ventas', 'Ricardo', 'Moreira', 'Moreno', 'dsandoval@reconverpack.com.mx', true, '55831530');
INSERT INTO INFRA.REL_PYMES_TRACTORAS ( ID_USUARIO_TRACTORA, ID_USUARIO_PYME) VALUES( (SELECT ID_USUARIO FROM INFRA.TRACTORAS WHERE EMPRESA = 'Bimbo'), (SELECT ID_USUARIO FROM INFRA.USUARIOS WHERE CVE_USUARIO = 'dsandoval@reconverpack.com.mx') );
INSERT INTO INFRA.CLIENTES ( ID_USUARIO, CLIENTE) VALUES( (SELECT ID_USUARIO FROM INFRA.USUARIOS WHERE CVE_USUARIO = 'dsandoval@reconverpack.com.mx'), 'Bimbo' );

--Delicatessen Castillo, S.A. de C.V.
INSERT INTO INFRA.USUARIOS ( CVE_USUARIO, PASSWORD ) VALUES( 'delicatessen_castillo@prodigy.net.mx', 'ccmx1234' );
INSERT INTO INFRA.REL_ROLES ( CVE_ROL, CVE_USUARIO ) VALUES( 'PyME', 'delicatessen_castillo@prodigy.net.mx' );
INSERT INTO INFRA.PYMES ( ID_USUARIO, ID_USUARIO_PADRE, CORREO_ELECTRONICO, NOMBRE_COMERCIAL ) VALUES( (SELECT ID_USUARIO FROM INFRA.USUARIOS WHERE CVE_USUARIO = 'delicatessen_castillo@prodigy.net.mx'), '1', 'delicatessen_castillo@prodigy.net.mx', 'Delicatessen Castillo, S.A. de C.V.' );
INSERT INTO INFRA.CONTACTOS (ID_USUARIO, TIPO, NOMBRE, APELLIDO_PATERNO, APELLIDO_MATERNO, CORREO_ELECTRONICO, B_PRINCIPAL, TELEFONO) VALUES ( (SELECT ID_USUARIO FROM INFRA.USUARIOS WHERE CVE_USUARIO = 'delicatessen_castillo@prodigy.net.mx'), 'Ventas', 'Maria Guadalupe', 'Castillo', 'Cardenas', 'delicatessen_castillo@prodigy.net.mx', true, '57642829');
INSERT INTO INFRA.REL_PYMES_TRACTORAS ( ID_USUARIO_TRACTORA, ID_USUARIO_PYME) VALUES( (SELECT ID_USUARIO FROM INFRA.TRACTORAS WHERE EMPRESA = 'Bimbo'), (SELECT ID_USUARIO FROM INFRA.USUARIOS WHERE CVE_USUARIO = 'delicatessen_castillo@prodigy.net.mx') );
INSERT INTO INFRA.CLIENTES ( ID_USUARIO, CLIENTE) VALUES( (SELECT ID_USUARIO FROM INFRA.USUARIOS WHERE CVE_USUARIO = 'delicatessen_castillo@prodigy.net.mx'), 'Bimbo' );

--Juan Pérez
INSERT INTO INFRA.USUARIOS ( CVE_USUARIO, PASSWORD ) VALUES( 'juanp0800@gmail.com', 'ccmx1234' );
INSERT INTO INFRA.REL_ROLES ( CVE_ROL, CVE_USUARIO ) VALUES( 'PyME', 'juanp0800@gmail.com' );
INSERT INTO INFRA.PYMES ( ID_USUARIO, ID_USUARIO_PADRE, CORREO_ELECTRONICO, NOMBRE_COMERCIAL ) VALUES( (SELECT ID_USUARIO FROM INFRA.USUARIOS WHERE CVE_USUARIO = 'juanp0800@gmail.com'), '1', 'juanp0800@gmail.com', 'Juan Perez' );
INSERT INTO INFRA.CONTACTOS (ID_USUARIO, TIPO, NOMBRE, APELLIDO_PATERNO, APELLIDO_MATERNO, CORREO_ELECTRONICO, B_PRINCIPAL, TELEFONO) VALUES ( (SELECT ID_USUARIO FROM INFRA.USUARIOS WHERE CVE_USUARIO = 'juanp0800@gmail.com'), 'Ventas', 'Juan', 'Perez', '', 'juanp0800@gmail.com', true, '57745089');
INSERT INTO INFRA.REL_PYMES_TRACTORAS ( ID_USUARIO_TRACTORA, ID_USUARIO_PYME) VALUES( (SELECT ID_USUARIO FROM INFRA.TRACTORAS WHERE EMPRESA = 'Bimbo'), (SELECT ID_USUARIO FROM INFRA.USUARIOS WHERE CVE_USUARIO = 'juanp0800@gmail.com') );
INSERT INTO INFRA.CLIENTES ( ID_USUARIO, CLIENTE) VALUES( (SELECT ID_USUARIO FROM INFRA.USUARIOS WHERE CVE_USUARIO = 'juanp0800@gmail.com'), 'Bimbo' );

--Distribuidora de Semillas y Productos del Campo la Herradura, S.A. de C.V.
INSERT INTO INFRA.USUARIOS ( CVE_USUARIO, PASSWORD ) VALUES( 'ventas@dspclaherradura.com.mx', 'ccmx1234' );
INSERT INTO INFRA.REL_ROLES ( CVE_ROL, CVE_USUARIO ) VALUES( 'PyME', 'ventas@dspclaherradura.com.mx' );
INSERT INTO INFRA.PYMES ( ID_USUARIO, ID_USUARIO_PADRE, CORREO_ELECTRONICO, NOMBRE_COMERCIAL ) VALUES( (SELECT ID_USUARIO FROM INFRA.USUARIOS WHERE CVE_USUARIO = 'ventas@dspclaherradura.com.mx'), '1', 'ventas@dspclaherradura.com.mx', 'Distribuidora de Semillas y Productos del Campo la Herradura, S.A. de C.V.' );
INSERT INTO INFRA.CONTACTOS (ID_USUARIO, TIPO, NOMBRE, APELLIDO_PATERNO, APELLIDO_MATERNO, CORREO_ELECTRONICO, B_PRINCIPAL, TELEFONO) VALUES ( (SELECT ID_USUARIO FROM INFRA.USUARIOS WHERE CVE_USUARIO = 'ventas@dspclaherradura.com.mx'), 'Ventas', 'Omar', 'Villeda', 'Herrera', 'ventas@dspclaherradura.com.mx', true, '58360570');
INSERT INTO INFRA.REL_PYMES_TRACTORAS ( ID_USUARIO_TRACTORA, ID_USUARIO_PYME) VALUES( (SELECT ID_USUARIO FROM INFRA.TRACTORAS WHERE EMPRESA = 'Bimbo'), (SELECT ID_USUARIO FROM INFRA.USUARIOS WHERE CVE_USUARIO = 'ventas@dspclaherradura.com.mx') );
INSERT INTO INFRA.CLIENTES ( ID_USUARIO, CLIENTE) VALUES( (SELECT ID_USUARIO FROM INFRA.USUARIOS WHERE CVE_USUARIO = 'ventas@dspclaherradura.com.mx'), 'Bimbo' );

--Grupo Tensa, S.A. de C.V.
INSERT INTO INFRA.USUARIOS ( CVE_USUARIO, PASSWORD ) VALUES( 'gmc013@grupotensa.com.mx', 'ccmx1234' );
INSERT INTO INFRA.REL_ROLES ( CVE_ROL, CVE_USUARIO ) VALUES( 'PyME', 'gmc013@grupotensa.com.mx' );
INSERT INTO INFRA.PYMES ( ID_USUARIO, ID_USUARIO_PADRE, CORREO_ELECTRONICO, NOMBRE_COMERCIAL ) VALUES( (SELECT ID_USUARIO FROM INFRA.USUARIOS WHERE CVE_USUARIO = 'gmc013@grupotensa.com.mx'), '1', 'gmc013@grupotensa.com.mx', 'Grupo Tensa, S.A. de C.V.' );
INSERT INTO INFRA.CONTACTOS (ID_USUARIO, TIPO, NOMBRE, APELLIDO_PATERNO, APELLIDO_MATERNO, CORREO_ELECTRONICO, B_PRINCIPAL, TELEFONO) VALUES ( (SELECT ID_USUARIO FROM INFRA.USUARIOS WHERE CVE_USUARIO = 'gmc013@grupotensa.com.mx'), 'Ventas', 'Gregorio Sergio', 'Vega', 'Castillo', 'gmc013@grupotensa.com.mx', true, '56490280');
INSERT INTO INFRA.REL_PYMES_TRACTORAS ( ID_USUARIO_TRACTORA, ID_USUARIO_PYME) VALUES( (SELECT ID_USUARIO FROM INFRA.TRACTORAS WHERE EMPRESA = 'Bimbo'), (SELECT ID_USUARIO FROM INFRA.USUARIOS WHERE CVE_USUARIO = 'gmc013@grupotensa.com.mx') );
INSERT INTO INFRA.CLIENTES ( ID_USUARIO, CLIENTE) VALUES( (SELECT ID_USUARIO FROM INFRA.USUARIOS WHERE CVE_USUARIO = 'gmc013@grupotensa.com.mx'), 'Bimbo' );

--Cake Rus de México, S.A. de C.V.
INSERT INTO INFRA.USUARIOS ( CVE_USUARIO, PASSWORD ) VALUES( 'mteran@cakesrus.com.mx', 'ccmx1234' );
INSERT INTO INFRA.REL_ROLES ( CVE_ROL, CVE_USUARIO ) VALUES( 'PyME', 'mteran@cakesrus.com.mx' );
INSERT INTO INFRA.PYMES ( ID_USUARIO, ID_USUARIO_PADRE, CORREO_ELECTRONICO, NOMBRE_COMERCIAL ) VALUES( (SELECT ID_USUARIO FROM INFRA.USUARIOS WHERE CVE_USUARIO = 'mteran@cakesrus.com.mx'), '1', 'mteran@cakesrus.com.mx', 'Cake Rus de México, S.A. de C.V.' );
INSERT INTO INFRA.CONTACTOS (ID_USUARIO, TIPO, NOMBRE, APELLIDO_PATERNO, APELLIDO_MATERNO, CORREO_ELECTRONICO, B_PRINCIPAL, TELEFONO) VALUES ( (SELECT ID_USUARIO FROM INFRA.USUARIOS WHERE CVE_USUARIO = 'mteran@cakesrus.com.mx'), 'Ventas', 'Mauricio', 'Teran', 'Calderon', 'mteran@cakesrus.com.mx', true, '85960159');
INSERT INTO INFRA.REL_PYMES_TRACTORAS ( ID_USUARIO_TRACTORA, ID_USUARIO_PYME) VALUES( (SELECT ID_USUARIO FROM INFRA.TRACTORAS WHERE EMPRESA = 'Bimbo'), (SELECT ID_USUARIO FROM INFRA.USUARIOS WHERE CVE_USUARIO = 'mteran@cakesrus.com.mx') );
INSERT INTO INFRA.CLIENTES ( ID_USUARIO, CLIENTE) VALUES( (SELECT ID_USUARIO FROM INFRA.USUARIOS WHERE CVE_USUARIO = 'mteran@cakesrus.com.mx'), 'Bimbo' );

--Proveedora Diez, S.A. de C.V.
INSERT INTO INFRA.USUARIOS ( CVE_USUARIO, PASSWORD ) VALUES( 'nellyr@prodiez.com.mx', 'ccmx1234' );
INSERT INTO INFRA.REL_ROLES ( CVE_ROL, CVE_USUARIO ) VALUES( 'PyME', 'nellyr@prodiez.com.mx' );
INSERT INTO INFRA.PYMES ( ID_USUARIO, ID_USUARIO_PADRE, CORREO_ELECTRONICO, NOMBRE_COMERCIAL ) VALUES( (SELECT ID_USUARIO FROM INFRA.USUARIOS WHERE CVE_USUARIO = 'nellyr@prodiez.com.mx'), '1', 'nellyr@prodiez.com.mx', 'Proveedora Diez, S.A. de C.V.' );
INSERT INTO INFRA.CONTACTOS (ID_USUARIO, TIPO, NOMBRE, APELLIDO_PATERNO, APELLIDO_MATERNO, CORREO_ELECTRONICO, B_PRINCIPAL, TELEFONO) VALUES ( (SELECT ID_USUARIO FROM INFRA.USUARIOS WHERE CVE_USUARIO = 'nellyr@prodiez.com.mx'), 'Ventas', 'Jesus', 'Loera', 'Sanchez', 'nellyr@prodiez.com.mx', true, '55477042');
INSERT INTO INFRA.REL_PYMES_TRACTORAS ( ID_USUARIO_TRACTORA, ID_USUARIO_PYME) VALUES( (SELECT ID_USUARIO FROM INFRA.TRACTORAS WHERE EMPRESA = 'Bimbo'), (SELECT ID_USUARIO FROM INFRA.USUARIOS WHERE CVE_USUARIO = 'nellyr@prodiez.com.mx') );
INSERT INTO INFRA.CLIENTES ( ID_USUARIO, CLIENTE) VALUES( (SELECT ID_USUARIO FROM INFRA.USUARIOS WHERE CVE_USUARIO = 'nellyr@prodiez.com.mx'), 'Bimbo' );

--NTD Ingredientes, S.A. de C.V.
INSERT INTO INFRA.USUARIOS ( CVE_USUARIO, PASSWORD ) VALUES( 'lframos@ntdingredientes.com', 'ccmx1234' );
INSERT INTO INFRA.REL_ROLES ( CVE_ROL, CVE_USUARIO ) VALUES( 'PyME', 'lframos@ntdingredientes.com' );
INSERT INTO INFRA.PYMES ( ID_USUARIO, ID_USUARIO_PADRE, CORREO_ELECTRONICO, NOMBRE_COMERCIAL ) VALUES( (SELECT ID_USUARIO FROM INFRA.USUARIOS WHERE CVE_USUARIO = 'lframos@ntdingredientes.com'), '1', 'lframos@ntdingredientes.com', 'NTD Ingredientes, S.A. de C.V.' );
INSERT INTO INFRA.CONTACTOS (ID_USUARIO, TIPO, NOMBRE, APELLIDO_PATERNO, APELLIDO_MATERNO, CORREO_ELECTRONICO, B_PRINCIPAL, TELEFONO) VALUES ( (SELECT ID_USUARIO FROM INFRA.USUARIOS WHERE CVE_USUARIO = 'lframos@ntdingredientes.com'), 'Ventas', 'Luis', 'Francisco', 'Ramos', 'lframos@ntdingredientes.com', true, '54408886');
INSERT INTO INFRA.REL_PYMES_TRACTORAS ( ID_USUARIO_TRACTORA, ID_USUARIO_PYME) VALUES( (SELECT ID_USUARIO FROM INFRA.TRACTORAS WHERE EMPRESA = 'Bimbo'), (SELECT ID_USUARIO FROM INFRA.USUARIOS WHERE CVE_USUARIO = 'lframos@ntdingredientes.com') );
INSERT INTO INFRA.CLIENTES ( ID_USUARIO, CLIENTE) VALUES( (SELECT ID_USUARIO FROM INFRA.USUARIOS WHERE CVE_USUARIO = 'lframos@ntdingredientes.com'), 'Bimbo' );

--Papelera Principado, S.A. de C.V.
INSERT INTO INFRA.USUARIOS ( CVE_USUARIO, PASSWORD ) VALUES( 'avalles@principado.com.mx', 'ccmx1234' );
INSERT INTO INFRA.REL_ROLES ( CVE_ROL, CVE_USUARIO ) VALUES( 'PyME', 'avalles@principado.com.mx' );
INSERT INTO INFRA.PYMES ( ID_USUARIO, ID_USUARIO_PADRE, CORREO_ELECTRONICO, NOMBRE_COMERCIAL ) VALUES( (SELECT ID_USUARIO FROM INFRA.USUARIOS WHERE CVE_USUARIO = 'avalles@principado.com.mx'), '1', 'avalles@principado.com.mx', 'Papelera Principado, S.A. de C.V.' );
INSERT INTO INFRA.CONTACTOS (ID_USUARIO, TIPO, NOMBRE, APELLIDO_PATERNO, APELLIDO_MATERNO, CORREO_ELECTRONICO, B_PRINCIPAL, TELEFONO) VALUES ( (SELECT ID_USUARIO FROM INFRA.USUARIOS WHERE CVE_USUARIO = 'avalles@principado.com.mx'), 'Ventas', 'Agustin', 'Valles', 'Valdes', 'avalles@principado.com.mx', true, '54453000');
INSERT INTO INFRA.REL_PYMES_TRACTORAS ( ID_USUARIO_TRACTORA, ID_USUARIO_PYME) VALUES( (SELECT ID_USUARIO FROM INFRA.TRACTORAS WHERE EMPRESA = 'Bimbo'), (SELECT ID_USUARIO FROM INFRA.USUARIOS WHERE CVE_USUARIO = 'avalles@principado.com.mx') );
INSERT INTO INFRA.CLIENTES ( ID_USUARIO, CLIENTE) VALUES( (SELECT ID_USUARIO FROM INFRA.USUARIOS WHERE CVE_USUARIO = 'avalles@principado.com.mx'), 'Bimbo' );

--Alma Cecilia Fernández Osorio
INSERT INTO INFRA.USUARIOS ( CVE_USUARIO, PASSWORD ) VALUES( 'sadenamex_mex@yahoo.com.mx', 'ccmx1234' );
INSERT INTO INFRA.REL_ROLES ( CVE_ROL, CVE_USUARIO ) VALUES( 'PyME', 'sadenamex_mex@yahoo.com.mx' );
INSERT INTO INFRA.PYMES ( ID_USUARIO, ID_USUARIO_PADRE, CORREO_ELECTRONICO, NOMBRE_COMERCIAL ) VALUES( (SELECT ID_USUARIO FROM INFRA.USUARIOS WHERE CVE_USUARIO = 'sadenamex_mex@yahoo.com.mx'), '1', 'sadenamex_mex@yahoo.com.mx', 'Alma Cecilia Fernández Osorio' );
INSERT INTO INFRA.CONTACTOS (ID_USUARIO, TIPO, NOMBRE, APELLIDO_PATERNO, APELLIDO_MATERNO, CORREO_ELECTRONICO, B_PRINCIPAL, TELEFONO) VALUES ( (SELECT ID_USUARIO FROM INFRA.USUARIOS WHERE CVE_USUARIO = 'sadenamex_mex@yahoo.com.mx'), 'Ventas', 'Alma Cecilia', 'Fernandez', 'Osorio', 'sadenamex_mex@yahoo.com.mx', true, '56946798');
INSERT INTO INFRA.REL_PYMES_TRACTORAS ( ID_USUARIO_TRACTORA, ID_USUARIO_PYME) VALUES( (SELECT ID_USUARIO FROM INFRA.TRACTORAS WHERE EMPRESA = 'Bimbo'), (SELECT ID_USUARIO FROM INFRA.USUARIOS WHERE CVE_USUARIO = 'sadenamex_mex@yahoo.com.mx') );
INSERT INTO INFRA.CLIENTES ( ID_USUARIO, CLIENTE) VALUES( (SELECT ID_USUARIO FROM INFRA.USUARIOS WHERE CVE_USUARIO = 'sadenamex_mex@yahoo.com.mx'), 'Bimbo' );

--Cristaleria Martínez, S.A. de C.V.
INSERT INTO INFRA.USUARIOS ( CVE_USUARIO, PASSWORD ) VALUES( 'l.martinez@critaleriamartinez.com.mx', 'ccmx1234' );
INSERT INTO INFRA.REL_ROLES ( CVE_ROL, CVE_USUARIO ) VALUES( 'PyME', 'l.martinez@critaleriamartinez.com.mx' );
INSERT INTO INFRA.PYMES ( ID_USUARIO, ID_USUARIO_PADRE, CORREO_ELECTRONICO, NOMBRE_COMERCIAL ) VALUES( (SELECT ID_USUARIO FROM INFRA.USUARIOS WHERE CVE_USUARIO = 'l.martinez@critaleriamartinez.com.mx'), '1', 'l.martinez@critaleriamartinez.com.mx', 'Cristaleria Martínez, S.A. de C.V.' );
INSERT INTO INFRA.CONTACTOS (ID_USUARIO, TIPO, NOMBRE, APELLIDO_PATERNO, APELLIDO_MATERNO, CORREO_ELECTRONICO, B_PRINCIPAL, TELEFONO) VALUES ( (SELECT ID_USUARIO FROM INFRA.USUARIOS WHERE CVE_USUARIO = 'l.martinez@critaleriamartinez.com.mx'), 'Ventas', 'Jose Luis', 'Martinez', 'Jimenez', 'l.martinez@critaleriamartinez.com.mx', true, '54293940');
INSERT INTO INFRA.REL_PYMES_TRACTORAS ( ID_USUARIO_TRACTORA, ID_USUARIO_PYME) VALUES( (SELECT ID_USUARIO FROM INFRA.TRACTORAS WHERE EMPRESA = 'Bimbo'), (SELECT ID_USUARIO FROM INFRA.USUARIOS WHERE CVE_USUARIO = 'l.martinez@critaleriamartinez.com.mx') );
INSERT INTO INFRA.CLIENTES ( ID_USUARIO, CLIENTE) VALUES( (SELECT ID_USUARIO FROM INFRA.USUARIOS WHERE CVE_USUARIO = 'l.martinez@critaleriamartinez.com.mx'), 'Bimbo' );

--Maria Leticia Jiménez Corona  (Distribuidora Internacional Azteca)
INSERT INTO INFRA.USUARIOS ( CVE_USUARIO, PASSWORD ) VALUES( 'leticiajc@prodigy.net.mx', 'ccmx1234' );
INSERT INTO INFRA.REL_ROLES ( CVE_ROL, CVE_USUARIO ) VALUES( 'PyME', 'leticiajc@prodigy.net.mx' );
INSERT INTO INFRA.PYMES ( ID_USUARIO, ID_USUARIO_PADRE, CORREO_ELECTRONICO, NOMBRE_COMERCIAL ) VALUES( (SELECT ID_USUARIO FROM INFRA.USUARIOS WHERE CVE_USUARIO = 'leticiajc@prodigy.net.mx'), '1', 'leticiajc@prodigy.net.mx', 'Maria Leticia Jiménez Corona (Distribuidora Internacional Azteca)' );
INSERT INTO INFRA.CONTACTOS (ID_USUARIO, TIPO, NOMBRE, APELLIDO_PATERNO, APELLIDO_MATERNO, CORREO_ELECTRONICO, B_PRINCIPAL, TELEFONO) VALUES ( (SELECT ID_USUARIO FROM INFRA.USUARIOS WHERE CVE_USUARIO = 'leticiajc@prodigy.net.mx'), 'Ventas', 'Maria Leticia', 'Jimenez', 'Corona', 'leticiajc@prodigy.net.mx', true, '56421682');
INSERT INTO INFRA.REL_PYMES_TRACTORAS ( ID_USUARIO_TRACTORA, ID_USUARIO_PYME) VALUES( (SELECT ID_USUARIO FROM INFRA.TRACTORAS WHERE EMPRESA = 'Bimbo'), (SELECT ID_USUARIO FROM INFRA.USUARIOS WHERE CVE_USUARIO = 'leticiajc@prodigy.net.mx') );
INSERT INTO INFRA.CLIENTES ( ID_USUARIO, CLIENTE) VALUES( (SELECT ID_USUARIO FROM INFRA.USUARIOS WHERE CVE_USUARIO = 'leticiajc@prodigy.net.mx'), 'Bimbo' );

--Fabrica de Chocolates Procali, S.A. de C.V.
INSERT INTO INFRA.USUARIOS ( CVE_USUARIO, PASSWORD ) VALUES( 'franciscom@chocolatesprocali.com', 'ccmx1234' );
INSERT INTO INFRA.REL_ROLES ( CVE_ROL, CVE_USUARIO ) VALUES( 'PyME', 'franciscom@chocolatesprocali.com' );
INSERT INTO INFRA.PYMES ( ID_USUARIO, ID_USUARIO_PADRE, CORREO_ELECTRONICO, NOMBRE_COMERCIAL ) VALUES( (SELECT ID_USUARIO FROM INFRA.USUARIOS WHERE CVE_USUARIO = 'franciscom@chocolatesprocali.com'), '1', 'franciscom@chocolatesprocali.com', 'Fabrica de Chocolates Procali, S.A. de C.V.' );
INSERT INTO INFRA.CONTACTOS (ID_USUARIO, TIPO, NOMBRE, APELLIDO_PATERNO, APELLIDO_MATERNO, CORREO_ELECTRONICO, B_PRINCIPAL, TELEFONO) VALUES ( (SELECT ID_USUARIO FROM INFRA.USUARIOS WHERE CVE_USUARIO = 'franciscom@chocolatesprocali.com'), 'Ventas', 'Rodilfo', 'Cruz', 'Pineda', 'franciscom@chocolatesprocali.com', true, '56944596');
INSERT INTO INFRA.REL_PYMES_TRACTORAS ( ID_USUARIO_TRACTORA, ID_USUARIO_PYME) VALUES( (SELECT ID_USUARIO FROM INFRA.TRACTORAS WHERE EMPRESA = 'Bimbo'), (SELECT ID_USUARIO FROM INFRA.USUARIOS WHERE CVE_USUARIO = 'franciscom@chocolatesprocali.com') );
INSERT INTO INFRA.CLIENTES ( ID_USUARIO, CLIENTE) VALUES( (SELECT ID_USUARIO FROM INFRA.USUARIOS WHERE CVE_USUARIO = 'franciscom@chocolatesprocali.com'), 'Bimbo' );

--Nohemi Martínez Viloria (Viloria Digital Gráfico)
INSERT INTO INFRA.USUARIOS ( CVE_USUARIO, PASSWORD ) VALUES( 'viloria.digital3@gmail.com', 'ccmx1234' );
INSERT INTO INFRA.REL_ROLES ( CVE_ROL, CVE_USUARIO ) VALUES( 'PyME', 'viloria.digital3@gmail.com' );
INSERT INTO INFRA.PYMES ( ID_USUARIO, ID_USUARIO_PADRE, CORREO_ELECTRONICO, NOMBRE_COMERCIAL ) VALUES( (SELECT ID_USUARIO FROM INFRA.USUARIOS WHERE CVE_USUARIO = 'viloria.digital3@gmail.com'), '1', 'viloria.digital3@gmail.com', 'Nohemi Martínez Viloria (Viloria Digital Gráfico)' );
INSERT INTO INFRA.CONTACTOS (ID_USUARIO, TIPO, NOMBRE, APELLIDO_PATERNO, APELLIDO_MATERNO, CORREO_ELECTRONICO, B_PRINCIPAL, TELEFONO) VALUES ( (SELECT ID_USUARIO FROM INFRA.USUARIOS WHERE CVE_USUARIO = 'viloria.digital3@gmail.com'), 'Ventas', 'Nohemi', 'Martínez', 'Viloria', 'viloria.digital3@gmail.com', true, '55885790');
INSERT INTO INFRA.REL_PYMES_TRACTORAS ( ID_USUARIO_TRACTORA, ID_USUARIO_PYME) VALUES( (SELECT ID_USUARIO FROM INFRA.TRACTORAS WHERE EMPRESA = 'Bimbo'), (SELECT ID_USUARIO FROM INFRA.USUARIOS WHERE CVE_USUARIO = 'viloria.digital3@gmail.com') );
INSERT INTO INFRA.CLIENTES ( ID_USUARIO, CLIENTE) VALUES( (SELECT ID_USUARIO FROM INFRA.USUARIOS WHERE CVE_USUARIO = 'viloria.digital3@gmail.com'), 'Bimbo' );

--Promociones Turisticas Rajoja, S.A. de C.V.
INSERT INTO INFRA.USUARIOS ( CVE_USUARIO, PASSWORD ) VALUES( 'gventas@hotelriazar.com.mx', 'ccmx1234' );
INSERT INTO INFRA.REL_ROLES ( CVE_ROL, CVE_USUARIO ) VALUES( 'PyME', 'gventas@hotelriazar.com.mx' );
INSERT INTO INFRA.PYMES ( ID_USUARIO, ID_USUARIO_PADRE, CORREO_ELECTRONICO, NOMBRE_COMERCIAL ) VALUES( (SELECT ID_USUARIO FROM INFRA.USUARIOS WHERE CVE_USUARIO = 'gventas@hotelriazar.com.mx'), '1', 'gventas@hotelriazar.com.mx', 'Promociones Turisticas Rajoja, S.A. de C.V.' );
INSERT INTO INFRA.CONTACTOS (ID_USUARIO, TIPO, NOMBRE, APELLIDO_PATERNO, APELLIDO_MATERNO, CORREO_ELECTRONICO, B_PRINCIPAL, TELEFONO) VALUES ( (SELECT ID_USUARIO FROM INFRA.USUARIOS WHERE CVE_USUARIO = 'gventas@hotelriazar.com.mx'), 'Ventas', 'Luis', 'Barreto', 'Matute', 'gventas@hotelriazar.com.mx', true, '57649098');
INSERT INTO INFRA.REL_PYMES_TRACTORAS ( ID_USUARIO_TRACTORA, ID_USUARIO_PYME) VALUES( (SELECT ID_USUARIO FROM INFRA.TRACTORAS WHERE EMPRESA = 'Bimbo'), (SELECT ID_USUARIO FROM INFRA.USUARIOS WHERE CVE_USUARIO = 'gventas@hotelriazar.com.mx') );
INSERT INTO INFRA.CLIENTES ( ID_USUARIO, CLIENTE) VALUES( (SELECT ID_USUARIO FROM INFRA.USUARIOS WHERE CVE_USUARIO = 'gventas@hotelriazar.com.mx'), 'Bimbo' );

--Fabian Ruezga Morales (Villanueva Diseñadores)
INSERT INTO INFRA.USUARIOS ( CVE_USUARIO, PASSWORD ) VALUES( 'jmv@villanuevadiseñadores.com', 'ccmx1234' );
INSERT INTO INFRA.REL_ROLES ( CVE_ROL, CVE_USUARIO ) VALUES( 'PyME', 'jmv@villanuevadiseñadores.com' );
INSERT INTO INFRA.PYMES ( ID_USUARIO, ID_USUARIO_PADRE, CORREO_ELECTRONICO, NOMBRE_COMERCIAL ) VALUES( (SELECT ID_USUARIO FROM INFRA.USUARIOS WHERE CVE_USUARIO = 'jmv@villanuevadiseñadores.com'), '1', 'jmv@villanuevadiseñadores.com', 'Fabian Ruezga Morales (Villanueva Diseñadores)' );
INSERT INTO INFRA.CONTACTOS (ID_USUARIO, TIPO, NOMBRE, APELLIDO_PATERNO, APELLIDO_MATERNO, CORREO_ELECTRONICO, B_PRINCIPAL, TELEFONO) VALUES ( (SELECT ID_USUARIO FROM INFRA.USUARIOS WHERE CVE_USUARIO = 'jmv@villanuevadiseñadores.com'), 'Ventas', 'Juan', 'Morales', 'Villanueva', 'jmv@villanuevadiseñadores.com', true, '22359137');
INSERT INTO INFRA.REL_PYMES_TRACTORAS ( ID_USUARIO_TRACTORA, ID_USUARIO_PYME) VALUES( (SELECT ID_USUARIO FROM INFRA.TRACTORAS WHERE EMPRESA = 'Bimbo'), (SELECT ID_USUARIO FROM INFRA.USUARIOS WHERE CVE_USUARIO = 'jmv@villanuevadiseñadores.com') );
INSERT INTO INFRA.CLIENTES ( ID_USUARIO, CLIENTE) VALUES( (SELECT ID_USUARIO FROM INFRA.USUARIOS WHERE CVE_USUARIO = 'jmv@villanuevadiseñadores.com'), 'Bimbo' );

--Nutri - Selección, S.A
INSERT INTO INFRA.USUARIOS ( CVE_USUARIO, PASSWORD ) VALUES( 'nutrisec74@prodigy.net.mx', 'ccmx1234' );
INSERT INTO INFRA.REL_ROLES ( CVE_ROL, CVE_USUARIO ) VALUES( 'PyME', 'nutrisec74@prodigy.net.mx' );
INSERT INTO INFRA.PYMES ( ID_USUARIO, ID_USUARIO_PADRE, CORREO_ELECTRONICO, NOMBRE_COMERCIAL ) VALUES( (SELECT ID_USUARIO FROM INFRA.USUARIOS WHERE CVE_USUARIO = 'nutrisec74@prodigy.net.mx'), '1', 'nutrisec74@prodigy.net.mx', 'Nutri - Selección, S.A' );
INSERT INTO INFRA.CONTACTOS (ID_USUARIO, TIPO, NOMBRE, APELLIDO_PATERNO, APELLIDO_MATERNO, CORREO_ELECTRONICO, B_PRINCIPAL, TELEFONO) VALUES ( (SELECT ID_USUARIO FROM INFRA.USUARIOS WHERE CVE_USUARIO = 'nutrisec74@prodigy.net.mx'), 'Ventas', 'Hector', 'Barcenas', '', 'nutrisec74@prodigy.net.mx', true, '56486554');
INSERT INTO INFRA.REL_PYMES_TRACTORAS ( ID_USUARIO_TRACTORA, ID_USUARIO_PYME) VALUES( (SELECT ID_USUARIO FROM INFRA.TRACTORAS WHERE EMPRESA = 'Bimbo'), (SELECT ID_USUARIO FROM INFRA.USUARIOS WHERE CVE_USUARIO = 'nutrisec74@prodigy.net.mx') );
INSERT INTO INFRA.CLIENTES ( ID_USUARIO, CLIENTE) VALUES( (SELECT ID_USUARIO FROM INFRA.USUARIOS WHERE CVE_USUARIO = 'nutrisec74@prodigy.net.mx'), 'Bimbo' );

--Conservas la Veneciana, S.A. de C.V.
INSERT INTO INFRA.USUARIOS ( CVE_USUARIO, PASSWORD ) VALUES( 'direccion@laveneciana.com.mx', 'ccmx1234' );
INSERT INTO INFRA.REL_ROLES ( CVE_ROL, CVE_USUARIO ) VALUES( 'PyME', 'direccion@laveneciana.com.mx' );
INSERT INTO INFRA.PYMES ( ID_USUARIO, ID_USUARIO_PADRE, CORREO_ELECTRONICO, NOMBRE_COMERCIAL ) VALUES( (SELECT ID_USUARIO FROM INFRA.USUARIOS WHERE CVE_USUARIO = 'direccion@laveneciana.com.mx'), '1', 'direccion@laveneciana.com.mx', 'Conservas la Veneciana, S.A. de C.V.' );
INSERT INTO INFRA.CONTACTOS (ID_USUARIO, TIPO, NOMBRE, APELLIDO_PATERNO, APELLIDO_MATERNO, CORREO_ELECTRONICO, B_PRINCIPAL, TELEFONO) VALUES ( (SELECT ID_USUARIO FROM INFRA.USUARIOS WHERE CVE_USUARIO = 'direccion@laveneciana.com.mx'), 'Ventas', 'Jesus', 'Aja', 'Perez', 'direccion@laveneciana.com.mx', true, '5555583188');
INSERT INTO INFRA.REL_PYMES_TRACTORAS ( ID_USUARIO_TRACTORA, ID_USUARIO_PYME) VALUES( (SELECT ID_USUARIO FROM INFRA.TRACTORAS WHERE EMPRESA = 'Bimbo'), (SELECT ID_USUARIO FROM INFRA.USUARIOS WHERE CVE_USUARIO = 'direccion@laveneciana.com.mx') );
INSERT INTO INFRA.CLIENTES ( ID_USUARIO, CLIENTE) VALUES( (SELECT ID_USUARIO FROM INFRA.USUARIOS WHERE CVE_USUARIO = 'direccion@laveneciana.com.mx'), 'Bimbo' );

--Quimper, S.A. de C.V.
INSERT INTO INFRA.USUARIOS ( CVE_USUARIO, PASSWORD ) VALUES( 'quimperdf@yahoo.com.mx', 'ccmx1234' );
INSERT INTO INFRA.REL_ROLES ( CVE_ROL, CVE_USUARIO ) VALUES( 'PyME', 'quimperdf@yahoo.com.mx' );
INSERT INTO INFRA.PYMES ( ID_USUARIO, ID_USUARIO_PADRE, CORREO_ELECTRONICO, NOMBRE_COMERCIAL ) VALUES( (SELECT ID_USUARIO FROM INFRA.USUARIOS WHERE CVE_USUARIO = 'quimperdf@yahoo.com.mx'), '1', 'quimperdf@yahoo.com.mx', 'Quimper, S.A. de C.V.' );
INSERT INTO INFRA.CONTACTOS (ID_USUARIO, TIPO, NOMBRE, APELLIDO_PATERNO, APELLIDO_MATERNO, CORREO_ELECTRONICO, B_PRINCIPAL, TELEFONO) VALUES ( (SELECT ID_USUARIO FROM INFRA.USUARIOS WHERE CVE_USUARIO = 'quimperdf@yahoo.com.mx'), 'Ventas', 'Esther', 'Perez', 'Balderas', 'quimperdf@yahoo.com.mx', true, '56962140');
INSERT INTO INFRA.REL_PYMES_TRACTORAS ( ID_USUARIO_TRACTORA, ID_USUARIO_PYME) VALUES( (SELECT ID_USUARIO FROM INFRA.TRACTORAS WHERE EMPRESA = 'Bimbo'), (SELECT ID_USUARIO FROM INFRA.USUARIOS WHERE CVE_USUARIO = 'quimperdf@yahoo.com.mx') );
INSERT INTO INFRA.CLIENTES ( ID_USUARIO, CLIENTE) VALUES( (SELECT ID_USUARIO FROM INFRA.USUARIOS WHERE CVE_USUARIO = 'quimperdf@yahoo.com.mx'), 'Bimbo' );

--Gravotek, S.A.  De C.V.
INSERT INTO INFRA.USUARIOS ( CVE_USUARIO, PASSWORD ) VALUES( 'vignap@gravotek.com', 'ccmx1234' );
INSERT INTO INFRA.REL_ROLES ( CVE_ROL, CVE_USUARIO ) VALUES( 'PyME', 'vignap@gravotek.com' );
INSERT INTO INFRA.PYMES ( ID_USUARIO, ID_USUARIO_PADRE, CORREO_ELECTRONICO, NOMBRE_COMERCIAL ) VALUES( (SELECT ID_USUARIO FROM INFRA.USUARIOS WHERE CVE_USUARIO = 'vignap@gravotek.com'), '1', 'vignap@gravotek.com', 'Gravotek, S.A.  De C.V.' );
INSERT INTO INFRA.CONTACTOS (ID_USUARIO, TIPO, NOMBRE, APELLIDO_PATERNO, APELLIDO_MATERNO, CORREO_ELECTRONICO, B_PRINCIPAL, TELEFONO) VALUES ( (SELECT ID_USUARIO FROM INFRA.USUARIOS WHERE CVE_USUARIO = 'vignap@gravotek.com'), 'Ventas', 'Gerardo', 'Vigan', 'Perez', 'vignap@gravotek.com', true, '36260040');
INSERT INTO INFRA.REL_PYMES_TRACTORAS ( ID_USUARIO_TRACTORA, ID_USUARIO_PYME) VALUES( (SELECT ID_USUARIO FROM INFRA.TRACTORAS WHERE EMPRESA = 'Bimbo'), (SELECT ID_USUARIO FROM INFRA.USUARIOS WHERE CVE_USUARIO = 'vignap@gravotek.com') );
INSERT INTO INFRA.CLIENTES ( ID_USUARIO, CLIENTE) VALUES( (SELECT ID_USUARIO FROM INFRA.USUARIOS WHERE CVE_USUARIO = 'vignap@gravotek.com'), 'Bimbo' );

--Acabados y Construcciones Modernas, S.A. de C.V.
INSERT INTO INFRA.USUARIOS ( CVE_USUARIO, PASSWORD ) VALUES( 'acabados.acm@gmail.com', 'ccmx1234' );
INSERT INTO INFRA.REL_ROLES ( CVE_ROL, CVE_USUARIO ) VALUES( 'PyME', 'acabados.acm@gmail.com' );
INSERT INTO INFRA.PYMES ( ID_USUARIO, ID_USUARIO_PADRE, CORREO_ELECTRONICO, NOMBRE_COMERCIAL ) VALUES( (SELECT ID_USUARIO FROM INFRA.USUARIOS WHERE CVE_USUARIO = 'acabados.acm@gmail.com'), '1', 'acabados.acm@gmail.com', 'Acabados y Construcciones Modernas, S.A. de C.V.' );
INSERT INTO INFRA.CONTACTOS (ID_USUARIO, TIPO, NOMBRE, APELLIDO_PATERNO, APELLIDO_MATERNO, CORREO_ELECTRONICO, B_PRINCIPAL, TELEFONO) VALUES ( (SELECT ID_USUARIO FROM INFRA.USUARIOS WHERE CVE_USUARIO = 'acabados.acm@gmail.com'), 'Ventas', 'Miguel', 'Alcantara', 'Cordero', 'acabados.acm@gmail.com', true, '41737199');
INSERT INTO INFRA.REL_PYMES_TRACTORAS ( ID_USUARIO_TRACTORA, ID_USUARIO_PYME) VALUES( (SELECT ID_USUARIO FROM INFRA.TRACTORAS WHERE EMPRESA = 'Bimbo'), (SELECT ID_USUARIO FROM INFRA.USUARIOS WHERE CVE_USUARIO = 'acabados.acm@gmail.com') );
INSERT INTO INFRA.CLIENTES ( ID_USUARIO, CLIENTE) VALUES( (SELECT ID_USUARIO FROM INFRA.USUARIOS WHERE CVE_USUARIO = 'acabados.acm@gmail.com'), 'Bimbo' );

--Laura Romero Bobadilla
INSERT INTO INFRA.USUARIOS ( CVE_USUARIO, PASSWORD ) VALUES( 'laura.romerobobadilla@gmail.com', 'ccmx1234' );
INSERT INTO INFRA.REL_ROLES ( CVE_ROL, CVE_USUARIO ) VALUES( 'PyME', 'laura.romerobobadilla@gmail.com' );
INSERT INTO INFRA.PYMES ( ID_USUARIO, ID_USUARIO_PADRE, CORREO_ELECTRONICO, NOMBRE_COMERCIAL ) VALUES( (SELECT ID_USUARIO FROM INFRA.USUARIOS WHERE CVE_USUARIO = 'laura.romerobobadilla@gmail.com'), '1', 'laura.romerobobadilla@gmail.com', 'Laura Romero Bobadilla' );
INSERT INTO INFRA.CONTACTOS (ID_USUARIO, TIPO, NOMBRE, APELLIDO_PATERNO, APELLIDO_MATERNO, CORREO_ELECTRONICO, B_PRINCIPAL, TELEFONO) VALUES ( (SELECT ID_USUARIO FROM INFRA.USUARIOS WHERE CVE_USUARIO = 'laura.romerobobadilla@gmail.com'), 'Ventas', 'Laura', 'Romero', 'Bobadilla', 'laura.romerobobadilla@gmail.com', true, '55185903');
INSERT INTO INFRA.REL_PYMES_TRACTORAS ( ID_USUARIO_TRACTORA, ID_USUARIO_PYME) VALUES( (SELECT ID_USUARIO FROM INFRA.TRACTORAS WHERE EMPRESA = 'Bimbo'), (SELECT ID_USUARIO FROM INFRA.USUARIOS WHERE CVE_USUARIO = 'laura.romerobobadilla@gmail.com') );
INSERT INTO INFRA.CLIENTES ( ID_USUARIO, CLIENTE) VALUES( (SELECT ID_USUARIO FROM INFRA.USUARIOS WHERE CVE_USUARIO = 'laura.romerobobadilla@gmail.com'), 'Bimbo' );

--Distribuidora las Barricas, S.A. de C.V.
INSERT INTO INFRA.USUARIOS ( CVE_USUARIO, PASSWORD ) VALUES( 'silvia.barricas@gmail.com', 'ccmx1234' );
INSERT INTO INFRA.REL_ROLES ( CVE_ROL, CVE_USUARIO ) VALUES( 'PyME', 'silvia.barricas@gmail.com' );
INSERT INTO INFRA.PYMES ( ID_USUARIO, ID_USUARIO_PADRE, CORREO_ELECTRONICO, NOMBRE_COMERCIAL ) VALUES( (SELECT ID_USUARIO FROM INFRA.USUARIOS WHERE CVE_USUARIO = 'silvia.barricas@gmail.com'), '1', 'silvia.barricas@gmail.com', 'Distribuidora las Barricas, S.A. de C.V.' );
INSERT INTO INFRA.CONTACTOS (ID_USUARIO, TIPO, NOMBRE, APELLIDO_PATERNO, APELLIDO_MATERNO, CORREO_ELECTRONICO, B_PRINCIPAL, TELEFONO) VALUES ( (SELECT ID_USUARIO FROM INFRA.USUARIOS WHERE CVE_USUARIO = 'silvia.barricas@gmail.com'), 'Ventas', 'Silvia Leticia', 'Salazar', 'Rocha', 'silvia.barricas@gmail.com', true, '57401622');
INSERT INTO INFRA.REL_PYMES_TRACTORAS ( ID_USUARIO_TRACTORA, ID_USUARIO_PYME) VALUES( (SELECT ID_USUARIO FROM INFRA.TRACTORAS WHERE EMPRESA = 'Bimbo'), (SELECT ID_USUARIO FROM INFRA.USUARIOS WHERE CVE_USUARIO = 'silvia.barricas@gmail.com') );
INSERT INTO INFRA.CLIENTES ( ID_USUARIO, CLIENTE) VALUES( (SELECT ID_USUARIO FROM INFRA.USUARIOS WHERE CVE_USUARIO = 'silvia.barricas@gmail.com'), 'Bimbo' );

--Protección Industrial y Contra Incendio FMI, S.A. de C.V.
INSERT INTO INFRA.USUARIOS ( CVE_USUARIO, PASSWORD ) VALUES( 'jair.axel@proteccionfmi.com', 'ccmx1234' );
INSERT INTO INFRA.REL_ROLES ( CVE_ROL, CVE_USUARIO ) VALUES( 'PyME', 'jair.axel@proteccionfmi.com' );
INSERT INTO INFRA.PYMES ( ID_USUARIO, ID_USUARIO_PADRE, CORREO_ELECTRONICO, NOMBRE_COMERCIAL ) VALUES( (SELECT ID_USUARIO FROM INFRA.USUARIOS WHERE CVE_USUARIO = 'jair.axel@proteccionfmi.com'), '1', 'jair.axel@proteccionfmi.com', 'Protección Industrial y Contra Incendio FMI, S.A. de C.V.' );
INSERT INTO INFRA.CONTACTOS (ID_USUARIO, TIPO, NOMBRE, APELLIDO_PATERNO, APELLIDO_MATERNO, CORREO_ELECTRONICO, B_PRINCIPAL, TELEFONO) VALUES ( (SELECT ID_USUARIO FROM INFRA.USUARIOS WHERE CVE_USUARIO = 'jair.axel@proteccionfmi.com'), 'Ventas', 'Jair Axel', 'Treviño', 'Flores', 'jair.axel@proteccionfmi.com', true, '55471080');
INSERT INTO INFRA.REL_PYMES_TRACTORAS ( ID_USUARIO_TRACTORA, ID_USUARIO_PYME) VALUES( (SELECT ID_USUARIO FROM INFRA.TRACTORAS WHERE EMPRESA = 'Bimbo'), (SELECT ID_USUARIO FROM INFRA.USUARIOS WHERE CVE_USUARIO = 'jair.axel@proteccionfmi.com') );
INSERT INTO INFRA.CLIENTES ( ID_USUARIO, CLIENTE) VALUES( (SELECT ID_USUARIO FROM INFRA.USUARIOS WHERE CVE_USUARIO = 'jair.axel@proteccionfmi.com'), 'Bimbo' );

--Agroproductos El Frambueso, S. de R.L. de C.V.
INSERT INTO INFRA.USUARIOS ( CVE_USUARIO, PASSWORD ) VALUES( 'ing.raul@framex.com.mx', 'ccmx1234' );
INSERT INTO INFRA.REL_ROLES ( CVE_ROL, CVE_USUARIO ) VALUES( 'PyME', 'ing.raul@framex.com.mx' );
INSERT INTO INFRA.PYMES ( ID_USUARIO, ID_USUARIO_PADRE, CORREO_ELECTRONICO, NOMBRE_COMERCIAL ) VALUES( (SELECT ID_USUARIO FROM INFRA.USUARIOS WHERE CVE_USUARIO = 'ing.raul@framex.com.mx'), '1', 'ing.raul@framex.com.mx', 'Agroproductos El Frambueso, S. de R.L. de C.V.' );
INSERT INTO INFRA.CONTACTOS (ID_USUARIO, TIPO, NOMBRE, APELLIDO_PATERNO, APELLIDO_MATERNO, CORREO_ELECTRONICO, B_PRINCIPAL, TELEFONO) VALUES ( (SELECT ID_USUARIO FROM INFRA.USUARIOS WHERE CVE_USUARIO = 'ing.raul@framex.com.mx'), 'Ventas', 'Raul Ortiz', 'Gonzalez', 'Aragon', 'ing.raul@framex.com.mx', true, '5979821114');
INSERT INTO INFRA.REL_PYMES_TRACTORAS ( ID_USUARIO_TRACTORA, ID_USUARIO_PYME) VALUES( (SELECT ID_USUARIO FROM INFRA.TRACTORAS WHERE EMPRESA = 'Bimbo'), (SELECT ID_USUARIO FROM INFRA.USUARIOS WHERE CVE_USUARIO = 'ing.raul@framex.com.mx') );
INSERT INTO INFRA.CLIENTES ( ID_USUARIO, CLIENTE) VALUES( (SELECT ID_USUARIO FROM INFRA.USUARIOS WHERE CVE_USUARIO = 'ing.raul@framex.com.mx'), 'Bimbo' );

--Proveedora de azúcar y avíos Salma, S.A. de C.V.
INSERT INTO INFRA.USUARIOS ( CVE_USUARIO, PASSWORD ) VALUES( 'elolimpico@prodigy.net.mx', 'ccmx1234' );
INSERT INTO INFRA.REL_ROLES ( CVE_ROL, CVE_USUARIO ) VALUES( 'PyME', 'elolimpico@prodigy.net.mx' );
INSERT INTO INFRA.PYMES ( ID_USUARIO, ID_USUARIO_PADRE, CORREO_ELECTRONICO, NOMBRE_COMERCIAL ) VALUES( (SELECT ID_USUARIO FROM INFRA.USUARIOS WHERE CVE_USUARIO = 'elolimpico@prodigy.net.mx'), '1', 'elolimpico@prodigy.net.mx', 'Proveedora de azúcar y avíos Salma, S.A. de C.V.' );
INSERT INTO INFRA.CONTACTOS (ID_USUARIO, TIPO, NOMBRE, APELLIDO_PATERNO, APELLIDO_MATERNO, CORREO_ELECTRONICO, B_PRINCIPAL, TELEFONO) VALUES ( (SELECT ID_USUARIO FROM INFRA.USUARIOS WHERE CVE_USUARIO = 'elolimpico@prodigy.net.mx'), 'Ventas', 'Samuel', 'Rangel', 'Trejo', 'elolimpico@prodigy.net.mx', true, '55274167');
INSERT INTO INFRA.REL_PYMES_TRACTORAS ( ID_USUARIO_TRACTORA, ID_USUARIO_PYME) VALUES( (SELECT ID_USUARIO FROM INFRA.TRACTORAS WHERE EMPRESA = 'Bimbo'), (SELECT ID_USUARIO FROM INFRA.USUARIOS WHERE CVE_USUARIO = 'elolimpico@prodigy.net.mx') );
INSERT INTO INFRA.CLIENTES ( ID_USUARIO, CLIENTE) VALUES( (SELECT ID_USUARIO FROM INFRA.USUARIOS WHERE CVE_USUARIO = 'elolimpico@prodigy.net.mx'), 'Bimbo' );

--Constructora de básculas, S.A. de .C.V
INSERT INTO INFRA.USUARIOS ( CVE_USUARIO, PASSWORD ) VALUES( 'proyectosespeciales@averyberkel.com.mx', 'ccmx1234' );
INSERT INTO INFRA.REL_ROLES ( CVE_ROL, CVE_USUARIO ) VALUES( 'PyME', 'proyectosespeciales@averyberkel.com.mx' );
INSERT INTO INFRA.PYMES ( ID_USUARIO, ID_USUARIO_PADRE, CORREO_ELECTRONICO, NOMBRE_COMERCIAL ) VALUES( (SELECT ID_USUARIO FROM INFRA.USUARIOS WHERE CVE_USUARIO = 'proyectosespeciales@averyberkel.com.mx'), '1', 'proyectosespeciales@averyberkel.com.mx', 'Constructora de básculas, S.A. de .C.V' );
INSERT INTO INFRA.CONTACTOS (ID_USUARIO, TIPO, NOMBRE, APELLIDO_PATERNO, APELLIDO_MATERNO, CORREO_ELECTRONICO, B_PRINCIPAL, TELEFONO) VALUES ( (SELECT ID_USUARIO FROM INFRA.USUARIOS WHERE CVE_USUARIO = 'proyectosespeciales@averyberkel.com.mx'), 'Ventas', 'Eduardo', 'Martinez', 'Vertiz', 'proyectosespeciales@averyberkel.com.mx', true, '5553684033');
INSERT INTO INFRA.REL_PYMES_TRACTORAS ( ID_USUARIO_TRACTORA, ID_USUARIO_PYME) VALUES( (SELECT ID_USUARIO FROM INFRA.TRACTORAS WHERE EMPRESA = 'Bimbo'), (SELECT ID_USUARIO FROM INFRA.USUARIOS WHERE CVE_USUARIO = 'proyectosespeciales@averyberkel.com.mx') );
INSERT INTO INFRA.CLIENTES ( ID_USUARIO, CLIENTE) VALUES( (SELECT ID_USUARIO FROM INFRA.USUARIOS WHERE CVE_USUARIO = 'proyectosespeciales@averyberkel.com.mx'), 'Bimbo' );

--Encore Inc, S.A. de C.V.
INSERT INTO INFRA.USUARIOS ( CVE_USUARIO, PASSWORD ) VALUES( 'jlazos@encore.com.mx', 'ccmx1234' );
INSERT INTO INFRA.REL_ROLES ( CVE_ROL, CVE_USUARIO ) VALUES( 'PyME', 'jlazos@encore.com.mx' );
INSERT INTO INFRA.PYMES ( ID_USUARIO, ID_USUARIO_PADRE, CORREO_ELECTRONICO, NOMBRE_COMERCIAL ) VALUES( (SELECT ID_USUARIO FROM INFRA.USUARIOS WHERE CVE_USUARIO = 'jlazos@encore.com.mx'), '1', 'jlazos@encore.com.mx', 'Encore Inc, S.A. de C.V.' );
INSERT INTO INFRA.CONTACTOS (ID_USUARIO, TIPO, NOMBRE, APELLIDO_PATERNO, APELLIDO_MATERNO, CORREO_ELECTRONICO, B_PRINCIPAL, TELEFONO) VALUES ( (SELECT ID_USUARIO FROM INFRA.USUARIOS WHERE CVE_USUARIO = 'jlazos@encore.com.mx'), 'Ventas', 'Javier', 'Lazos', 'Garza', 'jlazos@encore.com.mx', true, '91711840');
INSERT INTO INFRA.REL_PYMES_TRACTORAS ( ID_USUARIO_TRACTORA, ID_USUARIO_PYME) VALUES( (SELECT ID_USUARIO FROM INFRA.TRACTORAS WHERE EMPRESA = 'Bimbo'), (SELECT ID_USUARIO FROM INFRA.USUARIOS WHERE CVE_USUARIO = 'jlazos@encore.com.mx') );
INSERT INTO INFRA.CLIENTES ( ID_USUARIO, CLIENTE) VALUES( (SELECT ID_USUARIO FROM INFRA.USUARIOS WHERE CVE_USUARIO = 'jlazos@encore.com.mx'), 'Bimbo' );

--Estrategia en alimentos, S.A. de C.V.
INSERT INTO INFRA.USUARIOS ( CVE_USUARIO, PASSWORD ) VALUES( 'rbarranco@estrali.com', 'ccmx1234' );
INSERT INTO INFRA.REL_ROLES ( CVE_ROL, CVE_USUARIO ) VALUES( 'PyME', 'rbarranco@estrali.com' );
INSERT INTO INFRA.PYMES ( ID_USUARIO, ID_USUARIO_PADRE, CORREO_ELECTRONICO, NOMBRE_COMERCIAL ) VALUES( (SELECT ID_USUARIO FROM INFRA.USUARIOS WHERE CVE_USUARIO = 'rbarranco@estrali.com'), '1', 'rbarranco@estrali.com', 'Estrategia en alimentos, S.A. de C.V.' );
INSERT INTO INFRA.CONTACTOS (ID_USUARIO, TIPO, NOMBRE, APELLIDO_PATERNO, APELLIDO_MATERNO, CORREO_ELECTRONICO, B_PRINCIPAL, TELEFONO) VALUES ( (SELECT ID_USUARIO FROM INFRA.USUARIOS WHERE CVE_USUARIO = 'rbarranco@estrali.com'), 'Ventas', 'Roberto', 'Barranco', 'Fernandez', 'rbarranco@estrali.com', true, '53588612');
INSERT INTO INFRA.REL_PYMES_TRACTORAS ( ID_USUARIO_TRACTORA, ID_USUARIO_PYME) VALUES( (SELECT ID_USUARIO FROM INFRA.TRACTORAS WHERE EMPRESA = 'Bimbo'), (SELECT ID_USUARIO FROM INFRA.USUARIOS WHERE CVE_USUARIO = 'rbarranco@estrali.com') );
INSERT INTO INFRA.CLIENTES ( ID_USUARIO, CLIENTE) VALUES( (SELECT ID_USUARIO FROM INFRA.USUARIOS WHERE CVE_USUARIO = 'rbarranco@estrali.com'), 'Bimbo' );

--Frabal AB, S.A. de C.V.
INSERT INTO INFRA.USUARIOS ( CVE_USUARIO, PASSWORD ) VALUES( 'frabal@yahoo.com.mx', 'ccmx1234' );
INSERT INTO INFRA.REL_ROLES ( CVE_ROL, CVE_USUARIO ) VALUES( 'PyME', 'frabal@yahoo.com.mx' );
INSERT INTO INFRA.PYMES ( ID_USUARIO, ID_USUARIO_PADRE, CORREO_ELECTRONICO, NOMBRE_COMERCIAL ) VALUES( (SELECT ID_USUARIO FROM INFRA.USUARIOS WHERE CVE_USUARIO = 'frabal@yahoo.com.mx'), '1', 'frabal@yahoo.com.mx', 'Frabal AB, S.A. de C.V.' );
INSERT INTO INFRA.CONTACTOS (ID_USUARIO, TIPO, NOMBRE, APELLIDO_PATERNO, APELLIDO_MATERNO, CORREO_ELECTRONICO, B_PRINCIPAL, TELEFONO) VALUES ( (SELECT ID_USUARIO FROM INFRA.USUARIOS WHERE CVE_USUARIO = 'frabal@yahoo.com.mx'), 'Ventas', 'Andres', 'Bautista', 'Leyva', 'frabal@yahoo.com.mx', true, '53626501');
INSERT INTO INFRA.REL_PYMES_TRACTORAS ( ID_USUARIO_TRACTORA, ID_USUARIO_PYME) VALUES( (SELECT ID_USUARIO FROM INFRA.TRACTORAS WHERE EMPRESA = 'Bimbo'), (SELECT ID_USUARIO FROM INFRA.USUARIOS WHERE CVE_USUARIO = 'frabal@yahoo.com.mx') );
INSERT INTO INFRA.CLIENTES ( ID_USUARIO, CLIENTE) VALUES( (SELECT ID_USUARIO FROM INFRA.USUARIOS WHERE CVE_USUARIO = 'frabal@yahoo.com.mx'), 'Bimbo' );

--Desarrollo Industrial Trebol, S.A. de C.V.
INSERT INTO INFRA.USUARIOS ( CVE_USUARIO, PASSWORD ) VALUES( 'carloscruz@ditsa.com.mx', 'ccmx1234' );
INSERT INTO INFRA.REL_ROLES ( CVE_ROL, CVE_USUARIO ) VALUES( 'PyME', 'carloscruz@ditsa.com.mx' );
INSERT INTO INFRA.PYMES ( ID_USUARIO, ID_USUARIO_PADRE, CORREO_ELECTRONICO, NOMBRE_COMERCIAL ) VALUES( (SELECT ID_USUARIO FROM INFRA.USUARIOS WHERE CVE_USUARIO = 'carloscruz@ditsa.com.mx'), '1', 'carloscruz@ditsa.com.mx', 'Desarrollo Industrial Trebol, S.A. de C.V.' );
INSERT INTO INFRA.CONTACTOS (ID_USUARIO, TIPO, NOMBRE, APELLIDO_PATERNO, APELLIDO_MATERNO, CORREO_ELECTRONICO, B_PRINCIPAL, TELEFONO) VALUES ( (SELECT ID_USUARIO FROM INFRA.USUARIOS WHERE CVE_USUARIO = 'carloscruz@ditsa.com.mx'), 'Ventas', 'Jose', 'Cruz', 'Cruz', 'carloscruz@ditsa.com.mx', true, '53899511');
INSERT INTO INFRA.REL_PYMES_TRACTORAS ( ID_USUARIO_TRACTORA, ID_USUARIO_PYME) VALUES( (SELECT ID_USUARIO FROM INFRA.TRACTORAS WHERE EMPRESA = 'Bimbo'), (SELECT ID_USUARIO FROM INFRA.USUARIOS WHERE CVE_USUARIO = 'carloscruz@ditsa.com.mx') );
INSERT INTO INFRA.CLIENTES ( ID_USUARIO, CLIENTE) VALUES( (SELECT ID_USUARIO FROM INFRA.USUARIOS WHERE CVE_USUARIO = 'carloscruz@ditsa.com.mx'), 'Bimbo' );

--Procesadora de Cítricos y sus Derivados, S.A. de C.V.
INSERT INTO INFRA.USUARIOS ( CVE_USUARIO, PASSWORD ) VALUES( 'sanchezlopezclaudia@hotmail.com', 'ccmx1234' );
INSERT INTO INFRA.REL_ROLES ( CVE_ROL, CVE_USUARIO ) VALUES( 'PyME', 'sanchezlopezclaudia@hotmail.com' );
INSERT INTO INFRA.PYMES ( ID_USUARIO, ID_USUARIO_PADRE, CORREO_ELECTRONICO, NOMBRE_COMERCIAL ) VALUES( (SELECT ID_USUARIO FROM INFRA.USUARIOS WHERE CVE_USUARIO = 'sanchezlopezclaudia@hotmail.com'), '1', 'sanchezlopezclaudia@hotmail.com', 'Procesadora de Cítricos y sus Derivados, S.A. de C.V.' );
INSERT INTO INFRA.CONTACTOS (ID_USUARIO, TIPO, NOMBRE, APELLIDO_PATERNO, APELLIDO_MATERNO, CORREO_ELECTRONICO, B_PRINCIPAL, TELEFONO) VALUES ( (SELECT ID_USUARIO FROM INFRA.USUARIOS WHERE CVE_USUARIO = 'sanchezlopezclaudia@hotmail.com'), 'Ventas', 'Claudia', 'Sanchez', 'Lopez', 'sanchezlopezclaudia@hotmail.com', true, '56410818');
INSERT INTO INFRA.REL_PYMES_TRACTORAS ( ID_USUARIO_TRACTORA, ID_USUARIO_PYME) VALUES( (SELECT ID_USUARIO FROM INFRA.TRACTORAS WHERE EMPRESA = 'Bimbo'), (SELECT ID_USUARIO FROM INFRA.USUARIOS WHERE CVE_USUARIO = 'sanchezlopezclaudia@hotmail.com') );
INSERT INTO INFRA.CLIENTES ( ID_USUARIO, CLIENTE) VALUES( (SELECT ID_USUARIO FROM INFRA.USUARIOS WHERE CVE_USUARIO = 'sanchezlopezclaudia@hotmail.com'), 'Bimbo' );

--Liliana Rostro Brito
INSERT INTO INFRA.USUARIOS ( CVE_USUARIO, PASSWORD ) VALUES( 'eli_licollection@live.com.mx', 'ccmx1234' );
INSERT INTO INFRA.REL_ROLES ( CVE_ROL, CVE_USUARIO ) VALUES( 'PyME', 'eli_licollection@live.com.mx' );
INSERT INTO INFRA.PYMES ( ID_USUARIO, ID_USUARIO_PADRE, CORREO_ELECTRONICO, NOMBRE_COMERCIAL ) VALUES( (SELECT ID_USUARIO FROM INFRA.USUARIOS WHERE CVE_USUARIO = 'eli_licollection@live.com.mx'), '1', 'eli_licollection@live.com.mx', 'Liliana Rostro Brito' );
INSERT INTO INFRA.CONTACTOS (ID_USUARIO, TIPO, NOMBRE, APELLIDO_PATERNO, APELLIDO_MATERNO, CORREO_ELECTRONICO, B_PRINCIPAL, TELEFONO) VALUES ( (SELECT ID_USUARIO FROM INFRA.USUARIOS WHERE CVE_USUARIO = 'eli_licollection@live.com.mx'), 'Ventas', 'Liliana', 'Rostro', 'Brito', 'eli_licollection@live.com.mx', true, '54458821');
INSERT INTO INFRA.REL_PYMES_TRACTORAS ( ID_USUARIO_TRACTORA, ID_USUARIO_PYME) VALUES( (SELECT ID_USUARIO FROM INFRA.TRACTORAS WHERE EMPRESA = 'Bimbo'), (SELECT ID_USUARIO FROM INFRA.USUARIOS WHERE CVE_USUARIO = 'eli_licollection@live.com.mx') );
INSERT INTO INFRA.CLIENTES ( ID_USUARIO, CLIENTE) VALUES( (SELECT ID_USUARIO FROM INFRA.USUARIOS WHERE CVE_USUARIO = 'eli_licollection@live.com.mx'), 'Bimbo' );

--Dinali, S.A. de C.V.
INSERT INTO INFRA.USUARIOS ( CVE_USUARIO, PASSWORD ) VALUES( 'ventasmex@dinali.com.mx', 'ccmx1234' );
INSERT INTO INFRA.REL_ROLES ( CVE_ROL, CVE_USUARIO ) VALUES( 'PyME', 'ventasmex@dinali.com.mx' );
INSERT INTO INFRA.PYMES ( ID_USUARIO, ID_USUARIO_PADRE, CORREO_ELECTRONICO, NOMBRE_COMERCIAL ) VALUES( (SELECT ID_USUARIO FROM INFRA.USUARIOS WHERE CVE_USUARIO = 'ventasmex@dinali.com.mx'), '1', 'ventasmex@dinali.com.mx', 'Dinali, S.A. de C.V.' );
INSERT INTO INFRA.CONTACTOS (ID_USUARIO, TIPO, NOMBRE, APELLIDO_PATERNO, APELLIDO_MATERNO, CORREO_ELECTRONICO, B_PRINCIPAL, TELEFONO) VALUES ( (SELECT ID_USUARIO FROM INFRA.USUARIOS WHERE CVE_USUARIO = 'ventasmex@dinali.com.mx'), 'Ventas', 'David', 'Zamora', 'Hernandez', 'ventasmex@dinali.com.mx', true, '4747412400');
INSERT INTO INFRA.REL_PYMES_TRACTORAS ( ID_USUARIO_TRACTORA, ID_USUARIO_PYME) VALUES( (SELECT ID_USUARIO FROM INFRA.TRACTORAS WHERE EMPRESA = 'Bimbo'), (SELECT ID_USUARIO FROM INFRA.USUARIOS WHERE CVE_USUARIO = 'ventasmex@dinali.com.mx') );
INSERT INTO INFRA.CLIENTES ( ID_USUARIO, CLIENTE) VALUES( (SELECT ID_USUARIO FROM INFRA.USUARIOS WHERE CVE_USUARIO = 'ventasmex@dinali.com.mx'), 'Bimbo' );

--Distribuidora Bret Proper Service, S.A. de C.V.
INSERT INTO INFRA.USUARIOS ( CVE_USUARIO, PASSWORD ) VALUES( 'rmendoza@properservices.com.mx', 'ccmx1234' );
INSERT INTO INFRA.REL_ROLES ( CVE_ROL, CVE_USUARIO ) VALUES( 'PyME', 'rmendoza@properservices.com.mx' );
INSERT INTO INFRA.PYMES ( ID_USUARIO, ID_USUARIO_PADRE, CORREO_ELECTRONICO, NOMBRE_COMERCIAL ) VALUES( (SELECT ID_USUARIO FROM INFRA.USUARIOS WHERE CVE_USUARIO = 'rmendoza@properservices.com.mx'), '1', 'rmendoza@properservices.com.mx', 'Distribuidora Bret Proper Service, S.A. de C.V.' );
INSERT INTO INFRA.CONTACTOS (ID_USUARIO, TIPO, NOMBRE, APELLIDO_PATERNO, APELLIDO_MATERNO, CORREO_ELECTRONICO, B_PRINCIPAL, TELEFONO) VALUES ( (SELECT ID_USUARIO FROM INFRA.USUARIOS WHERE CVE_USUARIO = 'rmendoza@properservices.com.mx'), 'Ventas', 'Raul', 'Mendoza', '', 'rmendoza@properservices.com.mx', true, '5543359114');
INSERT INTO INFRA.REL_PYMES_TRACTORAS ( ID_USUARIO_TRACTORA, ID_USUARIO_PYME) VALUES( (SELECT ID_USUARIO FROM INFRA.TRACTORAS WHERE EMPRESA = 'Bimbo'), (SELECT ID_USUARIO FROM INFRA.USUARIOS WHERE CVE_USUARIO = 'rmendoza@properservices.com.mx') );
INSERT INTO INFRA.CLIENTES ( ID_USUARIO, CLIENTE) VALUES( (SELECT ID_USUARIO FROM INFRA.USUARIOS WHERE CVE_USUARIO = 'rmendoza@properservices.com.mx'), 'Bimbo' );


--Casa Cuervo

--TOP IMPORTACIONES SA DE CV
INSERT INTO INFRA.USUARIOS ( CVE_USUARIO, PASSWORD ) VALUES( 'direccion@airman.com.mx', 'ccmx1234' );
INSERT INTO INFRA.REL_ROLES ( CVE_ROL, CVE_USUARIO ) VALUES( 'PyME', 'direccion@airman.com.mx' );
INSERT INTO INFRA.PYMES ( ID_USUARIO, ID_USUARIO_PADRE, CORREO_ELECTRONICO, NOMBRE_COMERCIAL ) VALUES( (SELECT ID_USUARIO FROM INFRA.USUARIOS WHERE CVE_USUARIO = 'direccion@airman.com.mx'), '1', 'direccion@airman.com.mx', 'TOP IMPORTACIONES SA DE CV' );
INSERT INTO INFRA.CONTACTOS (ID_USUARIO, TIPO, NOMBRE, APELLIDO_PATERNO, APELLIDO_MATERNO, CORREO_ELECTRONICO, B_PRINCIPAL, TELEFONO) VALUES ( (SELECT ID_USUARIO FROM INFRA.USUARIOS WHERE CVE_USUARIO = 'direccion@airman.com.mx'), 'Ventas', 'Santiago', 'Uribe', 'Zavala', 'direccion@airman.com.mx', true, '');
INSERT INTO INFRA.REL_PYMES_TRACTORAS ( ID_USUARIO_TRACTORA, ID_USUARIO_PYME) VALUES( (SELECT ID_USUARIO FROM INFRA.TRACTORAS WHERE EMPRESA = 'Casa Cuervo'), (SELECT ID_USUARIO FROM INFRA.USUARIOS WHERE CVE_USUARIO = 'direccion@airman.com.mx') );
INSERT INTO INFRA.CLIENTES ( ID_USUARIO, CLIENTE) VALUES( (SELECT ID_USUARIO FROM INFRA.USUARIOS WHERE CVE_USUARIO = 'direccion@airman.com.mx'), 'Casa Cuervo' );

--ERICK IVAN MERCADO FLORES
INSERT INTO INFRA.USUARIOS ( CVE_USUARIO, PASSWORD ) VALUES( 'emercado@espacios-ingenieria.com', 'ccmx1234' );
INSERT INTO INFRA.REL_ROLES ( CVE_ROL, CVE_USUARIO ) VALUES( 'PyME', 'emercado@espacios-ingenieria.com' );
INSERT INTO INFRA.PYMES ( ID_USUARIO, ID_USUARIO_PADRE, CORREO_ELECTRONICO, NOMBRE_COMERCIAL ) VALUES( (SELECT ID_USUARIO FROM INFRA.USUARIOS WHERE CVE_USUARIO = 'emercado@espacios-ingenieria.com'), '1', 'emercado@espacios-ingenieria.com', 'ERICK IVAN MERCADO FLORES' );
INSERT INTO INFRA.CONTACTOS (ID_USUARIO, TIPO, NOMBRE, APELLIDO_PATERNO, APELLIDO_MATERNO, CORREO_ELECTRONICO, B_PRINCIPAL, TELEFONO) VALUES ( (SELECT ID_USUARIO FROM INFRA.USUARIOS WHERE CVE_USUARIO = 'emercado@espacios-ingenieria.com'), 'Ventas', 'Milton Paul', 'Mercado', 'Flores', 'emercado@espacios-ingenieria.com', true, '');
INSERT INTO INFRA.REL_PYMES_TRACTORAS ( ID_USUARIO_TRACTORA, ID_USUARIO_PYME) VALUES( (SELECT ID_USUARIO FROM INFRA.TRACTORAS WHERE EMPRESA = 'Casa Cuervo'), (SELECT ID_USUARIO FROM INFRA.USUARIOS WHERE CVE_USUARIO = 'emercado@espacios-ingenieria.com') );
INSERT INTO INFRA.CLIENTES ( ID_USUARIO, CLIENTE) VALUES( (SELECT ID_USUARIO FROM INFRA.USUARIOS WHERE CVE_USUARIO = 'emercado@espacios-ingenieria.com'), 'Casa Cuervo' );

--MAURICIO MUNGUIA ANAY
INSERT INTO INFRA.USUARIOS ( CVE_USUARIO, PASSWORD ) VALUES( 'mmuam@prodigy.net.mx', 'ccmx1234' );
INSERT INTO INFRA.REL_ROLES ( CVE_ROL, CVE_USUARIO ) VALUES( 'PyME', 'mmuam@prodigy.net.mx' );
INSERT INTO INFRA.PYMES ( ID_USUARIO, ID_USUARIO_PADRE, CORREO_ELECTRONICO, NOMBRE_COMERCIAL ) VALUES( (SELECT ID_USUARIO FROM INFRA.USUARIOS WHERE CVE_USUARIO = 'mmuam@prodigy.net.mx'), '1', 'mmuam@prodigy.net.mx', 'MAURICIO MUNGUIA ANAY' );
INSERT INTO INFRA.CONTACTOS (ID_USUARIO, TIPO, NOMBRE, APELLIDO_PATERNO, APELLIDO_MATERNO, CORREO_ELECTRONICO, B_PRINCIPAL, TELEFONO) VALUES ( (SELECT ID_USUARIO FROM INFRA.USUARIOS WHERE CVE_USUARIO = 'mmuam@prodigy.net.mx'), 'Ventas', 'Mauricio', 'Munguia', 'Anaya', 'mmuam@prodigy.net.mx', true, '');
INSERT INTO INFRA.REL_PYMES_TRACTORAS ( ID_USUARIO_TRACTORA, ID_USUARIO_PYME) VALUES( (SELECT ID_USUARIO FROM INFRA.TRACTORAS WHERE EMPRESA = 'Casa Cuervo'), (SELECT ID_USUARIO FROM INFRA.USUARIOS WHERE CVE_USUARIO = 'mmuam@prodigy.net.mx') );
INSERT INTO INFRA.CLIENTES ( ID_USUARIO, CLIENTE) VALUES( (SELECT ID_USUARIO FROM INFRA.USUARIOS WHERE CVE_USUARIO = 'mmuam@prodigy.net.mx'), 'Casa Cuervo' );

--ADALBERTO NAVARRO MINERO
INSERT INTO INFRA.USUARIOS ( CVE_USUARIO, PASSWORD ) VALUES( 'navarrotql@yahoo.com.mx', 'ccmx1234' );
INSERT INTO INFRA.REL_ROLES ( CVE_ROL, CVE_USUARIO ) VALUES( 'PyME', 'navarrotql@yahoo.com.mx' );
INSERT INTO INFRA.PYMES ( ID_USUARIO, ID_USUARIO_PADRE, CORREO_ELECTRONICO, NOMBRE_COMERCIAL ) VALUES( (SELECT ID_USUARIO FROM INFRA.USUARIOS WHERE CVE_USUARIO = 'navarrotql@yahoo.com.mx'), '1', 'navarrotql@yahoo.com.mx', 'ADALBERTO NAVARRO MINERO' );
INSERT INTO INFRA.CONTACTOS (ID_USUARIO, TIPO, NOMBRE, APELLIDO_PATERNO, APELLIDO_MATERNO, CORREO_ELECTRONICO, B_PRINCIPAL, TELEFONO) VALUES ( (SELECT ID_USUARIO FROM INFRA.USUARIOS WHERE CVE_USUARIO = 'navarrotql@yahoo.com.mx'), 'Ventas', 'Adalberto', 'Navarro', 'Minero', 'navarrotql@yahoo.com.mx', true, '');
INSERT INTO INFRA.REL_PYMES_TRACTORAS ( ID_USUARIO_TRACTORA, ID_USUARIO_PYME) VALUES( (SELECT ID_USUARIO FROM INFRA.TRACTORAS WHERE EMPRESA = 'Casa Cuervo'), (SELECT ID_USUARIO FROM INFRA.USUARIOS WHERE CVE_USUARIO = 'navarrotql@yahoo.com.mx') );
INSERT INTO INFRA.CLIENTES ( ID_USUARIO, CLIENTE) VALUES( (SELECT ID_USUARIO FROM INFRA.USUARIOS WHERE CVE_USUARIO = 'navarrotql@yahoo.com.mx'), 'Casa Cuervo' );

--PROIMI SA DE CV
INSERT INTO INFRA.USUARIOS ( CVE_USUARIO, PASSWORD ) VALUES( 'mquezada.proimia@megared.net.mx', 'ccmx1234' );
INSERT INTO INFRA.REL_ROLES ( CVE_ROL, CVE_USUARIO ) VALUES( 'PyME', 'mquezada.proimia@megared.net.mx' );
INSERT INTO INFRA.PYMES ( ID_USUARIO, ID_USUARIO_PADRE, CORREO_ELECTRONICO, NOMBRE_COMERCIAL ) VALUES( (SELECT ID_USUARIO FROM INFRA.USUARIOS WHERE CVE_USUARIO = 'mquezada.proimia@megared.net.mx'), '1', 'mquezada.proimia@megared.net.mx', 'PROIMI SA DE CV' );
INSERT INTO INFRA.CONTACTOS (ID_USUARIO, TIPO, NOMBRE, APELLIDO_PATERNO, APELLIDO_MATERNO, CORREO_ELECTRONICO, B_PRINCIPAL, TELEFONO) VALUES ( (SELECT ID_USUARIO FROM INFRA.USUARIOS WHERE CVE_USUARIO = 'mquezada.proimia@megared.net.mx'), 'Ventas', 'Miguel Angel', 'Quezada', 'Chavez', 'mquezada.proimia@megared.net.mx', true, '');
INSERT INTO INFRA.REL_PYMES_TRACTORAS ( ID_USUARIO_TRACTORA, ID_USUARIO_PYME) VALUES( (SELECT ID_USUARIO FROM INFRA.TRACTORAS WHERE EMPRESA = 'Casa Cuervo'), (SELECT ID_USUARIO FROM INFRA.USUARIOS WHERE CVE_USUARIO = 'mquezada.proimia@megared.net.mx') );
INSERT INTO INFRA.CLIENTES ( ID_USUARIO, CLIENTE) VALUES( (SELECT ID_USUARIO FROM INFRA.USUARIOS WHERE CVE_USUARIO = 'mquezada.proimia@megared.net.mx'), 'Casa Cuervo' );

--CANDELARIA SALAS CURIEL
INSERT INTO INFRA.USUARIOS ( CVE_USUARIO, PASSWORD ) VALUES( 'consupapeleria@hotmail.com', 'ccmx1234' );
INSERT INTO INFRA.REL_ROLES ( CVE_ROL, CVE_USUARIO ) VALUES( 'PyME', 'consupapeleria@hotmail.com' );
INSERT INTO INFRA.PYMES ( ID_USUARIO, ID_USUARIO_PADRE, CORREO_ELECTRONICO, NOMBRE_COMERCIAL ) VALUES( (SELECT ID_USUARIO FROM INFRA.USUARIOS WHERE CVE_USUARIO = 'consupapeleria@hotmail.com'), '1', 'consupapeleria@hotmail.com', 'CANDELARIA SALAS CURIEL' );
INSERT INTO INFRA.CONTACTOS (ID_USUARIO, TIPO, NOMBRE, APELLIDO_PATERNO, APELLIDO_MATERNO, CORREO_ELECTRONICO, B_PRINCIPAL, TELEFONO) VALUES ( (SELECT ID_USUARIO FROM INFRA.USUARIOS WHERE CVE_USUARIO = 'consupapeleria@hotmail.com'), 'Ventas', 'Cadelaria', 'Salas', 'Curiel', 'consupapeleria@hotmail.com', true, '');
INSERT INTO INFRA.REL_PYMES_TRACTORAS ( ID_USUARIO_TRACTORA, ID_USUARIO_PYME) VALUES( (SELECT ID_USUARIO FROM INFRA.TRACTORAS WHERE EMPRESA = 'Casa Cuervo'), (SELECT ID_USUARIO FROM INFRA.USUARIOS WHERE CVE_USUARIO = 'consupapeleria@hotmail.com') );
INSERT INTO INFRA.CLIENTES ( ID_USUARIO, CLIENTE) VALUES( (SELECT ID_USUARIO FROM INFRA.USUARIOS WHERE CVE_USUARIO = 'consupapeleria@hotmail.com'), 'Casa Cuervo' );

--MATERIALES ELECTRICOS Y FERRETEROS
INSERT INTO INFRA.USUARIOS ( CVE_USUARIO, PASSWORD ) VALUES( 'materialeselectricos_1@hotmail.com', 'ccmx1234' );
INSERT INTO INFRA.REL_ROLES ( CVE_ROL, CVE_USUARIO ) VALUES( 'PyME', 'materialeselectricos_1@hotmail.com' );
INSERT INTO INFRA.PYMES ( ID_USUARIO, ID_USUARIO_PADRE, CORREO_ELECTRONICO, NOMBRE_COMERCIAL ) VALUES( (SELECT ID_USUARIO FROM INFRA.USUARIOS WHERE CVE_USUARIO = 'materialeselectricos_1@hotmail.com'), '1', 'materialeselectricos_1@hotmail.com', 'MATERIALES ELECTRICOS Y FERRETEROS' );
INSERT INTO INFRA.CONTACTOS (ID_USUARIO, TIPO, NOMBRE, APELLIDO_PATERNO, APELLIDO_MATERNO, CORREO_ELECTRONICO, B_PRINCIPAL, TELEFONO) VALUES ( (SELECT ID_USUARIO FROM INFRA.USUARIOS WHERE CVE_USUARIO = 'materialeselectricos_1@hotmail.com'), 'Ventas', 'Francisco', 'Salazar', '', 'materialeselectricos_1@hotmail.com', true, '');
INSERT INTO INFRA.REL_PYMES_TRACTORAS ( ID_USUARIO_TRACTORA, ID_USUARIO_PYME) VALUES( (SELECT ID_USUARIO FROM INFRA.TRACTORAS WHERE EMPRESA = 'Casa Cuervo'), (SELECT ID_USUARIO FROM INFRA.USUARIOS WHERE CVE_USUARIO = 'materialeselectricos_1@hotmail.com') );
INSERT INTO INFRA.CLIENTES ( ID_USUARIO, CLIENTE) VALUES( (SELECT ID_USUARIO FROM INFRA.USUARIOS WHERE CVE_USUARIO = 'materialeselectricos_1@hotmail.com'), 'Casa Cuervo' );

--AGRONEGOCIOS Y SEMILLAS MEGA S.A. DE C.V.
INSERT INTO INFRA.USUARIOS ( CVE_USUARIO, PASSWORD ) VALUES( 'amedinilla@agromega.com', 'ccmx1234' );
INSERT INTO INFRA.REL_ROLES ( CVE_ROL, CVE_USUARIO ) VALUES( 'PyME', 'amedinilla@agromega.com' );
INSERT INTO INFRA.PYMES ( ID_USUARIO, ID_USUARIO_PADRE, CORREO_ELECTRONICO, NOMBRE_COMERCIAL ) VALUES( (SELECT ID_USUARIO FROM INFRA.USUARIOS WHERE CVE_USUARIO = 'amedinilla@agromega.com'), '1', 'amedinilla@agromega.com', 'AGRONEGOCIOS Y SEMILLAS MEGA S.A. DE C.V.' );
INSERT INTO INFRA.CONTACTOS (ID_USUARIO, TIPO, NOMBRE, APELLIDO_PATERNO, APELLIDO_MATERNO, CORREO_ELECTRONICO, B_PRINCIPAL, TELEFONO) VALUES ( (SELECT ID_USUARIO FROM INFRA.USUARIOS WHERE CVE_USUARIO = 'amedinilla@agromega.com'), 'Ventas', 'Agustin', 'Medinilla', 'Ojeda', 'amedinilla@agromega.com', true, '');
INSERT INTO INFRA.REL_PYMES_TRACTORAS ( ID_USUARIO_TRACTORA, ID_USUARIO_PYME) VALUES( (SELECT ID_USUARIO FROM INFRA.TRACTORAS WHERE EMPRESA = 'Casa Cuervo'), (SELECT ID_USUARIO FROM INFRA.USUARIOS WHERE CVE_USUARIO = 'amedinilla@agromega.com') );
INSERT INTO INFRA.CLIENTES ( ID_USUARIO, CLIENTE) VALUES( (SELECT ID_USUARIO FROM INFRA.USUARIOS WHERE CVE_USUARIO = 'amedinilla@agromega.com'), 'Casa Cuervo' );

--MACOBA
INSERT INTO INFRA.USUARIOS ( CVE_USUARIO, PASSWORD ) VALUES( 'administracion@macoba.com.mx', 'ccmx1234' );
INSERT INTO INFRA.REL_ROLES ( CVE_ROL, CVE_USUARIO ) VALUES( 'PyME', 'administracion@macoba.com.mx' );
INSERT INTO INFRA.PYMES ( ID_USUARIO, ID_USUARIO_PADRE, CORREO_ELECTRONICO, NOMBRE_COMERCIAL ) VALUES( (SELECT ID_USUARIO FROM INFRA.USUARIOS WHERE CVE_USUARIO = 'administracion@macoba.com.mx'), '1', 'administracion@macoba.com.mx', 'MACOBA' );
INSERT INTO INFRA.CONTACTOS (ID_USUARIO, TIPO, NOMBRE, APELLIDO_PATERNO, APELLIDO_MATERNO, CORREO_ELECTRONICO, B_PRINCIPAL, TELEFONO) VALUES ( (SELECT ID_USUARIO FROM INFRA.USUARIOS WHERE CVE_USUARIO = 'administracion@macoba.com.mx'), 'Ventas', 'Luis Alberto', 'Rios', 'Pulido', 'administracion@macoba.com.mx', true, '');
INSERT INTO INFRA.REL_PYMES_TRACTORAS ( ID_USUARIO_TRACTORA, ID_USUARIO_PYME) VALUES( (SELECT ID_USUARIO FROM INFRA.TRACTORAS WHERE EMPRESA = 'Casa Cuervo'), (SELECT ID_USUARIO FROM INFRA.USUARIOS WHERE CVE_USUARIO = 'administracion@macoba.com.mx') );
INSERT INTO INFRA.CLIENTES ( ID_USUARIO, CLIENTE) VALUES( (SELECT ID_USUARIO FROM INFRA.USUARIOS WHERE CVE_USUARIO = 'administracion@macoba.com.mx'), 'Casa Cuervo' );

--MAQUINADOS MECANIZADOS Y FUNDICION
INSERT INTO INFRA.USUARIOS ( CVE_USUARIO, PASSWORD ) VALUES( 'maquinados68@prodigy.net.mx', 'ccmx1234' );
INSERT INTO INFRA.REL_ROLES ( CVE_ROL, CVE_USUARIO ) VALUES( 'PyME', 'maquinados68@prodigy.net.mx' );
INSERT INTO INFRA.PYMES ( ID_USUARIO, ID_USUARIO_PADRE, CORREO_ELECTRONICO, NOMBRE_COMERCIAL ) VALUES( (SELECT ID_USUARIO FROM INFRA.USUARIOS WHERE CVE_USUARIO = 'maquinados68@prodigy.net.mx'), '1', 'maquinados68@prodigy.net.mx', 'MAQUINADOS MECANIZADOS Y FUNDICION' );
INSERT INTO INFRA.CONTACTOS (ID_USUARIO, TIPO, NOMBRE, APELLIDO_PATERNO, APELLIDO_MATERNO, CORREO_ELECTRONICO, B_PRINCIPAL, TELEFONO) VALUES ( (SELECT ID_USUARIO FROM INFRA.USUARIOS WHERE CVE_USUARIO = 'maquinados68@prodigy.net.mx'), 'Ventas', 'Miguel', 'Ortega', 'Sevilla', 'maquinados68@prodigy.net.mx', true, '');
INSERT INTO INFRA.REL_PYMES_TRACTORAS ( ID_USUARIO_TRACTORA, ID_USUARIO_PYME) VALUES( (SELECT ID_USUARIO FROM INFRA.TRACTORAS WHERE EMPRESA = 'Casa Cuervo'), (SELECT ID_USUARIO FROM INFRA.USUARIOS WHERE CVE_USUARIO = 'maquinados68@prodigy.net.mx') );
INSERT INTO INFRA.CLIENTES ( ID_USUARIO, CLIENTE) VALUES( (SELECT ID_USUARIO FROM INFRA.USUARIOS WHERE CVE_USUARIO = 'maquinados68@prodigy.net.mx'), 'Casa Cuervo' );

--DIMENTAL
INSERT INTO INFRA.USUARIOS ( CVE_USUARIO, PASSWORD ) VALUES( 'dimetal.sa@hotmail.com', 'ccmx1234' );
INSERT INTO INFRA.REL_ROLES ( CVE_ROL, CVE_USUARIO ) VALUES( 'PyME', 'dimetal.sa@hotmail.com' );
INSERT INTO INFRA.PYMES ( ID_USUARIO, ID_USUARIO_PADRE, CORREO_ELECTRONICO, NOMBRE_COMERCIAL ) VALUES( (SELECT ID_USUARIO FROM INFRA.USUARIOS WHERE CVE_USUARIO = 'dimetal.sa@hotmail.com'), '1', 'dimetal.sa@hotmail.com', 'DIMENTAL' );
INSERT INTO INFRA.CONTACTOS (ID_USUARIO, TIPO, NOMBRE, APELLIDO_PATERNO, APELLIDO_MATERNO, CORREO_ELECTRONICO, B_PRINCIPAL, TELEFONO) VALUES ( (SELECT ID_USUARIO FROM INFRA.USUARIOS WHERE CVE_USUARIO = 'dimetal.sa@hotmail.com'), 'Ventas', 'Juan', 'Bernal', 'Vasquez', 'dimetal.sa@hotmail.com', true, '');
INSERT INTO INFRA.REL_PYMES_TRACTORAS ( ID_USUARIO_TRACTORA, ID_USUARIO_PYME) VALUES( (SELECT ID_USUARIO FROM INFRA.TRACTORAS WHERE EMPRESA = 'Casa Cuervo'), (SELECT ID_USUARIO FROM INFRA.USUARIOS WHERE CVE_USUARIO = 'dimetal.sa@hotmail.com') );
INSERT INTO INFRA.CLIENTES ( ID_USUARIO, CLIENTE) VALUES( (SELECT ID_USUARIO FROM INFRA.USUARIOS WHERE CVE_USUARIO = 'dimetal.sa@hotmail.com'), 'Casa Cuervo' );

--Ideas y Soluciones en Estuche, S.A. de C.V.
INSERT INTO INFRA.USUARIOS ( CVE_USUARIO, PASSWORD ) VALUES( 'ocolin68@prodigy.net.mx', 'ccmx1234' );
INSERT INTO INFRA.REL_ROLES ( CVE_ROL, CVE_USUARIO ) VALUES( 'PyME', 'ocolin68@prodigy.net.mx' );
INSERT INTO INFRA.PYMES ( ID_USUARIO, ID_USUARIO_PADRE, CORREO_ELECTRONICO, NOMBRE_COMERCIAL ) VALUES( (SELECT ID_USUARIO FROM INFRA.USUARIOS WHERE CVE_USUARIO = 'ocolin68@prodigy.net.mx'), '1', 'ocolin68@prodigy.net.mx', 'Ideas y Soluciones en Estuche, S.A. de C.V.' );
INSERT INTO INFRA.CONTACTOS (ID_USUARIO, TIPO, NOMBRE, APELLIDO_PATERNO, APELLIDO_MATERNO, CORREO_ELECTRONICO, B_PRINCIPAL, TELEFONO) VALUES ( (SELECT ID_USUARIO FROM INFRA.USUARIOS WHERE CVE_USUARIO = 'ocolin68@prodigy.net.mx'), 'Ventas', 'Bernardo', 'Colun', 'Escamilla', 'ocolin68@prodigy.net.mx', true, '58245401');
INSERT INTO INFRA.REL_PYMES_TRACTORAS ( ID_USUARIO_TRACTORA, ID_USUARIO_PYME) VALUES( (SELECT ID_USUARIO FROM INFRA.TRACTORAS WHERE EMPRESA = 'Casa Cuervo'), (SELECT ID_USUARIO FROM INFRA.USUARIOS WHERE CVE_USUARIO = 'ocolin68@prodigy.net.mx') );
INSERT INTO INFRA.CLIENTES ( ID_USUARIO, CLIENTE) VALUES( (SELECT ID_USUARIO FROM INFRA.USUARIOS WHERE CVE_USUARIO = 'ocolin68@prodigy.net.mx'), 'Casa Cuervo' );

--Gamagraf Impresores, S.A. de C.V.
INSERT INTO INFRA.USUARIOS ( CVE_USUARIO, PASSWORD ) VALUES( 'arizmendi@gamagraf.com.mx', 'ccmx1234' );
INSERT INTO INFRA.REL_ROLES ( CVE_ROL, CVE_USUARIO ) VALUES( 'PyME', 'arizmendi@gamagraf.com.mx' );
INSERT INTO INFRA.PYMES ( ID_USUARIO, ID_USUARIO_PADRE, CORREO_ELECTRONICO, NOMBRE_COMERCIAL ) VALUES( (SELECT ID_USUARIO FROM INFRA.USUARIOS WHERE CVE_USUARIO = 'arizmendi@gamagraf.com.mx'), '1', 'arizmendi@gamagraf.com.mx', 'Gamagraf Impresores, S.A. de C.V.' );
INSERT INTO INFRA.CONTACTOS (ID_USUARIO, TIPO, NOMBRE, APELLIDO_PATERNO, APELLIDO_MATERNO, CORREO_ELECTRONICO, B_PRINCIPAL, TELEFONO) VALUES ( (SELECT ID_USUARIO FROM INFRA.USUARIOS WHERE CVE_USUARIO = 'arizmendi@gamagraf.com.mx'), 'Ventas', 'Guillermo', 'Arizmendi', 'Pedrajo', 'arizmendi@gamagraf.com.mx', true, '10843257');
INSERT INTO INFRA.REL_PYMES_TRACTORAS ( ID_USUARIO_TRACTORA, ID_USUARIO_PYME) VALUES( (SELECT ID_USUARIO FROM INFRA.TRACTORAS WHERE EMPRESA = 'Casa Cuervo'), (SELECT ID_USUARIO FROM INFRA.USUARIOS WHERE CVE_USUARIO = 'arizmendi@gamagraf.com.mx') );
INSERT INTO INFRA.CLIENTES ( ID_USUARIO, CLIENTE) VALUES( (SELECT ID_USUARIO FROM INFRA.USUARIOS WHERE CVE_USUARIO = 'arizmendi@gamagraf.com.mx'), 'Casa Cuervo' );

--Impacto Visual Arjo, S.A. de C.V. /Jorge Martínez, Ariel Martínez.
INSERT INTO INFRA.USUARIOS ( CVE_USUARIO, PASSWORD ) VALUES( 'bookermexico@hotmail.com', 'ccmx1234' );
INSERT INTO INFRA.REL_ROLES ( CVE_ROL, CVE_USUARIO ) VALUES( 'PyME', 'bookermexico@hotmail.com' );
INSERT INTO INFRA.PYMES ( ID_USUARIO, ID_USUARIO_PADRE, CORREO_ELECTRONICO, NOMBRE_COMERCIAL ) VALUES( (SELECT ID_USUARIO FROM INFRA.USUARIOS WHERE CVE_USUARIO = 'bookermexico@hotmail.com'), '1', 'bookermexico@hotmail.com', 'Impacto Visual Arjo, S.A. de C.V. /Jorge Martínez, Ariel Martínez.' );
INSERT INTO INFRA.CONTACTOS (ID_USUARIO, TIPO, NOMBRE, APELLIDO_PATERNO, APELLIDO_MATERNO, CORREO_ELECTRONICO, B_PRINCIPAL, TELEFONO) VALUES ( (SELECT ID_USUARIO FROM INFRA.USUARIOS WHERE CVE_USUARIO = 'bookermexico@hotmail.com'), 'Ventas', 'Jorge', 'Martinez', 'Guerrero', 'bookermexico@hotmail.com', true, '5525139632');
INSERT INTO INFRA.REL_PYMES_TRACTORAS ( ID_USUARIO_TRACTORA, ID_USUARIO_PYME) VALUES( (SELECT ID_USUARIO FROM INFRA.TRACTORAS WHERE EMPRESA = 'Casa Cuervo'), (SELECT ID_USUARIO FROM INFRA.USUARIOS WHERE CVE_USUARIO = 'bookermexico@hotmail.com') );
INSERT INTO INFRA.CLIENTES ( ID_USUARIO, CLIENTE) VALUES( (SELECT ID_USUARIO FROM INFRA.USUARIOS WHERE CVE_USUARIO = 'bookermexico@hotmail.com'), 'Casa Cuervo' );

--Química del Atlántico, S.A. de C.V.
INSERT INTO INFRA.USUARIOS ( CVE_USUARIO, PASSWORD ) VALUES( 'cesargruiz@givemail.com', 'ccmx1234' );
INSERT INTO INFRA.REL_ROLES ( CVE_ROL, CVE_USUARIO ) VALUES( 'PyME', 'cesargruiz@givemail.com' );
INSERT INTO INFRA.PYMES ( ID_USUARIO, ID_USUARIO_PADRE, CORREO_ELECTRONICO, NOMBRE_COMERCIAL ) VALUES( (SELECT ID_USUARIO FROM INFRA.USUARIOS WHERE CVE_USUARIO = 'cesargruiz@givemail.com'), '1', 'cesargruiz@givemail.com', 'Química del Atlántico, S.A. de C.V.' );
INSERT INTO INFRA.CONTACTOS (ID_USUARIO, TIPO, NOMBRE, APELLIDO_PATERNO, APELLIDO_MATERNO, CORREO_ELECTRONICO, B_PRINCIPAL, TELEFONO) VALUES ( (SELECT ID_USUARIO FROM INFRA.USUARIOS WHERE CVE_USUARIO = 'cesargruiz@givemail.com'), 'Ventas', 'Cesar', 'Guerrero', '', 'cesargruiz@givemail.com', true, '56573188');
INSERT INTO INFRA.REL_PYMES_TRACTORAS ( ID_USUARIO_TRACTORA, ID_USUARIO_PYME) VALUES( (SELECT ID_USUARIO FROM INFRA.TRACTORAS WHERE EMPRESA = 'Casa Cuervo'), (SELECT ID_USUARIO FROM INFRA.USUARIOS WHERE CVE_USUARIO = 'cesargruiz@givemail.com') );
INSERT INTO INFRA.CLIENTES ( ID_USUARIO, CLIENTE) VALUES( (SELECT ID_USUARIO FROM INFRA.USUARIOS WHERE CVE_USUARIO = 'cesargruiz@givemail.com'), 'Casa Cuervo' );

--Fenga, S.A de C.V.
INSERT INTO INFRA.USUARIOS ( CVE_USUARIO, PASSWORD ) VALUES( 'JUSSI@FENGA.COM', 'ccmx1234' );
INSERT INTO INFRA.REL_ROLES ( CVE_ROL, CVE_USUARIO ) VALUES( 'PyME', 'JUSSI@FENGA.COM' );
INSERT INTO INFRA.PYMES ( ID_USUARIO, ID_USUARIO_PADRE, CORREO_ELECTRONICO, NOMBRE_COMERCIAL ) VALUES( (SELECT ID_USUARIO FROM INFRA.USUARIOS WHERE CVE_USUARIO = 'JUSSI@FENGA.COM'), '1', 'JUSSI@FENGA.COM', 'Fenga, S.A de C.V.' );
INSERT INTO INFRA.CONTACTOS (ID_USUARIO, TIPO, NOMBRE, APELLIDO_PATERNO, APELLIDO_MATERNO, CORREO_ELECTRONICO, B_PRINCIPAL, TELEFONO) VALUES ( (SELECT ID_USUARIO FROM INFRA.USUARIOS WHERE CVE_USUARIO = 'JUSSI@FENGA.COM'), 'Ventas', 'Jussi', 'Walker', '', 'JUSSI@FENGA.COM', true, '53581850');
INSERT INTO INFRA.REL_PYMES_TRACTORAS ( ID_USUARIO_TRACTORA, ID_USUARIO_PYME) VALUES( (SELECT ID_USUARIO FROM INFRA.TRACTORAS WHERE EMPRESA = 'Casa Cuervo'), (SELECT ID_USUARIO FROM INFRA.USUARIOS WHERE CVE_USUARIO = 'JUSSI@FENGA.COM') );
INSERT INTO INFRA.CLIENTES ( ID_USUARIO, CLIENTE) VALUES( (SELECT ID_USUARIO FROM INFRA.USUARIOS WHERE CVE_USUARIO = 'JUSSI@FENGA.COM'), 'Casa Cuervo' );

--Miguel Ángel García Ramírez.
INSERT INTO INFRA.USUARIOS ( CVE_USUARIO, PASSWORD ) VALUES( 'GARCIMOD@PRODIGY.NET.MX', 'ccmx1234' );
INSERT INTO INFRA.REL_ROLES ( CVE_ROL, CVE_USUARIO ) VALUES( 'PyME', 'GARCIMOD@PRODIGY.NET.MX' );
INSERT INTO INFRA.PYMES ( ID_USUARIO, ID_USUARIO_PADRE, CORREO_ELECTRONICO, NOMBRE_COMERCIAL ) VALUES( (SELECT ID_USUARIO FROM INFRA.USUARIOS WHERE CVE_USUARIO = 'GARCIMOD@PRODIGY.NET.MX'), '1', 'GARCIMOD@PRODIGY.NET.MX', 'Miguel Ángel García Ramírez.' );
INSERT INTO INFRA.CONTACTOS (ID_USUARIO, TIPO, NOMBRE, APELLIDO_PATERNO, APELLIDO_MATERNO, CORREO_ELECTRONICO, B_PRINCIPAL, TELEFONO) VALUES ( (SELECT ID_USUARIO FROM INFRA.USUARIOS WHERE CVE_USUARIO = 'GARCIMOD@PRODIGY.NET.MX'), 'Ventas', 'Miguel Angel', 'Garcia', 'Ramirez', 'GARCIMOD@PRODIGY.NET.MX', true, '55747664');
INSERT INTO INFRA.REL_PYMES_TRACTORAS ( ID_USUARIO_TRACTORA, ID_USUARIO_PYME) VALUES( (SELECT ID_USUARIO FROM INFRA.TRACTORAS WHERE EMPRESA = 'Casa Cuervo'), (SELECT ID_USUARIO FROM INFRA.USUARIOS WHERE CVE_USUARIO = 'GARCIMOD@PRODIGY.NET.MX') );
INSERT INTO INFRA.CLIENTES ( ID_USUARIO, CLIENTE) VALUES( (SELECT ID_USUARIO FROM INFRA.USUARIOS WHERE CVE_USUARIO = 'GARCIMOD@PRODIGY.NET.MX'), 'Casa Cuervo' );

--Alkila Event Solutions, S.A de C.V.
INSERT INTO INFRA.USUARIOS ( CVE_USUARIO, PASSWORD ) VALUES( 'SAMIR@ALKILA.COM.MX', 'ccmx1234' );
INSERT INTO INFRA.REL_ROLES ( CVE_ROL, CVE_USUARIO ) VALUES( 'PyME', 'SAMIR@ALKILA.COM.MX' );
INSERT INTO INFRA.PYMES ( ID_USUARIO, ID_USUARIO_PADRE, CORREO_ELECTRONICO, NOMBRE_COMERCIAL ) VALUES( (SELECT ID_USUARIO FROM INFRA.USUARIOS WHERE CVE_USUARIO = 'SAMIR@ALKILA.COM.MX'), '1', 'SAMIR@ALKILA.COM.MX', 'Alkila Event Solutions, S.A de C.V.' );
INSERT INTO INFRA.CONTACTOS (ID_USUARIO, TIPO, NOMBRE, APELLIDO_PATERNO, APELLIDO_MATERNO, CORREO_ELECTRONICO, B_PRINCIPAL, TELEFONO) VALUES ( (SELECT ID_USUARIO FROM INFRA.USUARIOS WHERE CVE_USUARIO = 'SAMIR@ALKILA.COM.MX'), 'Ventas', 'Samir', 'Elgare', 'Moises', 'SAMIR@ALKILA.COM.MX', true, '85021556');
INSERT INTO INFRA.REL_PYMES_TRACTORAS ( ID_USUARIO_TRACTORA, ID_USUARIO_PYME) VALUES( (SELECT ID_USUARIO FROM INFRA.TRACTORAS WHERE EMPRESA = 'Casa Cuervo'), (SELECT ID_USUARIO FROM INFRA.USUARIOS WHERE CVE_USUARIO = 'SAMIR@ALKILA.COM.MX') );
INSERT INTO INFRA.CLIENTES ( ID_USUARIO, CLIENTE) VALUES( (SELECT ID_USUARIO FROM INFRA.USUARIOS WHERE CVE_USUARIO = 'SAMIR@ALKILA.COM.MX'), 'Casa Cuervo' );

--Arte y Punto Network, S.A de C.V.
INSERT INTO INFRA.USUARIOS ( CVE_USUARIO, PASSWORD ) VALUES( 'ALEJANDRE@ARTEYPUNTO.TV', 'ccmx1234' );
INSERT INTO INFRA.REL_ROLES ( CVE_ROL, CVE_USUARIO ) VALUES( 'PyME', 'ALEJANDRE@ARTEYPUNTO.TV' );
INSERT INTO INFRA.PYMES ( ID_USUARIO, ID_USUARIO_PADRE, CORREO_ELECTRONICO, NOMBRE_COMERCIAL ) VALUES( (SELECT ID_USUARIO FROM INFRA.USUARIOS WHERE CVE_USUARIO = 'ALEJANDRE@ARTEYPUNTO.TV'), '1', 'ALEJANDRE@ARTEYPUNTO.TV', 'Arte y Punto Network, S.A de C.V.' );
INSERT INTO INFRA.CONTACTOS (ID_USUARIO, TIPO, NOMBRE, APELLIDO_PATERNO, APELLIDO_MATERNO, CORREO_ELECTRONICO, B_PRINCIPAL, TELEFONO) VALUES ( (SELECT ID_USUARIO FROM INFRA.USUARIOS WHERE CVE_USUARIO = 'ALEJANDRE@ARTEYPUNTO.TV'), 'Ventas', 'Alejandre', 'Chaves', '', 'ALEJANDRE@ARTEYPUNTO.TV', true, '5556960527');
INSERT INTO INFRA.REL_PYMES_TRACTORAS ( ID_USUARIO_TRACTORA, ID_USUARIO_PYME) VALUES( (SELECT ID_USUARIO FROM INFRA.TRACTORAS WHERE EMPRESA = 'Casa Cuervo'), (SELECT ID_USUARIO FROM INFRA.USUARIOS WHERE CVE_USUARIO = 'ALEJANDRE@ARTEYPUNTO.TV') );
INSERT INTO INFRA.CLIENTES ( ID_USUARIO, CLIENTE) VALUES( (SELECT ID_USUARIO FROM INFRA.USUARIOS WHERE CVE_USUARIO = 'ALEJANDRE@ARTEYPUNTO.TV'), 'Casa Cuervo' );

--Comercializadora JMG S.A. de C.V.
INSERT INTO INFRA.USUARIOS ( CVE_USUARIO, PASSWORD ) VALUES( 'mary_gloria_la@hotmail.com', 'ccmx1234' );
INSERT INTO INFRA.REL_ROLES ( CVE_ROL, CVE_USUARIO ) VALUES( 'PyME', 'mary_gloria_la@hotmail.com' );
INSERT INTO INFRA.PYMES ( ID_USUARIO, ID_USUARIO_PADRE, CORREO_ELECTRONICO, NOMBRE_COMERCIAL ) VALUES( (SELECT ID_USUARIO FROM INFRA.USUARIOS WHERE CVE_USUARIO = 'mary_gloria_la@hotmail.com'), '1', 'mary_gloria_la@hotmail.com', 'Comercializadora JMG S.A. de C.V.' );
INSERT INTO INFRA.CONTACTOS (ID_USUARIO, TIPO, NOMBRE, APELLIDO_PATERNO, APELLIDO_MATERNO, CORREO_ELECTRONICO, B_PRINCIPAL, TELEFONO) VALUES ( (SELECT ID_USUARIO FROM INFRA.USUARIOS WHERE CVE_USUARIO = 'mary_gloria_la@hotmail.com'), 'Ventas', '', '', '', 'mary_gloria_la@hotmail.com', true, '52605734');
INSERT INTO INFRA.REL_PYMES_TRACTORAS ( ID_USUARIO_TRACTORA, ID_USUARIO_PYME) VALUES( (SELECT ID_USUARIO FROM INFRA.TRACTORAS WHERE EMPRESA = 'Casa Cuervo'), (SELECT ID_USUARIO FROM INFRA.USUARIOS WHERE CVE_USUARIO = 'mary_gloria_la@hotmail.com') );
INSERT INTO INFRA.CLIENTES ( ID_USUARIO, CLIENTE) VALUES( (SELECT ID_USUARIO FROM INFRA.USUARIOS WHERE CVE_USUARIO = 'mary_gloria_la@hotmail.com'), 'Casa Cuervo' );

--Grupo Top.
INSERT INTO INFRA.USUARIOS ( CVE_USUARIO, PASSWORD ) VALUES( 'beatrizruiz@grupotop.com', 'ccmx1234' );
INSERT INTO INFRA.REL_ROLES ( CVE_ROL, CVE_USUARIO ) VALUES( 'PyME', 'beatrizruiz@grupotop.com' );
INSERT INTO INFRA.PYMES ( ID_USUARIO, ID_USUARIO_PADRE, CORREO_ELECTRONICO, NOMBRE_COMERCIAL ) VALUES( (SELECT ID_USUARIO FROM INFRA.USUARIOS WHERE CVE_USUARIO = 'beatrizruiz@grupotop.com'), '1', 'beatrizruiz@grupotop.com', 'Grupo Top.' );
INSERT INTO INFRA.CONTACTOS (ID_USUARIO, TIPO, NOMBRE, APELLIDO_PATERNO, APELLIDO_MATERNO, CORREO_ELECTRONICO, B_PRINCIPAL, TELEFONO) VALUES ( (SELECT ID_USUARIO FROM INFRA.USUARIOS WHERE CVE_USUARIO = 'beatrizruiz@grupotop.com'), 'Ventas', '', '', '', 'beatrizruiz@grupotop.com', true, '52555154');
INSERT INTO INFRA.REL_PYMES_TRACTORAS ( ID_USUARIO_TRACTORA, ID_USUARIO_PYME) VALUES( (SELECT ID_USUARIO FROM INFRA.TRACTORAS WHERE EMPRESA = 'Casa Cuervo'), (SELECT ID_USUARIO FROM INFRA.USUARIOS WHERE CVE_USUARIO = 'beatrizruiz@grupotop.com') );
INSERT INTO INFRA.CLIENTES ( ID_USUARIO, CLIENTE) VALUES( (SELECT ID_USUARIO FROM INFRA.USUARIOS WHERE CVE_USUARIO = 'beatrizruiz@grupotop.com'), 'Casa Cuervo' );

--Javier Gutiérrez Lugo.
INSERT INTO INFRA.USUARIOS ( CVE_USUARIO, PASSWORD ) VALUES( 'avilaignacio@yahoo.com', 'ccmx1234' );
INSERT INTO INFRA.REL_ROLES ( CVE_ROL, CVE_USUARIO ) VALUES( 'PyME', 'avilaignacio@yahoo.com' );
INSERT INTO INFRA.PYMES ( ID_USUARIO, ID_USUARIO_PADRE, CORREO_ELECTRONICO, NOMBRE_COMERCIAL ) VALUES( (SELECT ID_USUARIO FROM INFRA.USUARIOS WHERE CVE_USUARIO = 'avilaignacio@yahoo.com'), '1', 'avilaignacio@yahoo.com', 'Javier Gutiérrez Lugo.' );
INSERT INTO INFRA.CONTACTOS (ID_USUARIO, TIPO, NOMBRE, APELLIDO_PATERNO, APELLIDO_MATERNO, CORREO_ELECTRONICO, B_PRINCIPAL, TELEFONO) VALUES ( (SELECT ID_USUARIO FROM INFRA.USUARIOS WHERE CVE_USUARIO = 'avilaignacio@yahoo.com'), 'Ventas', '', '', '', 'avilaignacio@yahoo.com', true, '57669161');
INSERT INTO INFRA.REL_PYMES_TRACTORAS ( ID_USUARIO_TRACTORA, ID_USUARIO_PYME) VALUES( (SELECT ID_USUARIO FROM INFRA.TRACTORAS WHERE EMPRESA = 'Casa Cuervo'), (SELECT ID_USUARIO FROM INFRA.USUARIOS WHERE CVE_USUARIO = 'avilaignacio@yahoo.com') );
INSERT INTO INFRA.CLIENTES ( ID_USUARIO, CLIENTE) VALUES( (SELECT ID_USUARIO FROM INFRA.USUARIOS WHERE CVE_USUARIO = 'avilaignacio@yahoo.com'), 'Casa Cuervo' );

--Kobin Diseño, S.A. de C.V.
INSERT INTO INFRA.USUARIOS ( CVE_USUARIO, PASSWORD ) VALUES( 'martinespinosam@aol.com', 'ccmx1234' );
INSERT INTO INFRA.REL_ROLES ( CVE_ROL, CVE_USUARIO ) VALUES( 'PyME', 'martinespinosam@aol.com' );
INSERT INTO INFRA.PYMES ( ID_USUARIO, ID_USUARIO_PADRE, CORREO_ELECTRONICO, NOMBRE_COMERCIAL ) VALUES( (SELECT ID_USUARIO FROM INFRA.USUARIOS WHERE CVE_USUARIO = 'martinespinosam@aol.com'), '1', 'martinespinosam@aol.com', 'Kobin Diseño, S.A. de C.V.' );
INSERT INTO INFRA.CONTACTOS (ID_USUARIO, TIPO, NOMBRE, APELLIDO_PATERNO, APELLIDO_MATERNO, CORREO_ELECTRONICO, B_PRINCIPAL, TELEFONO) VALUES ( (SELECT ID_USUARIO FROM INFRA.USUARIOS WHERE CVE_USUARIO = 'martinespinosam@aol.com'), 'Ventas', '', '', '', 'martinespinosam@aol.com', true, '56705488');
INSERT INTO INFRA.REL_PYMES_TRACTORAS ( ID_USUARIO_TRACTORA, ID_USUARIO_PYME) VALUES( (SELECT ID_USUARIO FROM INFRA.TRACTORAS WHERE EMPRESA = 'Casa Cuervo'), (SELECT ID_USUARIO FROM INFRA.USUARIOS WHERE CVE_USUARIO = 'martinespinosam@aol.com') );
INSERT INTO INFRA.CLIENTES ( ID_USUARIO, CLIENTE) VALUES( (SELECT ID_USUARIO FROM INFRA.USUARIOS WHERE CVE_USUARIO = 'martinespinosam@aol.com'), 'Casa Cuervo' );

--Ma. Martha Gutiérrez R. / Imagen Mercantil.
INSERT INTO INFRA.USUARIOS ( CVE_USUARIO, PASSWORD ) VALUES( 'mmgras@yahoo.com.mx', 'ccmx1234' );
INSERT INTO INFRA.REL_ROLES ( CVE_ROL, CVE_USUARIO ) VALUES( 'PyME', 'mmgras@yahoo.com.mx' );
INSERT INTO INFRA.PYMES ( ID_USUARIO, ID_USUARIO_PADRE, CORREO_ELECTRONICO, NOMBRE_COMERCIAL ) VALUES( (SELECT ID_USUARIO FROM INFRA.USUARIOS WHERE CVE_USUARIO = 'mmgras@yahoo.com.mx'), '1', 'mmgras@yahoo.com.mx', 'Ma. Martha Gutiérrez R. / Imagen Mercantil.' );
INSERT INTO INFRA.CONTACTOS (ID_USUARIO, TIPO, NOMBRE, APELLIDO_PATERNO, APELLIDO_MATERNO, CORREO_ELECTRONICO, B_PRINCIPAL, TELEFONO) VALUES ( (SELECT ID_USUARIO FROM INFRA.USUARIOS WHERE CVE_USUARIO = 'mmgras@yahoo.com.mx'), 'Ventas', '', '', '', 'mmgras@yahoo.com.mx', true, '56031415');
INSERT INTO INFRA.REL_PYMES_TRACTORAS ( ID_USUARIO_TRACTORA, ID_USUARIO_PYME) VALUES( (SELECT ID_USUARIO FROM INFRA.TRACTORAS WHERE EMPRESA = 'Casa Cuervo'), (SELECT ID_USUARIO FROM INFRA.USUARIOS WHERE CVE_USUARIO = 'mmgras@yahoo.com.mx') );
INSERT INTO INFRA.CLIENTES ( ID_USUARIO, CLIENTE) VALUES( (SELECT ID_USUARIO FROM INFRA.USUARIOS WHERE CVE_USUARIO = 'mmgras@yahoo.com.mx'), 'Casa Cuervo' );

--Vidaurreta EI S.A. de C.V.
INSERT INTO INFRA.USUARIOS ( CVE_USUARIO, PASSWORD ) VALUES( 'eduardo@vidaurreta.com.mx', 'ccmx1234' );
INSERT INTO INFRA.REL_ROLES ( CVE_ROL, CVE_USUARIO ) VALUES( 'PyME', 'eduardo@vidaurreta.com.mx' );
INSERT INTO INFRA.PYMES ( ID_USUARIO, ID_USUARIO_PADRE, CORREO_ELECTRONICO, NOMBRE_COMERCIAL ) VALUES( (SELECT ID_USUARIO FROM INFRA.USUARIOS WHERE CVE_USUARIO = 'eduardo@vidaurreta.com.mx'), '1', 'eduardo@vidaurreta.com.mx', 'Vidaurreta EI S.A. de C.V.' );
INSERT INTO INFRA.CONTACTOS (ID_USUARIO, TIPO, NOMBRE, APELLIDO_PATERNO, APELLIDO_MATERNO, CORREO_ELECTRONICO, B_PRINCIPAL, TELEFONO) VALUES ( (SELECT ID_USUARIO FROM INFRA.USUARIOS WHERE CVE_USUARIO = 'eduardo@vidaurreta.com.mx'), 'Ventas', '', '', '', 'eduardo@vidaurreta.com.mx', true, '53352150');
INSERT INTO INFRA.REL_PYMES_TRACTORAS ( ID_USUARIO_TRACTORA, ID_USUARIO_PYME) VALUES( (SELECT ID_USUARIO FROM INFRA.TRACTORAS WHERE EMPRESA = 'Casa Cuervo'), (SELECT ID_USUARIO FROM INFRA.USUARIOS WHERE CVE_USUARIO = 'eduardo@vidaurreta.com.mx') );
INSERT INTO INFRA.CLIENTES ( ID_USUARIO, CLIENTE) VALUES( (SELECT ID_USUARIO FROM INFRA.USUARIOS WHERE CVE_USUARIO = 'eduardo@vidaurreta.com.mx'), 'Casa Cuervo' );


--Ccm/Crece

--Maquinaria y Caminos, S.A. de C.V.
INSERT INTO INFRA.USUARIOS ( CVE_USUARIO, PASSWORD ) VALUES( 'fgarcias@micsa.com', 'ccmx1234' );
INSERT INTO INFRA.REL_ROLES ( CVE_ROL, CVE_USUARIO ) VALUES( 'PyME', 'fgarcias@micsa.com' );
INSERT INTO INFRA.PYMES ( ID_USUARIO, ID_USUARIO_PADRE, CORREO_ELECTRONICO, NOMBRE_COMERCIAL ) VALUES( (SELECT ID_USUARIO FROM INFRA.USUARIOS WHERE CVE_USUARIO = 'fgarcias@micsa.com'), '1', 'fgarcias@micsa.com', 'Maquinaria y Caminos, S.A. de C.V.' );
INSERT INTO INFRA.CONTACTOS (ID_USUARIO, TIPO, NOMBRE, APELLIDO_PATERNO, APELLIDO_MATERNO, CORREO_ELECTRONICO, B_PRINCIPAL, TELEFONO) VALUES ( (SELECT ID_USUARIO FROM INFRA.USUARIOS WHERE CVE_USUARIO = 'fgarcias@micsa.com'), 'Ventas', 'Fernando', 'Garcia', 'Suarez', 'fgarcias@micsa.com', true, '5555908411');
INSERT INTO INFRA.REL_PYMES_TRACTORAS ( ID_USUARIO_TRACTORA, ID_USUARIO_PYME) VALUES( (SELECT ID_USUARIO FROM INFRA.TRACTORAS WHERE EMPRESA = 'Ccm/Crece'), (SELECT ID_USUARIO FROM INFRA.USUARIOS WHERE CVE_USUARIO = 'fgarcias@micsa.com') );
INSERT INTO INFRA.CLIENTES ( ID_USUARIO, CLIENTE) VALUES( (SELECT ID_USUARIO FROM INFRA.USUARIOS WHERE CVE_USUARIO = 'fgarcias@micsa.com'), 'Ccm/Crece' );

--Martin Jiménez Sánchez.
INSERT INTO INFRA.USUARIOS ( CVE_USUARIO, PASSWORD ) VALUES( 'majisa_03@hotmail.com', 'ccmx1234' );
INSERT INTO INFRA.REL_ROLES ( CVE_ROL, CVE_USUARIO ) VALUES( 'PyME', 'majisa_03@hotmail.com' );
INSERT INTO INFRA.PYMES ( ID_USUARIO, ID_USUARIO_PADRE, CORREO_ELECTRONICO, NOMBRE_COMERCIAL ) VALUES( (SELECT ID_USUARIO FROM INFRA.USUARIOS WHERE CVE_USUARIO = 'majisa_03@hotmail.com'), '1', 'majisa_03@hotmail.com', 'Martin Jiménez Sánchez.' );
INSERT INTO INFRA.CONTACTOS (ID_USUARIO, TIPO, NOMBRE, APELLIDO_PATERNO, APELLIDO_MATERNO, CORREO_ELECTRONICO, B_PRINCIPAL, TELEFONO) VALUES ( (SELECT ID_USUARIO FROM INFRA.USUARIOS WHERE CVE_USUARIO = 'majisa_03@hotmail.com'), 'Ventas', 'Martin', 'Jimenez', 'Sanchez', 'majisa_03@hotmail.com', true, '7712020670');
INSERT INTO INFRA.REL_PYMES_TRACTORAS ( ID_USUARIO_TRACTORA, ID_USUARIO_PYME) VALUES( (SELECT ID_USUARIO FROM INFRA.TRACTORAS WHERE EMPRESA = 'Ccm/Crece'), (SELECT ID_USUARIO FROM INFRA.USUARIOS WHERE CVE_USUARIO = 'majisa_03@hotmail.com') );
INSERT INTO INFRA.CLIENTES ( ID_USUARIO, CLIENTE) VALUES( (SELECT ID_USUARIO FROM INFRA.USUARIOS WHERE CVE_USUARIO = 'majisa_03@hotmail.com'), 'Ccm/Crece' );

--Abraham Orozco Rodríguez.
INSERT INTO INFRA.USUARIOS ( CVE_USUARIO, PASSWORD ) VALUES( 'ogatavin@mail.com', 'ccmx1234' );
INSERT INTO INFRA.REL_ROLES ( CVE_ROL, CVE_USUARIO ) VALUES( 'PyME', 'ogatavin@mail.com' );
INSERT INTO INFRA.PYMES ( ID_USUARIO, ID_USUARIO_PADRE, CORREO_ELECTRONICO, NOMBRE_COMERCIAL ) VALUES( (SELECT ID_USUARIO FROM INFRA.USUARIOS WHERE CVE_USUARIO = 'ogatavin@mail.com'), '1', 'ogatavin@mail.com', 'Abraham Orozco Rodríguez.' );
INSERT INTO INFRA.CONTACTOS (ID_USUARIO, TIPO, NOMBRE, APELLIDO_PATERNO, APELLIDO_MATERNO, CORREO_ELECTRONICO, B_PRINCIPAL, TELEFONO) VALUES ( (SELECT ID_USUARIO FROM INFRA.USUARIOS WHERE CVE_USUARIO = 'ogatavin@mail.com'), 'Ventas', 'Abraham', 'Orozco', 'Rodriguez', 'ogatavin@mail.com', true, '7711114324');
INSERT INTO INFRA.REL_PYMES_TRACTORAS ( ID_USUARIO_TRACTORA, ID_USUARIO_PYME) VALUES( (SELECT ID_USUARIO FROM INFRA.TRACTORAS WHERE EMPRESA = 'Ccm/Crece'), (SELECT ID_USUARIO FROM INFRA.USUARIOS WHERE CVE_USUARIO = 'ogatavin@mail.com') );
INSERT INTO INFRA.CLIENTES ( ID_USUARIO, CLIENTE) VALUES( (SELECT ID_USUARIO FROM INFRA.USUARIOS WHERE CVE_USUARIO = 'ogatavin@mail.com'), 'Ccm/Crece' );

--Lovi Corporativo de Ingeniería y Construcción, S.A. de C.V.
INSERT INTO INFRA.USUARIOS ( CVE_USUARIO, PASSWORD ) VALUES( 'jovana.v@lovicorporativo.com.mx', 'ccmx1234' );
INSERT INTO INFRA.REL_ROLES ( CVE_ROL, CVE_USUARIO ) VALUES( 'PyME', 'jovana.v@lovicorporativo.com.mx' );
INSERT INTO INFRA.PYMES ( ID_USUARIO, ID_USUARIO_PADRE, CORREO_ELECTRONICO, NOMBRE_COMERCIAL ) VALUES( (SELECT ID_USUARIO FROM INFRA.USUARIOS WHERE CVE_USUARIO = 'jovana.v@lovicorporativo.com.mx'), '1', 'jovana.v@lovicorporativo.com.mx', 'Lovi Corporativo de Ingeniería y Construcción, S.A. de C.V.' );
INSERT INTO INFRA.CONTACTOS (ID_USUARIO, TIPO, NOMBRE, APELLIDO_PATERNO, APELLIDO_MATERNO, CORREO_ELECTRONICO, B_PRINCIPAL, TELEFONO) VALUES ( (SELECT ID_USUARIO FROM INFRA.USUARIOS WHERE CVE_USUARIO = 'jovana.v@lovicorporativo.com.mx'), 'Ventas', 'Reyes', 'Lopez', 'Viveros', 'jovana.v@lovicorporativo.com.mx', true, '7637375629');
INSERT INTO INFRA.REL_PYMES_TRACTORAS ( ID_USUARIO_TRACTORA, ID_USUARIO_PYME) VALUES( (SELECT ID_USUARIO FROM INFRA.TRACTORAS WHERE EMPRESA = 'Ccm/Crece'), (SELECT ID_USUARIO FROM INFRA.USUARIOS WHERE CVE_USUARIO = 'jovana.v@lovicorporativo.com.mx') );
INSERT INTO INFRA.CLIENTES ( ID_USUARIO, CLIENTE) VALUES( (SELECT ID_USUARIO FROM INFRA.USUARIOS WHERE CVE_USUARIO = 'jovana.v@lovicorporativo.com.mx'), 'Ccm/Crece' );

--Tesitura Cosmetic, S.A. de C.V.
INSERT INTO INFRA.USUARIOS ( CVE_USUARIO, PASSWORD ) VALUES( 'cecilia.antuna@tesitura.com.mx', 'ccmx1234' );
INSERT INTO INFRA.REL_ROLES ( CVE_ROL, CVE_USUARIO ) VALUES( 'PyME', 'cecilia.antuna@tesitura.com.mx' );
INSERT INTO INFRA.PYMES ( ID_USUARIO, ID_USUARIO_PADRE, CORREO_ELECTRONICO, NOMBRE_COMERCIAL ) VALUES( (SELECT ID_USUARIO FROM INFRA.USUARIOS WHERE CVE_USUARIO = 'cecilia.antuna@tesitura.com.mx'), '1', 'cecilia.antuna@tesitura.com.mx', 'Tesitura Cosmetic, S.A. de C.V.' );
INSERT INTO INFRA.CONTACTOS (ID_USUARIO, TIPO, NOMBRE, APELLIDO_PATERNO, APELLIDO_MATERNO, CORREO_ELECTRONICO, B_PRINCIPAL, TELEFONO) VALUES ( (SELECT ID_USUARIO FROM INFRA.USUARIOS WHERE CVE_USUARIO = 'cecilia.antuna@tesitura.com.mx'), 'Ventas', 'Cecilia', 'Madrigal', 'Sodi', 'cecilia.antuna@tesitura.com.mx', true, '24891188');
INSERT INTO INFRA.REL_PYMES_TRACTORAS ( ID_USUARIO_TRACTORA, ID_USUARIO_PYME) VALUES( (SELECT ID_USUARIO FROM INFRA.TRACTORAS WHERE EMPRESA = 'Ccm/Crece'), (SELECT ID_USUARIO FROM INFRA.USUARIOS WHERE CVE_USUARIO = 'cecilia.antuna@tesitura.com.mx') );
INSERT INTO INFRA.CLIENTES ( ID_USUARIO, CLIENTE) VALUES( (SELECT ID_USUARIO FROM INFRA.USUARIOS WHERE CVE_USUARIO = 'cecilia.antuna@tesitura.com.mx'), 'Ccm/Crece' );

--Oscar Geovani Ortega Ponce. / Cociramax.
INSERT INTO INFRA.USUARIOS ( CVE_USUARIO, PASSWORD ) VALUES( 'cociramax@hotmail.com', 'ccmx1234' );
INSERT INTO INFRA.REL_ROLES ( CVE_ROL, CVE_USUARIO ) VALUES( 'PyME', 'cociramax@hotmail.com' );
INSERT INTO INFRA.PYMES ( ID_USUARIO, ID_USUARIO_PADRE, CORREO_ELECTRONICO, NOMBRE_COMERCIAL ) VALUES( (SELECT ID_USUARIO FROM INFRA.USUARIOS WHERE CVE_USUARIO = 'cociramax@hotmail.com'), '1', 'cociramax@hotmail.com', 'Oscar Geovani Ortega Ponce. / Cociramax.' );
INSERT INTO INFRA.CONTACTOS (ID_USUARIO, TIPO, NOMBRE, APELLIDO_PATERNO, APELLIDO_MATERNO, CORREO_ELECTRONICO, B_PRINCIPAL, TELEFONO) VALUES ( (SELECT ID_USUARIO FROM INFRA.USUARIOS WHERE CVE_USUARIO = 'cociramax@hotmail.com'), 'Ventas', 'Oscar Geovani', 'Ortega', 'Ponce', 'cociramax@hotmail.com', true, '7712117919');
INSERT INTO INFRA.REL_PYMES_TRACTORAS ( ID_USUARIO_TRACTORA, ID_USUARIO_PYME) VALUES( (SELECT ID_USUARIO FROM INFRA.TRACTORAS WHERE EMPRESA = 'Ccm/Crece'), (SELECT ID_USUARIO FROM INFRA.USUARIOS WHERE CVE_USUARIO = 'cociramax@hotmail.com') );
INSERT INTO INFRA.CLIENTES ( ID_USUARIO, CLIENTE) VALUES( (SELECT ID_USUARIO FROM INFRA.USUARIOS WHERE CVE_USUARIO = 'cociramax@hotmail.com'), 'Ccm/Crece' );

--Arturo Landaverde Moran.
INSERT INTO INFRA.USUARIOS ( CVE_USUARIO, PASSWORD ) VALUES( 'direccion@miland.com.mx', 'ccmx1234' );
INSERT INTO INFRA.REL_ROLES ( CVE_ROL, CVE_USUARIO ) VALUES( 'PyME', 'direccion@miland.com.mx' );
INSERT INTO INFRA.PYMES ( ID_USUARIO, ID_USUARIO_PADRE, CORREO_ELECTRONICO, NOMBRE_COMERCIAL ) VALUES( (SELECT ID_USUARIO FROM INFRA.USUARIOS WHERE CVE_USUARIO = 'direccion@miland.com.mx'), '1', 'direccion@miland.com.mx', 'Arturo Landaverde Moran.' );
INSERT INTO INFRA.CONTACTOS (ID_USUARIO, TIPO, NOMBRE, APELLIDO_PATERNO, APELLIDO_MATERNO, CORREO_ELECTRONICO, B_PRINCIPAL, TELEFONO) VALUES ( (SELECT ID_USUARIO FROM INFRA.USUARIOS WHERE CVE_USUARIO = 'direccion@miland.com.mx'), 'Ventas', 'Oscar', 'Landaverde', '', 'direccion@miland.com.mx', true, '7919135873');
INSERT INTO INFRA.REL_PYMES_TRACTORAS ( ID_USUARIO_TRACTORA, ID_USUARIO_PYME) VALUES( (SELECT ID_USUARIO FROM INFRA.TRACTORAS WHERE EMPRESA = 'Ccm/Crece'), (SELECT ID_USUARIO FROM INFRA.USUARIOS WHERE CVE_USUARIO = 'direccion@miland.com.mx') );
INSERT INTO INFRA.CLIENTES ( ID_USUARIO, CLIENTE) VALUES( (SELECT ID_USUARIO FROM INFRA.USUARIOS WHERE CVE_USUARIO = 'direccion@miland.com.mx'), 'Ccm/Crece' );

--Poloplast Componentes, S.A. de C.V.
INSERT INTO INFRA.USUARIOS ( CVE_USUARIO, PASSWORD ) VALUES( 'rafael.fraire@ifv.com.mx', 'ccmx1234' );
INSERT INTO INFRA.REL_ROLES ( CVE_ROL, CVE_USUARIO ) VALUES( 'PyME', 'rafael.fraire@ifv.com.mx' );
INSERT INTO INFRA.PYMES ( ID_USUARIO, ID_USUARIO_PADRE, CORREO_ELECTRONICO, NOMBRE_COMERCIAL ) VALUES( (SELECT ID_USUARIO FROM INFRA.USUARIOS WHERE CVE_USUARIO = 'rafael.fraire@ifv.com.mx'), '1', 'rafael.fraire@ifv.com.mx', 'Poloplast Componentes, S.A. de C.V.' );
INSERT INTO INFRA.CONTACTOS (ID_USUARIO, TIPO, NOMBRE, APELLIDO_PATERNO, APELLIDO_MATERNO, CORREO_ELECTRONICO, B_PRINCIPAL, TELEFONO) VALUES ( (SELECT ID_USUARIO FROM INFRA.USUARIOS WHERE CVE_USUARIO = 'rafael.fraire@ifv.com.mx'), 'Ventas', 'Rafael', 'Fraire', 'Dueñez', 'rafael.fraire@ifv.com.mx', true, '83865471');
INSERT INTO INFRA.REL_PYMES_TRACTORAS ( ID_USUARIO_TRACTORA, ID_USUARIO_PYME) VALUES( (SELECT ID_USUARIO FROM INFRA.TRACTORAS WHERE EMPRESA = 'Ccm/Crece'), (SELECT ID_USUARIO FROM INFRA.USUARIOS WHERE CVE_USUARIO = 'rafael.fraire@ifv.com.mx') );
INSERT INTO INFRA.CLIENTES ( ID_USUARIO, CLIENTE) VALUES( (SELECT ID_USUARIO FROM INFRA.USUARIOS WHERE CVE_USUARIO = 'rafael.fraire@ifv.com.mx'), 'Ccm/Crece' );

--Justino Cruz Montaño.
INSERT INTO INFRA.USUARIOS ( CVE_USUARIO, PASSWORD ) VALUES( 'tino.0373@live.com.mx', 'ccmx1234' );
INSERT INTO INFRA.REL_ROLES ( CVE_ROL, CVE_USUARIO ) VALUES( 'PyME', 'tino.0373@live.com.mx' );
INSERT INTO INFRA.PYMES ( ID_USUARIO, ID_USUARIO_PADRE, CORREO_ELECTRONICO, NOMBRE_COMERCIAL ) VALUES( (SELECT ID_USUARIO FROM INFRA.USUARIOS WHERE CVE_USUARIO = 'tino.0373@live.com.mx'), '1', 'tino.0373@live.com.mx', 'Justino Cruz Montaño.' );
INSERT INTO INFRA.CONTACTOS (ID_USUARIO, TIPO, NOMBRE, APELLIDO_PATERNO, APELLIDO_MATERNO, CORREO_ELECTRONICO, B_PRINCIPAL, TELEFONO) VALUES ( (SELECT ID_USUARIO FROM INFRA.USUARIOS WHERE CVE_USUARIO = 'tino.0373@live.com.mx'), 'Ventas', 'Justino', 'Cruz', 'Montaño', 'tino.0373@live.com.mx', true, '7898960942');
INSERT INTO INFRA.REL_PYMES_TRACTORAS ( ID_USUARIO_TRACTORA, ID_USUARIO_PYME) VALUES( (SELECT ID_USUARIO FROM INFRA.TRACTORAS WHERE EMPRESA = 'Ccm/Crece'), (SELECT ID_USUARIO FROM INFRA.USUARIOS WHERE CVE_USUARIO = 'tino.0373@live.com.mx') );
INSERT INTO INFRA.CLIENTES ( ID_USUARIO, CLIENTE) VALUES( (SELECT ID_USUARIO FROM INFRA.USUARIOS WHERE CVE_USUARIO = 'tino.0373@live.com.mx'), 'Ccm/Crece' );


--CCMX

--Alpha Pop, S.A. de C.V.
INSERT INTO INFRA.USUARIOS ( CVE_USUARIO, PASSWORD ) VALUES( 'raquelc@alpha-pop.com.mx', 'ccmx1234' );
INSERT INTO INFRA.REL_ROLES ( CVE_ROL, CVE_USUARIO ) VALUES( 'PyME', 'raquelc@alpha-pop.com.mx' );
INSERT INTO INFRA.PYMES ( ID_USUARIO, ID_USUARIO_PADRE, CORREO_ELECTRONICO, NOMBRE_COMERCIAL ) VALUES( (SELECT ID_USUARIO FROM INFRA.USUARIOS WHERE CVE_USUARIO = 'raquelc@alpha-pop.com.mx'), '1', 'raquelc@alpha-pop.com.mx', 'Alpha Pop, S.A. de C.V.' );
INSERT INTO INFRA.CONTACTOS (ID_USUARIO, TIPO, NOMBRE, APELLIDO_PATERNO, APELLIDO_MATERNO, CORREO_ELECTRONICO, B_PRINCIPAL, TELEFONO) VALUES ( (SELECT ID_USUARIO FROM INFRA.USUARIOS WHERE CVE_USUARIO = 'raquelc@alpha-pop.com.mx'), 'Ventas', 'Raquel', 'Camarena', '', 'raquelc@alpha-pop.com.mx', true, '15172599');
INSERT INTO INFRA.REL_PYMES_TRACTORAS ( ID_USUARIO_TRACTORA, ID_USUARIO_PYME) VALUES( (SELECT ID_USUARIO FROM INFRA.TRACTORAS WHERE EMPRESA = 'CCMX'), (SELECT ID_USUARIO FROM INFRA.USUARIOS WHERE CVE_USUARIO = 'raquelc@alpha-pop.com.mx') );
INSERT INTO INFRA.CLIENTES ( ID_USUARIO, CLIENTE) VALUES( (SELECT ID_USUARIO FROM INFRA.USUARIOS WHERE CVE_USUARIO = 'raquelc@alpha-pop.com.mx'), 'CCMX' );


--CEMEX

--ROBERTO ALCARAZ GARCIA
INSERT INTO INFRA.USUARIOS ( CVE_USUARIO, PASSWORD ) VALUES( 'robertolc@hotmail.com', 'ccmx1234' );
INSERT INTO INFRA.REL_ROLES ( CVE_ROL, CVE_USUARIO ) VALUES( 'PyME', 'robertolc@hotmail.com' );
INSERT INTO INFRA.PYMES ( ID_USUARIO, ID_USUARIO_PADRE, CORREO_ELECTRONICO, NOMBRE_COMERCIAL ) VALUES( (SELECT ID_USUARIO FROM INFRA.USUARIOS WHERE CVE_USUARIO = 'robertolc@hotmail.com'), '1', 'robertolc@hotmail.com', 'ROBERTO ALCARAZ GARCIA' );
INSERT INTO INFRA.CONTACTOS (ID_USUARIO, TIPO, NOMBRE, APELLIDO_PATERNO, APELLIDO_MATERNO, CORREO_ELECTRONICO, B_PRINCIPAL, TELEFONO) VALUES ( (SELECT ID_USUARIO FROM INFRA.USUARIOS WHERE CVE_USUARIO = 'robertolc@hotmail.com'), 'Ventas', 'Roberto', 'Alcaraz', 'Garcia', 'robertolc@hotmail.com', true, '');
INSERT INTO INFRA.REL_PYMES_TRACTORAS ( ID_USUARIO_TRACTORA, ID_USUARIO_PYME) VALUES( (SELECT ID_USUARIO FROM INFRA.TRACTORAS WHERE EMPRESA = 'Cemex'), (SELECT ID_USUARIO FROM INFRA.USUARIOS WHERE CVE_USUARIO = 'robertolc@hotmail.com') );
INSERT INTO INFRA.CLIENTES ( ID_USUARIO, CLIENTE) VALUES( (SELECT ID_USUARIO FROM INFRA.USUARIOS WHERE CVE_USUARIO = 'robertolc@hotmail.com'), 'Cemex' );

--ARRENDAMIENTO, CONTRUCCIONES E ING. ARES SA DE CV
INSERT INTO INFRA.USUARIOS ( CVE_USUARIO, PASSWORD ) VALUES( 'maquinaria.ares@yahoo.com.mx', 'ccmx1234' );
INSERT INTO INFRA.REL_ROLES ( CVE_ROL, CVE_USUARIO ) VALUES( 'PyME', 'maquinaria.ares@yahoo.com.mx' );
INSERT INTO INFRA.PYMES ( ID_USUARIO, ID_USUARIO_PADRE, CORREO_ELECTRONICO, NOMBRE_COMERCIAL ) VALUES( (SELECT ID_USUARIO FROM INFRA.USUARIOS WHERE CVE_USUARIO = 'maquinaria.ares@yahoo.com.mx'), '1', 'maquinaria.ares@yahoo.com.mx', 'ARRENDAMIENTO, CONTRUCCIONES E ING. ARES SA DE CV' );
INSERT INTO INFRA.CONTACTOS (ID_USUARIO, TIPO, NOMBRE, APELLIDO_PATERNO, APELLIDO_MATERNO, CORREO_ELECTRONICO, B_PRINCIPAL, TELEFONO) VALUES ( (SELECT ID_USUARIO FROM INFRA.USUARIOS WHERE CVE_USUARIO = 'maquinaria.ares@yahoo.com.mx'), 'Ventas', 'Angel', 'Lopez', 'Camacho', 'maquinaria.ares@yahoo.com.mx', true, '');
INSERT INTO INFRA.REL_PYMES_TRACTORAS ( ID_USUARIO_TRACTORA, ID_USUARIO_PYME) VALUES( (SELECT ID_USUARIO FROM INFRA.TRACTORAS WHERE EMPRESA = 'Cemex'), (SELECT ID_USUARIO FROM INFRA.USUARIOS WHERE CVE_USUARIO = 'maquinaria.ares@yahoo.com.mx') );
INSERT INTO INFRA.CLIENTES ( ID_USUARIO, CLIENTE) VALUES( (SELECT ID_USUARIO FROM INFRA.USUARIOS WHERE CVE_USUARIO = 'maquinaria.ares@yahoo.com.mx'), 'Cemex' );

--LUZ ELENA PEÑA SALAZAR
INSERT INTO INFRA.USUARIOS ( CVE_USUARIO, PASSWORD ) VALUES( 'tallpe_epm@hotmail.com', 'ccmx1234' );
INSERT INTO INFRA.REL_ROLES ( CVE_ROL, CVE_USUARIO ) VALUES( 'PyME', 'tallpe_epm@hotmail.com' );
INSERT INTO INFRA.PYMES ( ID_USUARIO, ID_USUARIO_PADRE, CORREO_ELECTRONICO, NOMBRE_COMERCIAL ) VALUES( (SELECT ID_USUARIO FROM INFRA.USUARIOS WHERE CVE_USUARIO = 'tallpe_epm@hotmail.com'), '1', 'tallpe_epm@hotmail.com', 'LUZ ELENA PEÑA SALAZAR' );
INSERT INTO INFRA.CONTACTOS (ID_USUARIO, TIPO, NOMBRE, APELLIDO_PATERNO, APELLIDO_MATERNO, CORREO_ELECTRONICO, B_PRINCIPAL, TELEFONO) VALUES ( (SELECT ID_USUARIO FROM INFRA.USUARIOS WHERE CVE_USUARIO = 'tallpe_epm@hotmail.com'), 'Ventas', 'Enrique', 'Padilla', 'Rosas', 'tallpe_epm@hotmail.com', true, '');
INSERT INTO INFRA.REL_PYMES_TRACTORAS ( ID_USUARIO_TRACTORA, ID_USUARIO_PYME) VALUES( (SELECT ID_USUARIO FROM INFRA.TRACTORAS WHERE EMPRESA = 'Cemex'), (SELECT ID_USUARIO FROM INFRA.USUARIOS WHERE CVE_USUARIO = 'tallpe_epm@hotmail.com') );
INSERT INTO INFRA.CLIENTES ( ID_USUARIO, CLIENTE) VALUES( (SELECT ID_USUARIO FROM INFRA.USUARIOS WHERE CVE_USUARIO = 'tallpe_epm@hotmail.com'), 'Cemex' );

--JOSE LUIS BARRAGAN BORBON
INSERT INTO INFRA.USUARIOS ( CVE_USUARIO, PASSWORD ) VALUES( 'rtl2002@hotmail.com', 'ccmx1234' );
INSERT INTO INFRA.REL_ROLES ( CVE_ROL, CVE_USUARIO ) VALUES( 'PyME', 'rtl2002@hotmail.com' );
INSERT INTO INFRA.PYMES ( ID_USUARIO, ID_USUARIO_PADRE, CORREO_ELECTRONICO, NOMBRE_COMERCIAL ) VALUES( (SELECT ID_USUARIO FROM INFRA.USUARIOS WHERE CVE_USUARIO = 'rtl2002@hotmail.com'), '1', 'rtl2002@hotmail.com', 'JOSE LUIS BARRAGAN BORBON' );
INSERT INTO INFRA.CONTACTOS (ID_USUARIO, TIPO, NOMBRE, APELLIDO_PATERNO, APELLIDO_MATERNO, CORREO_ELECTRONICO, B_PRINCIPAL, TELEFONO) VALUES ( (SELECT ID_USUARIO FROM INFRA.USUARIOS WHERE CVE_USUARIO = 'rtl2002@hotmail.com'), 'Ventas', 'Jose Luis', 'Barragan', 'Borbon', 'rtl2002@hotmail.com', true, '');
INSERT INTO INFRA.REL_PYMES_TRACTORAS ( ID_USUARIO_TRACTORA, ID_USUARIO_PYME) VALUES( (SELECT ID_USUARIO FROM INFRA.TRACTORAS WHERE EMPRESA = 'Cemex'), (SELECT ID_USUARIO FROM INFRA.USUARIOS WHERE CVE_USUARIO = 'rtl2002@hotmail.com') );
INSERT INTO INFRA.CLIENTES ( ID_USUARIO, CLIENTE) VALUES( (SELECT ID_USUARIO FROM INFRA.USUARIOS WHERE CVE_USUARIO = 'rtl2002@hotmail.com'), 'Cemex' );

--INGENIERIA INTEGRAL Y APLICACIONES SA DE CV
INSERT INTO INFRA.USUARIOS ( CVE_USUARIO, PASSWORD ) VALUES( 'ingenieriaintegral@att.net.mx', 'ccmx1234' );
INSERT INTO INFRA.REL_ROLES ( CVE_ROL, CVE_USUARIO ) VALUES( 'PyME', 'ingenieriaintegral@att.net.mx' );
INSERT INTO INFRA.PYMES ( ID_USUARIO, ID_USUARIO_PADRE, CORREO_ELECTRONICO, NOMBRE_COMERCIAL ) VALUES( (SELECT ID_USUARIO FROM INFRA.USUARIOS WHERE CVE_USUARIO = 'ingenieriaintegral@att.net.mx'), '1', 'ingenieriaintegral@att.net.mx', 'INGENIERIA INTEGRAL Y APLICACIONES SA DE CV' );
INSERT INTO INFRA.CONTACTOS (ID_USUARIO, TIPO, NOMBRE, APELLIDO_PATERNO, APELLIDO_MATERNO, CORREO_ELECTRONICO, B_PRINCIPAL, TELEFONO) VALUES ( (SELECT ID_USUARIO FROM INFRA.USUARIOS WHERE CVE_USUARIO = 'ingenieriaintegral@att.net.mx'), 'Ventas', 'Cesar Horacio', 'Hernandez', 'A', 'ingenieriaintegral@att.net.mx', true, '');
INSERT INTO INFRA.REL_PYMES_TRACTORAS ( ID_USUARIO_TRACTORA, ID_USUARIO_PYME) VALUES( (SELECT ID_USUARIO FROM INFRA.TRACTORAS WHERE EMPRESA = 'Cemex'), (SELECT ID_USUARIO FROM INFRA.USUARIOS WHERE CVE_USUARIO = 'ingenieriaintegral@att.net.mx') );
INSERT INTO INFRA.CLIENTES ( ID_USUARIO, CLIENTE) VALUES( (SELECT ID_USUARIO FROM INFRA.USUARIOS WHERE CVE_USUARIO = 'ingenieriaintegral@att.net.mx'), 'Cemex' );

--NOEMI RAMOS MENDEZ
INSERT INTO INFRA.USUARIOS ( CVE_USUARIO, PASSWORD ) VALUES( 'socorrelepe@hotmail.com', 'ccmx1234' );
INSERT INTO INFRA.REL_ROLES ( CVE_ROL, CVE_USUARIO ) VALUES( 'PyME', 'socorrelepe@hotmail.com' );
INSERT INTO INFRA.PYMES ( ID_USUARIO, ID_USUARIO_PADRE, CORREO_ELECTRONICO, NOMBRE_COMERCIAL ) VALUES( (SELECT ID_USUARIO FROM INFRA.USUARIOS WHERE CVE_USUARIO = 'socorrelepe@hotmail.com'), '1', 'socorrelepe@hotmail.com', 'NOEMI RAMOS MENDEZ' );
INSERT INTO INFRA.CONTACTOS (ID_USUARIO, TIPO, NOMBRE, APELLIDO_PATERNO, APELLIDO_MATERNO, CORREO_ELECTRONICO, B_PRINCIPAL, TELEFONO) VALUES ( (SELECT ID_USUARIO FROM INFRA.USUARIOS WHERE CVE_USUARIO = 'socorrelepe@hotmail.com'), 'Ventas', 'Maria del Socorro', 'Lopez', 'Oliva', 'socorrelepe@hotmail.com', true, '');
INSERT INTO INFRA.REL_PYMES_TRACTORAS ( ID_USUARIO_TRACTORA, ID_USUARIO_PYME) VALUES( (SELECT ID_USUARIO FROM INFRA.TRACTORAS WHERE EMPRESA = 'Cemex'), (SELECT ID_USUARIO FROM INFRA.USUARIOS WHERE CVE_USUARIO = 'socorrelepe@hotmail.com') );
INSERT INTO INFRA.CLIENTES ( ID_USUARIO, CLIENTE) VALUES( (SELECT ID_USUARIO FROM INFRA.USUARIOS WHERE CVE_USUARIO = 'socorrelepe@hotmail.com'), 'Cemex' );

--MARCO ANTONIO IÑIGUEZ ALCANTAR
INSERT INTO INFRA.USUARIOS ( CVE_USUARIO, PASSWORD ) VALUES( 'cercaplus@hotmail.com', 'ccmx1234' );
INSERT INTO INFRA.REL_ROLES ( CVE_ROL, CVE_USUARIO ) VALUES( 'PyME', 'cercaplus@hotmail.com' );
INSERT INTO INFRA.PYMES ( ID_USUARIO, ID_USUARIO_PADRE, CORREO_ELECTRONICO, NOMBRE_COMERCIAL ) VALUES( (SELECT ID_USUARIO FROM INFRA.USUARIOS WHERE CVE_USUARIO = 'cercaplus@hotmail.com'), '1', 'cercaplus@hotmail.com', 'MARCO ANTONIO IÑIGUEZ ALCANTAR' );
INSERT INTO INFRA.CONTACTOS (ID_USUARIO, TIPO, NOMBRE, APELLIDO_PATERNO, APELLIDO_MATERNO, CORREO_ELECTRONICO, B_PRINCIPAL, TELEFONO) VALUES ( (SELECT ID_USUARIO FROM INFRA.USUARIOS WHERE CVE_USUARIO = 'cercaplus@hotmail.com'), 'Ventas', 'Marco', 'Iñiguez', 'Alcantar', 'cercaplus@hotmail.com', true, '');
INSERT INTO INFRA.REL_PYMES_TRACTORAS ( ID_USUARIO_TRACTORA, ID_USUARIO_PYME) VALUES( (SELECT ID_USUARIO FROM INFRA.TRACTORAS WHERE EMPRESA = 'Cemex'), (SELECT ID_USUARIO FROM INFRA.USUARIOS WHERE CVE_USUARIO = 'cercaplus@hotmail.com') );
INSERT INTO INFRA.CLIENTES ( ID_USUARIO, CLIENTE) VALUES( (SELECT ID_USUARIO FROM INFRA.USUARIOS WHERE CVE_USUARIO = 'cercaplus@hotmail.com'), 'Cemex' );

--NITRO EXPLOSIVOS DE CIUDAD GUZMAN
INSERT INTO INFRA.USUARIOS ( CVE_USUARIO, PASSWORD ) VALUES( 'federico.quintero@dynonobel.com.mx', 'ccmx1234' );
INSERT INTO INFRA.REL_ROLES ( CVE_ROL, CVE_USUARIO ) VALUES( 'PyME', 'federico.quintero@dynonobel.com.mx' );
INSERT INTO INFRA.PYMES ( ID_USUARIO, ID_USUARIO_PADRE, CORREO_ELECTRONICO, NOMBRE_COMERCIAL ) VALUES( (SELECT ID_USUARIO FROM INFRA.USUARIOS WHERE CVE_USUARIO = 'federico.quintero@dynonobel.com.mx'), '1', 'federico.quintero@dynonobel.com.mx', 'NITRO EXPLOSIVOS DE CIUDAD GUZMAN' );
INSERT INTO INFRA.CONTACTOS (ID_USUARIO, TIPO, NOMBRE, APELLIDO_PATERNO, APELLIDO_MATERNO, CORREO_ELECTRONICO, B_PRINCIPAL, TELEFONO) VALUES ( (SELECT ID_USUARIO FROM INFRA.USUARIOS WHERE CVE_USUARIO = 'federico.quintero@dynonobel.com.mx'), 'Ventas', '', '', '', 'federico.quintero@dynonobel.com.mx', true, '');
INSERT INTO INFRA.REL_PYMES_TRACTORAS ( ID_USUARIO_TRACTORA, ID_USUARIO_PYME) VALUES( (SELECT ID_USUARIO FROM INFRA.TRACTORAS WHERE EMPRESA = 'Cemex'), (SELECT ID_USUARIO FROM INFRA.USUARIOS WHERE CVE_USUARIO = 'federico.quintero@dynonobel.com.mx') );
INSERT INTO INFRA.CLIENTES ( ID_USUARIO, CLIENTE) VALUES( (SELECT ID_USUARIO FROM INFRA.USUARIOS WHERE CVE_USUARIO = 'federico.quintero@dynonobel.com.mx'), 'Cemex' );

--PAILERIA MONTAJE DE ESTRUCTURAS Y TUBERIAS S.A. DE C.V.
INSERT INTO INFRA.USUARIOS ( CVE_USUARIO, PASSWORD ) VALUES( 'ciapmet@hotmail.com', 'ccmx1234' );
INSERT INTO INFRA.REL_ROLES ( CVE_ROL, CVE_USUARIO ) VALUES( 'PyME', 'ciapmet@hotmail.com' );
INSERT INTO INFRA.PYMES ( ID_USUARIO, ID_USUARIO_PADRE, CORREO_ELECTRONICO, NOMBRE_COMERCIAL ) VALUES( (SELECT ID_USUARIO FROM INFRA.USUARIOS WHERE CVE_USUARIO = 'ciapmet@hotmail.com'), '1', 'ciapmet@hotmail.com', 'PAILERIA MONTAJE DE ESTRUCTURAS Y TUBERIAS S.A. DE C.V.' );
INSERT INTO INFRA.CONTACTOS (ID_USUARIO, TIPO, NOMBRE, APELLIDO_PATERNO, APELLIDO_MATERNO, CORREO_ELECTRONICO, B_PRINCIPAL, TELEFONO) VALUES ( (SELECT ID_USUARIO FROM INFRA.USUARIOS WHERE CVE_USUARIO = 'ciapmet@hotmail.com'), 'Ventas', 'Lorenza', 'Sanchez', 'Silva', 'ciapmet@hotmail.com', true, '');
INSERT INTO INFRA.REL_PYMES_TRACTORAS ( ID_USUARIO_TRACTORA, ID_USUARIO_PYME) VALUES( (SELECT ID_USUARIO FROM INFRA.TRACTORAS WHERE EMPRESA = 'Cemex'), (SELECT ID_USUARIO FROM INFRA.USUARIOS WHERE CVE_USUARIO = 'ciapmet@hotmail.com') );
INSERT INTO INFRA.CLIENTES ( ID_USUARIO, CLIENTE) VALUES( (SELECT ID_USUARIO FROM INFRA.USUARIOS WHERE CVE_USUARIO = 'ciapmet@hotmail.com'), 'Cemex' );

--LUBRIAGSA S.A. DE C.V.
INSERT INTO INFRA.USUARIOS ( CVE_USUARIO, PASSWORD ) VALUES( 'jaime.sahagun@lubriagsa.com.mx', 'ccmx1234' );
INSERT INTO INFRA.REL_ROLES ( CVE_ROL, CVE_USUARIO ) VALUES( 'PyME', 'jaime.sahagun@lubriagsa.com.mx' );
INSERT INTO INFRA.PYMES ( ID_USUARIO, ID_USUARIO_PADRE, CORREO_ELECTRONICO, NOMBRE_COMERCIAL ) VALUES( (SELECT ID_USUARIO FROM INFRA.USUARIOS WHERE CVE_USUARIO = 'jaime.sahagun@lubriagsa.com.mx'), '1', 'jaime.sahagun@lubriagsa.com.mx', 'LUBRIAGSA S.A. DE C.V.' );
INSERT INTO INFRA.CONTACTOS (ID_USUARIO, TIPO, NOMBRE, APELLIDO_PATERNO, APELLIDO_MATERNO, CORREO_ELECTRONICO, B_PRINCIPAL, TELEFONO) VALUES ( (SELECT ID_USUARIO FROM INFRA.USUARIOS WHERE CVE_USUARIO = 'jaime.sahagun@lubriagsa.com.mx'), 'Ventas', 'Jaime A', 'Sahagun', 'Valencia', 'jaime.sahagun@lubriagsa.com.mx', true, '');
INSERT INTO INFRA.REL_PYMES_TRACTORAS ( ID_USUARIO_TRACTORA, ID_USUARIO_PYME) VALUES( (SELECT ID_USUARIO FROM INFRA.TRACTORAS WHERE EMPRESA = 'Cemex'), (SELECT ID_USUARIO FROM INFRA.USUARIOS WHERE CVE_USUARIO = 'jaime.sahagun@lubriagsa.com.mx') );
INSERT INTO INFRA.CLIENTES ( ID_USUARIO, CLIENTE) VALUES( (SELECT ID_USUARIO FROM INFRA.USUARIOS WHERE CVE_USUARIO = 'jaime.sahagun@lubriagsa.com.mx'), 'Cemex' );

--IMPRESOS EL ANGEL
INSERT INTO INFRA.USUARIOS ( CVE_USUARIO, PASSWORD ) VALUES( 'impresoselangel@hotmail.com', 'ccmx1234' );
INSERT INTO INFRA.REL_ROLES ( CVE_ROL, CVE_USUARIO ) VALUES( 'PyME', 'impresoselangel@hotmail.com' );
INSERT INTO INFRA.PYMES ( ID_USUARIO, ID_USUARIO_PADRE, CORREO_ELECTRONICO, NOMBRE_COMERCIAL ) VALUES( (SELECT ID_USUARIO FROM INFRA.USUARIOS WHERE CVE_USUARIO = 'impresoselangel@hotmail.com'), '1', 'impresoselangel@hotmail.com', 'IMPRESOS EL ANGEL' );
INSERT INTO INFRA.CONTACTOS (ID_USUARIO, TIPO, NOMBRE, APELLIDO_PATERNO, APELLIDO_MATERNO, CORREO_ELECTRONICO, B_PRINCIPAL, TELEFONO) VALUES ( (SELECT ID_USUARIO FROM INFRA.USUARIOS WHERE CVE_USUARIO = 'impresoselangel@hotmail.com'), 'Ventas', 'Miguel Angel', 'Ramirez', 'Garcia', 'impresoselangel@hotmail.com', true, '');
INSERT INTO INFRA.REL_PYMES_TRACTORAS ( ID_USUARIO_TRACTORA, ID_USUARIO_PYME) VALUES( (SELECT ID_USUARIO FROM INFRA.TRACTORAS WHERE EMPRESA = 'Cemex'), (SELECT ID_USUARIO FROM INFRA.USUARIOS WHERE CVE_USUARIO = 'impresoselangel@hotmail.com') );
INSERT INTO INFRA.CLIENTES ( ID_USUARIO, CLIENTE) VALUES( (SELECT ID_USUARIO FROM INFRA.USUARIOS WHERE CVE_USUARIO = 'impresoselangel@hotmail.com'), 'Cemex' );

--TALLER Y LABORATORIO DIESEL
INSERT INTO INFRA.USUARIOS ( CVE_USUARIO, PASSWORD ) VALUES( 'ingesparza355@hotmail.com', 'ccmx1234' );
INSERT INTO INFRA.REL_ROLES ( CVE_ROL, CVE_USUARIO ) VALUES( 'PyME', 'ingesparza355@hotmail.com' );
INSERT INTO INFRA.PYMES ( ID_USUARIO, ID_USUARIO_PADRE, CORREO_ELECTRONICO, NOMBRE_COMERCIAL ) VALUES( (SELECT ID_USUARIO FROM INFRA.USUARIOS WHERE CVE_USUARIO = 'ingesparza355@hotmail.com'), '1', 'ingesparza355@hotmail.com', 'TALLER Y LABORATORIO DIESEL' );
INSERT INTO INFRA.CONTACTOS (ID_USUARIO, TIPO, NOMBRE, APELLIDO_PATERNO, APELLIDO_MATERNO, CORREO_ELECTRONICO, B_PRINCIPAL, TELEFONO) VALUES ( (SELECT ID_USUARIO FROM INFRA.USUARIOS WHERE CVE_USUARIO = 'ingesparza355@hotmail.com'), 'Ventas', 'Oscar David', 'Esparza', 'Sanchez', 'ingesparza355@hotmail.com', true, '');
INSERT INTO INFRA.REL_PYMES_TRACTORAS ( ID_USUARIO_TRACTORA, ID_USUARIO_PYME) VALUES( (SELECT ID_USUARIO FROM INFRA.TRACTORAS WHERE EMPRESA = 'Cemex'), (SELECT ID_USUARIO FROM INFRA.USUARIOS WHERE CVE_USUARIO = 'ingesparza355@hotmail.com') );
INSERT INTO INFRA.CLIENTES ( ID_USUARIO, CLIENTE) VALUES( (SELECT ID_USUARIO FROM INFRA.USUARIOS WHERE CVE_USUARIO = 'ingesparza355@hotmail.com'), 'Cemex' );

--ROBERTO ALCARAZ GARCIA
INSERT INTO INFRA.USUARIOS ( CVE_USUARIO, PASSWORD ) VALUES( 'aguapotable_5@hotmail.com', 'ccmx1234' );
INSERT INTO INFRA.REL_ROLES ( CVE_ROL, CVE_USUARIO ) VALUES( 'PyME', 'aguapotable_5@hotmail.com' );
INSERT INTO INFRA.PYMES ( ID_USUARIO, ID_USUARIO_PADRE, CORREO_ELECTRONICO, NOMBRE_COMERCIAL ) VALUES( (SELECT ID_USUARIO FROM INFRA.USUARIOS WHERE CVE_USUARIO = 'aguapotable_5@hotmail.com'), '1', 'aguapotable_5@hotmail.com', 'ROBERTO ALCARAZ GARCIA' );
INSERT INTO INFRA.CONTACTOS (ID_USUARIO, TIPO, NOMBRE, APELLIDO_PATERNO, APELLIDO_MATERNO, CORREO_ELECTRONICO, B_PRINCIPAL, TELEFONO) VALUES ( (SELECT ID_USUARIO FROM INFRA.USUARIOS WHERE CVE_USUARIO = 'aguapotable_5@hotmail.com'), 'Ventas', 'Jesus Alberto', 'Magaña', 'Reyes', 'aguapotable_5@hotmail.com', true, '');
INSERT INTO INFRA.REL_PYMES_TRACTORAS ( ID_USUARIO_TRACTORA, ID_USUARIO_PYME) VALUES( (SELECT ID_USUARIO FROM INFRA.TRACTORAS WHERE EMPRESA = 'Cemex'), (SELECT ID_USUARIO FROM INFRA.USUARIOS WHERE CVE_USUARIO = 'aguapotable_5@hotmail.com') );
INSERT INTO INFRA.CLIENTES ( ID_USUARIO, CLIENTE) VALUES( (SELECT ID_USUARIO FROM INFRA.USUARIOS WHERE CVE_USUARIO = 'aguapotable_5@hotmail.com'), 'Cemex' );

--MAQUINADOS Y METALIZADOS INDUSTRIALES S.Z. DE C.V.
INSERT INTO INFRA.USUARIOS ( CVE_USUARIO, PASSWORD ) VALUES( 'mymindustriales@prodigy.net.mx', 'ccmx1234' );
INSERT INTO INFRA.REL_ROLES ( CVE_ROL, CVE_USUARIO ) VALUES( 'PyME', 'mymindustriales@prodigy.net.mx' );
INSERT INTO INFRA.PYMES ( ID_USUARIO, ID_USUARIO_PADRE, CORREO_ELECTRONICO, NOMBRE_COMERCIAL ) VALUES( (SELECT ID_USUARIO FROM INFRA.USUARIOS WHERE CVE_USUARIO = 'mymindustriales@prodigy.net.mx'), '1', 'mymindustriales@prodigy.net.mx', 'MAQUINADOS Y METALIZADOS INDUSTRIALES S.Z. DE C.V.' );
INSERT INTO INFRA.CONTACTOS (ID_USUARIO, TIPO, NOMBRE, APELLIDO_PATERNO, APELLIDO_MATERNO, CORREO_ELECTRONICO, B_PRINCIPAL, TELEFONO) VALUES ( (SELECT ID_USUARIO FROM INFRA.USUARIOS WHERE CVE_USUARIO = 'mymindustriales@prodigy.net.mx'), 'Ventas', 'Sergio Alejandro', 'Gonzalez', 'Hurtado', 'mymindustriales@prodigy.net.mx', true, '');
INSERT INTO INFRA.REL_PYMES_TRACTORAS ( ID_USUARIO_TRACTORA, ID_USUARIO_PYME) VALUES( (SELECT ID_USUARIO FROM INFRA.TRACTORAS WHERE EMPRESA = 'Cemex'), (SELECT ID_USUARIO FROM INFRA.USUARIOS WHERE CVE_USUARIO = 'mymindustriales@prodigy.net.mx') );
INSERT INTO INFRA.CLIENTES ( ID_USUARIO, CLIENTE) VALUES( (SELECT ID_USUARIO FROM INFRA.USUARIOS WHERE CVE_USUARIO = 'mymindustriales@prodigy.net.mx'), 'Cemex' );

--RADIADORES Y MOFLES FAHRENHEIT
INSERT INTO INFRA.USUARIOS ( CVE_USUARIO, PASSWORD ) VALUES( 'faahrenheit@hotmail.com', 'ccmx1234' );
INSERT INTO INFRA.REL_ROLES ( CVE_ROL, CVE_USUARIO ) VALUES( 'PyME', 'faahrenheit@hotmail.com' );
INSERT INTO INFRA.PYMES ( ID_USUARIO, ID_USUARIO_PADRE, CORREO_ELECTRONICO, NOMBRE_COMERCIAL ) VALUES( (SELECT ID_USUARIO FROM INFRA.USUARIOS WHERE CVE_USUARIO = 'faahrenheit@hotmail.com'), '1', 'faahrenheit@hotmail.com', 'RADIADORES Y MOFLES FAHRENHEIT' );
INSERT INTO INFRA.CONTACTOS (ID_USUARIO, TIPO, NOMBRE, APELLIDO_PATERNO, APELLIDO_MATERNO, CORREO_ELECTRONICO, B_PRINCIPAL, TELEFONO) VALUES ( (SELECT ID_USUARIO FROM INFRA.USUARIOS WHERE CVE_USUARIO = 'faahrenheit@hotmail.com'), 'Ventas', 'Francisco Javier', 'Perez', 'Hernandez', 'faahrenheit@hotmail.com', true, '');
INSERT INTO INFRA.REL_PYMES_TRACTORAS ( ID_USUARIO_TRACTORA, ID_USUARIO_PYME) VALUES( (SELECT ID_USUARIO FROM INFRA.TRACTORAS WHERE EMPRESA = 'Cemex'), (SELECT ID_USUARIO FROM INFRA.USUARIOS WHERE CVE_USUARIO = 'faahrenheit@hotmail.com') );
INSERT INTO INFRA.CLIENTES ( ID_USUARIO, CLIENTE) VALUES( (SELECT ID_USUARIO FROM INFRA.USUARIOS WHERE CVE_USUARIO = 'faahrenheit@hotmail.com'), 'Cemex' );

--DAVID POE MORALES
INSERT INTO INFRA.USUARIOS ( CVE_USUARIO, PASSWORD ) VALUES( 'mecsagdl@hotmail.com', 'ccmx1234' );
INSERT INTO INFRA.REL_ROLES ( CVE_ROL, CVE_USUARIO ) VALUES( 'PyME', 'mecsagdl@hotmail.com' );
INSERT INTO INFRA.PYMES ( ID_USUARIO, ID_USUARIO_PADRE, CORREO_ELECTRONICO, NOMBRE_COMERCIAL ) VALUES( (SELECT ID_USUARIO FROM INFRA.USUARIOS WHERE CVE_USUARIO = 'mecsagdl@hotmail.com'), '1', 'mecsagdl@hotmail.com', 'DAVID POE MORALES' );
INSERT INTO INFRA.CONTACTOS (ID_USUARIO, TIPO, NOMBRE, APELLIDO_PATERNO, APELLIDO_MATERNO, CORREO_ELECTRONICO, B_PRINCIPAL, TELEFONO) VALUES ( (SELECT ID_USUARIO FROM INFRA.USUARIOS WHERE CVE_USUARIO = 'mecsagdl@hotmail.com'), 'Ventas', 'David', 'Poe', 'M', 'mecsagdl@hotmail.com', true, '');
INSERT INTO INFRA.REL_PYMES_TRACTORAS ( ID_USUARIO_TRACTORA, ID_USUARIO_PYME) VALUES( (SELECT ID_USUARIO FROM INFRA.TRACTORAS WHERE EMPRESA = 'Cemex'), (SELECT ID_USUARIO FROM INFRA.USUARIOS WHERE CVE_USUARIO = 'mecsagdl@hotmail.com') );
INSERT INTO INFRA.CLIENTES ( ID_USUARIO, CLIENTE) VALUES( (SELECT ID_USUARIO FROM INFRA.USUARIOS WHERE CVE_USUARIO = 'mecsagdl@hotmail.com'), 'Cemex' );

--JOSE GPE ROSALES DE LA CRUZ
INSERT INTO INFRA.USUARIOS ( CVE_USUARIO, PASSWORD ) VALUES( 'jgpe070360@hotmail.com', 'ccmx1234' );
INSERT INTO INFRA.REL_ROLES ( CVE_ROL, CVE_USUARIO ) VALUES( 'PyME', 'jgpe070360@hotmail.com' );
INSERT INTO INFRA.PYMES ( ID_USUARIO, ID_USUARIO_PADRE, CORREO_ELECTRONICO, NOMBRE_COMERCIAL ) VALUES( (SELECT ID_USUARIO FROM INFRA.USUARIOS WHERE CVE_USUARIO = 'jgpe070360@hotmail.com'), '1', 'jgpe070360@hotmail.com', 'JOSE GPE ROSALES DE LA CRUZ' );
INSERT INTO INFRA.CONTACTOS (ID_USUARIO, TIPO, NOMBRE, APELLIDO_PATERNO, APELLIDO_MATERNO, CORREO_ELECTRONICO, B_PRINCIPAL, TELEFONO) VALUES ( (SELECT ID_USUARIO FROM INFRA.USUARIOS WHERE CVE_USUARIO = 'jgpe070360@hotmail.com'), 'Ventas', '', '', '', 'jgpe070360@hotmail.com', true, '');
INSERT INTO INFRA.REL_PYMES_TRACTORAS ( ID_USUARIO_TRACTORA, ID_USUARIO_PYME) VALUES( (SELECT ID_USUARIO FROM INFRA.TRACTORAS WHERE EMPRESA = 'Cemex'), (SELECT ID_USUARIO FROM INFRA.USUARIOS WHERE CVE_USUARIO = 'jgpe070360@hotmail.com') );
INSERT INTO INFRA.CLIENTES ( ID_USUARIO, CLIENTE) VALUES( (SELECT ID_USUARIO FROM INFRA.USUARIOS WHERE CVE_USUARIO = 'jgpe070360@hotmail.com'), 'Cemex' );

--Canfranc, S.A. de C.V.
INSERT INTO INFRA.USUARIOS ( CVE_USUARIO, PASSWORD ) VALUES( 'jose.leon.rosas@gmail.com', 'ccmx1234' );
INSERT INTO INFRA.REL_ROLES ( CVE_ROL, CVE_USUARIO ) VALUES( 'PyME', 'jose.leon.rosas@gmail.com' );
INSERT INTO INFRA.PYMES ( ID_USUARIO, ID_USUARIO_PADRE, CORREO_ELECTRONICO, NOMBRE_COMERCIAL ) VALUES( (SELECT ID_USUARIO FROM INFRA.USUARIOS WHERE CVE_USUARIO = 'jose.leon.rosas@gmail.com'), '1', 'jose.leon.rosas@gmail.com', 'Canfranc, S.A. de C.V.' );
INSERT INTO INFRA.CONTACTOS (ID_USUARIO, TIPO, NOMBRE, APELLIDO_PATERNO, APELLIDO_MATERNO, CORREO_ELECTRONICO, B_PRINCIPAL, TELEFONO) VALUES ( (SELECT ID_USUARIO FROM INFRA.USUARIOS WHERE CVE_USUARIO = 'jose.leon.rosas@gmail.com'), 'Ventas', 'Jose Leon del Corazon de Jesus', 'Rosas', 'Ferrer', 'jose.leon.rosas@gmail.com', true, '2222353685');
INSERT INTO INFRA.REL_PYMES_TRACTORAS ( ID_USUARIO_TRACTORA, ID_USUARIO_PYME) VALUES( (SELECT ID_USUARIO FROM INFRA.TRACTORAS WHERE EMPRESA = 'Cemex'), (SELECT ID_USUARIO FROM INFRA.USUARIOS WHERE CVE_USUARIO = 'jose.leon.rosas@gmail.com') );
INSERT INTO INFRA.CLIENTES ( ID_USUARIO, CLIENTE) VALUES( (SELECT ID_USUARIO FROM INFRA.USUARIOS WHERE CVE_USUARIO = 'jose.leon.rosas@gmail.com'), 'Cemex' );

--Miriam Ozumbilla Castillo. / Colegio Tolan.
INSERT INTO INFRA.USUARIOS ( CVE_USUARIO, PASSWORD ) VALUES( 'colegio_tollan@hotmail.com', 'ccmx1234' );
INSERT INTO INFRA.REL_ROLES ( CVE_ROL, CVE_USUARIO ) VALUES( 'PyME', 'colegio_tollan@hotmail.com' );
INSERT INTO INFRA.PYMES ( ID_USUARIO, ID_USUARIO_PADRE, CORREO_ELECTRONICO, NOMBRE_COMERCIAL ) VALUES( (SELECT ID_USUARIO FROM INFRA.USUARIOS WHERE CVE_USUARIO = 'colegio_tollan@hotmail.com'), '1', 'colegio_tollan@hotmail.com', 'Miriam Ozumbilla Castillo. / Colegio Tolan.' );
INSERT INTO INFRA.CONTACTOS (ID_USUARIO, TIPO, NOMBRE, APELLIDO_PATERNO, APELLIDO_MATERNO, CORREO_ELECTRONICO, B_PRINCIPAL, TELEFONO) VALUES ( (SELECT ID_USUARIO FROM INFRA.USUARIOS WHERE CVE_USUARIO = 'colegio_tollan@hotmail.com'), 'Ventas', 'Miriam', 'Ozumbilla', 'Castillo', 'colegio_tollan@hotmail.com', true, '7190409');
INSERT INTO INFRA.REL_PYMES_TRACTORAS ( ID_USUARIO_TRACTORA, ID_USUARIO_PYME) VALUES( (SELECT ID_USUARIO FROM INFRA.TRACTORAS WHERE EMPRESA = 'Cemex'), (SELECT ID_USUARIO FROM INFRA.USUARIOS WHERE CVE_USUARIO = 'colegio_tollan@hotmail.com') );
INSERT INTO INFRA.CLIENTES ( ID_USUARIO, CLIENTE) VALUES( (SELECT ID_USUARIO FROM INFRA.USUARIOS WHERE CVE_USUARIO = 'colegio_tollan@hotmail.com'), 'Cemex' );

--Mecanismos Industriales Sahagún, S.A. de C.V.
INSERT INTO INFRA.USUARIOS ( CVE_USUARIO, PASSWORD ) VALUES( 'meisea95@yahoo.com', 'ccmx1234' );
INSERT INTO INFRA.REL_ROLES ( CVE_ROL, CVE_USUARIO ) VALUES( 'PyME', 'meisea95@yahoo.com' );
INSERT INTO INFRA.PYMES ( ID_USUARIO, ID_USUARIO_PADRE, CORREO_ELECTRONICO, NOMBRE_COMERCIAL ) VALUES( (SELECT ID_USUARIO FROM INFRA.USUARIOS WHERE CVE_USUARIO = 'meisea95@yahoo.com'), '1', 'meisea95@yahoo.com', 'Mecanismos Industriales Sahagún, S.A. de C.V.' );
INSERT INTO INFRA.CONTACTOS (ID_USUARIO, TIPO, NOMBRE, APELLIDO_PATERNO, APELLIDO_MATERNO, CORREO_ELECTRONICO, B_PRINCIPAL, TELEFONO) VALUES ( (SELECT ID_USUARIO FROM INFRA.USUARIOS WHERE CVE_USUARIO = 'meisea95@yahoo.com'), 'Ventas', 'Jose Margarito', 'Ortega', 'Monroy', 'meisea95@yahoo.com', true, '7919136294');
INSERT INTO INFRA.REL_PYMES_TRACTORAS ( ID_USUARIO_TRACTORA, ID_USUARIO_PYME) VALUES( (SELECT ID_USUARIO FROM INFRA.TRACTORAS WHERE EMPRESA = 'Cemex'), (SELECT ID_USUARIO FROM INFRA.USUARIOS WHERE CVE_USUARIO = 'meisea95@yahoo.com') );
INSERT INTO INFRA.CLIENTES ( ID_USUARIO, CLIENTE) VALUES( (SELECT ID_USUARIO FROM INFRA.USUARIOS WHERE CVE_USUARIO = 'meisea95@yahoo.com'), 'Cemex' );

--Fletes y Materiales Mora, S.A. de C.V.
INSERT INTO INFRA.USUARIOS ( CVE_USUARIO, PASSWORD ) VALUES( 'salvadorms_24@hotmail.com', 'ccmx1234' );
INSERT INTO INFRA.REL_ROLES ( CVE_ROL, CVE_USUARIO ) VALUES( 'PyME', 'salvadorms_24@hotmail.com' );
INSERT INTO INFRA.PYMES ( ID_USUARIO, ID_USUARIO_PADRE, CORREO_ELECTRONICO, NOMBRE_COMERCIAL ) VALUES( (SELECT ID_USUARIO FROM INFRA.USUARIOS WHERE CVE_USUARIO = 'salvadorms_24@hotmail.com'), '1', 'salvadorms_24@hotmail.com', 'Fletes y Materiales Mora, S.A. de C.V.' );
INSERT INTO INFRA.CONTACTOS (ID_USUARIO, TIPO, NOMBRE, APELLIDO_PATERNO, APELLIDO_MATERNO, CORREO_ELECTRONICO, B_PRINCIPAL, TELEFONO) VALUES ( (SELECT ID_USUARIO FROM INFRA.USUARIOS WHERE CVE_USUARIO = 'salvadorms_24@hotmail.com'), 'Ventas', 'Alejandro', 'Monterrubio', 'L', 'salvadorms_24@hotmail.com', true, '57859027');
INSERT INTO INFRA.REL_PYMES_TRACTORAS ( ID_USUARIO_TRACTORA, ID_USUARIO_PYME) VALUES( (SELECT ID_USUARIO FROM INFRA.TRACTORAS WHERE EMPRESA = 'Cemex'), (SELECT ID_USUARIO FROM INFRA.USUARIOS WHERE CVE_USUARIO = 'salvadorms_24@hotmail.com') );
INSERT INTO INFRA.CLIENTES ( ID_USUARIO, CLIENTE) VALUES( (SELECT ID_USUARIO FROM INFRA.USUARIOS WHERE CVE_USUARIO = 'salvadorms_24@hotmail.com'), 'Cemex' );

--Corporativo industrial Bejok, S.A. de C.V.
INSERT INTO INFRA.USUARIOS ( CVE_USUARIO, PASSWORD ) VALUES( 'corporativo_bejok@hotmail.com', 'ccmx1234' );
INSERT INTO INFRA.REL_ROLES ( CVE_ROL, CVE_USUARIO ) VALUES( 'PyME', 'corporativo_bejok@hotmail.com' );
INSERT INTO INFRA.PYMES ( ID_USUARIO, ID_USUARIO_PADRE, CORREO_ELECTRONICO, NOMBRE_COMERCIAL ) VALUES( (SELECT ID_USUARIO FROM INFRA.USUARIOS WHERE CVE_USUARIO = 'corporativo_bejok@hotmail.com'), '1', 'corporativo_bejok@hotmail.com', 'Corporativo industrial Bejok, S.A. de C.V.' );
INSERT INTO INFRA.CONTACTOS (ID_USUARIO, TIPO, NOMBRE, APELLIDO_PATERNO, APELLIDO_MATERNO, CORREO_ELECTRONICO, B_PRINCIPAL, TELEFONO) VALUES ( (SELECT ID_USUARIO FROM INFRA.USUARIOS WHERE CVE_USUARIO = 'corporativo_bejok@hotmail.com'), 'Ventas', 'Laura', 'Valentin', '', 'corporativo_bejok@hotmail.com', true, '57907037');
INSERT INTO INFRA.REL_PYMES_TRACTORAS ( ID_USUARIO_TRACTORA, ID_USUARIO_PYME) VALUES( (SELECT ID_USUARIO FROM INFRA.TRACTORAS WHERE EMPRESA = 'Cemex'), (SELECT ID_USUARIO FROM INFRA.USUARIOS WHERE CVE_USUARIO = 'corporativo_bejok@hotmail.com') );
INSERT INTO INFRA.CLIENTES ( ID_USUARIO, CLIENTE) VALUES( (SELECT ID_USUARIO FROM INFRA.USUARIOS WHERE CVE_USUARIO = 'corporativo_bejok@hotmail.com'), 'Cemex' );

--Praxis Logística, S. de R.L. de C.V.
INSERT INTO INFRA.USUARIOS ( CVE_USUARIO, PASSWORD ) VALUES( 'diana@praxislogistica.com.mx', 'ccmx1234' );
INSERT INTO INFRA.REL_ROLES ( CVE_ROL, CVE_USUARIO ) VALUES( 'PyME', 'diana@praxislogistica.com.mx' );
INSERT INTO INFRA.PYMES ( ID_USUARIO, ID_USUARIO_PADRE, CORREO_ELECTRONICO, NOMBRE_COMERCIAL ) VALUES( (SELECT ID_USUARIO FROM INFRA.USUARIOS WHERE CVE_USUARIO = 'diana@praxislogistica.com.mx'), '1', 'diana@praxislogistica.com.mx', 'Praxis Logística, S. de R.L. de C.V.' );
INSERT INTO INFRA.CONTACTOS (ID_USUARIO, TIPO, NOMBRE, APELLIDO_PATERNO, APELLIDO_MATERNO, CORREO_ELECTRONICO, B_PRINCIPAL, TELEFONO) VALUES ( (SELECT ID_USUARIO FROM INFRA.USUARIOS WHERE CVE_USUARIO = 'diana@praxislogistica.com.mx'), 'Ventas', 'Diana', 'Lopez', '', 'diana@praxislogistica.com.mx', true, '90001718');
INSERT INTO INFRA.REL_PYMES_TRACTORAS ( ID_USUARIO_TRACTORA, ID_USUARIO_PYME) VALUES( (SELECT ID_USUARIO FROM INFRA.TRACTORAS WHERE EMPRESA = 'Cemex'), (SELECT ID_USUARIO FROM INFRA.USUARIOS WHERE CVE_USUARIO = 'diana@praxislogistica.com.mx') );
INSERT INTO INFRA.CLIENTES ( ID_USUARIO, CLIENTE) VALUES( (SELECT ID_USUARIO FROM INFRA.USUARIOS WHERE CVE_USUARIO = 'diana@praxislogistica.com.mx'), 'Cemex' );

--Federico Sandoval Flores. / Ingeniería y Desarrollo Industrial.
INSERT INTO INFRA.USUARIOS ( CVE_USUARIO, PASSWORD ) VALUES( 'fedesa_ingenieriaydesarrollo@hotmail.com', 'ccmx1234' );
INSERT INTO INFRA.REL_ROLES ( CVE_ROL, CVE_USUARIO ) VALUES( 'PyME', 'fedesa_ingenieriaydesarrollo@hotmail.com' );
INSERT INTO INFRA.PYMES ( ID_USUARIO, ID_USUARIO_PADRE, CORREO_ELECTRONICO, NOMBRE_COMERCIAL ) VALUES( (SELECT ID_USUARIO FROM INFRA.USUARIOS WHERE CVE_USUARIO = 'fedesa_ingenieriaydesarrollo@hotmail.com'), '1', 'fedesa_ingenieriaydesarrollo@hotmail.com', 'Federico Sandoval Flores. / Ingeniería y Desarrollo Industrial.' );
INSERT INTO INFRA.CONTACTOS (ID_USUARIO, TIPO, NOMBRE, APELLIDO_PATERNO, APELLIDO_MATERNO, CORREO_ELECTRONICO, B_PRINCIPAL, TELEFONO) VALUES ( (SELECT ID_USUARIO FROM INFRA.USUARIOS WHERE CVE_USUARIO = 'fedesa_ingenieriaydesarrollo@hotmail.com'), 'Ventas', 'Federico', 'Sandoval', 'Flores', 'fedesa_ingenieriaydesarrollo@hotmail.com', true, '58693320');
INSERT INTO INFRA.REL_PYMES_TRACTORAS ( ID_USUARIO_TRACTORA, ID_USUARIO_PYME) VALUES( (SELECT ID_USUARIO FROM INFRA.TRACTORAS WHERE EMPRESA = 'Cemex'), (SELECT ID_USUARIO FROM INFRA.USUARIOS WHERE CVE_USUARIO = 'fedesa_ingenieriaydesarrollo@hotmail.com') );
INSERT INTO INFRA.CLIENTES ( ID_USUARIO, CLIENTE) VALUES( (SELECT ID_USUARIO FROM INFRA.USUARIOS WHERE CVE_USUARIO = 'fedesa_ingenieriaydesarrollo@hotmail.com'), 'Cemex' );

--Transportes Doniz, S.A. de C.V.
INSERT INTO INFRA.USUARIOS ( CVE_USUARIO, PASSWORD ) VALUES( 'trasnportesdoniz@yahoo.com.mx', 'ccmx1234' );
INSERT INTO INFRA.REL_ROLES ( CVE_ROL, CVE_USUARIO ) VALUES( 'PyME', 'trasnportesdoniz@yahoo.com.mx' );
INSERT INTO INFRA.PYMES ( ID_USUARIO, ID_USUARIO_PADRE, CORREO_ELECTRONICO, NOMBRE_COMERCIAL ) VALUES( (SELECT ID_USUARIO FROM INFRA.USUARIOS WHERE CVE_USUARIO = 'trasnportesdoniz@yahoo.com.mx'), '1', 'trasnportesdoniz@yahoo.com.mx', 'Transportes Doniz, S.A. de C.V.' );
INSERT INTO INFRA.CONTACTOS (ID_USUARIO, TIPO, NOMBRE, APELLIDO_PATERNO, APELLIDO_MATERNO, CORREO_ELECTRONICO, B_PRINCIPAL, TELEFONO) VALUES ( (SELECT ID_USUARIO FROM INFRA.USUARIOS WHERE CVE_USUARIO = 'trasnportesdoniz@yahoo.com.mx'), 'Ventas', 'Andres', 'Jaramillo', '', 'trasnportesdoniz@yahoo.com.mx', true, '7787351675');
INSERT INTO INFRA.REL_PYMES_TRACTORAS ( ID_USUARIO_TRACTORA, ID_USUARIO_PYME) VALUES( (SELECT ID_USUARIO FROM INFRA.TRACTORAS WHERE EMPRESA = 'Cemex'), (SELECT ID_USUARIO FROM INFRA.USUARIOS WHERE CVE_USUARIO = 'trasnportesdoniz@yahoo.com.mx') );
INSERT INTO INFRA.CLIENTES ( ID_USUARIO, CLIENTE) VALUES( (SELECT ID_USUARIO FROM INFRA.USUARIOS WHERE CVE_USUARIO = 'trasnportesdoniz@yahoo.com.mx'), 'Cemex' );

--Sergio Horacio Sanabria Manjarrez. / Transportes Sanabria.
INSERT INTO INFRA.USUARIOS ( CVE_USUARIO, PASSWORD ) VALUES( 'trasnportessanabriz@hotmail.com', 'ccmx1234' );
INSERT INTO INFRA.REL_ROLES ( CVE_ROL, CVE_USUARIO ) VALUES( 'PyME', 'trasnportessanabriz@hotmail.com' );
INSERT INTO INFRA.PYMES ( ID_USUARIO, ID_USUARIO_PADRE, CORREO_ELECTRONICO, NOMBRE_COMERCIAL ) VALUES( (SELECT ID_USUARIO FROM INFRA.USUARIOS WHERE CVE_USUARIO = 'trasnportessanabriz@hotmail.com'), '1', 'trasnportessanabriz@hotmail.com', 'Sergio Horacio Sanabria Manjarrez. / Transportes Sanabria.' );
INSERT INTO INFRA.CONTACTOS (ID_USUARIO, TIPO, NOMBRE, APELLIDO_PATERNO, APELLIDO_MATERNO, CORREO_ELECTRONICO, B_PRINCIPAL, TELEFONO) VALUES ( (SELECT ID_USUARIO FROM INFRA.USUARIOS WHERE CVE_USUARIO = 'trasnportessanabriz@hotmail.com'), 'Ventas', 'Sergio Horacio', 'Sanabri', 'Manjarrez', 'trasnportessanabriz@hotmail.com', true, '7693510551');
INSERT INTO INFRA.REL_PYMES_TRACTORAS ( ID_USUARIO_TRACTORA, ID_USUARIO_PYME) VALUES( (SELECT ID_USUARIO FROM INFRA.TRACTORAS WHERE EMPRESA = 'Cemex'), (SELECT ID_USUARIO FROM INFRA.USUARIOS WHERE CVE_USUARIO = 'trasnportessanabriz@hotmail.com') );
INSERT INTO INFRA.CLIENTES ( ID_USUARIO, CLIENTE) VALUES( (SELECT ID_USUARIO FROM INFRA.USUARIOS WHERE CVE_USUARIO = 'trasnportessanabriz@hotmail.com'), 'Cemex' );

--Industria de Carrocerías y Remolques Doniz Icared, S.A. de C.V.
INSERT INTO INFRA.USUARIOS ( CVE_USUARIO, PASSWORD ) VALUES( 'icaredsa@yahoo.com.mx', 'ccmx1234' );
INSERT INTO INFRA.REL_ROLES ( CVE_ROL, CVE_USUARIO ) VALUES( 'PyME', 'icaredsa@yahoo.com.mx' );
INSERT INTO INFRA.PYMES ( ID_USUARIO, ID_USUARIO_PADRE, CORREO_ELECTRONICO, NOMBRE_COMERCIAL ) VALUES( (SELECT ID_USUARIO FROM INFRA.USUARIOS WHERE CVE_USUARIO = 'icaredsa@yahoo.com.mx'), '1', 'icaredsa@yahoo.com.mx', 'Industria de Carrocerías y Remolques Doniz Icared, S.A. de C.V.' );
INSERT INTO INFRA.CONTACTOS (ID_USUARIO, TIPO, NOMBRE, APELLIDO_PATERNO, APELLIDO_MATERNO, CORREO_ELECTRONICO, B_PRINCIPAL, TELEFONO) VALUES ( (SELECT ID_USUARIO FROM INFRA.USUARIOS WHERE CVE_USUARIO = 'icaredsa@yahoo.com.mx'), 'Ventas', 'Ivan', 'Doniz', '', 'icaredsa@yahoo.com.mx', true, '7787351675');
INSERT INTO INFRA.REL_PYMES_TRACTORAS ( ID_USUARIO_TRACTORA, ID_USUARIO_PYME) VALUES( (SELECT ID_USUARIO FROM INFRA.TRACTORAS WHERE EMPRESA = 'Cemex'), (SELECT ID_USUARIO FROM INFRA.USUARIOS WHERE CVE_USUARIO = 'icaredsa@yahoo.com.mx') );
INSERT INTO INFRA.CLIENTES ( ID_USUARIO, CLIENTE) VALUES( (SELECT ID_USUARIO FROM INFRA.USUARIOS WHERE CVE_USUARIO = 'icaredsa@yahoo.com.mx'), 'Cemex' );

--Minerales Comerciales Mexicanos, S.A. de C.V.
INSERT INTO INFRA.USUARIOS ( CVE_USUARIO, PASSWORD ) VALUES( 'micomex@prodigy.net.mx', 'ccmx1234' );
INSERT INTO INFRA.REL_ROLES ( CVE_ROL, CVE_USUARIO ) VALUES( 'PyME', 'micomex@prodigy.net.mx' );
INSERT INTO INFRA.PYMES ( ID_USUARIO, ID_USUARIO_PADRE, CORREO_ELECTRONICO, NOMBRE_COMERCIAL ) VALUES( (SELECT ID_USUARIO FROM INFRA.USUARIOS WHERE CVE_USUARIO = 'micomex@prodigy.net.mx'), '1', 'micomex@prodigy.net.mx', 'Minerales Comerciales Mexicanos, S.A. de C.V.' );
INSERT INTO INFRA.CONTACTOS (ID_USUARIO, TIPO, NOMBRE, APELLIDO_PATERNO, APELLIDO_MATERNO, CORREO_ELECTRONICO, B_PRINCIPAL, TELEFONO) VALUES ( (SELECT ID_USUARIO FROM INFRA.USUARIOS WHERE CVE_USUARIO = 'micomex@prodigy.net.mx'), 'Ventas', 'Norberto', 'Sanchez', 'Barquera', 'micomex@prodigy.net.mx', true, '4142730950');
INSERT INTO INFRA.REL_PYMES_TRACTORAS ( ID_USUARIO_TRACTORA, ID_USUARIO_PYME) VALUES( (SELECT ID_USUARIO FROM INFRA.TRACTORAS WHERE EMPRESA = 'Cemex'), (SELECT ID_USUARIO FROM INFRA.USUARIOS WHERE CVE_USUARIO = 'micomex@prodigy.net.mx') );
INSERT INTO INFRA.CLIENTES ( ID_USUARIO, CLIENTE) VALUES( (SELECT ID_USUARIO FROM INFRA.USUARIOS WHERE CVE_USUARIO = 'micomex@prodigy.net.mx'), 'Cemex' );

--Vulcanización y Servicios Industriales, S.A. de C.V. / Grupo Vysisa.
INSERT INTO INFRA.USUARIOS ( CVE_USUARIO, PASSWORD ) VALUES( 'esrasto.goodyear@vysisa.com.mx', 'ccmx1234' );
INSERT INTO INFRA.REL_ROLES ( CVE_ROL, CVE_USUARIO ) VALUES( 'PyME', 'esrasto.goodyear@vysisa.com.mx' );
INSERT INTO INFRA.PYMES ( ID_USUARIO, ID_USUARIO_PADRE, CORREO_ELECTRONICO, NOMBRE_COMERCIAL ) VALUES( (SELECT ID_USUARIO FROM INFRA.USUARIOS WHERE CVE_USUARIO = 'esrasto.goodyear@vysisa.com.mx'), '1', 'esrasto.goodyear@vysisa.com.mx', 'Vulcanización y Servicios Industriales, S.A. de C.V. / Grupo Vysisa.' );
INSERT INTO INFRA.CONTACTOS (ID_USUARIO, TIPO, NOMBRE, APELLIDO_PATERNO, APELLIDO_MATERNO, CORREO_ELECTRONICO, B_PRINCIPAL, TELEFONO) VALUES ( (SELECT ID_USUARIO FROM INFRA.USUARIOS WHERE CVE_USUARIO = 'esrasto.goodyear@vysisa.com.mx'), 'Ventas', 'Erasto', 'Enriquez', '', 'esrasto.goodyear@vysisa.com.mx', true, '56199665');
INSERT INTO INFRA.REL_PYMES_TRACTORAS ( ID_USUARIO_TRACTORA, ID_USUARIO_PYME) VALUES( (SELECT ID_USUARIO FROM INFRA.TRACTORAS WHERE EMPRESA = 'Cemex'), (SELECT ID_USUARIO FROM INFRA.USUARIOS WHERE CVE_USUARIO = 'esrasto.goodyear@vysisa.com.mx') );
INSERT INTO INFRA.CLIENTES ( ID_USUARIO, CLIENTE) VALUES( (SELECT ID_USUARIO FROM INFRA.USUARIOS WHERE CVE_USUARIO = 'esrasto.goodyear@vysisa.com.mx'), 'Cemex' );

--Codimex.
INSERT INTO INFRA.USUARIOS ( CVE_USUARIO, PASSWORD ) VALUES( 'ramfel29@hotmail.com', 'ccmx1234' );
INSERT INTO INFRA.REL_ROLES ( CVE_ROL, CVE_USUARIO ) VALUES( 'PyME', 'ramfel29@hotmail.com' );
INSERT INTO INFRA.PYMES ( ID_USUARIO, ID_USUARIO_PADRE, CORREO_ELECTRONICO, NOMBRE_COMERCIAL ) VALUES( (SELECT ID_USUARIO FROM INFRA.USUARIOS WHERE CVE_USUARIO = 'ramfel29@hotmail.com'), '1', 'ramfel29@hotmail.com', 'Codimex.' );
INSERT INTO INFRA.CONTACTOS (ID_USUARIO, TIPO, NOMBRE, APELLIDO_PATERNO, APELLIDO_MATERNO, CORREO_ELECTRONICO, B_PRINCIPAL, TELEFONO) VALUES ( (SELECT ID_USUARIO FROM INFRA.USUARIOS WHERE CVE_USUARIO = 'ramfel29@hotmail.com'), 'Ventas', 'Eduardo', 'Orichuela', 'Vives', 'ramfel29@hotmail.com', true, '41719785');
INSERT INTO INFRA.REL_PYMES_TRACTORAS ( ID_USUARIO_TRACTORA, ID_USUARIO_PYME) VALUES( (SELECT ID_USUARIO FROM INFRA.TRACTORAS WHERE EMPRESA = 'Cemex'), (SELECT ID_USUARIO FROM INFRA.USUARIOS WHERE CVE_USUARIO = 'ramfel29@hotmail.com') );
INSERT INTO INFRA.CLIENTES ( ID_USUARIO, CLIENTE) VALUES( (SELECT ID_USUARIO FROM INFRA.USUARIOS WHERE CVE_USUARIO = 'ramfel29@hotmail.com'), 'Cemex' );

--Victor Manuel Fuentes Hurtado.
INSERT INTO INFRA.USUARIOS ( CVE_USUARIO, PASSWORD ) VALUES( 'victor280875@hotmail.com', 'ccmx1234' );
INSERT INTO INFRA.REL_ROLES ( CVE_ROL, CVE_USUARIO ) VALUES( 'PyME', 'victor280875@hotmail.com' );
INSERT INTO INFRA.PYMES ( ID_USUARIO, ID_USUARIO_PADRE, CORREO_ELECTRONICO, NOMBRE_COMERCIAL ) VALUES( (SELECT ID_USUARIO FROM INFRA.USUARIOS WHERE CVE_USUARIO = 'victor280875@hotmail.com'), '1', 'victor280875@hotmail.com', 'Victor Manuel Fuentes Hurtado.' );
INSERT INTO INFRA.CONTACTOS (ID_USUARIO, TIPO, NOMBRE, APELLIDO_PATERNO, APELLIDO_MATERNO, CORREO_ELECTRONICO, B_PRINCIPAL, TELEFONO) VALUES ( (SELECT ID_USUARIO FROM INFRA.USUARIOS WHERE CVE_USUARIO = 'victor280875@hotmail.com'), 'Ventas', 'Victor Manuel', 'Fuentes', 'Hurtado', 'victor280875@hotmail.com', true, '7787350171');
INSERT INTO INFRA.REL_PYMES_TRACTORAS ( ID_USUARIO_TRACTORA, ID_USUARIO_PYME) VALUES( (SELECT ID_USUARIO FROM INFRA.TRACTORAS WHERE EMPRESA = 'Cemex'), (SELECT ID_USUARIO FROM INFRA.USUARIOS WHERE CVE_USUARIO = 'victor280875@hotmail.com') );
INSERT INTO INFRA.CLIENTES ( ID_USUARIO, CLIENTE) VALUES( (SELECT ID_USUARIO FROM INFRA.USUARIOS WHERE CVE_USUARIO = 'victor280875@hotmail.com'), 'Cemex' );

--Luis Gerardo Bernal Cuello
INSERT INTO INFRA.USUARIOS ( CVE_USUARIO, PASSWORD ) VALUES( 'lger.ber.66@gmail.com', 'ccmx1234' );
INSERT INTO INFRA.REL_ROLES ( CVE_ROL, CVE_USUARIO ) VALUES( 'PyME', 'lger.ber.66@gmail.com' );
INSERT INTO INFRA.PYMES ( ID_USUARIO, ID_USUARIO_PADRE, CORREO_ELECTRONICO, NOMBRE_COMERCIAL ) VALUES( (SELECT ID_USUARIO FROM INFRA.USUARIOS WHERE CVE_USUARIO = 'lger.ber.66@gmail.com'), '1', 'lger.ber.66@gmail.com', 'Luis Gerardo Bernal Cuello' );
INSERT INTO INFRA.CONTACTOS (ID_USUARIO, TIPO, NOMBRE, APELLIDO_PATERNO, APELLIDO_MATERNO, CORREO_ELECTRONICO, B_PRINCIPAL, TELEFONO) VALUES ( (SELECT ID_USUARIO FROM INFRA.USUARIOS WHERE CVE_USUARIO = 'lger.ber.66@gmail.com'), 'Ventas', 'Angelo', 'Sanchez', 'Zuñiga', 'lger.ber.66@gmail.com', true, '26200210');
INSERT INTO INFRA.REL_PYMES_TRACTORAS ( ID_USUARIO_TRACTORA, ID_USUARIO_PYME) VALUES( (SELECT ID_USUARIO FROM INFRA.TRACTORAS WHERE EMPRESA = 'Cemex'), (SELECT ID_USUARIO FROM INFRA.USUARIOS WHERE CVE_USUARIO = 'lger.ber.66@gmail.com') );
INSERT INTO INFRA.CLIENTES ( ID_USUARIO, CLIENTE) VALUES( (SELECT ID_USUARIO FROM INFRA.USUARIOS WHERE CVE_USUARIO = 'lger.ber.66@gmail.com'), 'Cemex' );

--Madcom, S.A. de C.V.
INSERT INTO INFRA.USUARIOS ( CVE_USUARIO, PASSWORD ) VALUES( 'jlalvalop@yahoo.com.mx', 'ccmx1234' );
INSERT INTO INFRA.REL_ROLES ( CVE_ROL, CVE_USUARIO ) VALUES( 'PyME', 'jlalvalop@yahoo.com.mx' );
INSERT INTO INFRA.PYMES ( ID_USUARIO, ID_USUARIO_PADRE, CORREO_ELECTRONICO, NOMBRE_COMERCIAL ) VALUES( (SELECT ID_USUARIO FROM INFRA.USUARIOS WHERE CVE_USUARIO = 'jlalvalop@yahoo.com.mx'), '1', 'jlalvalop@yahoo.com.mx', 'Madcom, S.A. de C.V.' );
INSERT INTO INFRA.CONTACTOS (ID_USUARIO, TIPO, NOMBRE, APELLIDO_PATERNO, APELLIDO_MATERNO, CORREO_ELECTRONICO, B_PRINCIPAL, TELEFONO) VALUES ( (SELECT ID_USUARIO FROM INFRA.USUARIOS WHERE CVE_USUARIO = 'jlalvalop@yahoo.com.mx'), 'Ventas', 'Jose Jaime', 'Alvarez', 'Lopez', 'jlalvalop@yahoo.com.mx', true, '57400271');
INSERT INTO INFRA.REL_PYMES_TRACTORAS ( ID_USUARIO_TRACTORA, ID_USUARIO_PYME) VALUES( (SELECT ID_USUARIO FROM INFRA.TRACTORAS WHERE EMPRESA = 'Cemex'), (SELECT ID_USUARIO FROM INFRA.USUARIOS WHERE CVE_USUARIO = 'jlalvalop@yahoo.com.mx') );
INSERT INTO INFRA.CLIENTES ( ID_USUARIO, CLIENTE) VALUES( (SELECT ID_USUARIO FROM INFRA.USUARIOS WHERE CVE_USUARIO = 'jlalvalop@yahoo.com.mx'), 'Cemex' );

--Autopartes Eléctricas y Refacciones Zaragoza, S.A. de C.V.
INSERT INTO INFRA.USUARIOS ( CVE_USUARIO, PASSWORD ) VALUES( 'aeersacv@axtel.net', 'ccmx1234' );
INSERT INTO INFRA.REL_ROLES ( CVE_ROL, CVE_USUARIO ) VALUES( 'PyME', 'aeersacv@axtel.net' );
INSERT INTO INFRA.PYMES ( ID_USUARIO, ID_USUARIO_PADRE, CORREO_ELECTRONICO, NOMBRE_COMERCIAL ) VALUES( (SELECT ID_USUARIO FROM INFRA.USUARIOS WHERE CVE_USUARIO = 'aeersacv@axtel.net'), '1', 'aeersacv@axtel.net', 'Autopartes Eléctricas y Refacciones Zaragoza, S.A. de C.V.' );
INSERT INTO INFRA.CONTACTOS (ID_USUARIO, TIPO, NOMBRE, APELLIDO_PATERNO, APELLIDO_MATERNO, CORREO_ELECTRONICO, B_PRINCIPAL, TELEFONO) VALUES ( (SELECT ID_USUARIO FROM INFRA.USUARIOS WHERE CVE_USUARIO = 'aeersacv@axtel.net'), 'Ventas', 'Juan Francisco', 'Ordoñez', 'Noguez', 'aeersacv@axtel.net', true, '57623309');
INSERT INTO INFRA.REL_PYMES_TRACTORAS ( ID_USUARIO_TRACTORA, ID_USUARIO_PYME) VALUES( (SELECT ID_USUARIO FROM INFRA.TRACTORAS WHERE EMPRESA = 'Cemex'), (SELECT ID_USUARIO FROM INFRA.USUARIOS WHERE CVE_USUARIO = 'aeersacv@axtel.net') );
INSERT INTO INFRA.CLIENTES ( ID_USUARIO, CLIENTE) VALUES( (SELECT ID_USUARIO FROM INFRA.USUARIOS WHERE CVE_USUARIO = 'aeersacv@axtel.net'), 'Cemex' );

--Martiniano González Gutiérrez.
INSERT INTO INFRA.USUARIOS ( CVE_USUARIO, PASSWORD ) VALUES( 'gonzalezgutierrezm@yahoo.com.mx', 'ccmx1234' );
INSERT INTO INFRA.REL_ROLES ( CVE_ROL, CVE_USUARIO ) VALUES( 'PyME', 'gonzalezgutierrezm@yahoo.com.mx' );
INSERT INTO INFRA.PYMES ( ID_USUARIO, ID_USUARIO_PADRE, CORREO_ELECTRONICO, NOMBRE_COMERCIAL ) VALUES( (SELECT ID_USUARIO FROM INFRA.USUARIOS WHERE CVE_USUARIO = 'gonzalezgutierrezm@yahoo.com.mx'), '1', 'gonzalezgutierrezm@yahoo.com.mx', 'Martiniano González Gutiérrez.' );
INSERT INTO INFRA.CONTACTOS (ID_USUARIO, TIPO, NOMBRE, APELLIDO_PATERNO, APELLIDO_MATERNO, CORREO_ELECTRONICO, B_PRINCIPAL, TELEFONO) VALUES ( (SELECT ID_USUARIO FROM INFRA.USUARIOS WHERE CVE_USUARIO = 'gonzalezgutierrezm@yahoo.com.mx'), 'Ventas', 'Martiniano', 'Gonzalez', 'Gutierrez', 'gonzalezgutierrezm@yahoo.com.mx', true, '7747613043');
INSERT INTO INFRA.REL_PYMES_TRACTORAS ( ID_USUARIO_TRACTORA, ID_USUARIO_PYME) VALUES( (SELECT ID_USUARIO FROM INFRA.TRACTORAS WHERE EMPRESA = 'Cemex'), (SELECT ID_USUARIO FROM INFRA.USUARIOS WHERE CVE_USUARIO = 'gonzalezgutierrezm@yahoo.com.mx') );
INSERT INTO INFRA.CLIENTES ( ID_USUARIO, CLIENTE) VALUES( (SELECT ID_USUARIO FROM INFRA.USUARIOS WHERE CVE_USUARIO = 'gonzalezgutierrezm@yahoo.com.mx'), 'Cemex' );

--Reparación Electromecánica y Mantenimiento Industrial, S.A. de C.V.
INSERT INTO INFRA.USUARIOS ( CVE_USUARIO, PASSWORD ) VALUES( 'contabilidad@remisadecv.com', 'ccmx1234' );
INSERT INTO INFRA.REL_ROLES ( CVE_ROL, CVE_USUARIO ) VALUES( 'PyME', 'contabilidad@remisadecv.com' );
INSERT INTO INFRA.PYMES ( ID_USUARIO, ID_USUARIO_PADRE, CORREO_ELECTRONICO, NOMBRE_COMERCIAL ) VALUES( (SELECT ID_USUARIO FROM INFRA.USUARIOS WHERE CVE_USUARIO = 'contabilidad@remisadecv.com'), '1', 'contabilidad@remisadecv.com', 'Reparación Electromecánica y Mantenimiento Industrial, S.A. de C.V.' );
INSERT INTO INFRA.CONTACTOS (ID_USUARIO, TIPO, NOMBRE, APELLIDO_PATERNO, APELLIDO_MATERNO, CORREO_ELECTRONICO, B_PRINCIPAL, TELEFONO) VALUES ( (SELECT ID_USUARIO FROM INFRA.USUARIOS WHERE CVE_USUARIO = 'contabilidad@remisadecv.com'), 'Ventas', 'Oscar Javier', 'Garcia', 'Herrera', 'contabilidad@remisadecv.com', true, '7222322118');
INSERT INTO INFRA.REL_PYMES_TRACTORAS ( ID_USUARIO_TRACTORA, ID_USUARIO_PYME) VALUES( (SELECT ID_USUARIO FROM INFRA.TRACTORAS WHERE EMPRESA = 'Cemex'), (SELECT ID_USUARIO FROM INFRA.USUARIOS WHERE CVE_USUARIO = 'contabilidad@remisadecv.com') );
INSERT INTO INFRA.CLIENTES ( ID_USUARIO, CLIENTE) VALUES( (SELECT ID_USUARIO FROM INFRA.USUARIOS WHERE CVE_USUARIO = 'contabilidad@remisadecv.com'), 'Cemex' );

--Construcciones y Acabados Rosgan, S.A. de C.V.
INSERT INTO INFRA.USUARIOS ( CVE_USUARIO, PASSWORD ) VALUES( 'rosgancervantes@hotmail.com', 'ccmx1234' );
INSERT INTO INFRA.REL_ROLES ( CVE_ROL, CVE_USUARIO ) VALUES( 'PyME', 'rosgancervantes@hotmail.com' );
INSERT INTO INFRA.PYMES ( ID_USUARIO, ID_USUARIO_PADRE, CORREO_ELECTRONICO, NOMBRE_COMERCIAL ) VALUES( (SELECT ID_USUARIO FROM INFRA.USUARIOS WHERE CVE_USUARIO = 'rosgancervantes@hotmail.com'), '1', 'rosgancervantes@hotmail.com', 'Construcciones y Acabados Rosgan, S.A. de C.V.' );
INSERT INTO INFRA.CONTACTOS (ID_USUARIO, TIPO, NOMBRE, APELLIDO_PATERNO, APELLIDO_MATERNO, CORREO_ELECTRONICO, B_PRINCIPAL, TELEFONO) VALUES ( (SELECT ID_USUARIO FROM INFRA.USUARIOS WHERE CVE_USUARIO = 'rosgancervantes@hotmail.com'), 'Ventas', 'Gabino', 'Cervantes', 'Martinez', 'rosgancervantes@hotmail.com', true, '57338327');
INSERT INTO INFRA.REL_PYMES_TRACTORAS ( ID_USUARIO_TRACTORA, ID_USUARIO_PYME) VALUES( (SELECT ID_USUARIO FROM INFRA.TRACTORAS WHERE EMPRESA = 'Cemex'), (SELECT ID_USUARIO FROM INFRA.USUARIOS WHERE CVE_USUARIO = 'rosgancervantes@hotmail.com') );
INSERT INTO INFRA.CLIENTES ( ID_USUARIO, CLIENTE) VALUES( (SELECT ID_USUARIO FROM INFRA.USUARIOS WHERE CVE_USUARIO = 'rosgancervantes@hotmail.com'), 'Cemex' );

--Andrés Moriel Fernández
INSERT INTO INFRA.USUARIOS ( CVE_USUARIO, PASSWORD ) VALUES( 'seprovol54@hotmail.com', 'ccmx1234' );
INSERT INTO INFRA.REL_ROLES ( CVE_ROL, CVE_USUARIO ) VALUES( 'PyME', 'seprovol54@hotmail.com' );
INSERT INTO INFRA.PYMES ( ID_USUARIO, ID_USUARIO_PADRE, CORREO_ELECTRONICO, NOMBRE_COMERCIAL ) VALUES( (SELECT ID_USUARIO FROM INFRA.USUARIOS WHERE CVE_USUARIO = 'seprovol54@hotmail.com'), '1', 'seprovol54@hotmail.com', 'Andres Moriel Fernandez' );
INSERT INTO INFRA.CONTACTOS (ID_USUARIO, TIPO, NOMBRE, APELLIDO_PATERNO, APELLIDO_MATERNO, CORREO_ELECTRONICO, B_PRINCIPAL, TELEFONO) VALUES ( (SELECT ID_USUARIO FROM INFRA.USUARIOS WHERE CVE_USUARIO = 'seprovol54@hotmail.com'), 'Ventas', 'Andres', 'Moriel', 'Fernandez', 'seprovol54@hotmail.com', true, '7773274624');
INSERT INTO INFRA.REL_PYMES_TRACTORAS ( ID_USUARIO_TRACTORA, ID_USUARIO_PYME) VALUES( (SELECT ID_USUARIO FROM INFRA.TRACTORAS WHERE EMPRESA = 'Cemex'), (SELECT ID_USUARIO FROM INFRA.USUARIOS WHERE CVE_USUARIO = 'seprovol54@hotmail.com') );
INSERT INTO INFRA.CLIENTES ( ID_USUARIO, CLIENTE) VALUES( (SELECT ID_USUARIO FROM INFRA.USUARIOS WHERE CVE_USUARIO = 'seprovol54@hotmail.com'), 'Cemex' );

--Ferretodo México, S.A. de C.V.
INSERT INTO INFRA.USUARIOS ( CVE_USUARIO, PASSWORD ) VALUES( 'arnold.yañez@ferretodo.com.mx', 'ccmx1234' );
INSERT INTO INFRA.REL_ROLES ( CVE_ROL, CVE_USUARIO ) VALUES( 'PyME', 'arnold.yañez@ferretodo.com.mx' );
INSERT INTO INFRA.PYMES ( ID_USUARIO, ID_USUARIO_PADRE, CORREO_ELECTRONICO, NOMBRE_COMERCIAL ) VALUES( (SELECT ID_USUARIO FROM INFRA.USUARIOS WHERE CVE_USUARIO = 'arnold.yañez@ferretodo.com.mx'), '1', 'arnold.yañez@ferretodo.com.mx', 'Ferretodo México, S.A. de C.V.' );
INSERT INTO INFRA.CONTACTOS (ID_USUARIO, TIPO, NOMBRE, APELLIDO_PATERNO, APELLIDO_MATERNO, CORREO_ELECTRONICO, B_PRINCIPAL, TELEFONO) VALUES ( (SELECT ID_USUARIO FROM INFRA.USUARIOS WHERE CVE_USUARIO = 'arnold.yañez@ferretodo.com.mx'), 'Ventas', 'Arnoldo', 'Yañez', 'Sanchez', 'arnold.yañez@ferretodo.com.mx', true, '59999909');
INSERT INTO INFRA.REL_PYMES_TRACTORAS ( ID_USUARIO_TRACTORA, ID_USUARIO_PYME) VALUES( (SELECT ID_USUARIO FROM INFRA.TRACTORAS WHERE EMPRESA = 'Cemex'), (SELECT ID_USUARIO FROM INFRA.USUARIOS WHERE CVE_USUARIO = 'arnold.yañez@ferretodo.com.mx') );
INSERT INTO INFRA.CLIENTES ( ID_USUARIO, CLIENTE) VALUES( (SELECT ID_USUARIO FROM INFRA.USUARIOS WHERE CVE_USUARIO = 'arnold.yañez@ferretodo.com.mx'), 'Cemex' );

--Minerales Yesal, S.A. de C.V.
INSERT INTO INFRA.USUARIOS ( CVE_USUARIO, PASSWORD ) VALUES( 'minerales@yesal.com.mx', 'ccmx1234' );
INSERT INTO INFRA.REL_ROLES ( CVE_ROL, CVE_USUARIO ) VALUES( 'PyME', 'minerales@yesal.com.mx' );
INSERT INTO INFRA.PYMES ( ID_USUARIO, ID_USUARIO_PADRE, CORREO_ELECTRONICO, NOMBRE_COMERCIAL ) VALUES( (SELECT ID_USUARIO FROM INFRA.USUARIOS WHERE CVE_USUARIO = 'minerales@yesal.com.mx'), '1', 'minerales@yesal.com.mx', 'Minerales Yesal, S.A. de C.V.' );
INSERT INTO INFRA.CONTACTOS (ID_USUARIO, TIPO, NOMBRE, APELLIDO_PATERNO, APELLIDO_MATERNO, CORREO_ELECTRONICO, B_PRINCIPAL, TELEFONO) VALUES ( (SELECT ID_USUARIO FROM INFRA.USUARIOS WHERE CVE_USUARIO = 'minerales@yesal.com.mx'), 'Ventas', 'Enriquez', 'Sanchez', '', 'minerales@yesal.com.mx', true, '2222477423');
INSERT INTO INFRA.REL_PYMES_TRACTORAS ( ID_USUARIO_TRACTORA, ID_USUARIO_PYME) VALUES( (SELECT ID_USUARIO FROM INFRA.TRACTORAS WHERE EMPRESA = 'Cemex'), (SELECT ID_USUARIO FROM INFRA.USUARIOS WHERE CVE_USUARIO = 'minerales@yesal.com.mx') );
INSERT INTO INFRA.CLIENTES ( ID_USUARIO, CLIENTE) VALUES( (SELECT ID_USUARIO FROM INFRA.USUARIOS WHERE CVE_USUARIO = 'minerales@yesal.com.mx'), 'Cemex' );

--Aranzua Flores Construcciones, S.A. de C.V.
INSERT INTO INFRA.USUARIOS ( CVE_USUARIO, PASSWORD ) VALUES( 'aranzuaflores@yahoo.com.mx', 'ccmx1234' );
INSERT INTO INFRA.REL_ROLES ( CVE_ROL, CVE_USUARIO ) VALUES( 'PyME', 'aranzuaflores@yahoo.com.mx' );
INSERT INTO INFRA.PYMES ( ID_USUARIO, ID_USUARIO_PADRE, CORREO_ELECTRONICO, NOMBRE_COMERCIAL ) VALUES( (SELECT ID_USUARIO FROM INFRA.USUARIOS WHERE CVE_USUARIO = 'aranzuaflores@yahoo.com.mx'), '1', 'aranzuaflores@yahoo.com.mx', 'Aranzua Flores Construcciones, S.A. de C.V.' );
INSERT INTO INFRA.CONTACTOS (ID_USUARIO, TIPO, NOMBRE, APELLIDO_PATERNO, APELLIDO_MATERNO, CORREO_ELECTRONICO, B_PRINCIPAL, TELEFONO) VALUES ( (SELECT ID_USUARIO FROM INFRA.USUARIOS WHERE CVE_USUARIO = 'aranzuaflores@yahoo.com.mx'), 'Ventas', 'Conrado Arturo', 'Aranzua', 'Flores', 'aranzuaflores@yahoo.com.mx', true, '58314465');
INSERT INTO INFRA.REL_PYMES_TRACTORAS ( ID_USUARIO_TRACTORA, ID_USUARIO_PYME) VALUES( (SELECT ID_USUARIO FROM INFRA.TRACTORAS WHERE EMPRESA = 'Cemex'), (SELECT ID_USUARIO FROM INFRA.USUARIOS WHERE CVE_USUARIO = 'aranzuaflores@yahoo.com.mx') );
INSERT INTO INFRA.CLIENTES ( ID_USUARIO, CLIENTE) VALUES( (SELECT ID_USUARIO FROM INFRA.USUARIOS WHERE CVE_USUARIO = 'aranzuaflores@yahoo.com.mx'), 'Cemex' );

--Mecánica Falk, S.A. de C.V.
INSERT INTO INFRA.USUARIOS ( CVE_USUARIO, PASSWORD ) VALUES( 'fausto.fabela@rexnord.com', 'ccmx1234' );
INSERT INTO INFRA.REL_ROLES ( CVE_ROL, CVE_USUARIO ) VALUES( 'PyME', 'fausto.fabela@rexnord.com' );
INSERT INTO INFRA.PYMES ( ID_USUARIO, ID_USUARIO_PADRE, CORREO_ELECTRONICO, NOMBRE_COMERCIAL ) VALUES( (SELECT ID_USUARIO FROM INFRA.USUARIOS WHERE CVE_USUARIO = 'fausto.fabela@rexnord.com'), '1', 'fausto.fabela@rexnord.com', 'Mecánica Falk, S.A. de C.V.' );
INSERT INTO INFRA.CONTACTOS (ID_USUARIO, TIPO, NOMBRE, APELLIDO_PATERNO, APELLIDO_MATERNO, CORREO_ELECTRONICO, B_PRINCIPAL, TELEFONO) VALUES ( (SELECT ID_USUARIO FROM INFRA.USUARIOS WHERE CVE_USUARIO = 'fausto.fabela@rexnord.com'), 'Ventas', 'Fausto', 'Fabela', '', 'fausto.fabela@rexnord.com', true, '91403542');
INSERT INTO INFRA.REL_PYMES_TRACTORAS ( ID_USUARIO_TRACTORA, ID_USUARIO_PYME) VALUES( (SELECT ID_USUARIO FROM INFRA.TRACTORAS WHERE EMPRESA = 'Cemex'), (SELECT ID_USUARIO FROM INFRA.USUARIOS WHERE CVE_USUARIO = 'fausto.fabela@rexnord.com') );
INSERT INTO INFRA.CLIENTES ( ID_USUARIO, CLIENTE) VALUES( (SELECT ID_USUARIO FROM INFRA.USUARIOS WHERE CVE_USUARIO = 'fausto.fabela@rexnord.com'), 'Cemex' );

--Flakt Mexico Fans, S.A. de C.V.
INSERT INTO INFRA.USUARIOS ( CVE_USUARIO, PASSWORD ) VALUES( 'eduardo.valdivia@flakt.com.mx', 'ccmx1234' );
INSERT INTO INFRA.REL_ROLES ( CVE_ROL, CVE_USUARIO ) VALUES( 'PyME', 'eduardo.valdivia@flakt.com.mx' );
INSERT INTO INFRA.PYMES ( ID_USUARIO, ID_USUARIO_PADRE, CORREO_ELECTRONICO, NOMBRE_COMERCIAL ) VALUES( (SELECT ID_USUARIO FROM INFRA.USUARIOS WHERE CVE_USUARIO = 'eduardo.valdivia@flakt.com.mx'), '1', 'eduardo.valdivia@flakt.com.mx', 'Flakt Mexico Fans, S.A. de C.V.' );
INSERT INTO INFRA.CONTACTOS (ID_USUARIO, TIPO, NOMBRE, APELLIDO_PATERNO, APELLIDO_MATERNO, CORREO_ELECTRONICO, B_PRINCIPAL, TELEFONO) VALUES ( (SELECT ID_USUARIO FROM INFRA.USUARIOS WHERE CVE_USUARIO = 'eduardo.valdivia@flakt.com.mx'), 'Ventas', 'Adolfo Rafael', 'Ortiz', 'Lanzagorta', 'eduardo.valdivia@flakt.com.mx', true, '58991343');
INSERT INTO INFRA.REL_PYMES_TRACTORAS ( ID_USUARIO_TRACTORA, ID_USUARIO_PYME) VALUES( (SELECT ID_USUARIO FROM INFRA.TRACTORAS WHERE EMPRESA = 'Cemex'), (SELECT ID_USUARIO FROM INFRA.USUARIOS WHERE CVE_USUARIO = 'eduardo.valdivia@flakt.com.mx') );
INSERT INTO INFRA.CLIENTES ( ID_USUARIO, CLIENTE) VALUES( (SELECT ID_USUARIO FROM INFRA.USUARIOS WHERE CVE_USUARIO = 'eduardo.valdivia@flakt.com.mx'), 'Cemex' );

--Energéticos de Toluca, S.A. de C.V.
INSERT INTO INFRA.USUARIOS ( CVE_USUARIO, PASSWORD ) VALUES( 'mvazquez@energeticos.dexel.com.mx', 'ccmx1234' );
INSERT INTO INFRA.REL_ROLES ( CVE_ROL, CVE_USUARIO ) VALUES( 'PyME', 'mvazquez@energeticos.dexel.com.mx' );
INSERT INTO INFRA.PYMES ( ID_USUARIO, ID_USUARIO_PADRE, CORREO_ELECTRONICO, NOMBRE_COMERCIAL ) VALUES( (SELECT ID_USUARIO FROM INFRA.USUARIOS WHERE CVE_USUARIO = 'mvazquez@energeticos.dexel.com.mx'), '1', 'mvazquez@energeticos.dexel.com.mx', 'Energéticos de Toluca, S.A. de C.V.' );
INSERT INTO INFRA.CONTACTOS (ID_USUARIO, TIPO, NOMBRE, APELLIDO_PATERNO, APELLIDO_MATERNO, CORREO_ELECTRONICO, B_PRINCIPAL, TELEFONO) VALUES ( (SELECT ID_USUARIO FROM INFRA.USUARIOS WHERE CVE_USUARIO = 'mvazquez@energeticos.dexel.com.mx'), 'Ventas', 'Aline', 'Orozco', 'Mendoza', 'mvazquez@energeticos.dexel.com.mx', true, '58882129');
INSERT INTO INFRA.REL_PYMES_TRACTORAS ( ID_USUARIO_TRACTORA, ID_USUARIO_PYME) VALUES( (SELECT ID_USUARIO FROM INFRA.TRACTORAS WHERE EMPRESA = 'Cemex'), (SELECT ID_USUARIO FROM INFRA.USUARIOS WHERE CVE_USUARIO = 'mvazquez@energeticos.dexel.com.mx') );
INSERT INTO INFRA.CLIENTES ( ID_USUARIO, CLIENTE) VALUES( (SELECT ID_USUARIO FROM INFRA.USUARIOS WHERE CVE_USUARIO = 'mvazquez@energeticos.dexel.com.mx'), 'Cemex' );

--Manuel Ortiz Paz. / ORPA
INSERT INTO INFRA.USUARIOS ( CVE_USUARIO, PASSWORD ) VALUES( 'ormanuel52@terra.com.mx', 'ccmx1234' );
INSERT INTO INFRA.REL_ROLES ( CVE_ROL, CVE_USUARIO ) VALUES( 'PyME', 'ormanuel52@terra.com.mx' );
INSERT INTO INFRA.PYMES ( ID_USUARIO, ID_USUARIO_PADRE, CORREO_ELECTRONICO, NOMBRE_COMERCIAL ) VALUES( (SELECT ID_USUARIO FROM INFRA.USUARIOS WHERE CVE_USUARIO = 'ormanuel52@terra.com.mx'), '1', 'ormanuel52@terra.com.mx', 'Manuel Ortiz Paz. / ORPA' );
INSERT INTO INFRA.CONTACTOS (ID_USUARIO, TIPO, NOMBRE, APELLIDO_PATERNO, APELLIDO_MATERNO, CORREO_ELECTRONICO, B_PRINCIPAL, TELEFONO) VALUES ( (SELECT ID_USUARIO FROM INFRA.USUARIOS WHERE CVE_USUARIO = 'ormanuel52@terra.com.mx'), 'Ventas', 'Manuel', 'Ortiz', 'Paz', 'ormanuel52@terra.com.mx', true, '20752056');
INSERT INTO INFRA.REL_PYMES_TRACTORAS ( ID_USUARIO_TRACTORA, ID_USUARIO_PYME) VALUES( (SELECT ID_USUARIO FROM INFRA.TRACTORAS WHERE EMPRESA = 'Cemex'), (SELECT ID_USUARIO FROM INFRA.USUARIOS WHERE CVE_USUARIO = 'ormanuel52@terra.com.mx') );
INSERT INTO INFRA.CLIENTES ( ID_USUARIO, CLIENTE) VALUES( (SELECT ID_USUARIO FROM INFRA.USUARIOS WHERE CVE_USUARIO = 'ormanuel52@terra.com.mx'), 'Cemex' );

--Eimza, S.A. de C.V.
INSERT INTO INFRA.USUARIOS ( CVE_USUARIO, PASSWORD ) VALUES( 'eimza2004@prodigy.net.mx', 'ccmx1234' );
INSERT INTO INFRA.REL_ROLES ( CVE_ROL, CVE_USUARIO ) VALUES( 'PyME', 'eimza2004@prodigy.net.mx' );
INSERT INTO INFRA.PYMES ( ID_USUARIO, ID_USUARIO_PADRE, CORREO_ELECTRONICO, NOMBRE_COMERCIAL ) VALUES( (SELECT ID_USUARIO FROM INFRA.USUARIOS WHERE CVE_USUARIO = 'eimza2004@prodigy.net.mx'), '1', 'eimza2004@prodigy.net.mx', 'Eimza, S.A. de C.V.' );
INSERT INTO INFRA.CONTACTOS (ID_USUARIO, TIPO, NOMBRE, APELLIDO_PATERNO, APELLIDO_MATERNO, CORREO_ELECTRONICO, B_PRINCIPAL, TELEFONO) VALUES ( (SELECT ID_USUARIO FROM INFRA.USUARIOS WHERE CVE_USUARIO = 'eimza2004@prodigy.net.mx'), 'Ventas', 'Montserrat', 'Zaragoza', '', 'eimza2004@prodigy.net.mx', true, '59968639');
INSERT INTO INFRA.REL_PYMES_TRACTORAS ( ID_USUARIO_TRACTORA, ID_USUARIO_PYME) VALUES( (SELECT ID_USUARIO FROM INFRA.TRACTORAS WHERE EMPRESA = 'Cemex'), (SELECT ID_USUARIO FROM INFRA.USUARIOS WHERE CVE_USUARIO = 'eimza2004@prodigy.net.mx') );
INSERT INTO INFRA.CLIENTES ( ID_USUARIO, CLIENTE) VALUES( (SELECT ID_USUARIO FROM INFRA.USUARIOS WHERE CVE_USUARIO = 'eimza2004@prodigy.net.mx'), 'Cemex' );

--Embobinados Tlalnepantla, S.A. de C.V.
INSERT INTO INFRA.USUARIOS ( CVE_USUARIO, PASSWORD ) VALUES( 'leticia_solano@prodigy.net.mx', 'ccmx1234' );
INSERT INTO INFRA.REL_ROLES ( CVE_ROL, CVE_USUARIO ) VALUES( 'PyME', 'leticia_solano@prodigy.net.mx' );
INSERT INTO INFRA.PYMES ( ID_USUARIO, ID_USUARIO_PADRE, CORREO_ELECTRONICO, NOMBRE_COMERCIAL ) VALUES( (SELECT ID_USUARIO FROM INFRA.USUARIOS WHERE CVE_USUARIO = 'leticia_solano@prodigy.net.mx'), '1', 'leticia_solano@prodigy.net.mx', 'Embobinados Tlalnepantla, S.A. de C.V.' );
INSERT INTO INFRA.CONTACTOS (ID_USUARIO, TIPO, NOMBRE, APELLIDO_PATERNO, APELLIDO_MATERNO, CORREO_ELECTRONICO, B_PRINCIPAL, TELEFONO) VALUES ( (SELECT ID_USUARIO FROM INFRA.USUARIOS WHERE CVE_USUARIO = 'leticia_solano@prodigy.net.mx'), 'Ventas', 'Leticia', 'Solano', '', 'leticia_solano@prodigy.net.mx', true, '53106542');
INSERT INTO INFRA.REL_PYMES_TRACTORAS ( ID_USUARIO_TRACTORA, ID_USUARIO_PYME) VALUES( (SELECT ID_USUARIO FROM INFRA.TRACTORAS WHERE EMPRESA = 'Cemex'), (SELECT ID_USUARIO FROM INFRA.USUARIOS WHERE CVE_USUARIO = 'leticia_solano@prodigy.net.mx') );
INSERT INTO INFRA.CLIENTES ( ID_USUARIO, CLIENTE) VALUES( (SELECT ID_USUARIO FROM INFRA.USUARIOS WHERE CVE_USUARIO = 'leticia_solano@prodigy.net.mx'), 'Cemex' );

--Anhmor, S.A. de C.V.
INSERT INTO INFRA.USUARIOS ( CVE_USUARIO, PASSWORD ) VALUES( 'angelhis@prodigy.net.mx', 'ccmx1234' );
INSERT INTO INFRA.REL_ROLES ( CVE_ROL, CVE_USUARIO ) VALUES( 'PyME', 'angelhis@prodigy.net.mx' );
INSERT INTO INFRA.PYMES ( ID_USUARIO, ID_USUARIO_PADRE, CORREO_ELECTRONICO, NOMBRE_COMERCIAL ) VALUES( (SELECT ID_USUARIO FROM INFRA.USUARIOS WHERE CVE_USUARIO = 'angelhis@prodigy.net.mx'), '1', 'angelhis@prodigy.net.mx', 'Anhmor, S.A. de C.V.' );
INSERT INTO INFRA.CONTACTOS (ID_USUARIO, TIPO, NOMBRE, APELLIDO_PATERNO, APELLIDO_MATERNO, CORREO_ELECTRONICO, B_PRINCIPAL, TELEFONO) VALUES ( (SELECT ID_USUARIO FROM INFRA.USUARIOS WHERE CVE_USUARIO = 'angelhis@prodigy.net.mx'), 'Ventas', 'Angel', 'Hernandez', 'Islas', 'angelhis@prodigy.net.mx', true, '5551716117');
INSERT INTO INFRA.REL_PYMES_TRACTORAS ( ID_USUARIO_TRACTORA, ID_USUARIO_PYME) VALUES( (SELECT ID_USUARIO FROM INFRA.TRACTORAS WHERE EMPRESA = 'Cemex'), (SELECT ID_USUARIO FROM INFRA.USUARIOS WHERE CVE_USUARIO = 'angelhis@prodigy.net.mx') );
INSERT INTO INFRA.CLIENTES ( ID_USUARIO, CLIENTE) VALUES( (SELECT ID_USUARIO FROM INFRA.USUARIOS WHERE CVE_USUARIO = 'angelhis@prodigy.net.mx'), 'Cemex' );

--Arenera la Estrella.
INSERT INTO INFRA.USUARIOS ( CVE_USUARIO, PASSWORD ) VALUES( 'estrella_central@yahoo.com.mx', 'ccmx1234' );
INSERT INTO INFRA.REL_ROLES ( CVE_ROL, CVE_USUARIO ) VALUES( 'PyME', 'estrella_central@yahoo.com.mx' );
INSERT INTO INFRA.PYMES ( ID_USUARIO, ID_USUARIO_PADRE, CORREO_ELECTRONICO, NOMBRE_COMERCIAL ) VALUES( (SELECT ID_USUARIO FROM INFRA.USUARIOS WHERE CVE_USUARIO = 'estrella_central@yahoo.com.mx'), '1', 'estrella_central@yahoo.com.mx', 'Arenera la Estrella' );
INSERT INTO INFRA.CONTACTOS (ID_USUARIO, TIPO, NOMBRE, APELLIDO_PATERNO, APELLIDO_MATERNO, CORREO_ELECTRONICO, B_PRINCIPAL, TELEFONO) VALUES ( (SELECT ID_USUARIO FROM INFRA.USUARIOS WHERE CVE_USUARIO = 'estrella_central@yahoo.com.mx'), 'Ventas', '', '', '', 'estrella_central@yahoo.com.mx', true, '58120112');
INSERT INTO INFRA.REL_PYMES_TRACTORAS ( ID_USUARIO_TRACTORA, ID_USUARIO_PYME) VALUES( (SELECT ID_USUARIO FROM INFRA.TRACTORAS WHERE EMPRESA = 'Cemex'), (SELECT ID_USUARIO FROM INFRA.USUARIOS WHERE CVE_USUARIO = 'estrella_central@yahoo.com.mx') );
INSERT INTO INFRA.CLIENTES ( ID_USUARIO, CLIENTE) VALUES( (SELECT ID_USUARIO FROM INFRA.USUARIOS WHERE CVE_USUARIO = 'estrella_central@yahoo.com.mx'), 'Cemex' );

--Proveedora de Seguridad Industrial del Golfo S.A. de C.V.
INSERT INTO INFRA.USUARIOS ( CVE_USUARIO, PASSWORD ) VALUES( 'jose.chantes@vallen.com.mx', 'ccmx1234' );
INSERT INTO INFRA.REL_ROLES ( CVE_ROL, CVE_USUARIO ) VALUES( 'PyME', 'jose.chantes@vallen.com.mx' );
INSERT INTO INFRA.PYMES ( ID_USUARIO, ID_USUARIO_PADRE, CORREO_ELECTRONICO, NOMBRE_COMERCIAL ) VALUES( (SELECT ID_USUARIO FROM INFRA.USUARIOS WHERE CVE_USUARIO = 'jose.chantes@vallen.com.mx'), '1', 'jose.chantes@vallen.com.mx', 'Proveedora de Seguridad Industrial del Golfo S.A. de C.V.' );
INSERT INTO INFRA.CONTACTOS (ID_USUARIO, TIPO, NOMBRE, APELLIDO_PATERNO, APELLIDO_MATERNO, CORREO_ELECTRONICO, B_PRINCIPAL, TELEFONO) VALUES ( (SELECT ID_USUARIO FROM INFRA.USUARIOS WHERE CVE_USUARIO = 'jose.chantes@vallen.com.mx'), 'Ventas', '', '', '', 'jose.chantes@vallen.com.mx', true, '53656815');
INSERT INTO INFRA.REL_PYMES_TRACTORAS ( ID_USUARIO_TRACTORA, ID_USUARIO_PYME) VALUES( (SELECT ID_USUARIO FROM INFRA.TRACTORAS WHERE EMPRESA = 'Cemex'), (SELECT ID_USUARIO FROM INFRA.USUARIOS WHERE CVE_USUARIO = 'jose.chantes@vallen.com.mx') );
INSERT INTO INFRA.CLIENTES ( ID_USUARIO, CLIENTE) VALUES( (SELECT ID_USUARIO FROM INFRA.USUARIOS WHERE CVE_USUARIO = 'jose.chantes@vallen.com.mx'), 'Cemex' );


--Chedraui

--Conservando el Sabor Mexicano, S.A. de C.V.
INSERT INTO INFRA.USUARIOS ( CVE_USUARIO, PASSWORD ) VALUES( 'adriana@kigourmet.com', 'ccmx1234' );
INSERT INTO INFRA.REL_ROLES ( CVE_ROL, CVE_USUARIO ) VALUES( 'PyME', 'adriana@kigourmet.com' );
INSERT INTO INFRA.PYMES ( ID_USUARIO, ID_USUARIO_PADRE, CORREO_ELECTRONICO, NOMBRE_COMERCIAL ) VALUES( (SELECT ID_USUARIO FROM INFRA.USUARIOS WHERE CVE_USUARIO = 'adriana@kigourmet.com'), '1', 'adriana@kigourmet.com', 'Conservando el Sabor Mexicano, S.A. de C.V.' );
INSERT INTO INFRA.CONTACTOS (ID_USUARIO, TIPO, NOMBRE, APELLIDO_PATERNO, APELLIDO_MATERNO, CORREO_ELECTRONICO, B_PRINCIPAL, TELEFONO) VALUES ( (SELECT ID_USUARIO FROM INFRA.USUARIOS WHERE CVE_USUARIO = 'adriana@kigourmet.com'), 'Ventas', 'Adriana', 'Fontanot', '', 'adriana@kigourmet.com', true, '5552921564');
INSERT INTO INFRA.REL_PYMES_TRACTORAS ( ID_USUARIO_TRACTORA, ID_USUARIO_PYME) VALUES( (SELECT ID_USUARIO FROM INFRA.TRACTORAS WHERE EMPRESA = 'Chedraui'), (SELECT ID_USUARIO FROM INFRA.USUARIOS WHERE CVE_USUARIO = 'adriana@kigourmet.com') );
INSERT INTO INFRA.CLIENTES ( ID_USUARIO, CLIENTE) VALUES( (SELECT ID_USUARIO FROM INFRA.USUARIOS WHERE CVE_USUARIO = 'adriana@kigourmet.com'), 'Chedraui' );

--María del Carmen Flores Martínez.
INSERT INTO INFRA.USUARIOS ( CVE_USUARIO, PASSWORD ) VALUES( 'alexomexic@hotmail.com', 'ccmx1234' );
INSERT INTO INFRA.REL_ROLES ( CVE_ROL, CVE_USUARIO ) VALUES( 'PyME', 'alexomexic@hotmail.com' );
INSERT INTO INFRA.PYMES ( ID_USUARIO, ID_USUARIO_PADRE, CORREO_ELECTRONICO, NOMBRE_COMERCIAL ) VALUES( (SELECT ID_USUARIO FROM INFRA.USUARIOS WHERE CVE_USUARIO = 'alexomexic@hotmail.com'), '1', 'alexomexic@hotmail.com', 'María del Carmen Flores Martínez.' );
INSERT INTO INFRA.CONTACTOS (ID_USUARIO, TIPO, NOMBRE, APELLIDO_PATERNO, APELLIDO_MATERNO, CORREO_ELECTRONICO, B_PRINCIPAL, TELEFONO) VALUES ( (SELECT ID_USUARIO FROM INFRA.USUARIOS WHERE CVE_USUARIO = 'alexomexic@hotmail.com'), 'Ventas', 'Juan Alejandro', 'Ramirez', 'Flores', 'alexomexic@hotmail.com', true, '5543458567');
INSERT INTO INFRA.REL_PYMES_TRACTORAS ( ID_USUARIO_TRACTORA, ID_USUARIO_PYME) VALUES( (SELECT ID_USUARIO FROM INFRA.TRACTORAS WHERE EMPRESA = 'Chedraui'), (SELECT ID_USUARIO FROM INFRA.USUARIOS WHERE CVE_USUARIO = 'alexomexic@hotmail.com') );
INSERT INTO INFRA.CLIENTES ( ID_USUARIO, CLIENTE) VALUES( (SELECT ID_USUARIO FROM INFRA.USUARIOS WHERE CVE_USUARIO = 'alexomexic@hotmail.com'), 'Chedraui' );

--Grupo de Hongo Zeta Endotzi SPR de R.L.
INSERT INTO INFRA.USUARIOS ( CVE_USUARIO, PASSWORD ) VALUES( 'setas_endotzi@yahoo.com', 'ccmx1234' );
INSERT INTO INFRA.REL_ROLES ( CVE_ROL, CVE_USUARIO ) VALUES( 'PyME', 'setas_endotzi@yahoo.com' );
INSERT INTO INFRA.PYMES ( ID_USUARIO, ID_USUARIO_PADRE, CORREO_ELECTRONICO, NOMBRE_COMERCIAL ) VALUES( (SELECT ID_USUARIO FROM INFRA.USUARIOS WHERE CVE_USUARIO = 'setas_endotzi@yahoo.com'), '1', 'setas_endotzi@yahoo.com', 'Grupo de Hongo Zeta Endotzi SPR de R.L.' );
INSERT INTO INFRA.CONTACTOS (ID_USUARIO, TIPO, NOMBRE, APELLIDO_PATERNO, APELLIDO_MATERNO, CORREO_ELECTRONICO, B_PRINCIPAL, TELEFONO) VALUES ( (SELECT ID_USUARIO FROM INFRA.USUARIOS WHERE CVE_USUARIO = 'setas_endotzi@yahoo.com'), 'Ventas', 'Mariano', 'Jacinto', 'Esteban', 'setas_endotzi@yahoo.com', true, '7121102014');
INSERT INTO INFRA.REL_PYMES_TRACTORAS ( ID_USUARIO_TRACTORA, ID_USUARIO_PYME) VALUES( (SELECT ID_USUARIO FROM INFRA.TRACTORAS WHERE EMPRESA = 'Chedraui'), (SELECT ID_USUARIO FROM INFRA.USUARIOS WHERE CVE_USUARIO = 'setas_endotzi@yahoo.com') );
INSERT INTO INFRA.CLIENTES ( ID_USUARIO, CLIENTE) VALUES( (SELECT ID_USUARIO FROM INFRA.USUARIOS WHERE CVE_USUARIO = 'setas_endotzi@yahoo.com'), 'Chedraui' );

--Mercancías Salubres, S.A. de C.V.
INSERT INTO INFRA.USUARIOS ( CVE_USUARIO, PASSWORD ) VALUES( 'guillermo-mendoza@mersalmx.com', 'ccmx1234' );
INSERT INTO INFRA.REL_ROLES ( CVE_ROL, CVE_USUARIO ) VALUES( 'PyME', 'guillermo-mendoza@mersalmx.com' );
INSERT INTO INFRA.PYMES ( ID_USUARIO, ID_USUARIO_PADRE, CORREO_ELECTRONICO, NOMBRE_COMERCIAL ) VALUES( (SELECT ID_USUARIO FROM INFRA.USUARIOS WHERE CVE_USUARIO = 'guillermo-mendoza@mersalmx.com'), '1', 'guillermo-mendoza@mersalmx.com', 'Mercancías Salubres, S.A. de C.V.' );
INSERT INTO INFRA.CONTACTOS (ID_USUARIO, TIPO, NOMBRE, APELLIDO_PATERNO, APELLIDO_MATERNO, CORREO_ELECTRONICO, B_PRINCIPAL, TELEFONO) VALUES ( (SELECT ID_USUARIO FROM INFRA.USUARIOS WHERE CVE_USUARIO = 'guillermo-mendoza@mersalmx.com'), 'Ventas', 'Luis', 'Nuñez', '', 'guillermo-mendoza@mersalmx.com', true, '46303000');
INSERT INTO INFRA.REL_PYMES_TRACTORAS ( ID_USUARIO_TRACTORA, ID_USUARIO_PYME) VALUES( (SELECT ID_USUARIO FROM INFRA.TRACTORAS WHERE EMPRESA = 'Chedraui'), (SELECT ID_USUARIO FROM INFRA.USUARIOS WHERE CVE_USUARIO = 'guillermo-mendoza@mersalmx.com') );
INSERT INTO INFRA.CLIENTES ( ID_USUARIO, CLIENTE) VALUES( (SELECT ID_USUARIO FROM INFRA.USUARIOS WHERE CVE_USUARIO = 'guillermo-mendoza@mersalmx.com'), 'Chedraui' );

--Consultoría Aplicada a Soluciones Integrales Prime, S.A. de C.V.
INSERT INTO INFRA.USUARIOS ( CVE_USUARIO, PASSWORD ) VALUES( 'eaviles@prime-consultoria.com.mx', 'ccmx1234' );
INSERT INTO INFRA.REL_ROLES ( CVE_ROL, CVE_USUARIO ) VALUES( 'PyME', 'eaviles@prime-consultoria.com.mx' );
INSERT INTO INFRA.PYMES ( ID_USUARIO, ID_USUARIO_PADRE, CORREO_ELECTRONICO, NOMBRE_COMERCIAL ) VALUES( (SELECT ID_USUARIO FROM INFRA.USUARIOS WHERE CVE_USUARIO = 'eaviles@prime-consultoria.com.mx'), '1', 'eaviles@prime-consultoria.com.mx', 'Consultoría Aplicada a Soluciones Integrales Prime, S.A. de C.V.' );
INSERT INTO INFRA.CONTACTOS (ID_USUARIO, TIPO, NOMBRE, APELLIDO_PATERNO, APELLIDO_MATERNO, CORREO_ELECTRONICO, B_PRINCIPAL, TELEFONO) VALUES ( (SELECT ID_USUARIO FROM INFRA.USUARIOS WHERE CVE_USUARIO = 'eaviles@prime-consultoria.com.mx'), 'Ventas', 'Eduardo', 'Aviles', '', 'eaviles@prime-consultoria.com.mx', true, '5519500754');
INSERT INTO INFRA.REL_PYMES_TRACTORAS ( ID_USUARIO_TRACTORA, ID_USUARIO_PYME) VALUES( (SELECT ID_USUARIO FROM INFRA.TRACTORAS WHERE EMPRESA = 'Chedraui'), (SELECT ID_USUARIO FROM INFRA.USUARIOS WHERE CVE_USUARIO = 'eaviles@prime-consultoria.com.mx') );
INSERT INTO INFRA.CLIENTES ( ID_USUARIO, CLIENTE) VALUES( (SELECT ID_USUARIO FROM INFRA.USUARIOS WHERE CVE_USUARIO = 'eaviles@prime-consultoria.com.mx'), 'Chedraui' );

--Distribuidora Dorcousamex, S.A. de C.V.
INSERT INTO INFRA.USUARIOS ( CVE_USUARIO, PASSWORD ) VALUES( 'angelgarciaornelas@gmail.com', 'ccmx1234' );
INSERT INTO INFRA.REL_ROLES ( CVE_ROL, CVE_USUARIO ) VALUES( 'PyME', 'angelgarciaornelas@gmail.com' );
INSERT INTO INFRA.PYMES ( ID_USUARIO, ID_USUARIO_PADRE, CORREO_ELECTRONICO, NOMBRE_COMERCIAL ) VALUES( (SELECT ID_USUARIO FROM INFRA.USUARIOS WHERE CVE_USUARIO = 'angelgarciaornelas@gmail.com'), '1', 'angelgarciaornelas@gmail.com', 'Distribuidora Dorcousamex, S.A. de C.V.' );
INSERT INTO INFRA.CONTACTOS (ID_USUARIO, TIPO, NOMBRE, APELLIDO_PATERNO, APELLIDO_MATERNO, CORREO_ELECTRONICO, B_PRINCIPAL, TELEFONO) VALUES ( (SELECT ID_USUARIO FROM INFRA.USUARIOS WHERE CVE_USUARIO = 'angelgarciaornelas@gmail.com'), 'Ventas', 'Angel', 'Garcia', 'Ornelas', 'angelgarciaornelas@gmail.com', true, '5510993066');
INSERT INTO INFRA.REL_PYMES_TRACTORAS ( ID_USUARIO_TRACTORA, ID_USUARIO_PYME) VALUES( (SELECT ID_USUARIO FROM INFRA.TRACTORAS WHERE EMPRESA = 'Chedraui'), (SELECT ID_USUARIO FROM INFRA.USUARIOS WHERE CVE_USUARIO = 'angelgarciaornelas@gmail.com') );
INSERT INTO INFRA.CLIENTES ( ID_USUARIO, CLIENTE) VALUES( (SELECT ID_USUARIO FROM INFRA.USUARIOS WHERE CVE_USUARIO = 'angelgarciaornelas@gmail.com'), 'Chedraui' );

--Gemelitos de Sándalo S.A. de C.V.
INSERT INTO INFRA.USUARIOS ( CVE_USUARIO, PASSWORD ) VALUES( 'r_huitron@hotmail.com', 'ccmx1234' );
INSERT INTO INFRA.REL_ROLES ( CVE_ROL, CVE_USUARIO ) VALUES( 'PyME', 'r_huitron@hotmail.com' );
INSERT INTO INFRA.PYMES ( ID_USUARIO, ID_USUARIO_PADRE, CORREO_ELECTRONICO, NOMBRE_COMERCIAL ) VALUES( (SELECT ID_USUARIO FROM INFRA.USUARIOS WHERE CVE_USUARIO = 'r_huitron@hotmail.com'), '1', 'r_huitron@hotmail.com', 'Gemelitos de Sándalo S.A. de C.V.' );
INSERT INTO INFRA.CONTACTOS (ID_USUARIO, TIPO, NOMBRE, APELLIDO_PATERNO, APELLIDO_MATERNO, CORREO_ELECTRONICO, B_PRINCIPAL, TELEFONO) VALUES ( (SELECT ID_USUARIO FROM INFRA.USUARIOS WHERE CVE_USUARIO = 'r_huitron@hotmail.com'), 'Ventas', 'Ruben', 'Huitron', 'Lopez', 'r_huitron@hotmail.com', true, '2383823434');
INSERT INTO INFRA.REL_PYMES_TRACTORAS ( ID_USUARIO_TRACTORA, ID_USUARIO_PYME) VALUES( (SELECT ID_USUARIO FROM INFRA.TRACTORAS WHERE EMPRESA = 'Chedraui'), (SELECT ID_USUARIO FROM INFRA.USUARIOS WHERE CVE_USUARIO = 'r_huitron@hotmail.com') );
INSERT INTO INFRA.CLIENTES ( ID_USUARIO, CLIENTE) VALUES( (SELECT ID_USUARIO FROM INFRA.USUARIOS WHERE CVE_USUARIO = 'r_huitron@hotmail.com'), 'Chedraui' );

--Bunzl de México, S.A. de C.V.
INSERT INTO INFRA.USUARIOS ( CVE_USUARIO, PASSWORD ) VALUES( 'ecampos@bunzl.com.mx', 'ccmx1234' );
INSERT INTO INFRA.REL_ROLES ( CVE_ROL, CVE_USUARIO ) VALUES( 'PyME', 'ecampos@bunzl.com.mx' );
INSERT INTO INFRA.PYMES ( ID_USUARIO, ID_USUARIO_PADRE, CORREO_ELECTRONICO, NOMBRE_COMERCIAL ) VALUES( (SELECT ID_USUARIO FROM INFRA.USUARIOS WHERE CVE_USUARIO = 'ecampos@bunzl.com.mx'), '1', 'ecampos@bunzl.com.mx', 'Bunzl de México, S.A. de C.V.' );
INSERT INTO INFRA.CONTACTOS (ID_USUARIO, TIPO, NOMBRE, APELLIDO_PATERNO, APELLIDO_MATERNO, CORREO_ELECTRONICO, B_PRINCIPAL, TELEFONO) VALUES ( (SELECT ID_USUARIO FROM INFRA.USUARIOS WHERE CVE_USUARIO = 'ecampos@bunzl.com.mx'), 'Ventas', 'Eduardo', 'Campos', '', 'ecampos@bunzl.com.mx', true, '5547771000');
INSERT INTO INFRA.REL_PYMES_TRACTORAS ( ID_USUARIO_TRACTORA, ID_USUARIO_PYME) VALUES( (SELECT ID_USUARIO FROM INFRA.TRACTORAS WHERE EMPRESA = 'Chedraui'), (SELECT ID_USUARIO FROM INFRA.USUARIOS WHERE CVE_USUARIO = 'ecampos@bunzl.com.mx') );
INSERT INTO INFRA.CLIENTES ( ID_USUARIO, CLIENTE) VALUES( (SELECT ID_USUARIO FROM INFRA.USUARIOS WHERE CVE_USUARIO = 'ecampos@bunzl.com.mx'), 'Chedraui' );

--Cremería y Salchichonería Cuadritos, S.A. de C.V.
INSERT INTO INFRA.USUARIOS ( CVE_USUARIO, PASSWORD ) VALUES( 'cparias@cremeriacuadritos.com.mx', 'ccmx1234' );
INSERT INTO INFRA.REL_ROLES ( CVE_ROL, CVE_USUARIO ) VALUES( 'PyME', 'cparias@cremeriacuadritos.com.mx' );
INSERT INTO INFRA.PYMES ( ID_USUARIO, ID_USUARIO_PADRE, CORREO_ELECTRONICO, NOMBRE_COMERCIAL ) VALUES( (SELECT ID_USUARIO FROM INFRA.USUARIOS WHERE CVE_USUARIO = 'cparias@cremeriacuadritos.com.mx'), '1', 'cparias@cremeriacuadritos.com.mx', 'Cremería y Salchichonería Cuadritos, S.A. de C.V.' );
INSERT INTO INFRA.CONTACTOS (ID_USUARIO, TIPO, NOMBRE, APELLIDO_PATERNO, APELLIDO_MATERNO, CORREO_ELECTRONICO, B_PRINCIPAL, TELEFONO) VALUES ( (SELECT ID_USUARIO FROM INFRA.USUARIOS WHERE CVE_USUARIO = 'cparias@cremeriacuadritos.com.mx'), 'Ventas', 'Contador', 'Macias', 'Arias', 'cparias@cremeriacuadritos.com.mx', true, '5556943094');
INSERT INTO INFRA.REL_PYMES_TRACTORAS ( ID_USUARIO_TRACTORA, ID_USUARIO_PYME) VALUES( (SELECT ID_USUARIO FROM INFRA.TRACTORAS WHERE EMPRESA = 'Chedraui'), (SELECT ID_USUARIO FROM INFRA.USUARIOS WHERE CVE_USUARIO = 'cparias@cremeriacuadritos.com.mx') );
INSERT INTO INFRA.CLIENTES ( ID_USUARIO, CLIENTE) VALUES( (SELECT ID_USUARIO FROM INFRA.USUARIOS WHERE CVE_USUARIO = 'cparias@cremeriacuadritos.com.mx'), 'Chedraui' );

--Galletas Juanita S.A. de C.V.
INSERT INTO INFRA.USUARIOS ( CVE_USUARIO, PASSWORD ) VALUES( 'comercializacion@galletas-juanita.com.mx', 'ccmx1234' );
INSERT INTO INFRA.REL_ROLES ( CVE_ROL, CVE_USUARIO ) VALUES( 'PyME', 'comercializacion@galletas-juanita.com.mx' );
INSERT INTO INFRA.PYMES ( ID_USUARIO, ID_USUARIO_PADRE, CORREO_ELECTRONICO, NOMBRE_COMERCIAL ) VALUES( (SELECT ID_USUARIO FROM INFRA.USUARIOS WHERE CVE_USUARIO = 'comercializacion@galletas-juanita.com.mx'), '1', 'comercializacion@galletas-juanita.com.mx', 'Galletas Juanita S.A. de C.V.' );
INSERT INTO INFRA.CONTACTOS (ID_USUARIO, TIPO, NOMBRE, APELLIDO_PATERNO, APELLIDO_MATERNO, CORREO_ELECTRONICO, B_PRINCIPAL, TELEFONO) VALUES ( (SELECT ID_USUARIO FROM INFRA.USUARIOS WHERE CVE_USUARIO = 'comercializacion@galletas-juanita.com.mx'), 'Ventas', 'Omar Fco', 'Barrera', 'Rangel', 'comercializacion@galletas-juanita.com.mx', true, '59380365');
INSERT INTO INFRA.REL_PYMES_TRACTORAS ( ID_USUARIO_TRACTORA, ID_USUARIO_PYME) VALUES( (SELECT ID_USUARIO FROM INFRA.TRACTORAS WHERE EMPRESA = 'Chedraui'), (SELECT ID_USUARIO FROM INFRA.USUARIOS WHERE CVE_USUARIO = 'comercializacion@galletas-juanita.com.mx') );
INSERT INTO INFRA.CLIENTES ( ID_USUARIO, CLIENTE) VALUES( (SELECT ID_USUARIO FROM INFRA.USUARIOS WHERE CVE_USUARIO = 'comercializacion@galletas-juanita.com.mx'), 'Chedraui' );

--Belshein Internacional, S.A.
INSERT INTO INFRA.USUARIOS ( CVE_USUARIO, PASSWORD ) VALUES( 'contacto@batas.com.mx', 'ccmx1234' );
INSERT INTO INFRA.REL_ROLES ( CVE_ROL, CVE_USUARIO ) VALUES( 'PyME', 'contacto@batas.com.mx' );
INSERT INTO INFRA.PYMES ( ID_USUARIO, ID_USUARIO_PADRE, CORREO_ELECTRONICO, NOMBRE_COMERCIAL ) VALUES( (SELECT ID_USUARIO FROM INFRA.USUARIOS WHERE CVE_USUARIO = 'contacto@batas.com.mx'), '1', 'contacto@batas.com.mx', 'Belshein Internacional, S.A.' );
INSERT INTO INFRA.CONTACTOS (ID_USUARIO, TIPO, NOMBRE, APELLIDO_PATERNO, APELLIDO_MATERNO, CORREO_ELECTRONICO, B_PRINCIPAL, TELEFONO) VALUES ( (SELECT ID_USUARIO FROM INFRA.USUARIOS WHERE CVE_USUARIO = 'contacto@batas.com.mx'), 'Ventas', 'Isaac', 'Sheinberg', 'Yanofsky', 'contacto@batas.com.mx', true, '5557811266');
INSERT INTO INFRA.REL_PYMES_TRACTORAS ( ID_USUARIO_TRACTORA, ID_USUARIO_PYME) VALUES( (SELECT ID_USUARIO FROM INFRA.TRACTORAS WHERE EMPRESA = 'Chedraui'), (SELECT ID_USUARIO FROM INFRA.USUARIOS WHERE CVE_USUARIO = 'contacto@batas.com.mx') );
INSERT INTO INFRA.CLIENTES ( ID_USUARIO, CLIENTE) VALUES( (SELECT ID_USUARIO FROM INFRA.USUARIOS WHERE CVE_USUARIO = 'contacto@batas.com.mx'), 'Chedraui' );

--Pack Mart, S.A. de C.V.
INSERT INTO INFRA.USUARIOS ( CVE_USUARIO, PASSWORD ) VALUES( 'h.morales@packmart.com.mx', 'ccmx1234' );
INSERT INTO INFRA.REL_ROLES ( CVE_ROL, CVE_USUARIO ) VALUES( 'PyME', 'h.morales@packmart.com.mx' );
INSERT INTO INFRA.PYMES ( ID_USUARIO, ID_USUARIO_PADRE, CORREO_ELECTRONICO, NOMBRE_COMERCIAL ) VALUES( (SELECT ID_USUARIO FROM INFRA.USUARIOS WHERE CVE_USUARIO = 'h.morales@packmart.com.mx'), '1', 'h.morales@packmart.com.mx', 'Pack Mart, S.A. de C.V.' );
INSERT INTO INFRA.CONTACTOS (ID_USUARIO, TIPO, NOMBRE, APELLIDO_PATERNO, APELLIDO_MATERNO, CORREO_ELECTRONICO, B_PRINCIPAL, TELEFONO) VALUES ( (SELECT ID_USUARIO FROM INFRA.USUARIOS WHERE CVE_USUARIO = 'h.morales@packmart.com.mx'), 'Ventas', 'Jose Eduardo', 'Celis', 'Boyer', 'h.morales@packmart.com.mx', true, '52023207');
INSERT INTO INFRA.REL_PYMES_TRACTORAS ( ID_USUARIO_TRACTORA, ID_USUARIO_PYME) VALUES( (SELECT ID_USUARIO FROM INFRA.TRACTORAS WHERE EMPRESA = 'Chedraui'), (SELECT ID_USUARIO FROM INFRA.USUARIOS WHERE CVE_USUARIO = 'h.morales@packmart.com.mx') );
INSERT INTO INFRA.CLIENTES ( ID_USUARIO, CLIENTE) VALUES( (SELECT ID_USUARIO FROM INFRA.USUARIOS WHERE CVE_USUARIO = 'h.morales@packmart.com.mx'), 'Chedraui' );

--Marcas Europeas de Prestigio, S.A. de C.V.
INSERT INTO INFRA.USUARIOS ( CVE_USUARIO, PASSWORD ) VALUES( 'fredericj@mepsa.com.mx', 'ccmx1234' );
INSERT INTO INFRA.REL_ROLES ( CVE_ROL, CVE_USUARIO ) VALUES( 'PyME', 'fredericj@mepsa.com.mx' );
INSERT INTO INFRA.PYMES ( ID_USUARIO, ID_USUARIO_PADRE, CORREO_ELECTRONICO, NOMBRE_COMERCIAL ) VALUES( (SELECT ID_USUARIO FROM INFRA.USUARIOS WHERE CVE_USUARIO = 'fredericj@mepsa.com.mx'), '1', 'fredericj@mepsa.com.mx', 'Marcas Europeas de Prestigio, S.A. de C.V.' );
INSERT INTO INFRA.CONTACTOS (ID_USUARIO, TIPO, NOMBRE, APELLIDO_PATERNO, APELLIDO_MATERNO, CORREO_ELECTRONICO, B_PRINCIPAL, TELEFONO) VALUES ( (SELECT ID_USUARIO FROM INFRA.USUARIOS WHERE CVE_USUARIO = 'fredericj@mepsa.com.mx'), 'Ventas', 'Frederic', 'Jean', 'Velasco', 'fredericj@mepsa.com.mx', true, '56597074');
INSERT INTO INFRA.REL_PYMES_TRACTORAS ( ID_USUARIO_TRACTORA, ID_USUARIO_PYME) VALUES( (SELECT ID_USUARIO FROM INFRA.TRACTORAS WHERE EMPRESA = 'Chedraui'), (SELECT ID_USUARIO FROM INFRA.USUARIOS WHERE CVE_USUARIO = 'fredericj@mepsa.com.mx') );
INSERT INTO INFRA.CLIENTES ( ID_USUARIO, CLIENTE) VALUES( (SELECT ID_USUARIO FROM INFRA.USUARIOS WHERE CVE_USUARIO = 'fredericj@mepsa.com.mx'), 'Chedraui' );

--Uniformes Andrea, S.A. de C.V.
INSERT INTO INFRA.USUARIOS ( CVE_USUARIO, PASSWORD ) VALUES( 'david.arellano@uniformesandrea.com', 'ccmx1234' );
INSERT INTO INFRA.REL_ROLES ( CVE_ROL, CVE_USUARIO ) VALUES( 'PyME', 'david.arellano@uniformesandrea.com' );
INSERT INTO INFRA.PYMES ( ID_USUARIO, ID_USUARIO_PADRE, CORREO_ELECTRONICO, NOMBRE_COMERCIAL ) VALUES( (SELECT ID_USUARIO FROM INFRA.USUARIOS WHERE CVE_USUARIO = 'david.arellano@uniformesandrea.com'), '1', 'david.arellano@uniformesandrea.com', 'Uniformes Andrea, S.A. de C.V.' );
INSERT INTO INFRA.CONTACTOS (ID_USUARIO, TIPO, NOMBRE, APELLIDO_PATERNO, APELLIDO_MATERNO, CORREO_ELECTRONICO, B_PRINCIPAL, TELEFONO) VALUES ( (SELECT ID_USUARIO FROM INFRA.USUARIOS WHERE CVE_USUARIO = 'david.arellano@uniformesandrea.com'), 'Ventas', 'David', 'Arellano', '', 'david.arellano@uniformesandrea.com', true, '2224830021');
INSERT INTO INFRA.REL_PYMES_TRACTORAS ( ID_USUARIO_TRACTORA, ID_USUARIO_PYME) VALUES( (SELECT ID_USUARIO FROM INFRA.TRACTORAS WHERE EMPRESA = 'Chedraui'), (SELECT ID_USUARIO FROM INFRA.USUARIOS WHERE CVE_USUARIO = 'david.arellano@uniformesandrea.com') );
INSERT INTO INFRA.CLIENTES ( ID_USUARIO, CLIENTE) VALUES( (SELECT ID_USUARIO FROM INFRA.USUARIOS WHERE CVE_USUARIO = 'david.arellano@uniformesandrea.com'), 'Chedraui' );

--Triangulo Purpura, S.A. de C.V.
INSERT INTO INFRA.USUARIOS ( CVE_USUARIO, PASSWORD ) VALUES( 'raul.navarrete@triangulopurpura.com.mx', 'ccmx1234' );
INSERT INTO INFRA.REL_ROLES ( CVE_ROL, CVE_USUARIO ) VALUES( 'PyME', 'raul.navarrete@triangulopurpura.com.mx' );
INSERT INTO INFRA.PYMES ( ID_USUARIO, ID_USUARIO_PADRE, CORREO_ELECTRONICO, NOMBRE_COMERCIAL ) VALUES( (SELECT ID_USUARIO FROM INFRA.USUARIOS WHERE CVE_USUARIO = 'raul.navarrete@triangulopurpura.com.mx'), '1', 'raul.navarrete@triangulopurpura.com.mx', 'Triangulo Purpura, S.A. de C.V.' );
INSERT INTO INFRA.CONTACTOS (ID_USUARIO, TIPO, NOMBRE, APELLIDO_PATERNO, APELLIDO_MATERNO, CORREO_ELECTRONICO, B_PRINCIPAL, TELEFONO) VALUES ( (SELECT ID_USUARIO FROM INFRA.USUARIOS WHERE CVE_USUARIO = 'raul.navarrete@triangulopurpura.com.mx'), 'Ventas', 'Raul', 'Navarrete', 'Campos', 'raul.navarrete@triangulopurpura.com.mx', true, '57812875');
INSERT INTO INFRA.REL_PYMES_TRACTORAS ( ID_USUARIO_TRACTORA, ID_USUARIO_PYME) VALUES( (SELECT ID_USUARIO FROM INFRA.TRACTORAS WHERE EMPRESA = 'Chedraui'), (SELECT ID_USUARIO FROM INFRA.USUARIOS WHERE CVE_USUARIO = 'raul.navarrete@triangulopurpura.com.mx') );
INSERT INTO INFRA.CLIENTES ( ID_USUARIO, CLIENTE) VALUES( (SELECT ID_USUARIO FROM INFRA.USUARIOS WHERE CVE_USUARIO = 'raul.navarrete@triangulopurpura.com.mx'), 'Chedraui' );

--Ingeniería Subacuática Industrial.
INSERT INTO INFRA.USUARIOS ( CVE_USUARIO, PASSWORD ) VALUES( 'marcosm@isimexico.com', 'ccmx1234' );
INSERT INTO INFRA.REL_ROLES ( CVE_ROL, CVE_USUARIO ) VALUES( 'PyME', 'marcosm@isimexico.com' );
INSERT INTO INFRA.PYMES ( ID_USUARIO, ID_USUARIO_PADRE, CORREO_ELECTRONICO, NOMBRE_COMERCIAL ) VALUES( (SELECT ID_USUARIO FROM INFRA.USUARIOS WHERE CVE_USUARIO = 'marcosm@isimexico.com'), '1', 'marcosm@isimexico.com', 'Ingeniería Subacuática Industrial.' );
INSERT INTO INFRA.CONTACTOS (ID_USUARIO, TIPO, NOMBRE, APELLIDO_PATERNO, APELLIDO_MATERNO, CORREO_ELECTRONICO, B_PRINCIPAL, TELEFONO) VALUES ( (SELECT ID_USUARIO FROM INFRA.USUARIOS WHERE CVE_USUARIO = 'marcosm@isimexico.com'), 'Ventas', 'Marcos', 'Moreno', 'Lucio', 'marcosm@isimexico.com', true, '5558680832');
INSERT INTO INFRA.REL_PYMES_TRACTORAS ( ID_USUARIO_TRACTORA, ID_USUARIO_PYME) VALUES( (SELECT ID_USUARIO FROM INFRA.TRACTORAS WHERE EMPRESA = 'Chedraui'), (SELECT ID_USUARIO FROM INFRA.USUARIOS WHERE CVE_USUARIO = 'marcosm@isimexico.com') );
INSERT INTO INFRA.CLIENTES ( ID_USUARIO, CLIENTE) VALUES( (SELECT ID_USUARIO FROM INFRA.USUARIOS WHERE CVE_USUARIO = 'marcosm@isimexico.com'), 'Chedraui' );

--Grupo Comercial Dhune, S.A. de C.V.
INSERT INTO INFRA.USUARIOS ( CVE_USUARIO, PASSWORD ) VALUES( 'nelson.alejo@grupodhune.com', 'ccmx1234' );
INSERT INTO INFRA.REL_ROLES ( CVE_ROL, CVE_USUARIO ) VALUES( 'PyME', 'nelson.alejo@grupodhune.com' );
INSERT INTO INFRA.PYMES ( ID_USUARIO, ID_USUARIO_PADRE, CORREO_ELECTRONICO, NOMBRE_COMERCIAL ) VALUES( (SELECT ID_USUARIO FROM INFRA.USUARIOS WHERE CVE_USUARIO = 'nelson.alejo@grupodhune.com'), '1', 'nelson.alejo@grupodhune.com', 'Grupo Comercial Dhune, S.A. de C.V.' );
INSERT INTO INFRA.CONTACTOS (ID_USUARIO, TIPO, NOMBRE, APELLIDO_PATERNO, APELLIDO_MATERNO, CORREO_ELECTRONICO, B_PRINCIPAL, TELEFONO) VALUES ( (SELECT ID_USUARIO FROM INFRA.USUARIOS WHERE CVE_USUARIO = 'nelson.alejo@grupodhune.com'), 'Ventas', 'Viviana', 'Solis', 'Romero', 'nelson.alejo@grupodhune.com', true, '2221226564');
INSERT INTO INFRA.REL_PYMES_TRACTORAS ( ID_USUARIO_TRACTORA, ID_USUARIO_PYME) VALUES( (SELECT ID_USUARIO FROM INFRA.TRACTORAS WHERE EMPRESA = 'Chedraui'), (SELECT ID_USUARIO FROM INFRA.USUARIOS WHERE CVE_USUARIO = 'nelson.alejo@grupodhune.com') );
INSERT INTO INFRA.CLIENTES ( ID_USUARIO, CLIENTE) VALUES( (SELECT ID_USUARIO FROM INFRA.USUARIOS WHERE CVE_USUARIO = 'nelson.alejo@grupodhune.com'), 'Chedraui' );

--Kolor Mats Publicidad, S.A. de C.V.
INSERT INTO INFRA.USUARIOS ( CVE_USUARIO, PASSWORD ) VALUES( 'aliciagiron@kolormats.com.mx', 'ccmx1234' );
INSERT INTO INFRA.REL_ROLES ( CVE_ROL, CVE_USUARIO ) VALUES( 'PyME', 'aliciagiron@kolormats.com.mx' );
INSERT INTO INFRA.PYMES ( ID_USUARIO, ID_USUARIO_PADRE, CORREO_ELECTRONICO, NOMBRE_COMERCIAL ) VALUES( (SELECT ID_USUARIO FROM INFRA.USUARIOS WHERE CVE_USUARIO = 'aliciagiron@kolormats.com.mx'), '1', 'aliciagiron@kolormats.com.mx', 'Kolor Mats Publicidad, S.A. de C.V.' );
INSERT INTO INFRA.CONTACTOS (ID_USUARIO, TIPO, NOMBRE, APELLIDO_PATERNO, APELLIDO_MATERNO, CORREO_ELECTRONICO, B_PRINCIPAL, TELEFONO) VALUES ( (SELECT ID_USUARIO FROM INFRA.USUARIOS WHERE CVE_USUARIO = 'aliciagiron@kolormats.com.mx'), 'Ventas', 'Alicia', 'Giron', '', 'aliciagiron@kolormats.com.mx', true, '55160880');
INSERT INTO INFRA.REL_PYMES_TRACTORAS ( ID_USUARIO_TRACTORA, ID_USUARIO_PYME) VALUES( (SELECT ID_USUARIO FROM INFRA.TRACTORAS WHERE EMPRESA = 'Chedraui'), (SELECT ID_USUARIO FROM INFRA.USUARIOS WHERE CVE_USUARIO = 'aliciagiron@kolormats.com.mx') );
INSERT INTO INFRA.CLIENTES ( ID_USUARIO, CLIENTE) VALUES( (SELECT ID_USUARIO FROM INFRA.USUARIOS WHERE CVE_USUARIO = 'aliciagiron@kolormats.com.mx'), 'Chedraui' );

--Ersa Pack, S.A. de C.V.
INSERT INTO INFRA.USUARIOS ( CVE_USUARIO, PASSWORD ) VALUES( 'eblanco@ersapack.com', 'ccmx1234' );
INSERT INTO INFRA.REL_ROLES ( CVE_ROL, CVE_USUARIO ) VALUES( 'PyME', 'eblanco@ersapack.com' );
INSERT INTO INFRA.PYMES ( ID_USUARIO, ID_USUARIO_PADRE, CORREO_ELECTRONICO, NOMBRE_COMERCIAL ) VALUES( (SELECT ID_USUARIO FROM INFRA.USUARIOS WHERE CVE_USUARIO = 'eblanco@ersapack.com'), '1', 'eblanco@ersapack.com', 'Ersa Pack, S.A. de C.V.' );
INSERT INTO INFRA.CONTACTOS (ID_USUARIO, TIPO, NOMBRE, APELLIDO_PATERNO, APELLIDO_MATERNO, CORREO_ELECTRONICO, B_PRINCIPAL, TELEFONO) VALUES ( (SELECT ID_USUARIO FROM INFRA.USUARIOS WHERE CVE_USUARIO = 'eblanco@ersapack.com'), 'Ventas', 'Ernesto', 'Blanco', 'Sanchez', 'eblanco@ersapack.com', true, '53909113');
INSERT INTO INFRA.REL_PYMES_TRACTORAS ( ID_USUARIO_TRACTORA, ID_USUARIO_PYME) VALUES( (SELECT ID_USUARIO FROM INFRA.TRACTORAS WHERE EMPRESA = 'Chedraui'), (SELECT ID_USUARIO FROM INFRA.USUARIOS WHERE CVE_USUARIO = 'eblanco@ersapack.com') );
INSERT INTO INFRA.CLIENTES ( ID_USUARIO, CLIENTE) VALUES( (SELECT ID_USUARIO FROM INFRA.USUARIOS WHERE CVE_USUARIO = 'eblanco@ersapack.com'), 'Chedraui' );

--Lito Servicios, S.A. de C.V.
INSERT INTO INFRA.USUARIOS ( CVE_USUARIO, PASSWORD ) VALUES( 'servicios@litoservicios.com.mx', 'ccmx1234' );
INSERT INTO INFRA.REL_ROLES ( CVE_ROL, CVE_USUARIO ) VALUES( 'PyME', 'servicios@litoservicios.com.mx' );
INSERT INTO INFRA.PYMES ( ID_USUARIO, ID_USUARIO_PADRE, CORREO_ELECTRONICO, NOMBRE_COMERCIAL ) VALUES( (SELECT ID_USUARIO FROM INFRA.USUARIOS WHERE CVE_USUARIO = 'servicios@litoservicios.com.mx'), '1', 'servicios@litoservicios.com.mx', 'Lito Servicios, S.A. de C.V.' );
INSERT INTO INFRA.CONTACTOS (ID_USUARIO, TIPO, NOMBRE, APELLIDO_PATERNO, APELLIDO_MATERNO, CORREO_ELECTRONICO, B_PRINCIPAL, TELEFONO) VALUES ( (SELECT ID_USUARIO FROM INFRA.USUARIOS WHERE CVE_USUARIO = 'servicios@litoservicios.com.mx'), 'Ventas', 'Glory', 'Gonzalez', 'Abad', 'servicios@litoservicios.com.mx', true, '57596768');
INSERT INTO INFRA.REL_PYMES_TRACTORAS ( ID_USUARIO_TRACTORA, ID_USUARIO_PYME) VALUES( (SELECT ID_USUARIO FROM INFRA.TRACTORAS WHERE EMPRESA = 'Chedraui'), (SELECT ID_USUARIO FROM INFRA.USUARIOS WHERE CVE_USUARIO = 'servicios@litoservicios.com.mx') );
INSERT INTO INFRA.CLIENTES ( ID_USUARIO, CLIENTE) VALUES( (SELECT ID_USUARIO FROM INFRA.USUARIOS WHERE CVE_USUARIO = 'servicios@litoservicios.com.mx'), 'Chedraui' );

--Eugenia Maria del Carmen de la Parra Garrido. / Calzado de Seguridad "Kinetik"
INSERT INTO INFRA.USUARIOS ( CVE_USUARIO, PASSWORD ) VALUES( 'edelaparra@kinetik.com.mx', 'ccmx1234' );
INSERT INTO INFRA.REL_ROLES ( CVE_ROL, CVE_USUARIO ) VALUES( 'PyME', 'edelaparra@kinetik.com.mx' );
INSERT INTO INFRA.PYMES ( ID_USUARIO, ID_USUARIO_PADRE, CORREO_ELECTRONICO, NOMBRE_COMERCIAL ) VALUES( (SELECT ID_USUARIO FROM INFRA.USUARIOS WHERE CVE_USUARIO = 'edelaparra@kinetik.com.mx'), '1', 'edelaparra@kinetik.com.mx', 'Eugenia Maria del Carmen de la Parra Garrido. / Calzado de Seguridad "Kinetik"' );
INSERT INTO INFRA.CONTACTOS (ID_USUARIO, TIPO, NOMBRE, APELLIDO_PATERNO, APELLIDO_MATERNO, CORREO_ELECTRONICO, B_PRINCIPAL, TELEFONO) VALUES ( (SELECT ID_USUARIO FROM INFRA.USUARIOS WHERE CVE_USUARIO = 'edelaparra@kinetik.com.mx'), 'Ventas', 'Eugenia Maria del Carmen', 'de la Parra', 'Garrido', 'edelaparra@kinetik.com.mx', true, '5558080186');
INSERT INTO INFRA.REL_PYMES_TRACTORAS ( ID_USUARIO_TRACTORA, ID_USUARIO_PYME) VALUES( (SELECT ID_USUARIO FROM INFRA.TRACTORAS WHERE EMPRESA = 'Chedraui'), (SELECT ID_USUARIO FROM INFRA.USUARIOS WHERE CVE_USUARIO = 'edelaparra@kinetik.com.mx') );
INSERT INTO INFRA.CLIENTES ( ID_USUARIO, CLIENTE) VALUES( (SELECT ID_USUARIO FROM INFRA.USUARIOS WHERE CVE_USUARIO = 'edelaparra@kinetik.com.mx'), 'Chedraui' );

--Kadant México, S.A. de C.V.
INSERT INTO INFRA.USUARIOS ( CVE_USUARIO, PASSWORD ) VALUES( 'elton.plaza@kadant.com', 'ccmx1234' );
INSERT INTO INFRA.REL_ROLES ( CVE_ROL, CVE_USUARIO ) VALUES( 'PyME', 'elton.plaza@kadant.com' );
INSERT INTO INFRA.PYMES ( ID_USUARIO, ID_USUARIO_PADRE, CORREO_ELECTRONICO, NOMBRE_COMERCIAL ) VALUES( (SELECT ID_USUARIO FROM INFRA.USUARIOS WHERE CVE_USUARIO = 'elton.plaza@kadant.com'), '1', 'elton.plaza@kadant.com', 'Kadant México, S.A. de C.V.' );
INSERT INTO INFRA.CONTACTOS (ID_USUARIO, TIPO, NOMBRE, APELLIDO_PATERNO, APELLIDO_MATERNO, CORREO_ELECTRONICO, B_PRINCIPAL, TELEFONO) VALUES ( (SELECT ID_USUARIO FROM INFRA.USUARIOS WHERE CVE_USUARIO = 'elton.plaza@kadant.com'), 'Ventas', 'Elton W.', 'Plaza', 'Hernandez', 'elton.plaza@kadant.com', true, '5558736876');
INSERT INTO INFRA.REL_PYMES_TRACTORAS ( ID_USUARIO_TRACTORA, ID_USUARIO_PYME) VALUES( (SELECT ID_USUARIO FROM INFRA.TRACTORAS WHERE EMPRESA = 'Chedraui'), (SELECT ID_USUARIO FROM INFRA.USUARIOS WHERE CVE_USUARIO = 'elton.plaza@kadant.com') );
INSERT INTO INFRA.CLIENTES ( ID_USUARIO, CLIENTE) VALUES( (SELECT ID_USUARIO FROM INFRA.USUARIOS WHERE CVE_USUARIO = 'elton.plaza@kadant.com'), 'Chedraui' );

--Papeles y Conversiones de México, S.A. de C.V.
INSERT INTO INFRA.USUARIOS ( CVE_USUARIO, PASSWORD ) VALUES( 'jtamariz@pcm-net.com.mx', 'ccmx1234' );
INSERT INTO INFRA.REL_ROLES ( CVE_ROL, CVE_USUARIO ) VALUES( 'PyME', 'jtamariz@pcm-net.com.mx' );
INSERT INTO INFRA.PYMES ( ID_USUARIO, ID_USUARIO_PADRE, CORREO_ELECTRONICO, NOMBRE_COMERCIAL ) VALUES( (SELECT ID_USUARIO FROM INFRA.USUARIOS WHERE CVE_USUARIO = 'jtamariz@pcm-net.com.mx'), '1', 'jtamariz@pcm-net.com.mx', 'Papeles y Conversiones de México, S.A. de C.V.' );
INSERT INTO INFRA.CONTACTOS (ID_USUARIO, TIPO, NOMBRE, APELLIDO_PATERNO, APELLIDO_MATERNO, CORREO_ELECTRONICO, B_PRINCIPAL, TELEFONO) VALUES ( (SELECT ID_USUARIO FROM INFRA.USUARIOS WHERE CVE_USUARIO = 'jtamariz@pcm-net.com.mx'), 'Ventas', 'Adriana', 'Romero', '', 'jtamariz@pcm-net.com.mx', true, '22827000');
INSERT INTO INFRA.REL_PYMES_TRACTORAS ( ID_USUARIO_TRACTORA, ID_USUARIO_PYME) VALUES( (SELECT ID_USUARIO FROM INFRA.TRACTORAS WHERE EMPRESA = 'Chedraui'), (SELECT ID_USUARIO FROM INFRA.USUARIOS WHERE CVE_USUARIO = 'jtamariz@pcm-net.com.mx') );
INSERT INTO INFRA.CLIENTES ( ID_USUARIO, CLIENTE) VALUES( (SELECT ID_USUARIO FROM INFRA.USUARIOS WHERE CVE_USUARIO = 'jtamariz@pcm-net.com.mx'), 'Chedraui' );

--Equipos Para Carnicerias, S.A. de C.V. (Cooking Depot)
INSERT INTO INFRA.USUARIOS ( CVE_USUARIO, PASSWORD ) VALUES( 'cquiroga@cookingdepot.com.mx', 'ccmx1234' );
INSERT INTO INFRA.REL_ROLES ( CVE_ROL, CVE_USUARIO ) VALUES( 'PyME', 'cquiroga@cookingdepot.com.mx' );
INSERT INTO INFRA.PYMES ( ID_USUARIO, ID_USUARIO_PADRE, CORREO_ELECTRONICO, NOMBRE_COMERCIAL ) VALUES( (SELECT ID_USUARIO FROM INFRA.USUARIOS WHERE CVE_USUARIO = 'cquiroga@cookingdepot.com.mx'), '1', 'cquiroga@cookingdepot.com.mx', 'Equipos Para Carnicerias, S.A. de C.V. (Cooking Depot)' );
INSERT INTO INFRA.CONTACTOS (ID_USUARIO, TIPO, NOMBRE, APELLIDO_PATERNO, APELLIDO_MATERNO, CORREO_ELECTRONICO, B_PRINCIPAL, TELEFONO) VALUES ( (SELECT ID_USUARIO FROM INFRA.USUARIOS WHERE CVE_USUARIO = 'cquiroga@cookingdepot.com.mx'), 'Ventas', 'Maricela', 'Cisneros', '', 'cquiroga@cookingdepot.com.mx', true, '8114777548');
INSERT INTO INFRA.REL_PYMES_TRACTORAS ( ID_USUARIO_TRACTORA, ID_USUARIO_PYME) VALUES( (SELECT ID_USUARIO FROM INFRA.TRACTORAS WHERE EMPRESA = 'Chedraui'), (SELECT ID_USUARIO FROM INFRA.USUARIOS WHERE CVE_USUARIO = 'cquiroga@cookingdepot.com.mx') );
INSERT INTO INFRA.CLIENTES ( ID_USUARIO, CLIENTE) VALUES( (SELECT ID_USUARIO FROM INFRA.USUARIOS WHERE CVE_USUARIO = 'cquiroga@cookingdepot.com.mx'), 'Chedraui' );

--Especialización en Alimentos, S.A. de C.V.
INSERT INTO INFRA.USUARIOS ( CVE_USUARIO, PASSWORD ) VALUES( 'garciaruiz0014@gmail.com', 'ccmx1234' );
INSERT INTO INFRA.REL_ROLES ( CVE_ROL, CVE_USUARIO ) VALUES( 'PyME', 'garciaruiz0014@gmail.com' );
INSERT INTO INFRA.PYMES ( ID_USUARIO, ID_USUARIO_PADRE, CORREO_ELECTRONICO, NOMBRE_COMERCIAL ) VALUES( (SELECT ID_USUARIO FROM INFRA.USUARIOS WHERE CVE_USUARIO = 'garciaruiz0014@gmail.com'), '1', 'garciaruiz0014@gmail.com', 'Especialización en Alimentos, S.A. de C.V.' );
INSERT INTO INFRA.CONTACTOS (ID_USUARIO, TIPO, NOMBRE, APELLIDO_PATERNO, APELLIDO_MATERNO, CORREO_ELECTRONICO, B_PRINCIPAL, TELEFONO) VALUES ( (SELECT ID_USUARIO FROM INFRA.USUARIOS WHERE CVE_USUARIO = 'garciaruiz0014@gmail.com'), 'Ventas', 'Luis Alejandro', 'Davila', 'Ochoa', 'garciaruiz0014@gmail.com', true, '5555758144');
INSERT INTO INFRA.REL_PYMES_TRACTORAS ( ID_USUARIO_TRACTORA, ID_USUARIO_PYME) VALUES( (SELECT ID_USUARIO FROM INFRA.TRACTORAS WHERE EMPRESA = 'Chedraui'), (SELECT ID_USUARIO FROM INFRA.USUARIOS WHERE CVE_USUARIO = 'garciaruiz0014@gmail.com') );
INSERT INTO INFRA.CLIENTES ( ID_USUARIO, CLIENTE) VALUES( (SELECT ID_USUARIO FROM INFRA.USUARIOS WHERE CVE_USUARIO = 'garciaruiz0014@gmail.com'), 'Chedraui' );

--Pinturas y Texturizados, S.A. de C.V.
INSERT INTO INFRA.USUARIOS ( CVE_USUARIO, PASSWORD ) VALUES( 'jicespedes@pintex.com.mx', 'ccmx1234' );
INSERT INTO INFRA.REL_ROLES ( CVE_ROL, CVE_USUARIO ) VALUES( 'PyME', 'jicespedes@pintex.com.mx' );
INSERT INTO INFRA.PYMES ( ID_USUARIO, ID_USUARIO_PADRE, CORREO_ELECTRONICO, NOMBRE_COMERCIAL ) VALUES( (SELECT ID_USUARIO FROM INFRA.USUARIOS WHERE CVE_USUARIO = 'jicespedes@pintex.com.mx'), '1', 'jicespedes@pintex.com.mx', 'Pinturas y Texturizados, S.A. de C.V.' );
INSERT INTO INFRA.CONTACTOS (ID_USUARIO, TIPO, NOMBRE, APELLIDO_PATERNO, APELLIDO_MATERNO, CORREO_ELECTRONICO, B_PRINCIPAL, TELEFONO) VALUES ( (SELECT ID_USUARIO FROM INFRA.USUARIOS WHERE CVE_USUARIO = 'jicespedes@pintex.com.mx'), 'Ventas', 'Adriana', 'Fontanot', '', 'jicespedes@pintex.com.mx', true, '5555653534');
INSERT INTO INFRA.REL_PYMES_TRACTORAS ( ID_USUARIO_TRACTORA, ID_USUARIO_PYME) VALUES( (SELECT ID_USUARIO FROM INFRA.TRACTORAS WHERE EMPRESA = 'Chedraui'), (SELECT ID_USUARIO FROM INFRA.USUARIOS WHERE CVE_USUARIO = 'jicespedes@pintex.com.mx') );
INSERT INTO INFRA.CLIENTES ( ID_USUARIO, CLIENTE) VALUES( (SELECT ID_USUARIO FROM INFRA.USUARIOS WHERE CVE_USUARIO = 'jicespedes@pintex.com.mx'), 'Chedraui' );

--Galdisa, S.A. de C.V.
INSERT INTO INFRA.USUARIOS ( CVE_USUARIO, PASSWORD ) VALUES( 'vigar@galdisa.com.mx', 'ccmx1234' );
INSERT INTO INFRA.REL_ROLES ( CVE_ROL, CVE_USUARIO ) VALUES( 'PyME', 'vigar@galdisa.com.mx' );
INSERT INTO INFRA.PYMES ( ID_USUARIO, ID_USUARIO_PADRE, CORREO_ELECTRONICO, NOMBRE_COMERCIAL ) VALUES( (SELECT ID_USUARIO FROM INFRA.USUARIOS WHERE CVE_USUARIO = 'vigar@galdisa.com.mx'), '1', 'vigar@galdisa.com.mx', 'Galdisa, S.A. de C.V.' );
INSERT INTO INFRA.CONTACTOS (ID_USUARIO, TIPO, NOMBRE, APELLIDO_PATERNO, APELLIDO_MATERNO, CORREO_ELECTRONICO, B_PRINCIPAL, TELEFONO) VALUES ( (SELECT ID_USUARIO FROM INFRA.USUARIOS WHERE CVE_USUARIO = 'vigar@galdisa.com.mx'), 'Ventas', 'Victor Manuel', 'Galindo', '', 'vigar@galdisa.com.mx', true, '556304616');
INSERT INTO INFRA.REL_PYMES_TRACTORAS ( ID_USUARIO_TRACTORA, ID_USUARIO_PYME) VALUES( (SELECT ID_USUARIO FROM INFRA.TRACTORAS WHERE EMPRESA = 'Chedraui'), (SELECT ID_USUARIO FROM INFRA.USUARIOS WHERE CVE_USUARIO = 'vigar@galdisa.com.mx') );
INSERT INTO INFRA.CLIENTES ( ID_USUARIO, CLIENTE) VALUES( (SELECT ID_USUARIO FROM INFRA.USUARIOS WHERE CVE_USUARIO = 'vigar@galdisa.com.mx'), 'Chedraui' );

--Distribuidora Limbell, S.A. de C.V.
INSERT INTO INFRA.USUARIOS ( CVE_USUARIO, PASSWORD ) VALUES( 'igleiasolma@realclean.com.mx', 'ccmx1234' );
INSERT INTO INFRA.REL_ROLES ( CVE_ROL, CVE_USUARIO ) VALUES( 'PyME', 'igleiasolma@realclean.com.mx' );
INSERT INTO INFRA.PYMES ( ID_USUARIO, ID_USUARIO_PADRE, CORREO_ELECTRONICO, NOMBRE_COMERCIAL ) VALUES( (SELECT ID_USUARIO FROM INFRA.USUARIOS WHERE CVE_USUARIO = 'igleiasolma@realclean.com.mx'), '1', 'igleiasolma@realclean.com.mx', 'Distribuidora Limbell, S.A. de C.V.' );
INSERT INTO INFRA.CONTACTOS (ID_USUARIO, TIPO, NOMBRE, APELLIDO_PATERNO, APELLIDO_MATERNO, CORREO_ELECTRONICO, B_PRINCIPAL, TELEFONO) VALUES ( (SELECT ID_USUARIO FROM INFRA.USUARIOS WHERE CVE_USUARIO = 'igleiasolma@realclean.com.mx'), 'Ventas', 'Alfredo', 'Iglesias', 'Olma', 'igleiasolma@realclean.com.mx', true, '5553668960');
INSERT INTO INFRA.REL_PYMES_TRACTORAS ( ID_USUARIO_TRACTORA, ID_USUARIO_PYME) VALUES( (SELECT ID_USUARIO FROM INFRA.TRACTORAS WHERE EMPRESA = 'Chedraui'), (SELECT ID_USUARIO FROM INFRA.USUARIOS WHERE CVE_USUARIO = 'igleiasolma@realclean.com.mx') );
INSERT INTO INFRA.CLIENTES ( ID_USUARIO, CLIENTE) VALUES( (SELECT ID_USUARIO FROM INFRA.USUARIOS WHERE CVE_USUARIO = 'igleiasolma@realclean.com.mx'), 'Chedraui' );

--Nutrika Gruop México
INSERT INTO INFRA.USUARIOS ( CVE_USUARIO, PASSWORD ) VALUES( 'blimon@nutrika.com.mx', 'ccmx1234' );
INSERT INTO INFRA.REL_ROLES ( CVE_ROL, CVE_USUARIO ) VALUES( 'PyME', 'blimon@nutrika.com.mx' );
INSERT INTO INFRA.PYMES ( ID_USUARIO, ID_USUARIO_PADRE, CORREO_ELECTRONICO, NOMBRE_COMERCIAL ) VALUES( (SELECT ID_USUARIO FROM INFRA.USUARIOS WHERE CVE_USUARIO = 'blimon@nutrika.com.mx'), '1', 'blimon@nutrika.com.mx', 'Nutrika Gruop México' );
INSERT INTO INFRA.CONTACTOS (ID_USUARIO, TIPO, NOMBRE, APELLIDO_PATERNO, APELLIDO_MATERNO, CORREO_ELECTRONICO, B_PRINCIPAL, TELEFONO) VALUES ( (SELECT ID_USUARIO FROM INFRA.USUARIOS WHERE CVE_USUARIO = 'blimon@nutrika.com.mx'), 'Ventas', 'Bruno', 'Limon', 'Celorio', 'blimon@nutrika.com.mx', true, '5543517026');
INSERT INTO INFRA.REL_PYMES_TRACTORAS ( ID_USUARIO_TRACTORA, ID_USUARIO_PYME) VALUES( (SELECT ID_USUARIO FROM INFRA.TRACTORAS WHERE EMPRESA = 'Chedraui'), (SELECT ID_USUARIO FROM INFRA.USUARIOS WHERE CVE_USUARIO = 'blimon@nutrika.com.mx') );
INSERT INTO INFRA.CLIENTES ( ID_USUARIO, CLIENTE) VALUES( (SELECT ID_USUARIO FROM INFRA.USUARIOS WHERE CVE_USUARIO = 'blimon@nutrika.com.mx'), 'Chedraui' );

--Gresmex, S.A. de C.V.
INSERT INTO INFRA.USUARIOS ( CVE_USUARIO, PASSWORD ) VALUES( 'sergioleon@gresmex.com.mx', 'ccmx1234' );
INSERT INTO INFRA.REL_ROLES ( CVE_ROL, CVE_USUARIO ) VALUES( 'PyME', 'sergioleon@gresmex.com.mx' );
INSERT INTO INFRA.PYMES ( ID_USUARIO, ID_USUARIO_PADRE, CORREO_ELECTRONICO, NOMBRE_COMERCIAL ) VALUES( (SELECT ID_USUARIO FROM INFRA.USUARIOS WHERE CVE_USUARIO = 'sergioleon@gresmex.com.mx'), '1', 'sergioleon@gresmex.com.mx', 'Gresmex, S.A. de C.V.' );
INSERT INTO INFRA.CONTACTOS (ID_USUARIO, TIPO, NOMBRE, APELLIDO_PATERNO, APELLIDO_MATERNO, CORREO_ELECTRONICO, B_PRINCIPAL, TELEFONO) VALUES ( (SELECT ID_USUARIO FROM INFRA.USUARIOS WHERE CVE_USUARIO = 'sergioleon@gresmex.com.mx'), 'Ventas', 'Alejandro', 'Neri', 'Martinez', 'sergioleon@gresmex.com.mx', true, '5553173297');
INSERT INTO INFRA.REL_PYMES_TRACTORAS ( ID_USUARIO_TRACTORA, ID_USUARIO_PYME) VALUES( (SELECT ID_USUARIO FROM INFRA.TRACTORAS WHERE EMPRESA = 'Chedraui'), (SELECT ID_USUARIO FROM INFRA.USUARIOS WHERE CVE_USUARIO = 'sergioleon@gresmex.com.mx') );
INSERT INTO INFRA.CLIENTES ( ID_USUARIO, CLIENTE) VALUES( (SELECT ID_USUARIO FROM INFRA.USUARIOS WHERE CVE_USUARIO = 'sergioleon@gresmex.com.mx'), 'Chedraui' );

--Ibermir, S.A. de C.V.
INSERT INTO INFRA.USUARIOS ( CVE_USUARIO, PASSWORD ) VALUES( 'vtrujillo@ibermir.com', 'ccmx1234' );
INSERT INTO INFRA.REL_ROLES ( CVE_ROL, CVE_USUARIO ) VALUES( 'PyME', 'vtrujillo@ibermir.com' );
INSERT INTO INFRA.PYMES ( ID_USUARIO, ID_USUARIO_PADRE, CORREO_ELECTRONICO, NOMBRE_COMERCIAL ) VALUES( (SELECT ID_USUARIO FROM INFRA.USUARIOS WHERE CVE_USUARIO = 'vtrujillo@ibermir.com'), '1', 'vtrujillo@ibermir.com', 'Ibermir, S.A. de C.V.' );
INSERT INTO INFRA.CONTACTOS (ID_USUARIO, TIPO, NOMBRE, APELLIDO_PATERNO, APELLIDO_MATERNO, CORREO_ELECTRONICO, B_PRINCIPAL, TELEFONO) VALUES ( (SELECT ID_USUARIO FROM INFRA.USUARIOS WHERE CVE_USUARIO = 'vtrujillo@ibermir.com'), 'Ventas', 'Victor Hugo', 'Trujillo', 'Posada', 'vtrujillo@ibermir.com', true, '5555458359');
INSERT INTO INFRA.REL_PYMES_TRACTORAS ( ID_USUARIO_TRACTORA, ID_USUARIO_PYME) VALUES( (SELECT ID_USUARIO FROM INFRA.TRACTORAS WHERE EMPRESA = 'Chedraui'), (SELECT ID_USUARIO FROM INFRA.USUARIOS WHERE CVE_USUARIO = 'vtrujillo@ibermir.com') );
INSERT INTO INFRA.CLIENTES ( ID_USUARIO, CLIENTE) VALUES( (SELECT ID_USUARIO FROM INFRA.USUARIOS WHERE CVE_USUARIO = 'vtrujillo@ibermir.com'), 'Chedraui' );

--Maquiladora Miniara, S.A. de C.V.
INSERT INTO INFRA.USUARIOS ( CVE_USUARIO, PASSWORD ) VALUES( 'gerencia.miniara@gmail.com', 'ccmx1234' );
INSERT INTO INFRA.REL_ROLES ( CVE_ROL, CVE_USUARIO ) VALUES( 'PyME', 'gerencia.miniara@gmail.com' );
INSERT INTO INFRA.PYMES ( ID_USUARIO, ID_USUARIO_PADRE, CORREO_ELECTRONICO, NOMBRE_COMERCIAL ) VALUES( (SELECT ID_USUARIO FROM INFRA.USUARIOS WHERE CVE_USUARIO = 'gerencia.miniara@gmail.com'), '1', 'gerencia.miniara@gmail.com', 'Maquiladora Miniara, S.A. de C.V.' );
INSERT INTO INFRA.CONTACTOS (ID_USUARIO, TIPO, NOMBRE, APELLIDO_PATERNO, APELLIDO_MATERNO, CORREO_ELECTRONICO, B_PRINCIPAL, TELEFONO) VALUES ( (SELECT ID_USUARIO FROM INFRA.USUARIOS WHERE CVE_USUARIO = 'gerencia.miniara@gmail.com'), 'Ventas', 'Pedro Nicolas', 'Olvera', 'Salcedo', 'gerencia.miniara@gmail.com', true, '5536179892');
INSERT INTO INFRA.REL_PYMES_TRACTORAS ( ID_USUARIO_TRACTORA, ID_USUARIO_PYME) VALUES( (SELECT ID_USUARIO FROM INFRA.TRACTORAS WHERE EMPRESA = 'Chedraui'), (SELECT ID_USUARIO FROM INFRA.USUARIOS WHERE CVE_USUARIO = 'gerencia.miniara@gmail.com') );
INSERT INTO INFRA.CLIENTES ( ID_USUARIO, CLIENTE) VALUES( (SELECT ID_USUARIO FROM INFRA.USUARIOS WHERE CVE_USUARIO = 'gerencia.miniara@gmail.com'), 'Chedraui' );


--Cinepolis

--U. First Systems, S.A. de C.V.
INSERT INTO INFRA.USUARIOS ( CVE_USUARIO, PASSWORD ) VALUES( 'ggv@controlmax.com.mx', 'ccmx1234' );
INSERT INTO INFRA.REL_ROLES ( CVE_ROL, CVE_USUARIO ) VALUES( 'PyME', 'ggv@controlmax.com.mx' );
INSERT INTO INFRA.PYMES ( ID_USUARIO, ID_USUARIO_PADRE, CORREO_ELECTRONICO, NOMBRE_COMERCIAL ) VALUES( (SELECT ID_USUARIO FROM INFRA.USUARIOS WHERE CVE_USUARIO = 'ggv@controlmax.com.mx'), '1', 'ggv@controlmax.com.mx', 'U. First Systems, S.A. de C.V.' );
INSERT INTO INFRA.CONTACTOS (ID_USUARIO, TIPO, NOMBRE, APELLIDO_PATERNO, APELLIDO_MATERNO, CORREO_ELECTRONICO, B_PRINCIPAL, TELEFONO) VALUES ( (SELECT ID_USUARIO FROM INFRA.USUARIOS WHERE CVE_USUARIO = 'ggv@controlmax.com.mx'), 'Ventas', 'Guillermo', 'Guerrero', 'Velazquez', 'ggv@controlmax.com.mx', true, '5535302800');
INSERT INTO INFRA.REL_PYMES_TRACTORAS ( ID_USUARIO_TRACTORA, ID_USUARIO_PYME) VALUES( (SELECT ID_USUARIO FROM INFRA.TRACTORAS WHERE EMPRESA = 'Cinepolis'), (SELECT ID_USUARIO FROM INFRA.USUARIOS WHERE CVE_USUARIO = 'ggv@controlmax.com.mx') );
INSERT INTO INFRA.CLIENTES ( ID_USUARIO, CLIENTE) VALUES( (SELECT ID_USUARIO FROM INFRA.USUARIOS WHERE CVE_USUARIO = 'ggv@controlmax.com.mx'), 'Cinepolis' );

--Construcproyectos Jimfer, S.A. de C.V.
INSERT INTO INFRA.USUARIOS ( CVE_USUARIO, PASSWORD ) VALUES( 'leo.jimenez@jimfer.com.mx', 'ccmx1234' );
INSERT INTO INFRA.REL_ROLES ( CVE_ROL, CVE_USUARIO ) VALUES( 'PyME', 'leo.jimenez@jimfer.com.mx' );
INSERT INTO INFRA.PYMES ( ID_USUARIO, ID_USUARIO_PADRE, CORREO_ELECTRONICO, NOMBRE_COMERCIAL ) VALUES( (SELECT ID_USUARIO FROM INFRA.USUARIOS WHERE CVE_USUARIO = 'leo.jimenez@jimfer.com.mx'), '1', 'leo.jimenez@jimfer.com.mx', 'Construcproyectos Jimfer, S.A. de C.V.' );
INSERT INTO INFRA.CONTACTOS (ID_USUARIO, TIPO, NOMBRE, APELLIDO_PATERNO, APELLIDO_MATERNO, CORREO_ELECTRONICO, B_PRINCIPAL, TELEFONO) VALUES ( (SELECT ID_USUARIO FROM INFRA.USUARIOS WHERE CVE_USUARIO = 'leo.jimenez@jimfer.com.mx'), 'Ventas', 'Leodegario', 'Jimenez', 'Ferrer', 'leo.jimenez@jimfer.com.mx', true, '52083464');
INSERT INTO INFRA.REL_PYMES_TRACTORAS ( ID_USUARIO_TRACTORA, ID_USUARIO_PYME) VALUES( (SELECT ID_USUARIO FROM INFRA.TRACTORAS WHERE EMPRESA = 'Cinepolis'), (SELECT ID_USUARIO FROM INFRA.USUARIOS WHERE CVE_USUARIO = 'leo.jimenez@jimfer.com.mx') );
INSERT INTO INFRA.CLIENTES ( ID_USUARIO, CLIENTE) VALUES( (SELECT ID_USUARIO FROM INFRA.USUARIOS WHERE CVE_USUARIO = 'leo.jimenez@jimfer.com.mx'), 'Cinepolis' );

--Promex Extintores, S.A. de C.V.
INSERT INTO INFRA.USUARIOS ( CVE_USUARIO, PASSWORD ) VALUES( 'gerardo.arriola@promexextintores.com.mx', 'ccmx1234' );
INSERT INTO INFRA.REL_ROLES ( CVE_ROL, CVE_USUARIO ) VALUES( 'PyME', 'gerardo.arriola@promexextintores.com.mx' );
INSERT INTO INFRA.PYMES ( ID_USUARIO, ID_USUARIO_PADRE, CORREO_ELECTRONICO, NOMBRE_COMERCIAL ) VALUES( (SELECT ID_USUARIO FROM INFRA.USUARIOS WHERE CVE_USUARIO = 'gerardo.arriola@promexextintores.com.mx'), '1', 'gerardo.arriola@promexextintores.com.mx', 'Promex Extintores, S.A. de C.V.' );
INSERT INTO INFRA.CONTACTOS (ID_USUARIO, TIPO, NOMBRE, APELLIDO_PATERNO, APELLIDO_MATERNO, CORREO_ELECTRONICO, B_PRINCIPAL, TELEFONO) VALUES ( (SELECT ID_USUARIO FROM INFRA.USUARIOS WHERE CVE_USUARIO = 'gerardo.arriola@promexextintores.com.mx'), 'Ventas', 'Gerardo', 'Arriola', 'Gonzalez', 'gerardo.arriola@promexextintores.com.mx', true, '5557109071');
INSERT INTO INFRA.REL_PYMES_TRACTORAS ( ID_USUARIO_TRACTORA, ID_USUARIO_PYME) VALUES( (SELECT ID_USUARIO FROM INFRA.TRACTORAS WHERE EMPRESA = 'Cinepolis'), (SELECT ID_USUARIO FROM INFRA.USUARIOS WHERE CVE_USUARIO = 'gerardo.arriola@promexextintores.com.mx') );
INSERT INTO INFRA.CLIENTES ( ID_USUARIO, CLIENTE) VALUES( (SELECT ID_USUARIO FROM INFRA.USUARIOS WHERE CVE_USUARIO = 'gerardo.arriola@promexextintores.com.mx'), 'Cinepolis' );

--María de la Paz Mendoza Izaguire. / Adversum
INSERT INTO INFRA.USUARIOS ( CVE_USUARIO, PASSWORD ) VALUES( 'jesus.m@adversum.com.mx', 'ccmx1234' );
INSERT INTO INFRA.REL_ROLES ( CVE_ROL, CVE_USUARIO ) VALUES( 'PyME', 'jesus.m@adversum.com.mx' );
INSERT INTO INFRA.PYMES ( ID_USUARIO, ID_USUARIO_PADRE, CORREO_ELECTRONICO, NOMBRE_COMERCIAL ) VALUES( (SELECT ID_USUARIO FROM INFRA.USUARIOS WHERE CVE_USUARIO = 'jesus.m@adversum.com.mx'), '1', 'jesus.m@adversum.com.mx', 'María de la Paz Mendoza Izaguire. / Adversum' );
INSERT INTO INFRA.CONTACTOS (ID_USUARIO, TIPO, NOMBRE, APELLIDO_PATERNO, APELLIDO_MATERNO, CORREO_ELECTRONICO, B_PRINCIPAL, TELEFONO) VALUES ( (SELECT ID_USUARIO FROM INFRA.USUARIOS WHERE CVE_USUARIO = 'jesus.m@adversum.com.mx'), 'Ventas', 'Jesus Octavio', 'Mendoza', 'Carreño', 'jesus.m@adversum.com.mx', true, '55659431');
INSERT INTO INFRA.REL_PYMES_TRACTORAS ( ID_USUARIO_TRACTORA, ID_USUARIO_PYME) VALUES( (SELECT ID_USUARIO FROM INFRA.TRACTORAS WHERE EMPRESA = 'Cinepolis'), (SELECT ID_USUARIO FROM INFRA.USUARIOS WHERE CVE_USUARIO = 'jesus.m@adversum.com.mx') );
INSERT INTO INFRA.CLIENTES ( ID_USUARIO, CLIENTE) VALUES( (SELECT ID_USUARIO FROM INFRA.USUARIOS WHERE CVE_USUARIO = 'jesus.m@adversum.com.mx'), 'Cinepolis' );

--American Bakery, S.A. de C.V.
INSERT INTO INFRA.USUARIOS ( CVE_USUARIO, PASSWORD ) VALUES( 'etorrescantu@hotmail.com', 'ccmx1234' );
INSERT INTO INFRA.REL_ROLES ( CVE_ROL, CVE_USUARIO ) VALUES( 'PyME', 'etorrescantu@hotmail.com' );
INSERT INTO INFRA.PYMES ( ID_USUARIO, ID_USUARIO_PADRE, CORREO_ELECTRONICO, NOMBRE_COMERCIAL ) VALUES( (SELECT ID_USUARIO FROM INFRA.USUARIOS WHERE CVE_USUARIO = 'etorrescantu@hotmail.com'), '1', 'etorrescantu@hotmail.com', 'American Bakery, S.A. de C.V.' );
INSERT INTO INFRA.CONTACTOS (ID_USUARIO, TIPO, NOMBRE, APELLIDO_PATERNO, APELLIDO_MATERNO, CORREO_ELECTRONICO, B_PRINCIPAL, TELEFONO) VALUES ( (SELECT ID_USUARIO FROM INFRA.USUARIOS WHERE CVE_USUARIO = 'etorrescantu@hotmail.com'), 'Ventas', 'Eduardo', 'Torres', 'Cantu', 'etorrescantu@hotmail.com', true, '55270482');
INSERT INTO INFRA.REL_PYMES_TRACTORAS ( ID_USUARIO_TRACTORA, ID_USUARIO_PYME) VALUES( (SELECT ID_USUARIO FROM INFRA.TRACTORAS WHERE EMPRESA = 'Cinepolis'), (SELECT ID_USUARIO FROM INFRA.USUARIOS WHERE CVE_USUARIO = 'etorrescantu@hotmail.com') );
INSERT INTO INFRA.CLIENTES ( ID_USUARIO, CLIENTE) VALUES( (SELECT ID_USUARIO FROM INFRA.USUARIOS WHERE CVE_USUARIO = 'etorrescantu@hotmail.com'), 'Cinepolis' );

--Comercializadora Lamont, S.A. de C.V.
INSERT INTO INFRA.USUARIOS ( CVE_USUARIO, PASSWORD ) VALUES( 'rangelbv@lamont.com.mx', 'ccmx1234' );
INSERT INTO INFRA.REL_ROLES ( CVE_ROL, CVE_USUARIO ) VALUES( 'PyME', 'rangelbv@lamont.com.mx' );
INSERT INTO INFRA.PYMES ( ID_USUARIO, ID_USUARIO_PADRE, CORREO_ELECTRONICO, NOMBRE_COMERCIAL ) VALUES( (SELECT ID_USUARIO FROM INFRA.USUARIOS WHERE CVE_USUARIO = 'rangelbv@lamont.com.mx'), '1', 'rangelbv@lamont.com.mx', 'Comercializadora Lamont, S.A. de C.V.' );
INSERT INTO INFRA.CONTACTOS (ID_USUARIO, TIPO, NOMBRE, APELLIDO_PATERNO, APELLIDO_MATERNO, CORREO_ELECTRONICO, B_PRINCIPAL, TELEFONO) VALUES ( (SELECT ID_USUARIO FROM INFRA.USUARIOS WHERE CVE_USUARIO = 'rangelbv@lamont.com.mx'), 'Ventas', 'Veronica', 'Rangel', 'Badillo', 'rangelbv@lamont.com.mx', true, '57462424');
INSERT INTO INFRA.REL_PYMES_TRACTORAS ( ID_USUARIO_TRACTORA, ID_USUARIO_PYME) VALUES( (SELECT ID_USUARIO FROM INFRA.TRACTORAS WHERE EMPRESA = 'Cinepolis'), (SELECT ID_USUARIO FROM INFRA.USUARIOS WHERE CVE_USUARIO = 'rangelbv@lamont.com.mx') );
INSERT INTO INFRA.CLIENTES ( ID_USUARIO, CLIENTE) VALUES( (SELECT ID_USUARIO FROM INFRA.USUARIOS WHERE CVE_USUARIO = 'rangelbv@lamont.com.mx'), 'Cinepolis' );

--Javier Hernández Meza.
INSERT INTO INFRA.USUARIOS ( CVE_USUARIO, PASSWORD ) VALUES( 'seicop_2002@hotmail.com', 'ccmx1234' );
INSERT INTO INFRA.REL_ROLES ( CVE_ROL, CVE_USUARIO ) VALUES( 'PyME', 'seicop_2002@hotmail.com' );
INSERT INTO INFRA.PYMES ( ID_USUARIO, ID_USUARIO_PADRE, CORREO_ELECTRONICO, NOMBRE_COMERCIAL ) VALUES( (SELECT ID_USUARIO FROM INFRA.USUARIOS WHERE CVE_USUARIO = 'seicop_2002@hotmail.com'), '1', 'seicop_2002@hotmail.com', 'Javier Hernández Meza.' );
INSERT INTO INFRA.CONTACTOS (ID_USUARIO, TIPO, NOMBRE, APELLIDO_PATERNO, APELLIDO_MATERNO, CORREO_ELECTRONICO, B_PRINCIPAL, TELEFONO) VALUES ( (SELECT ID_USUARIO FROM INFRA.USUARIOS WHERE CVE_USUARIO = 'seicop_2002@hotmail.com'), 'Ventas', 'Jaime Cesar', 'Hernandez', 'Meza', 'seicop_2002@hotmail.com', true, '57879745');
INSERT INTO INFRA.REL_PYMES_TRACTORAS ( ID_USUARIO_TRACTORA, ID_USUARIO_PYME) VALUES( (SELECT ID_USUARIO FROM INFRA.TRACTORAS WHERE EMPRESA = 'Cinepolis'), (SELECT ID_USUARIO FROM INFRA.USUARIOS WHERE CVE_USUARIO = 'seicop_2002@hotmail.com') );
INSERT INTO INFRA.CLIENTES ( ID_USUARIO, CLIENTE) VALUES( (SELECT ID_USUARIO FROM INFRA.USUARIOS WHERE CVE_USUARIO = 'seicop_2002@hotmail.com'), 'Cinepolis' );

--Maquinaria Monroy, S.A. de C.V.
INSERT INTO INFRA.USUARIOS ( CVE_USUARIO, PASSWORD ) VALUES( 'mmonroy@maquinariamonroy.com', 'ccmx1234' );
INSERT INTO INFRA.REL_ROLES ( CVE_ROL, CVE_USUARIO ) VALUES( 'PyME', 'mmonroy@maquinariamonroy.com' );
INSERT INTO INFRA.PYMES ( ID_USUARIO, ID_USUARIO_PADRE, CORREO_ELECTRONICO, NOMBRE_COMERCIAL ) VALUES( (SELECT ID_USUARIO FROM INFRA.USUARIOS WHERE CVE_USUARIO = 'mmonroy@maquinariamonroy.com'), '1', 'mmonroy@maquinariamonroy.com', 'Maquinaria Monroy, S.A. de C.V.' );
INSERT INTO INFRA.CONTACTOS (ID_USUARIO, TIPO, NOMBRE, APELLIDO_PATERNO, APELLIDO_MATERNO, CORREO_ELECTRONICO, B_PRINCIPAL, TELEFONO) VALUES ( (SELECT ID_USUARIO FROM INFRA.USUARIOS WHERE CVE_USUARIO = 'mmonroy@maquinariamonroy.com'), 'Ventas', 'Miguel Angel', 'Monroy', 'Roldan', 'mmonroy@maquinariamonroy.com', true, '7222130133');
INSERT INTO INFRA.REL_PYMES_TRACTORAS ( ID_USUARIO_TRACTORA, ID_USUARIO_PYME) VALUES( (SELECT ID_USUARIO FROM INFRA.TRACTORAS WHERE EMPRESA = 'Cinepolis'), (SELECT ID_USUARIO FROM INFRA.USUARIOS WHERE CVE_USUARIO = 'mmonroy@maquinariamonroy.com') );
INSERT INTO INFRA.CLIENTES ( ID_USUARIO, CLIENTE) VALUES( (SELECT ID_USUARIO FROM INFRA.USUARIOS WHERE CVE_USUARIO = 'mmonroy@maquinariamonroy.com'), 'Cinepolis' );

--PMF Protección, Mano de Obra y Factoria.
INSERT INTO INFRA.USUARIOS ( CVE_USUARIO, PASSWORD ) VALUES( 'pmfoficinas@hotmail.com', 'ccmx1234' );
INSERT INTO INFRA.REL_ROLES ( CVE_ROL, CVE_USUARIO ) VALUES( 'PyME', 'pmfoficinas@hotmail.com' );
INSERT INTO INFRA.PYMES ( ID_USUARIO, ID_USUARIO_PADRE, CORREO_ELECTRONICO, NOMBRE_COMERCIAL ) VALUES( (SELECT ID_USUARIO FROM INFRA.USUARIOS WHERE CVE_USUARIO = 'pmfoficinas@hotmail.com'), '1', 'pmfoficinas@hotmail.com', 'PMF Protección, Mano de Obra y Factoria.' );
INSERT INTO INFRA.CONTACTOS (ID_USUARIO, TIPO, NOMBRE, APELLIDO_PATERNO, APELLIDO_MATERNO, CORREO_ELECTRONICO, B_PRINCIPAL, TELEFONO) VALUES ( (SELECT ID_USUARIO FROM INFRA.USUARIOS WHERE CVE_USUARIO = 'pmfoficinas@hotmail.com'), 'Ventas', 'Pablo D.', 'Montiel', 'Brito', 'pmfoficinas@hotmail.com', true, '2222334284');
INSERT INTO INFRA.REL_PYMES_TRACTORAS ( ID_USUARIO_TRACTORA, ID_USUARIO_PYME) VALUES( (SELECT ID_USUARIO FROM INFRA.TRACTORAS WHERE EMPRESA = 'Cinepolis'), (SELECT ID_USUARIO FROM INFRA.USUARIOS WHERE CVE_USUARIO = 'pmfoficinas@hotmail.com') );
INSERT INTO INFRA.CLIENTES ( ID_USUARIO, CLIENTE) VALUES( (SELECT ID_USUARIO FROM INFRA.USUARIOS WHERE CVE_USUARIO = 'pmfoficinas@hotmail.com'), 'Cinepolis' );

--Dei Fiori Calderas y Químicos S. de R.L. de C.V.
INSERT INTO INFRA.USUARIOS ( CVE_USUARIO, PASSWORD ) VALUES( 'adrianas@caldequim.com', 'ccmx1234' );
INSERT INTO INFRA.REL_ROLES ( CVE_ROL, CVE_USUARIO ) VALUES( 'PyME', 'adrianas@caldequim.com' );
INSERT INTO INFRA.PYMES ( ID_USUARIO, ID_USUARIO_PADRE, CORREO_ELECTRONICO, NOMBRE_COMERCIAL ) VALUES( (SELECT ID_USUARIO FROM INFRA.USUARIOS WHERE CVE_USUARIO = 'adrianas@caldequim.com'), '1', 'adrianas@caldequim.com', 'Dei Fiori Calderas y Químicos S. de R.L. de C.V.' );
INSERT INTO INFRA.CONTACTOS (ID_USUARIO, TIPO, NOMBRE, APELLIDO_PATERNO, APELLIDO_MATERNO, CORREO_ELECTRONICO, B_PRINCIPAL, TELEFONO) VALUES ( (SELECT ID_USUARIO FROM INFRA.USUARIOS WHERE CVE_USUARIO = 'adrianas@caldequim.com'), 'Ventas', 'Agustin', 'Sanchez', 'Reyes', 'adrianas@caldequim.com', true, '2222441343');
INSERT INTO INFRA.REL_PYMES_TRACTORAS ( ID_USUARIO_TRACTORA, ID_USUARIO_PYME) VALUES( (SELECT ID_USUARIO FROM INFRA.TRACTORAS WHERE EMPRESA = 'Cinepolis'), (SELECT ID_USUARIO FROM INFRA.USUARIOS WHERE CVE_USUARIO = 'adrianas@caldequim.com') );
INSERT INTO INFRA.CLIENTES ( ID_USUARIO, CLIENTE) VALUES( (SELECT ID_USUARIO FROM INFRA.USUARIOS WHERE CVE_USUARIO = 'adrianas@caldequim.com'), 'Cinepolis' );

--Consultores Especializados en Prevención e Investigación de Incendios S.A. de C.V.
INSERT INTO INFRA.USUARIOS ( CVE_USUARIO, PASSWORD ) VALUES( 'consultoresespecializados_oficinas@live.com.mx', 'ccmx1234' );
INSERT INTO INFRA.REL_ROLES ( CVE_ROL, CVE_USUARIO ) VALUES( 'PyME', 'consultoresespecializados_oficinas@live.com.mx' );
INSERT INTO INFRA.PYMES ( ID_USUARIO, ID_USUARIO_PADRE, CORREO_ELECTRONICO, NOMBRE_COMERCIAL ) VALUES( (SELECT ID_USUARIO FROM INFRA.USUARIOS WHERE CVE_USUARIO = 'consultoresespecializados_oficinas@live.com.mx'), '1', 'consultoresespecializados_oficinas@live.com.mx', 'Consultores Especializados en Prevención e Investigación de Incendios S.A. de C.V.' );
INSERT INTO INFRA.CONTACTOS (ID_USUARIO, TIPO, NOMBRE, APELLIDO_PATERNO, APELLIDO_MATERNO, CORREO_ELECTRONICO, B_PRINCIPAL, TELEFONO) VALUES ( (SELECT ID_USUARIO FROM INFRA.USUARIOS WHERE CVE_USUARIO = 'consultoresespecializados_oficinas@live.com.mx'), 'Ventas', 'Concepcion', 'Robles', 'Garcia', 'consultoresespecializados_oficinas@live.com.mx', true, '2228873009');
INSERT INTO INFRA.REL_PYMES_TRACTORAS ( ID_USUARIO_TRACTORA, ID_USUARIO_PYME) VALUES( (SELECT ID_USUARIO FROM INFRA.TRACTORAS WHERE EMPRESA = 'Cinepolis'), (SELECT ID_USUARIO FROM INFRA.USUARIOS WHERE CVE_USUARIO = 'consultoresespecializados_oficinas@live.com.mx') );
INSERT INTO INFRA.CLIENTES ( ID_USUARIO, CLIENTE) VALUES( (SELECT ID_USUARIO FROM INFRA.USUARIOS WHERE CVE_USUARIO = 'consultoresespecializados_oficinas@live.com.mx'), 'Cinepolis' );

--Integración de Marcas, S.A. de C.V.
INSERT INTO INFRA.USUARIOS ( CVE_USUARIO, PASSWORD ) VALUES( 'davidmusi@yambalaya.com', 'ccmx1234' );
INSERT INTO INFRA.REL_ROLES ( CVE_ROL, CVE_USUARIO ) VALUES( 'PyME', 'davidmusi@yambalaya.com' );
INSERT INTO INFRA.PYMES ( ID_USUARIO, ID_USUARIO_PADRE, CORREO_ELECTRONICO, NOMBRE_COMERCIAL ) VALUES( (SELECT ID_USUARIO FROM INFRA.USUARIOS WHERE CVE_USUARIO = 'davidmusi@yambalaya.com'), '1', 'davidmusi@yambalaya.com', 'Integración de Marcas, S.A. de C.V.' );
INSERT INTO INFRA.CONTACTOS (ID_USUARIO, TIPO, NOMBRE, APELLIDO_PATERNO, APELLIDO_MATERNO, CORREO_ELECTRONICO, B_PRINCIPAL, TELEFONO) VALUES ( (SELECT ID_USUARIO FROM INFRA.USUARIOS WHERE CVE_USUARIO = 'davidmusi@yambalaya.com'), 'Ventas', '', '', '', 'davidmusi@yambalaya.com', true, '8183331983');
INSERT INTO INFRA.REL_PYMES_TRACTORAS ( ID_USUARIO_TRACTORA, ID_USUARIO_PYME) VALUES( (SELECT ID_USUARIO FROM INFRA.TRACTORAS WHERE EMPRESA = 'Cinepolis'), (SELECT ID_USUARIO FROM INFRA.USUARIOS WHERE CVE_USUARIO = 'davidmusi@yambalaya.com') );
INSERT INTO INFRA.CLIENTES ( ID_USUARIO, CLIENTE) VALUES( (SELECT ID_USUARIO FROM INFRA.USUARIOS WHERE CVE_USUARIO = 'davidmusi@yambalaya.com'), 'Cinepolis' );

--MG Construye S.A. de C.V.
INSERT INTO INFRA.USUARIOS ( CVE_USUARIO, PASSWORD ) VALUES( 'marcomartinezpj@prodigy.net.mx', 'ccmx1234' );
INSERT INTO INFRA.REL_ROLES ( CVE_ROL, CVE_USUARIO ) VALUES( 'PyME', 'marcomartinezpj@prodigy.net.mx' );
INSERT INTO INFRA.PYMES ( ID_USUARIO, ID_USUARIO_PADRE, CORREO_ELECTRONICO, NOMBRE_COMERCIAL ) VALUES( (SELECT ID_USUARIO FROM INFRA.USUARIOS WHERE CVE_USUARIO = 'marcomartinezpj@prodigy.net.mx'), '1', 'marcomartinezpj@prodigy.net.mx', 'MG Construye S.A. de C.V.' );
INSERT INTO INFRA.CONTACTOS (ID_USUARIO, TIPO, NOMBRE, APELLIDO_PATERNO, APELLIDO_MATERNO, CORREO_ELECTRONICO, B_PRINCIPAL, TELEFONO) VALUES ( (SELECT ID_USUARIO FROM INFRA.USUARIOS WHERE CVE_USUARIO = 'marcomartinezpj@prodigy.net.mx'), 'Ventas', 'Marco Antonio', 'Martinez', 'Carrillo', 'marcomartinezpj@prodigy.net.mx', true, '4433206426');
INSERT INTO INFRA.REL_PYMES_TRACTORAS ( ID_USUARIO_TRACTORA, ID_USUARIO_PYME) VALUES( (SELECT ID_USUARIO FROM INFRA.TRACTORAS WHERE EMPRESA = 'Cinepolis'), (SELECT ID_USUARIO FROM INFRA.USUARIOS WHERE CVE_USUARIO = 'marcomartinezpj@prodigy.net.mx') );
INSERT INTO INFRA.CLIENTES ( ID_USUARIO, CLIENTE) VALUES( (SELECT ID_USUARIO FROM INFRA.USUARIOS WHERE CVE_USUARIO = 'marcomartinezpj@prodigy.net.mx'), 'Cinepolis' );

--D.H.I. Construcciones S.A. de C.V.
INSERT INTO INFRA.USUARIOS ( CVE_USUARIO, PASSWORD ) VALUES( 'davidtafo@yahoo.com.mx', 'ccmx1234' );
INSERT INTO INFRA.REL_ROLES ( CVE_ROL, CVE_USUARIO ) VALUES( 'PyME', 'davidtafo@yahoo.com.mx' );
INSERT INTO INFRA.PYMES ( ID_USUARIO, ID_USUARIO_PADRE, CORREO_ELECTRONICO, NOMBRE_COMERCIAL ) VALUES( (SELECT ID_USUARIO FROM INFRA.USUARIOS WHERE CVE_USUARIO = 'davidtafo@yahoo.com.mx'), '1', 'davidtafo@yahoo.com.mx', 'D.H.I. Construcciones S.A. de C.V.' );
INSERT INTO INFRA.CONTACTOS (ID_USUARIO, TIPO, NOMBRE, APELLIDO_PATERNO, APELLIDO_MATERNO, CORREO_ELECTRONICO, B_PRINCIPAL, TELEFONO) VALUES ( (SELECT ID_USUARIO FROM INFRA.USUARIOS WHERE CVE_USUARIO = 'davidtafo@yahoo.com.mx'), 'Ventas', 'David', 'Tafolla', 'Rodriguez', 'davidtafo@yahoo.com.mx', true, '4433143329');
INSERT INTO INFRA.REL_PYMES_TRACTORAS ( ID_USUARIO_TRACTORA, ID_USUARIO_PYME) VALUES( (SELECT ID_USUARIO FROM INFRA.TRACTORAS WHERE EMPRESA = 'Cinepolis'), (SELECT ID_USUARIO FROM INFRA.USUARIOS WHERE CVE_USUARIO = 'davidtafo@yahoo.com.mx') );
INSERT INTO INFRA.CLIENTES ( ID_USUARIO, CLIENTE) VALUES( (SELECT ID_USUARIO FROM INFRA.USUARIOS WHERE CVE_USUARIO = 'davidtafo@yahoo.com.mx'), 'Cinepolis' );

--Lourdes Angélica García Saldaña.
INSERT INTO INFRA.USUARIOS ( CVE_USUARIO, PASSWORD ) VALUES( 'g_alarife@hotmail.com', 'ccmx1234' );
INSERT INTO INFRA.REL_ROLES ( CVE_ROL, CVE_USUARIO ) VALUES( 'PyME', 'g_alarife@hotmail.com' );
INSERT INTO INFRA.PYMES ( ID_USUARIO, ID_USUARIO_PADRE, CORREO_ELECTRONICO, NOMBRE_COMERCIAL ) VALUES( (SELECT ID_USUARIO FROM INFRA.USUARIOS WHERE CVE_USUARIO = 'g_alarife@hotmail.com'), '1', 'g_alarife@hotmail.com', 'Lourdes Angélica García Saldaña.' );
INSERT INTO INFRA.CONTACTOS (ID_USUARIO, TIPO, NOMBRE, APELLIDO_PATERNO, APELLIDO_MATERNO, CORREO_ELECTRONICO, B_PRINCIPAL, TELEFONO) VALUES ( (SELECT ID_USUARIO FROM INFRA.USUARIOS WHERE CVE_USUARIO = 'g_alarife@hotmail.com'), 'Ventas', 'Lourdes Angelica', 'Garcia', 'Saldaña', 'g_alarife@hotmail.com', true, '4433406970');
INSERT INTO INFRA.REL_PYMES_TRACTORAS ( ID_USUARIO_TRACTORA, ID_USUARIO_PYME) VALUES( (SELECT ID_USUARIO FROM INFRA.TRACTORAS WHERE EMPRESA = 'Cinepolis'), (SELECT ID_USUARIO FROM INFRA.USUARIOS WHERE CVE_USUARIO = 'g_alarife@hotmail.com') );
INSERT INTO INFRA.CLIENTES ( ID_USUARIO, CLIENTE) VALUES( (SELECT ID_USUARIO FROM INFRA.USUARIOS WHERE CVE_USUARIO = 'g_alarife@hotmail.com'), 'Cinepolis' );

--Tolasa Construcciones, S.A. de C.V.
INSERT INTO INFRA.USUARIOS ( CVE_USUARIO, PASSWORD ) VALUES( 'tolasaconstrucciones@hotmail.com', 'ccmx1234' );
INSERT INTO INFRA.REL_ROLES ( CVE_ROL, CVE_USUARIO ) VALUES( 'PyME', 'tolasaconstrucciones@hotmail.com' );
INSERT INTO INFRA.PYMES ( ID_USUARIO, ID_USUARIO_PADRE, CORREO_ELECTRONICO, NOMBRE_COMERCIAL ) VALUES( (SELECT ID_USUARIO FROM INFRA.USUARIOS WHERE CVE_USUARIO = 'tolasaconstrucciones@hotmail.com'), '1', 'tolasaconstrucciones@hotmail.com', 'Tolasa Construcciones, S.A. de C.V.' );
INSERT INTO INFRA.CONTACTOS (ID_USUARIO, TIPO, NOMBRE, APELLIDO_PATERNO, APELLIDO_MATERNO, CORREO_ELECTRONICO, B_PRINCIPAL, TELEFONO) VALUES ( (SELECT ID_USUARIO FROM INFRA.USUARIOS WHERE CVE_USUARIO = 'tolasaconstrucciones@hotmail.com'), 'Ventas', 'Diego', 'Luna', 'Inocencio', 'tolasaconstrucciones@hotmail.com', true, '4433400177');
INSERT INTO INFRA.REL_PYMES_TRACTORAS ( ID_USUARIO_TRACTORA, ID_USUARIO_PYME) VALUES( (SELECT ID_USUARIO FROM INFRA.TRACTORAS WHERE EMPRESA = 'Cinepolis'), (SELECT ID_USUARIO FROM INFRA.USUARIOS WHERE CVE_USUARIO = 'tolasaconstrucciones@hotmail.com') );
INSERT INTO INFRA.CLIENTES ( ID_USUARIO, CLIENTE) VALUES( (SELECT ID_USUARIO FROM INFRA.USUARIOS WHERE CVE_USUARIO = 'tolasaconstrucciones@hotmail.com'), 'Cinepolis' );

--Quasar Leds México, S.A. de C.V.
INSERT INTO INFRA.USUARIOS ( CVE_USUARIO, PASSWORD ) VALUES( 'kcire_8@hotmail.com', 'ccmx1234' );
INSERT INTO INFRA.REL_ROLES ( CVE_ROL, CVE_USUARIO ) VALUES( 'PyME', 'kcire_8@hotmail.com' );
INSERT INTO INFRA.PYMES ( ID_USUARIO, ID_USUARIO_PADRE, CORREO_ELECTRONICO, NOMBRE_COMERCIAL ) VALUES( (SELECT ID_USUARIO FROM INFRA.USUARIOS WHERE CVE_USUARIO = 'kcire_8@hotmail.com'), '1', 'kcire_8@hotmail.com', 'Quasar Leds México, S.A. de C.V.' );
INSERT INTO INFRA.CONTACTOS (ID_USUARIO, TIPO, NOMBRE, APELLIDO_PATERNO, APELLIDO_MATERNO, CORREO_ELECTRONICO, B_PRINCIPAL, TELEFONO) VALUES ( (SELECT ID_USUARIO FROM INFRA.USUARIOS WHERE CVE_USUARIO = 'kcire_8@hotmail.com'), 'Ventas', 'Erick', 'Oregon', 'Estrada', 'kcire_8@hotmail.com', true, '4432040146');
INSERT INTO INFRA.REL_PYMES_TRACTORAS ( ID_USUARIO_TRACTORA, ID_USUARIO_PYME) VALUES( (SELECT ID_USUARIO FROM INFRA.TRACTORAS WHERE EMPRESA = 'Cinepolis'), (SELECT ID_USUARIO FROM INFRA.USUARIOS WHERE CVE_USUARIO = 'kcire_8@hotmail.com') );
INSERT INTO INFRA.CLIENTES ( ID_USUARIO, CLIENTE) VALUES( (SELECT ID_USUARIO FROM INFRA.USUARIOS WHERE CVE_USUARIO = 'kcire_8@hotmail.com'), 'Cinepolis' );

--R Instalaciones y Acabados Decorativos, S.A. de C.V.
INSERT INTO INFRA.USUARIOS ( CVE_USUARIO, PASSWORD ) VALUES( 'instalaciones.rivera@gmail.com', 'ccmx1234' );
INSERT INTO INFRA.REL_ROLES ( CVE_ROL, CVE_USUARIO ) VALUES( 'PyME', 'instalaciones.rivera@gmail.com' );
INSERT INTO INFRA.PYMES ( ID_USUARIO, ID_USUARIO_PADRE, CORREO_ELECTRONICO, NOMBRE_COMERCIAL ) VALUES( (SELECT ID_USUARIO FROM INFRA.USUARIOS WHERE CVE_USUARIO = 'instalaciones.rivera@gmail.com'), '1', 'instalaciones.rivera@gmail.com', 'R Instalaciones y Acabados Decorativos, S.A. de C.V.' );
INSERT INTO INFRA.CONTACTOS (ID_USUARIO, TIPO, NOMBRE, APELLIDO_PATERNO, APELLIDO_MATERNO, CORREO_ELECTRONICO, B_PRINCIPAL, TELEFONO) VALUES ( (SELECT ID_USUARIO FROM INFRA.USUARIOS WHERE CVE_USUARIO = 'instalaciones.rivera@gmail.com'), 'Ventas', 'Rigoberto Rolando', 'Rivera', 'Perez', 'instalaciones.rivera@gmail.com', true, '4433081403');
INSERT INTO INFRA.REL_PYMES_TRACTORAS ( ID_USUARIO_TRACTORA, ID_USUARIO_PYME) VALUES( (SELECT ID_USUARIO FROM INFRA.TRACTORAS WHERE EMPRESA = 'Cinepolis'), (SELECT ID_USUARIO FROM INFRA.USUARIOS WHERE CVE_USUARIO = 'instalaciones.rivera@gmail.com') );
INSERT INTO INFRA.CLIENTES ( ID_USUARIO, CLIENTE) VALUES( (SELECT ID_USUARIO FROM INFRA.USUARIOS WHERE CVE_USUARIO = 'instalaciones.rivera@gmail.com'), 'Cinepolis' );

--Productos y Muebles, S.A. de C.V. / Promueble
INSERT INTO INFRA.USUARIOS ( CVE_USUARIO, PASSWORD ) VALUES( 'promueble_rfg@yahoo.com.mx', 'ccmx1234' );
INSERT INTO INFRA.REL_ROLES ( CVE_ROL, CVE_USUARIO ) VALUES( 'PyME', 'promueble_rfg@yahoo.com.mx' );
INSERT INTO INFRA.PYMES ( ID_USUARIO, ID_USUARIO_PADRE, CORREO_ELECTRONICO, NOMBRE_COMERCIAL ) VALUES( (SELECT ID_USUARIO FROM INFRA.USUARIOS WHERE CVE_USUARIO = 'promueble_rfg@yahoo.com.mx'), '1', 'promueble_rfg@yahoo.com.mx', 'Productos y Muebles, S.A. de C.V. / Promueble' );
INSERT INTO INFRA.CONTACTOS (ID_USUARIO, TIPO, NOMBRE, APELLIDO_PATERNO, APELLIDO_MATERNO, CORREO_ELECTRONICO, B_PRINCIPAL, TELEFONO) VALUES ( (SELECT ID_USUARIO FROM INFRA.USUARIOS WHERE CVE_USUARIO = 'promueble_rfg@yahoo.com.mx'), 'Ventas', 'Sergio Rogelio', 'Fuentes', 'Guadarrama', 'promueble_rfg@yahoo.com.mx', true, '4431654722');
INSERT INTO INFRA.REL_PYMES_TRACTORAS ( ID_USUARIO_TRACTORA, ID_USUARIO_PYME) VALUES( (SELECT ID_USUARIO FROM INFRA.TRACTORAS WHERE EMPRESA = 'Cinepolis'), (SELECT ID_USUARIO FROM INFRA.USUARIOS WHERE CVE_USUARIO = 'promueble_rfg@yahoo.com.mx') );
INSERT INTO INFRA.CLIENTES ( ID_USUARIO, CLIENTE) VALUES( (SELECT ID_USUARIO FROM INFRA.USUARIOS WHERE CVE_USUARIO = 'promueble_rfg@yahoo.com.mx'), 'Cinepolis' );

--Tapicería Scorpio de Michoacán, S.A. de C.V.
INSERT INTO INFRA.USUARIOS ( CVE_USUARIO, PASSWORD ) VALUES( 'stapiceria92@prodigy.net.mx', 'ccmx1234' );
INSERT INTO INFRA.REL_ROLES ( CVE_ROL, CVE_USUARIO ) VALUES( 'PyME', 'stapiceria92@prodigy.net.mx' );
INSERT INTO INFRA.PYMES ( ID_USUARIO, ID_USUARIO_PADRE, CORREO_ELECTRONICO, NOMBRE_COMERCIAL ) VALUES( (SELECT ID_USUARIO FROM INFRA.USUARIOS WHERE CVE_USUARIO = 'stapiceria92@prodigy.net.mx'), '1', 'stapiceria92@prodigy.net.mx', 'Tapicería Scorpio de Michoacán, S.A. de C.V.' );
INSERT INTO INFRA.CONTACTOS (ID_USUARIO, TIPO, NOMBRE, APELLIDO_PATERNO, APELLIDO_MATERNO, CORREO_ELECTRONICO, B_PRINCIPAL, TELEFONO) VALUES ( (SELECT ID_USUARIO FROM INFRA.USUARIOS WHERE CVE_USUARIO = 'stapiceria92@prodigy.net.mx'), 'Ventas', 'Roberto', 'Pacheco', 'Quintana', 'stapiceria92@prodigy.net.mx', true, '4432740999');
INSERT INTO INFRA.REL_PYMES_TRACTORAS ( ID_USUARIO_TRACTORA, ID_USUARIO_PYME) VALUES( (SELECT ID_USUARIO FROM INFRA.TRACTORAS WHERE EMPRESA = 'Cinepolis'), (SELECT ID_USUARIO FROM INFRA.USUARIOS WHERE CVE_USUARIO = 'stapiceria92@prodigy.net.mx') );
INSERT INTO INFRA.CLIENTES ( ID_USUARIO, CLIENTE) VALUES( (SELECT ID_USUARIO FROM INFRA.USUARIOS WHERE CVE_USUARIO = 'stapiceria92@prodigy.net.mx'), 'Cinepolis' );

--Alejandra Pacheco Quintana.
INSERT INTO INFRA.USUARIOS ( CVE_USUARIO, PASSWORD ) VALUES( 'idem_morelia@yahoo.com.mx', 'ccmx1234' );
INSERT INTO INFRA.REL_ROLES ( CVE_ROL, CVE_USUARIO ) VALUES( 'PyME', 'idem_morelia@yahoo.com.mx' );
INSERT INTO INFRA.PYMES ( ID_USUARIO, ID_USUARIO_PADRE, CORREO_ELECTRONICO, NOMBRE_COMERCIAL ) VALUES( (SELECT ID_USUARIO FROM INFRA.USUARIOS WHERE CVE_USUARIO = 'idem_morelia@yahoo.com.mx'), '1', 'idem_morelia@yahoo.com.mx', 'Alejandra Pacheco Quintana.' );
INSERT INTO INFRA.CONTACTOS (ID_USUARIO, TIPO, NOMBRE, APELLIDO_PATERNO, APELLIDO_MATERNO, CORREO_ELECTRONICO, B_PRINCIPAL, TELEFONO) VALUES ( (SELECT ID_USUARIO FROM INFRA.USUARIOS WHERE CVE_USUARIO = 'idem_morelia@yahoo.com.mx'), 'Ventas', 'Alejandra', 'Pacheco', 'Quintana', 'idem_morelia@yahoo.com.mx', true, '4433248065');
INSERT INTO INFRA.REL_PYMES_TRACTORAS ( ID_USUARIO_TRACTORA, ID_USUARIO_PYME) VALUES( (SELECT ID_USUARIO FROM INFRA.TRACTORAS WHERE EMPRESA = 'Cinepolis'), (SELECT ID_USUARIO FROM INFRA.USUARIOS WHERE CVE_USUARIO = 'idem_morelia@yahoo.com.mx') );
INSERT INTO INFRA.CLIENTES ( ID_USUARIO, CLIENTE) VALUES( (SELECT ID_USUARIO FROM INFRA.USUARIOS WHERE CVE_USUARIO = 'idem_morelia@yahoo.com.mx'), 'Cinepolis' );

--Grupo Alica Swa Construccion, S.A. de C.V.
INSERT INTO INFRA.USUARIOS ( CVE_USUARIO, PASSWORD ) VALUES( 'info@alica.mx', 'ccmx1234' );
INSERT INTO INFRA.REL_ROLES ( CVE_ROL, CVE_USUARIO ) VALUES( 'PyME', 'info@alica.mx' );
INSERT INTO INFRA.PYMES ( ID_USUARIO, ID_USUARIO_PADRE, CORREO_ELECTRONICO, NOMBRE_COMERCIAL ) VALUES( (SELECT ID_USUARIO FROM INFRA.USUARIOS WHERE CVE_USUARIO = 'info@alica.mx'), '1', 'info@alica.mx', 'Grupo Alica Swa Construccion, S.A. de C.V.' );
INSERT INTO INFRA.CONTACTOS (ID_USUARIO, TIPO, NOMBRE, APELLIDO_PATERNO, APELLIDO_MATERNO, CORREO_ELECTRONICO, B_PRINCIPAL, TELEFONO) VALUES ( (SELECT ID_USUARIO FROM INFRA.USUARIOS WHERE CVE_USUARIO = 'info@alica.mx'), 'Ventas', 'Javier', 'Romero', 'Aguirre', 'info@alica.mx', true, '3331262483');
INSERT INTO INFRA.REL_PYMES_TRACTORAS ( ID_USUARIO_TRACTORA, ID_USUARIO_PYME) VALUES( (SELECT ID_USUARIO FROM INFRA.TRACTORAS WHERE EMPRESA = 'Cinepolis'), (SELECT ID_USUARIO FROM INFRA.USUARIOS WHERE CVE_USUARIO = 'info@alica.mx') );
INSERT INTO INFRA.CLIENTES ( ID_USUARIO, CLIENTE) VALUES( (SELECT ID_USUARIO FROM INFRA.USUARIOS WHERE CVE_USUARIO = 'info@alica.mx'), 'Cinepolis' );

--Grupo Cosiam, S.A. de C.V.
INSERT INTO INFRA.USUARIOS ( CVE_USUARIO, PASSWORD ) VALUES( 'soportetecnico@grupocosiam.mitmx.net', 'ccmx1234' );
INSERT INTO INFRA.REL_ROLES ( CVE_ROL, CVE_USUARIO ) VALUES( 'PyME', 'soportetecnico@grupocosiam.mitmx.net' );
INSERT INTO INFRA.PYMES ( ID_USUARIO, ID_USUARIO_PADRE, CORREO_ELECTRONICO, NOMBRE_COMERCIAL ) VALUES( (SELECT ID_USUARIO FROM INFRA.USUARIOS WHERE CVE_USUARIO = 'soportetecnico@grupocosiam.mitmx.net'), '1', 'soportetecnico@grupocosiam.mitmx.net', 'Grupo Cosiam, S.A. de C.V.' );
INSERT INTO INFRA.CONTACTOS (ID_USUARIO, TIPO, NOMBRE, APELLIDO_PATERNO, APELLIDO_MATERNO, CORREO_ELECTRONICO, B_PRINCIPAL, TELEFONO) VALUES ( (SELECT ID_USUARIO FROM INFRA.USUARIOS WHERE CVE_USUARIO = 'soportetecnico@grupocosiam.mitmx.net'), 'Ventas', 'German', 'Enciso', 'Solano', 'soportetecnico@grupocosiam.mitmx.net', true, '4777645508');
INSERT INTO INFRA.REL_PYMES_TRACTORAS ( ID_USUARIO_TRACTORA, ID_USUARIO_PYME) VALUES( (SELECT ID_USUARIO FROM INFRA.TRACTORAS WHERE EMPRESA = 'Cinepolis'), (SELECT ID_USUARIO FROM INFRA.USUARIOS WHERE CVE_USUARIO = 'soportetecnico@grupocosiam.mitmx.net') );
INSERT INTO INFRA.CLIENTES ( ID_USUARIO, CLIENTE) VALUES( (SELECT ID_USUARIO FROM INFRA.USUARIOS WHERE CVE_USUARIO = 'soportetecnico@grupocosiam.mitmx.net'), 'Cinepolis' );


--Comex

--J. Asunción Ramírez Pérez.
INSERT INTO INFRA.USUARIOS ( CVE_USUARIO, PASSWORD ) VALUES( 'precimec111@yahoo.com.mx', 'ccmx1234' );
INSERT INTO INFRA.REL_ROLES ( CVE_ROL, CVE_USUARIO ) VALUES( 'PyME', 'precimec111@yahoo.com.mx' );
INSERT INTO INFRA.PYMES ( ID_USUARIO, ID_USUARIO_PADRE, CORREO_ELECTRONICO, NOMBRE_COMERCIAL ) VALUES( (SELECT ID_USUARIO FROM INFRA.USUARIOS WHERE CVE_USUARIO = 'precimec111@yahoo.com.mx'), '1', 'precimec111@yahoo.com.mx', 'J. Asunción Ramírez Pérez.' );
INSERT INTO INFRA.CONTACTOS (ID_USUARIO, TIPO, NOMBRE, APELLIDO_PATERNO, APELLIDO_MATERNO, CORREO_ELECTRONICO, B_PRINCIPAL, TELEFONO) VALUES ( (SELECT ID_USUARIO FROM INFRA.USUARIOS WHERE CVE_USUARIO = 'precimec111@yahoo.com.mx'), 'Ventas', 'Dario Arturo', 'Flores', '', 'precimec111@yahoo.com.mx', true, '26205188');
INSERT INTO INFRA.REL_PYMES_TRACTORAS ( ID_USUARIO_TRACTORA, ID_USUARIO_PYME) VALUES( (SELECT ID_USUARIO FROM INFRA.TRACTORAS WHERE EMPRESA = 'Comex'), (SELECT ID_USUARIO FROM INFRA.USUARIOS WHERE CVE_USUARIO = 'precimec111@yahoo.com.mx') );
INSERT INTO INFRA.CLIENTES ( ID_USUARIO, CLIENTE) VALUES( (SELECT ID_USUARIO FROM INFRA.USUARIOS WHERE CVE_USUARIO = 'precimec111@yahoo.com.mx'), 'Comex' );

--Oscar León Ardo Solís Corona.
INSERT INTO INFRA.USUARIOS ( CVE_USUARIO, PASSWORD ) VALUES( 'maquipsa@hotmail.com', 'ccmx1234' );
INSERT INTO INFRA.REL_ROLES ( CVE_ROL, CVE_USUARIO ) VALUES( 'PyME', 'maquipsa@hotmail.com' );
INSERT INTO INFRA.PYMES ( ID_USUARIO, ID_USUARIO_PADRE, CORREO_ELECTRONICO, NOMBRE_COMERCIAL ) VALUES( (SELECT ID_USUARIO FROM INFRA.USUARIOS WHERE CVE_USUARIO = 'maquipsa@hotmail.com'), '1', 'maquipsa@hotmail.com', 'Oscar León Ardo Solís Corona.' );
INSERT INTO INFRA.CONTACTOS (ID_USUARIO, TIPO, NOMBRE, APELLIDO_PATERNO, APELLIDO_MATERNO, CORREO_ELECTRONICO, B_PRINCIPAL, TELEFONO) VALUES ( (SELECT ID_USUARIO FROM INFRA.USUARIOS WHERE CVE_USUARIO = 'maquipsa@hotmail.com'), 'Ventas', 'Oscar', 'Solis', '', 'maquipsa@hotmail.com', true, '11658035');
INSERT INTO INFRA.REL_PYMES_TRACTORAS ( ID_USUARIO_TRACTORA, ID_USUARIO_PYME) VALUES( (SELECT ID_USUARIO FROM INFRA.TRACTORAS WHERE EMPRESA = 'Comex'), (SELECT ID_USUARIO FROM INFRA.USUARIOS WHERE CVE_USUARIO = 'maquipsa@hotmail.com') );
INSERT INTO INFRA.CLIENTES ( ID_USUARIO, CLIENTE) VALUES( (SELECT ID_USUARIO FROM INFRA.USUARIOS WHERE CVE_USUARIO = 'maquipsa@hotmail.com'), 'Comex' );

--Fernandez Villeda Oscar.
INSERT INTO INFRA.USUARIOS ( CVE_USUARIO, PASSWORD ) VALUES( 'oskar_imi@hotmail.com', 'ccmx1234' );
INSERT INTO INFRA.REL_ROLES ( CVE_ROL, CVE_USUARIO ) VALUES( 'PyME', 'oskar_imi@hotmail.com' );
INSERT INTO INFRA.PYMES ( ID_USUARIO, ID_USUARIO_PADRE, CORREO_ELECTRONICO, NOMBRE_COMERCIAL ) VALUES( (SELECT ID_USUARIO FROM INFRA.USUARIOS WHERE CVE_USUARIO = 'oskar_imi@hotmail.com'), '1', 'oskar_imi@hotmail.com', 'Fernandez Villeda Oscar.' );
INSERT INTO INFRA.CONTACTOS (ID_USUARIO, TIPO, NOMBRE, APELLIDO_PATERNO, APELLIDO_MATERNO, CORREO_ELECTRONICO, B_PRINCIPAL, TELEFONO) VALUES ( (SELECT ID_USUARIO FROM INFRA.USUARIOS WHERE CVE_USUARIO = 'oskar_imi@hotmail.com'), 'Ventas', 'Oscar', 'Fernandez', 'Villeda', 'oskar_imi@hotmail.com', true, '59361874');
INSERT INTO INFRA.REL_PYMES_TRACTORAS ( ID_USUARIO_TRACTORA, ID_USUARIO_PYME) VALUES( (SELECT ID_USUARIO FROM INFRA.TRACTORAS WHERE EMPRESA = 'Comex'), (SELECT ID_USUARIO FROM INFRA.USUARIOS WHERE CVE_USUARIO = 'oskar_imi@hotmail.com') );
INSERT INTO INFRA.CLIENTES ( ID_USUARIO, CLIENTE) VALUES( (SELECT ID_USUARIO FROM INFRA.USUARIOS WHERE CVE_USUARIO = 'oskar_imi@hotmail.com'), 'Comex' );

--Jorge Hernández Sánchez.
INSERT INTO INFRA.USUARIOS ( CVE_USUARIO, PASSWORD ) VALUES( 'b.rayan.js@hotmail.com', 'ccmx1234' );
INSERT INTO INFRA.REL_ROLES ( CVE_ROL, CVE_USUARIO ) VALUES( 'PyME', 'b.rayan.js@hotmail.com' );
INSERT INTO INFRA.PYMES ( ID_USUARIO, ID_USUARIO_PADRE, CORREO_ELECTRONICO, NOMBRE_COMERCIAL ) VALUES( (SELECT ID_USUARIO FROM INFRA.USUARIOS WHERE CVE_USUARIO = 'b.rayan.js@hotmail.com'), '1', 'b.rayan.js@hotmail.com', 'Jorge Hernández Sánchez.' );
INSERT INTO INFRA.CONTACTOS (ID_USUARIO, TIPO, NOMBRE, APELLIDO_PATERNO, APELLIDO_MATERNO, CORREO_ELECTRONICO, B_PRINCIPAL, TELEFONO) VALUES ( (SELECT ID_USUARIO FROM INFRA.USUARIOS WHERE CVE_USUARIO = 'b.rayan.js@hotmail.com'), 'Ventas', 'Jorge', 'Hernandez', '', 'b.rayan.js@hotmail.com', true, '26030848');
INSERT INTO INFRA.REL_PYMES_TRACTORAS ( ID_USUARIO_TRACTORA, ID_USUARIO_PYME) VALUES( (SELECT ID_USUARIO FROM INFRA.TRACTORAS WHERE EMPRESA = 'Comex'), (SELECT ID_USUARIO FROM INFRA.USUARIOS WHERE CVE_USUARIO = 'b.rayan.js@hotmail.com') );
INSERT INTO INFRA.CLIENTES ( ID_USUARIO, CLIENTE) VALUES( (SELECT ID_USUARIO FROM INFRA.USUARIOS WHERE CVE_USUARIO = 'b.rayan.js@hotmail.com'), 'Comex' );

--Ariel Martínez Cueto
INSERT INTO INFRA.USUARIOS ( CVE_USUARIO, PASSWORD ) VALUES( 'tar-ari-mar@hotmail.com', 'ccmx1234' );
INSERT INTO INFRA.REL_ROLES ( CVE_ROL, CVE_USUARIO ) VALUES( 'PyME', 'tar-ari-mar@hotmail.com' );
INSERT INTO INFRA.PYMES ( ID_USUARIO, ID_USUARIO_PADRE, CORREO_ELECTRONICO, NOMBRE_COMERCIAL ) VALUES( (SELECT ID_USUARIO FROM INFRA.USUARIOS WHERE CVE_USUARIO = 'tar-ari-mar@hotmail.com'), '1', 'tar-ari-mar@hotmail.com', 'Ariel Martínez Cueto' );
INSERT INTO INFRA.CONTACTOS (ID_USUARIO, TIPO, NOMBRE, APELLIDO_PATERNO, APELLIDO_MATERNO, CORREO_ELECTRONICO, B_PRINCIPAL, TELEFONO) VALUES ( (SELECT ID_USUARIO FROM INFRA.USUARIOS WHERE CVE_USUARIO = 'tar-ari-mar@hotmail.com'), 'Ventas', 'Ariel', 'Martinez', 'Cueto', 'tar-ari-mar@hotmail.com', true, '5543998173');
INSERT INTO INFRA.REL_PYMES_TRACTORAS ( ID_USUARIO_TRACTORA, ID_USUARIO_PYME) VALUES( (SELECT ID_USUARIO FROM INFRA.TRACTORAS WHERE EMPRESA = 'Comex'), (SELECT ID_USUARIO FROM INFRA.USUARIOS WHERE CVE_USUARIO = 'tar-ari-mar@hotmail.com') );
INSERT INTO INFRA.CLIENTES ( ID_USUARIO, CLIENTE) VALUES( (SELECT ID_USUARIO FROM INFRA.USUARIOS WHERE CVE_USUARIO = 'tar-ari-mar@hotmail.com'), 'Comex' );

--López Ramírez Facundo.
INSERT INTO INFRA.USUARIOS ( CVE_USUARIO, PASSWORD ) VALUES( 'fac32_master@hotmail.com', 'ccmx1234' );
INSERT INTO INFRA.REL_ROLES ( CVE_ROL, CVE_USUARIO ) VALUES( 'PyME', 'fac32_master@hotmail.com' );
INSERT INTO INFRA.PYMES ( ID_USUARIO, ID_USUARIO_PADRE, CORREO_ELECTRONICO, NOMBRE_COMERCIAL ) VALUES( (SELECT ID_USUARIO FROM INFRA.USUARIOS WHERE CVE_USUARIO = 'fac32_master@hotmail.com'), '1', 'fac32_master@hotmail.com', 'López Ramírez Facundo.' );
INSERT INTO INFRA.CONTACTOS (ID_USUARIO, TIPO, NOMBRE, APELLIDO_PATERNO, APELLIDO_MATERNO, CORREO_ELECTRONICO, B_PRINCIPAL, TELEFONO) VALUES ( (SELECT ID_USUARIO FROM INFRA.USUARIOS WHERE CVE_USUARIO = 'fac32_master@hotmail.com'), 'Ventas', 'Facundo', 'Lopez', 'Ramirez', 'fac32_master@hotmail.com', true, '5929227040');
INSERT INTO INFRA.REL_PYMES_TRACTORAS ( ID_USUARIO_TRACTORA, ID_USUARIO_PYME) VALUES( (SELECT ID_USUARIO FROM INFRA.TRACTORAS WHERE EMPRESA = 'Comex'), (SELECT ID_USUARIO FROM INFRA.USUARIOS WHERE CVE_USUARIO = 'fac32_master@hotmail.com') );
INSERT INTO INFRA.CLIENTES ( ID_USUARIO, CLIENTE) VALUES( (SELECT ID_USUARIO FROM INFRA.USUARIOS WHERE CVE_USUARIO = 'fac32_master@hotmail.com'), 'Comex' );

--Grupo Arsys México, S.A. de C.V.
INSERT INTO INFRA.USUARIOS ( CVE_USUARIO, PASSWORD ) VALUES( 'cbecerra@arsysmx.com', 'ccmx1234' );
INSERT INTO INFRA.REL_ROLES ( CVE_ROL, CVE_USUARIO ) VALUES( 'PyME', 'cbecerra@arsysmx.com' );
INSERT INTO INFRA.PYMES ( ID_USUARIO, ID_USUARIO_PADRE, CORREO_ELECTRONICO, NOMBRE_COMERCIAL ) VALUES( (SELECT ID_USUARIO FROM INFRA.USUARIOS WHERE CVE_USUARIO = 'cbecerra@arsysmx.com'), '1', 'cbecerra@arsysmx.com', 'Grupo Arsys México, S.A. de C.V.' );
INSERT INTO INFRA.CONTACTOS (ID_USUARIO, TIPO, NOMBRE, APELLIDO_PATERNO, APELLIDO_MATERNO, CORREO_ELECTRONICO, B_PRINCIPAL, TELEFONO) VALUES ( (SELECT ID_USUARIO FROM INFRA.USUARIOS WHERE CVE_USUARIO = 'cbecerra@arsysmx.com'), 'Ventas', 'Claudia', 'Becerra', '', 'cbecerra@arsysmx.com', true, '53486494');
INSERT INTO INFRA.REL_PYMES_TRACTORAS ( ID_USUARIO_TRACTORA, ID_USUARIO_PYME) VALUES( (SELECT ID_USUARIO FROM INFRA.TRACTORAS WHERE EMPRESA = 'Comex'), (SELECT ID_USUARIO FROM INFRA.USUARIOS WHERE CVE_USUARIO = 'cbecerra@arsysmx.com') );
INSERT INTO INFRA.CLIENTES ( ID_USUARIO, CLIENTE) VALUES( (SELECT ID_USUARIO FROM INFRA.USUARIOS WHERE CVE_USUARIO = 'cbecerra@arsysmx.com'), 'Comex' );

--Saitel.
INSERT INTO INFRA.USUARIOS ( CVE_USUARIO, PASSWORD ) VALUES( 'vgoni@saitel.com.mx', 'ccmx1234' );
INSERT INTO INFRA.REL_ROLES ( CVE_ROL, CVE_USUARIO ) VALUES( 'PyME', 'vgoni@saitel.com.mx' );
INSERT INTO INFRA.PYMES ( ID_USUARIO, ID_USUARIO_PADRE, CORREO_ELECTRONICO, NOMBRE_COMERCIAL ) VALUES( (SELECT ID_USUARIO FROM INFRA.USUARIOS WHERE CVE_USUARIO = 'vgoni@saitel.com.mx'), '1', 'vgoni@saitel.com.mx', 'Saitel.' );
INSERT INTO INFRA.CONTACTOS (ID_USUARIO, TIPO, NOMBRE, APELLIDO_PATERNO, APELLIDO_MATERNO, CORREO_ELECTRONICO, B_PRINCIPAL, TELEFONO) VALUES ( (SELECT ID_USUARIO FROM INFRA.USUARIOS WHERE CVE_USUARIO = 'vgoni@saitel.com.mx'), 'Ventas', 'Víctor', 'Goñi', '', 'vgoni@saitel.com.mx', true, '53593922');
INSERT INTO INFRA.REL_PYMES_TRACTORAS ( ID_USUARIO_TRACTORA, ID_USUARIO_PYME) VALUES( (SELECT ID_USUARIO FROM INFRA.TRACTORAS WHERE EMPRESA = 'Comex'), (SELECT ID_USUARIO FROM INFRA.USUARIOS WHERE CVE_USUARIO = 'vgoni@saitel.com.mx') );
INSERT INTO INFRA.CLIENTES ( ID_USUARIO, CLIENTE) VALUES( (SELECT ID_USUARIO FROM INFRA.USUARIOS WHERE CVE_USUARIO = 'vgoni@saitel.com.mx'), 'Comex' );

--Vendtech.
INSERT INTO INFRA.USUARIOS ( CVE_USUARIO, PASSWORD ) VALUES( 'lreyes@vendtech.mx', 'ccmx1234' );
INSERT INTO INFRA.REL_ROLES ( CVE_ROL, CVE_USUARIO ) VALUES( 'PyME', 'lreyes@vendtech.mx' );
INSERT INTO INFRA.PYMES ( ID_USUARIO, ID_USUARIO_PADRE, CORREO_ELECTRONICO, NOMBRE_COMERCIAL ) VALUES( (SELECT ID_USUARIO FROM INFRA.USUARIOS WHERE CVE_USUARIO = 'lreyes@vendtech.mx'), '1', 'lreyes@vendtech.mx', 'Vendtech.' );
INSERT INTO INFRA.CONTACTOS (ID_USUARIO, TIPO, NOMBRE, APELLIDO_PATERNO, APELLIDO_MATERNO, CORREO_ELECTRONICO, B_PRINCIPAL, TELEFONO) VALUES ( (SELECT ID_USUARIO FROM INFRA.USUARIOS WHERE CVE_USUARIO = 'lreyes@vendtech.mx'), 'Ventas', 'Lirio', 'Reyes', 'Reyes', 'lreyes@vendtech.mx', true, '52655282');
INSERT INTO INFRA.REL_PYMES_TRACTORAS ( ID_USUARIO_TRACTORA, ID_USUARIO_PYME) VALUES( (SELECT ID_USUARIO FROM INFRA.TRACTORAS WHERE EMPRESA = 'Comex'), (SELECT ID_USUARIO FROM INFRA.USUARIOS WHERE CVE_USUARIO = 'lreyes@vendtech.mx') );
INSERT INTO INFRA.CLIENTES ( ID_USUARIO, CLIENTE) VALUES( (SELECT ID_USUARIO FROM INFRA.USUARIOS WHERE CVE_USUARIO = 'lreyes@vendtech.mx'), 'Comex' );

--Paherna Imprenta & Offset.
INSERT INTO INFRA.USUARIOS ( CVE_USUARIO, PASSWORD ) VALUES( 'pahernasa@gmail.com', 'ccmx1234' );
INSERT INTO INFRA.REL_ROLES ( CVE_ROL, CVE_USUARIO ) VALUES( 'PyME', 'pahernasa@gmail.com' );
INSERT INTO INFRA.PYMES ( ID_USUARIO, ID_USUARIO_PADRE, CORREO_ELECTRONICO, NOMBRE_COMERCIAL ) VALUES( (SELECT ID_USUARIO FROM INFRA.USUARIOS WHERE CVE_USUARIO = 'pahernasa@gmail.com'), '1', 'pahernasa@gmail.com', 'Paherna Imprenta & Offset.' );
INSERT INTO INFRA.CONTACTOS (ID_USUARIO, TIPO, NOMBRE, APELLIDO_PATERNO, APELLIDO_MATERNO, CORREO_ELECTRONICO, B_PRINCIPAL, TELEFONO) VALUES ( (SELECT ID_USUARIO FROM INFRA.USUARIOS WHERE CVE_USUARIO = 'pahernasa@gmail.com'), 'Ventas', 'Rocio', 'Cortes', '', 'pahernasa@gmail.com', true, '57745492');
INSERT INTO INFRA.REL_PYMES_TRACTORAS ( ID_USUARIO_TRACTORA, ID_USUARIO_PYME) VALUES( (SELECT ID_USUARIO FROM INFRA.TRACTORAS WHERE EMPRESA = 'Comex'), (SELECT ID_USUARIO FROM INFRA.USUARIOS WHERE CVE_USUARIO = 'pahernasa@gmail.com') );
INSERT INTO INFRA.CLIENTES ( ID_USUARIO, CLIENTE) VALUES( (SELECT ID_USUARIO FROM INFRA.USUARIOS WHERE CVE_USUARIO = 'pahernasa@gmail.com'), 'Comex' );

--Grupo Langar Impresores.
INSERT INTO INFRA.USUARIOS ( CVE_USUARIO, PASSWORD ) VALUES( 'igsa@prodigy.net.mx', 'ccmx1234' );
INSERT INTO INFRA.REL_ROLES ( CVE_ROL, CVE_USUARIO ) VALUES( 'PyME', 'igsa@prodigy.net.mx' );
INSERT INTO INFRA.PYMES ( ID_USUARIO, ID_USUARIO_PADRE, CORREO_ELECTRONICO, NOMBRE_COMERCIAL ) VALUES( (SELECT ID_USUARIO FROM INFRA.USUARIOS WHERE CVE_USUARIO = 'igsa@prodigy.net.mx'), '1', 'igsa@prodigy.net.mx', 'Grupo Langar Impresores.' );
INSERT INTO INFRA.CONTACTOS (ID_USUARIO, TIPO, NOMBRE, APELLIDO_PATERNO, APELLIDO_MATERNO, CORREO_ELECTRONICO, B_PRINCIPAL, TELEFONO) VALUES ( (SELECT ID_USUARIO FROM INFRA.USUARIOS WHERE CVE_USUARIO = 'igsa@prodigy.net.mx'), 'Ventas', 'Guillermo', 'Martinez', '', 'igsa@prodigy.net.mx', true, '19918872');
INSERT INTO INFRA.REL_PYMES_TRACTORAS ( ID_USUARIO_TRACTORA, ID_USUARIO_PYME) VALUES( (SELECT ID_USUARIO FROM INFRA.TRACTORAS WHERE EMPRESA = 'Comex'), (SELECT ID_USUARIO FROM INFRA.USUARIOS WHERE CVE_USUARIO = 'igsa@prodigy.net.mx') );
INSERT INTO INFRA.CLIENTES ( ID_USUARIO, CLIENTE) VALUES( (SELECT ID_USUARIO FROM INFRA.USUARIOS WHERE CVE_USUARIO = 'igsa@prodigy.net.mx'), 'Comex' );

--Sistemas de encuadernación e impresión.
INSERT INTO INFRA.USUARIOS ( CVE_USUARIO, PASSWORD ) VALUES( 'susana.guzman@sisgraf.com.mx', 'ccmx1234' );
INSERT INTO INFRA.REL_ROLES ( CVE_ROL, CVE_USUARIO ) VALUES( 'PyME', 'susana.guzman@sisgraf.com.mx' );
INSERT INTO INFRA.PYMES ( ID_USUARIO, ID_USUARIO_PADRE, CORREO_ELECTRONICO, NOMBRE_COMERCIAL ) VALUES( (SELECT ID_USUARIO FROM INFRA.USUARIOS WHERE CVE_USUARIO = 'susana.guzman@sisgraf.com.mx'), '1', 'susana.guzman@sisgraf.com.mx', 'Sistemas de encuadernación e impresión.' );
INSERT INTO INFRA.CONTACTOS (ID_USUARIO, TIPO, NOMBRE, APELLIDO_PATERNO, APELLIDO_MATERNO, CORREO_ELECTRONICO, B_PRINCIPAL, TELEFONO) VALUES ( (SELECT ID_USUARIO FROM INFRA.USUARIOS WHERE CVE_USUARIO = 'susana.guzman@sisgraf.com.mx'), 'Ventas', 'Susana', 'Guzman', '', 'susana.guzman@sisgraf.com.mx', true, '58725688');
INSERT INTO INFRA.REL_PYMES_TRACTORAS ( ID_USUARIO_TRACTORA, ID_USUARIO_PYME) VALUES( (SELECT ID_USUARIO FROM INFRA.TRACTORAS WHERE EMPRESA = 'Comex'), (SELECT ID_USUARIO FROM INFRA.USUARIOS WHERE CVE_USUARIO = 'susana.guzman@sisgraf.com.mx') );
INSERT INTO INFRA.CLIENTES ( ID_USUARIO, CLIENTE) VALUES( (SELECT ID_USUARIO FROM INFRA.USUARIOS WHERE CVE_USUARIO = 'susana.guzman@sisgraf.com.mx'), 'Comex' );

--Armando Díaz R. (Studio 71)
INSERT INTO INFRA.USUARIOS ( CVE_USUARIO, PASSWORD ) VALUES( 'jlgamero@studio71.com.mx', 'ccmx1234' );
INSERT INTO INFRA.REL_ROLES ( CVE_ROL, CVE_USUARIO ) VALUES( 'PyME', 'jlgamero@studio71.com.mx' );
INSERT INTO INFRA.PYMES ( ID_USUARIO, ID_USUARIO_PADRE, CORREO_ELECTRONICO, NOMBRE_COMERCIAL ) VALUES( (SELECT ID_USUARIO FROM INFRA.USUARIOS WHERE CVE_USUARIO = 'jlgamero@studio71.com.mx'), '1', 'jlgamero@studio71.com.mx', 'Armando Díaz R. (Studio 71)' );
INSERT INTO INFRA.CONTACTOS (ID_USUARIO, TIPO, NOMBRE, APELLIDO_PATERNO, APELLIDO_MATERNO, CORREO_ELECTRONICO, B_PRINCIPAL, TELEFONO) VALUES ( (SELECT ID_USUARIO FROM INFRA.USUARIOS WHERE CVE_USUARIO = 'jlgamero@studio71.com.mx'), 'Ventas', 'Jose Luis', 'Gamero', '', 'jlgamero@studio71.com.mx', true, '53691649');
INSERT INTO INFRA.REL_PYMES_TRACTORAS ( ID_USUARIO_TRACTORA, ID_USUARIO_PYME) VALUES( (SELECT ID_USUARIO FROM INFRA.TRACTORAS WHERE EMPRESA = 'Comex'), (SELECT ID_USUARIO FROM INFRA.USUARIOS WHERE CVE_USUARIO = 'jlgamero@studio71.com.mx') );
INSERT INTO INFRA.CLIENTES ( ID_USUARIO, CLIENTE) VALUES( (SELECT ID_USUARIO FROM INFRA.USUARIOS WHERE CVE_USUARIO = 'jlgamero@studio71.com.mx'), 'Comex' );

--María Antonieta Ramírez Payan.
INSERT INTO INFRA.USUARIOS ( CVE_USUARIO, PASSWORD ) VALUES( 'siuljuan33@hotmail.com', 'ccmx1234' );
INSERT INTO INFRA.REL_ROLES ( CVE_ROL, CVE_USUARIO ) VALUES( 'PyME', 'siuljuan33@hotmail.com' );
INSERT INTO INFRA.PYMES ( ID_USUARIO, ID_USUARIO_PADRE, CORREO_ELECTRONICO, NOMBRE_COMERCIAL ) VALUES( (SELECT ID_USUARIO FROM INFRA.USUARIOS WHERE CVE_USUARIO = 'siuljuan33@hotmail.com'), '1', 'siuljuan33@hotmail.com', 'Maria Antonieta Ramirez Payan.' );
INSERT INTO INFRA.CONTACTOS (ID_USUARIO, TIPO, NOMBRE, APELLIDO_PATERNO, APELLIDO_MATERNO, CORREO_ELECTRONICO, B_PRINCIPAL, TELEFONO) VALUES ( (SELECT ID_USUARIO FROM INFRA.USUARIOS WHERE CVE_USUARIO = 'siuljuan33@hotmail.com'), 'Ventas', 'Juan', 'Romero', '', 'siuljuan33@hotmail.com', true, '58741359');
INSERT INTO INFRA.REL_PYMES_TRACTORAS ( ID_USUARIO_TRACTORA, ID_USUARIO_PYME) VALUES( (SELECT ID_USUARIO FROM INFRA.TRACTORAS WHERE EMPRESA = 'Comex'), (SELECT ID_USUARIO FROM INFRA.USUARIOS WHERE CVE_USUARIO = 'siuljuan33@hotmail.com') );
INSERT INTO INFRA.CLIENTES ( ID_USUARIO, CLIENTE) VALUES( (SELECT ID_USUARIO FROM INFRA.USUARIOS WHERE CVE_USUARIO = 'siuljuan33@hotmail.com'), 'Comex' );

--Organización Papelera Tauro, S.A. de C.V.
INSERT INTO INFRA.USUARIOS ( CVE_USUARIO, PASSWORD ) VALUES( 'csanchez@optauro.com.mx', 'ccmx1234' );
INSERT INTO INFRA.REL_ROLES ( CVE_ROL, CVE_USUARIO ) VALUES( 'PyME', 'csanchez@optauro.com.mx' );
INSERT INTO INFRA.PYMES ( ID_USUARIO, ID_USUARIO_PADRE, CORREO_ELECTRONICO, NOMBRE_COMERCIAL ) VALUES( (SELECT ID_USUARIO FROM INFRA.USUARIOS WHERE CVE_USUARIO = 'csanchez@optauro.com.mx'), '1', 'csanchez@optauro.com.mx', 'Organización Papelera Tauro, S.A. de C.V.' );
INSERT INTO INFRA.CONTACTOS (ID_USUARIO, TIPO, NOMBRE, APELLIDO_PATERNO, APELLIDO_MATERNO, CORREO_ELECTRONICO, B_PRINCIPAL, TELEFONO) VALUES ( (SELECT ID_USUARIO FROM INFRA.USUARIOS WHERE CVE_USUARIO = 'csanchez@optauro.com.mx'), 'Ventas', 'Cecilia', 'Sanchez', '', 'csanchez@optauro.com.mx', true, '10834545');
INSERT INTO INFRA.REL_PYMES_TRACTORAS ( ID_USUARIO_TRACTORA, ID_USUARIO_PYME) VALUES( (SELECT ID_USUARIO FROM INFRA.TRACTORAS WHERE EMPRESA = 'Comex'), (SELECT ID_USUARIO FROM INFRA.USUARIOS WHERE CVE_USUARIO = 'csanchez@optauro.com.mx') );
INSERT INTO INFRA.CLIENTES ( ID_USUARIO, CLIENTE) VALUES( (SELECT ID_USUARIO FROM INFRA.USUARIOS WHERE CVE_USUARIO = 'csanchez@optauro.com.mx'), 'Comex' );

--Ernesto Rodríguez Rodríguez.
INSERT INTO INFRA.USUARIOS ( CVE_USUARIO, PASSWORD ) VALUES( 'magaro55@hotmail.com', 'ccmx1234' );
INSERT INTO INFRA.REL_ROLES ( CVE_ROL, CVE_USUARIO ) VALUES( 'PyME', 'magaro55@hotmail.com' );
INSERT INTO INFRA.PYMES ( ID_USUARIO, ID_USUARIO_PADRE, CORREO_ELECTRONICO, NOMBRE_COMERCIAL ) VALUES( (SELECT ID_USUARIO FROM INFRA.USUARIOS WHERE CVE_USUARIO = 'magaro55@hotmail.com'), '1', 'magaro55@hotmail.com', 'Ernesto Rodrguez Rodriguez.' );
INSERT INTO INFRA.CONTACTOS (ID_USUARIO, TIPO, NOMBRE, APELLIDO_PATERNO, APELLIDO_MATERNO, CORREO_ELECTRONICO, B_PRINCIPAL, TELEFONO) VALUES ( (SELECT ID_USUARIO FROM INFRA.USUARIOS WHERE CVE_USUARIO = 'magaro55@hotmail.com'), 'Ventas', 'Ernesto', 'Rodriguez', 'Rodriguez', 'magaro55@hotmail.com', true, '5959222077');
INSERT INTO INFRA.REL_PYMES_TRACTORAS ( ID_USUARIO_TRACTORA, ID_USUARIO_PYME) VALUES( (SELECT ID_USUARIO FROM INFRA.TRACTORAS WHERE EMPRESA = 'Comex'), (SELECT ID_USUARIO FROM INFRA.USUARIOS WHERE CVE_USUARIO = 'magaro55@hotmail.com') );
INSERT INTO INFRA.CLIENTES ( ID_USUARIO, CLIENTE) VALUES( (SELECT ID_USUARIO FROM INFRA.USUARIOS WHERE CVE_USUARIO = 'magaro55@hotmail.com'), 'Comex' );

--Theoprint.
INSERT INTO INFRA.USUARIOS ( CVE_USUARIO, PASSWORD ) VALUES( 'abadi@theoprint.com', 'ccmx1234' );
INSERT INTO INFRA.REL_ROLES ( CVE_ROL, CVE_USUARIO ) VALUES( 'PyME', 'abadi@theoprint.com' );
INSERT INTO INFRA.PYMES ( ID_USUARIO, ID_USUARIO_PADRE, CORREO_ELECTRONICO, NOMBRE_COMERCIAL ) VALUES( (SELECT ID_USUARIO FROM INFRA.USUARIOS WHERE CVE_USUARIO = 'abadi@theoprint.com'), '1', 'abadi@theoprint.com', 'Theoprint.' );
INSERT INTO INFRA.CONTACTOS (ID_USUARIO, TIPO, NOMBRE, APELLIDO_PATERNO, APELLIDO_MATERNO, CORREO_ELECTRONICO, B_PRINCIPAL, TELEFONO) VALUES ( (SELECT ID_USUARIO FROM INFRA.USUARIOS WHERE CVE_USUARIO = 'abadi@theoprint.com'), 'Ventas', 'Abraham', 'Abadi', '', 'abadi@theoprint.com', true, '52943047');
INSERT INTO INFRA.REL_PYMES_TRACTORAS ( ID_USUARIO_TRACTORA, ID_USUARIO_PYME) VALUES( (SELECT ID_USUARIO FROM INFRA.TRACTORAS WHERE EMPRESA = 'Comex'), (SELECT ID_USUARIO FROM INFRA.USUARIOS WHERE CVE_USUARIO = 'abadi@theoprint.com') );
INSERT INTO INFRA.CLIENTES ( ID_USUARIO, CLIENTE) VALUES( (SELECT ID_USUARIO FROM INFRA.USUARIOS WHERE CVE_USUARIO = 'abadi@theoprint.com'), 'Comex' );

--Zapatería El Puerto, S.A. de C.V.
INSERT INTO INFRA.USUARIOS ( CVE_USUARIO, PASSWORD ) VALUES( 'ventas@zapateriaselpuerto.com', 'ccmx1234' );
INSERT INTO INFRA.REL_ROLES ( CVE_ROL, CVE_USUARIO ) VALUES( 'PyME', 'ventas@zapateriaselpuerto.com' );
INSERT INTO INFRA.PYMES ( ID_USUARIO, ID_USUARIO_PADRE, CORREO_ELECTRONICO, NOMBRE_COMERCIAL ) VALUES( (SELECT ID_USUARIO FROM INFRA.USUARIOS WHERE CVE_USUARIO = 'ventas@zapateriaselpuerto.com'), '1', 'ventas@zapateriaselpuerto.com', 'Zapatería El Puerto, S.A. de C.V.' );
INSERT INTO INFRA.CONTACTOS (ID_USUARIO, TIPO, NOMBRE, APELLIDO_PATERNO, APELLIDO_MATERNO, CORREO_ELECTRONICO, B_PRINCIPAL, TELEFONO) VALUES ( (SELECT ID_USUARIO FROM INFRA.USUARIOS WHERE CVE_USUARIO = 'ventas@zapateriaselpuerto.com'), 'Ventas', 'Rene', 'Aguilar', '', 'ventas@zapateriaselpuerto.com', true, '16692004');
INSERT INTO INFRA.REL_PYMES_TRACTORAS ( ID_USUARIO_TRACTORA, ID_USUARIO_PYME) VALUES( (SELECT ID_USUARIO FROM INFRA.TRACTORAS WHERE EMPRESA = 'Comex'), (SELECT ID_USUARIO FROM INFRA.USUARIOS WHERE CVE_USUARIO = 'ventas@zapateriaselpuerto.com') );
INSERT INTO INFRA.CLIENTES ( ID_USUARIO, CLIENTE) VALUES( (SELECT ID_USUARIO FROM INFRA.USUARIOS WHERE CVE_USUARIO = 'ventas@zapateriaselpuerto.com'), 'Comex' );


--Cryoinfra

--MASTERTEC, S.A. DE C.V.
INSERT INTO INFRA.USUARIOS ( CVE_USUARIO, PASSWORD ) VALUES( 'ventas@mastertecmx.com', 'ccmx1234' );
INSERT INTO INFRA.REL_ROLES ( CVE_ROL, CVE_USUARIO ) VALUES( 'PyME', 'ventas@mastertecmx.com' );
INSERT INTO INFRA.PYMES ( ID_USUARIO, ID_USUARIO_PADRE, CORREO_ELECTRONICO, NOMBRE_COMERCIAL ) VALUES( (SELECT ID_USUARIO FROM INFRA.USUARIOS WHERE CVE_USUARIO = 'ventas@mastertecmx.com'), '1', 'ventas@mastertecmx.com', 'MASTERTEC, S.A. DE C.V.' );
INSERT INTO INFRA.CONTACTOS (ID_USUARIO, TIPO, NOMBRE, APELLIDO_PATERNO, APELLIDO_MATERNO, CORREO_ELECTRONICO, B_PRINCIPAL, TELEFONO) VALUES ( (SELECT ID_USUARIO FROM INFRA.USUARIOS WHERE CVE_USUARIO = 'ventas@mastertecmx.com'), 'Ventas', 'Miguel Angel', 'Rodriguez', '', 'ventas@mastertecmx.com', true, '57460600');
INSERT INTO INFRA.REL_PYMES_TRACTORAS ( ID_USUARIO_TRACTORA, ID_USUARIO_PYME) VALUES( (SELECT ID_USUARIO FROM INFRA.TRACTORAS WHERE EMPRESA = 'Cryoinfra'), (SELECT ID_USUARIO FROM INFRA.USUARIOS WHERE CVE_USUARIO = 'ventas@mastertecmx.com') );
INSERT INTO INFRA.CLIENTES ( ID_USUARIO, CLIENTE) VALUES( (SELECT ID_USUARIO FROM INFRA.USUARIOS WHERE CVE_USUARIO = 'ventas@mastertecmx.com'), 'Cryoinfra' );

--FERRETERA LUMADAN, S.A. DE C.V.
INSERT INTO INFRA.USUARIOS ( CVE_USUARIO, PASSWORD ) VALUES( 'ferreteralumandan1@hotmail.com', 'ccmx1234' );
INSERT INTO INFRA.REL_ROLES ( CVE_ROL, CVE_USUARIO ) VALUES( 'PyME', 'ferreteralumandan1@hotmail.com' );
INSERT INTO INFRA.PYMES ( ID_USUARIO, ID_USUARIO_PADRE, CORREO_ELECTRONICO, NOMBRE_COMERCIAL ) VALUES( (SELECT ID_USUARIO FROM INFRA.USUARIOS WHERE CVE_USUARIO = 'ferreteralumandan1@hotmail.com'), '1', 'ferreteralumandan1@hotmail.com', 'FERRETERA LUMADAN, S.A. DE C.V.' );
INSERT INTO INFRA.CONTACTOS (ID_USUARIO, TIPO, NOMBRE, APELLIDO_PATERNO, APELLIDO_MATERNO, CORREO_ELECTRONICO, B_PRINCIPAL, TELEFONO) VALUES ( (SELECT ID_USUARIO FROM INFRA.USUARIOS WHERE CVE_USUARIO = 'ferreteralumandan1@hotmail.com'), 'Ventas', 'Mario Cenorio', 'Gonzalez', 'Martinez', 'ferreteralumandan1@hotmail.com', true, '58872589');
INSERT INTO INFRA.REL_PYMES_TRACTORAS ( ID_USUARIO_TRACTORA, ID_USUARIO_PYME) VALUES( (SELECT ID_USUARIO FROM INFRA.TRACTORAS WHERE EMPRESA = 'Cryoinfra'), (SELECT ID_USUARIO FROM INFRA.USUARIOS WHERE CVE_USUARIO = 'ferreteralumandan1@hotmail.com') );
INSERT INTO INFRA.CLIENTES ( ID_USUARIO, CLIENTE) VALUES( (SELECT ID_USUARIO FROM INFRA.USUARIOS WHERE CVE_USUARIO = 'ferreteralumandan1@hotmail.com'), 'Cryoinfra' );

--REPRESENTACION INDUSTRIAL DE VALVULAS, S.A. DE C.V.
INSERT INTO INFRA.USUARIOS ( CVE_USUARIO, PASSWORD ) VALUES( 'rrios_rivsa@prodigy.net.mx', 'ccmx1234' );
INSERT INTO INFRA.REL_ROLES ( CVE_ROL, CVE_USUARIO ) VALUES( 'PyME', 'rrios_rivsa@prodigy.net.mx' );
INSERT INTO INFRA.PYMES ( ID_USUARIO, ID_USUARIO_PADRE, CORREO_ELECTRONICO, NOMBRE_COMERCIAL ) VALUES( (SELECT ID_USUARIO FROM INFRA.USUARIOS WHERE CVE_USUARIO = 'rrios_rivsa@prodigy.net.mx'), '1', 'rrios_rivsa@prodigy.net.mx', 'REPRESENTACION INDUSTRIAL DE VALVULAS, S.A. DE C.V.' );
INSERT INTO INFRA.CONTACTOS (ID_USUARIO, TIPO, NOMBRE, APELLIDO_PATERNO, APELLIDO_MATERNO, CORREO_ELECTRONICO, B_PRINCIPAL, TELEFONO) VALUES ( (SELECT ID_USUARIO FROM INFRA.USUARIOS WHERE CVE_USUARIO = 'rrios_rivsa@prodigy.net.mx'), 'Ventas', 'Roberto', 'Rios', '', 'rrios_rivsa@prodigy.net.mx', true, '58845735');
INSERT INTO INFRA.REL_PYMES_TRACTORAS ( ID_USUARIO_TRACTORA, ID_USUARIO_PYME) VALUES( (SELECT ID_USUARIO FROM INFRA.TRACTORAS WHERE EMPRESA = 'Cryoinfra'), (SELECT ID_USUARIO FROM INFRA.USUARIOS WHERE CVE_USUARIO = 'rrios_rivsa@prodigy.net.mx') );
INSERT INTO INFRA.CLIENTES ( ID_USUARIO, CLIENTE) VALUES( (SELECT ID_USUARIO FROM INFRA.USUARIOS WHERE CVE_USUARIO = 'rrios_rivsa@prodigy.net.mx'), 'Cryoinfra' );

--IMPULSORA IBEROAMERICANA DE DESARROLLO INDUSTRIAL, S. DE R.L. DE C.V.
INSERT INTO INFRA.USUARIOS ( CVE_USUARIO, PASSWORD ) VALUES( 'jdlopez@impulsora.me', 'ccmx1234' );
INSERT INTO INFRA.REL_ROLES ( CVE_ROL, CVE_USUARIO ) VALUES( 'PyME', 'jdlopez@impulsora.me' );
INSERT INTO INFRA.PYMES ( ID_USUARIO, ID_USUARIO_PADRE, CORREO_ELECTRONICO, NOMBRE_COMERCIAL ) VALUES( (SELECT ID_USUARIO FROM INFRA.USUARIOS WHERE CVE_USUARIO = 'jdlopez@impulsora.me'), '1', 'jdlopez@impulsora.me', 'IMPULSORA IBEROAMERICANA DE DESARROLLO INDUSTRIAL, S. DE R.L. DE C.V.' );
INSERT INTO INFRA.CONTACTOS (ID_USUARIO, TIPO, NOMBRE, APELLIDO_PATERNO, APELLIDO_MATERNO, CORREO_ELECTRONICO, B_PRINCIPAL, TELEFONO) VALUES ( (SELECT ID_USUARIO FROM INFRA.USUARIOS WHERE CVE_USUARIO = 'jdlopez@impulsora.me'), 'Ventas', 'David', 'Lopez', '', 'jdlopez@impulsora.me', true, '57889091');
INSERT INTO INFRA.REL_PYMES_TRACTORAS ( ID_USUARIO_TRACTORA, ID_USUARIO_PYME) VALUES( (SELECT ID_USUARIO FROM INFRA.TRACTORAS WHERE EMPRESA = 'Cryoinfra'), (SELECT ID_USUARIO FROM INFRA.USUARIOS WHERE CVE_USUARIO = 'jdlopez@impulsora.me') );
INSERT INTO INFRA.CLIENTES ( ID_USUARIO, CLIENTE) VALUES( (SELECT ID_USUARIO FROM INFRA.USUARIOS WHERE CVE_USUARIO = 'jdlopez@impulsora.me'), 'Cryoinfra' );

--TECNOLOGIA EN BOMBEO E INGENIERIA, S.A. DE C.V.
INSERT INTO INFRA.USUARIOS ( CVE_USUARIO, PASSWORD ) VALUES( 'Aldo.ramirez@tbingenieria.com.mx', 'ccmx1234' );
INSERT INTO INFRA.REL_ROLES ( CVE_ROL, CVE_USUARIO ) VALUES( 'PyME', 'Aldo.ramirez@tbingenieria.com.mx' );
INSERT INTO INFRA.PYMES ( ID_USUARIO, ID_USUARIO_PADRE, CORREO_ELECTRONICO, NOMBRE_COMERCIAL ) VALUES( (SELECT ID_USUARIO FROM INFRA.USUARIOS WHERE CVE_USUARIO = 'Aldo.ramirez@tbingenieria.com.mx'), '1', 'Aldo.ramirez@tbingenieria.com.mx', 'TECNOLOGIA EN BOMBEO E INGENIERIA, S.A. DE C.V.' );
INSERT INTO INFRA.CONTACTOS (ID_USUARIO, TIPO, NOMBRE, APELLIDO_PATERNO, APELLIDO_MATERNO, CORREO_ELECTRONICO, B_PRINCIPAL, TELEFONO) VALUES ( (SELECT ID_USUARIO FROM INFRA.USUARIOS WHERE CVE_USUARIO = 'Aldo.ramirez@tbingenieria.com.mx'), 'Ventas', 'Aldo', 'Ramirez', '', 'Aldo.ramirez@tbingenieria.com.mx', true, '58610569');
INSERT INTO INFRA.REL_PYMES_TRACTORAS ( ID_USUARIO_TRACTORA, ID_USUARIO_PYME) VALUES( (SELECT ID_USUARIO FROM INFRA.TRACTORAS WHERE EMPRESA = 'Cryoinfra'), (SELECT ID_USUARIO FROM INFRA.USUARIOS WHERE CVE_USUARIO = 'Aldo.ramirez@tbingenieria.com.mx') );
INSERT INTO INFRA.CLIENTES ( ID_USUARIO, CLIENTE) VALUES( (SELECT ID_USUARIO FROM INFRA.USUARIOS WHERE CVE_USUARIO = 'Aldo.ramirez@tbingenieria.com.mx'), 'Cryoinfra' );

--Mangueras e Instrumentos, S.A. de C.V.
INSERT INTO INFRA.USUARIOS ( CVE_USUARIO, PASSWORD ) VALUES( 'maninsa@prodigy.net.mx', 'ccmx1234' );
INSERT INTO INFRA.REL_ROLES ( CVE_ROL, CVE_USUARIO ) VALUES( 'PyME', 'maninsa@prodigy.net.mx' );
INSERT INTO INFRA.PYMES ( ID_USUARIO, ID_USUARIO_PADRE, CORREO_ELECTRONICO, NOMBRE_COMERCIAL ) VALUES( (SELECT ID_USUARIO FROM INFRA.USUARIOS WHERE CVE_USUARIO = 'maninsa@prodigy.net.mx'), '1', 'maninsa@prodigy.net.mx', 'Mangueras e Instrumentos, S.A. de C.V.' );
INSERT INTO INFRA.CONTACTOS (ID_USUARIO, TIPO, NOMBRE, APELLIDO_PATERNO, APELLIDO_MATERNO, CORREO_ELECTRONICO, B_PRINCIPAL, TELEFONO) VALUES ( (SELECT ID_USUARIO FROM INFRA.USUARIOS WHERE CVE_USUARIO = 'maninsa@prodigy.net.mx'), 'Ventas', 'Fermin', 'Figueroa', 'Ramirez', 'maninsa@prodigy.net.mx', true, '53656439');
INSERT INTO INFRA.REL_PYMES_TRACTORAS ( ID_USUARIO_TRACTORA, ID_USUARIO_PYME) VALUES( (SELECT ID_USUARIO FROM INFRA.TRACTORAS WHERE EMPRESA = 'Cryoinfra'), (SELECT ID_USUARIO FROM INFRA.USUARIOS WHERE CVE_USUARIO = 'maninsa@prodigy.net.mx') );
INSERT INTO INFRA.CLIENTES ( ID_USUARIO, CLIENTE) VALUES( (SELECT ID_USUARIO FROM INFRA.USUARIOS WHERE CVE_USUARIO = 'maninsa@prodigy.net.mx'), 'Cryoinfra' );

--Rubén Rebollar Martínez. / Mirebo.
INSERT INTO INFRA.USUARIOS ( CVE_USUARIO, PASSWORD ) VALUES( 'info@mirebo.com.mx', 'ccmx1234' );
INSERT INTO INFRA.REL_ROLES ( CVE_ROL, CVE_USUARIO ) VALUES( 'PyME', 'info@mirebo.com.mx' );
INSERT INTO INFRA.PYMES ( ID_USUARIO, ID_USUARIO_PADRE, CORREO_ELECTRONICO, NOMBRE_COMERCIAL ) VALUES( (SELECT ID_USUARIO FROM INFRA.USUARIOS WHERE CVE_USUARIO = 'info@mirebo.com.mx'), '1', 'info@mirebo.com.mx', 'Rubén Rebollar Martínez. / Mirebo.' );
INSERT INTO INFRA.CONTACTOS (ID_USUARIO, TIPO, NOMBRE, APELLIDO_PATERNO, APELLIDO_MATERNO, CORREO_ELECTRONICO, B_PRINCIPAL, TELEFONO) VALUES ( (SELECT ID_USUARIO FROM INFRA.USUARIOS WHERE CVE_USUARIO = 'info@mirebo.com.mx'), 'Ventas', 'Ruben', 'Rebollar', 'Martnez', 'info@mirebo.com.mx', true, '57023795');
INSERT INTO INFRA.REL_PYMES_TRACTORAS ( ID_USUARIO_TRACTORA, ID_USUARIO_PYME) VALUES( (SELECT ID_USUARIO FROM INFRA.TRACTORAS WHERE EMPRESA = 'Cryoinfra'), (SELECT ID_USUARIO FROM INFRA.USUARIOS WHERE CVE_USUARIO = 'info@mirebo.com.mx') );
INSERT INTO INFRA.CLIENTES ( ID_USUARIO, CLIENTE) VALUES( (SELECT ID_USUARIO FROM INFRA.USUARIOS WHERE CVE_USUARIO = 'info@mirebo.com.mx'), 'Cryoinfra' );

--Proyectos de optimización y sistemas automáticos S.A. de C.V. / PROPYSA
INSERT INTO INFRA.USUARIOS ( CVE_USUARIO, PASSWORD ) VALUES( 'gregorio.sanchez@propysa.com', 'ccmx1234' );
INSERT INTO INFRA.REL_ROLES ( CVE_ROL, CVE_USUARIO ) VALUES( 'PyME', 'gregorio.sanchez@propysa.com' );
INSERT INTO INFRA.PYMES ( ID_USUARIO, ID_USUARIO_PADRE, CORREO_ELECTRONICO, NOMBRE_COMERCIAL ) VALUES( (SELECT ID_USUARIO FROM INFRA.USUARIOS WHERE CVE_USUARIO = 'gregorio.sanchez@propysa.com'), '1', 'gregorio.sanchez@propysa.com', 'Proyectos de optimización y sistemas automáticos S.A. de C.V. / PROPYSA' );
INSERT INTO INFRA.CONTACTOS (ID_USUARIO, TIPO, NOMBRE, APELLIDO_PATERNO, APELLIDO_MATERNO, CORREO_ELECTRONICO, B_PRINCIPAL, TELEFONO) VALUES ( (SELECT ID_USUARIO FROM INFRA.USUARIOS WHERE CVE_USUARIO = 'gregorio.sanchez@propysa.com'), 'Ventas', 'Gregorio', 'Sanchez', '', 'gregorio.sanchez@propysa.com', true, '55570814');
INSERT INTO INFRA.REL_PYMES_TRACTORAS ( ID_USUARIO_TRACTORA, ID_USUARIO_PYME) VALUES( (SELECT ID_USUARIO FROM INFRA.TRACTORAS WHERE EMPRESA = 'Cryoinfra'), (SELECT ID_USUARIO FROM INFRA.USUARIOS WHERE CVE_USUARIO = 'gregorio.sanchez@propysa.com') );
INSERT INTO INFRA.CLIENTES ( ID_USUARIO, CLIENTE) VALUES( (SELECT ID_USUARIO FROM INFRA.USUARIOS WHERE CVE_USUARIO = 'gregorio.sanchez@propysa.com'), 'Cryoinfra' );

--María Maricela Aguilera Campa/ Xicuazul
INSERT INTO INFRA.USUARIOS ( CVE_USUARIO, PASSWORD ) VALUES( 'hieloxicuazul@hotmail.com', 'ccmx1234' );
INSERT INTO INFRA.REL_ROLES ( CVE_ROL, CVE_USUARIO ) VALUES( 'PyME', 'hieloxicuazul@hotmail.com' );
INSERT INTO INFRA.PYMES ( ID_USUARIO, ID_USUARIO_PADRE, CORREO_ELECTRONICO, NOMBRE_COMERCIAL ) VALUES( (SELECT ID_USUARIO FROM INFRA.USUARIOS WHERE CVE_USUARIO = 'hieloxicuazul@hotmail.com'), '1', 'hieloxicuazul@hotmail.com', 'María Maricela Aguilera Campa/ Xicuazul' );
INSERT INTO INFRA.CONTACTOS (ID_USUARIO, TIPO, NOMBRE, APELLIDO_PATERNO, APELLIDO_MATERNO, CORREO_ELECTRONICO, B_PRINCIPAL, TELEFONO) VALUES ( (SELECT ID_USUARIO FROM INFRA.USUARIOS WHERE CVE_USUARIO = 'hieloxicuazul@hotmail.com'), 'Ventas', 'Ma. Maricela', 'Aguilera', 'Campa', 'hieloxicuazul@hotmail.com', true, '7637375634');
INSERT INTO INFRA.REL_PYMES_TRACTORAS ( ID_USUARIO_TRACTORA, ID_USUARIO_PYME) VALUES( (SELECT ID_USUARIO FROM INFRA.TRACTORAS WHERE EMPRESA = 'Cryoinfra'), (SELECT ID_USUARIO FROM INFRA.USUARIOS WHERE CVE_USUARIO = 'hieloxicuazul@hotmail.com') );
INSERT INTO INFRA.CLIENTES ( ID_USUARIO, CLIENTE) VALUES( (SELECT ID_USUARIO FROM INFRA.USUARIOS WHERE CVE_USUARIO = 'hieloxicuazul@hotmail.com'), 'Cryoinfra' );

--GCS Imagen Empresarial, S.A. de C.V.
INSERT INTO INFRA.USUARIOS ( CVE_USUARIO, PASSWORD ) VALUES( 'imagen_empresarial@yahoo.com.mx', 'ccmx1234' );
INSERT INTO INFRA.REL_ROLES ( CVE_ROL, CVE_USUARIO ) VALUES( 'PyME', 'imagen_empresarial@yahoo.com.mx' );
INSERT INTO INFRA.PYMES ( ID_USUARIO, ID_USUARIO_PADRE, CORREO_ELECTRONICO, NOMBRE_COMERCIAL ) VALUES( (SELECT ID_USUARIO FROM INFRA.USUARIOS WHERE CVE_USUARIO = 'imagen_empresarial@yahoo.com.mx'), '1', 'imagen_empresarial@yahoo.com.mx', 'GCS Imagen Empresarial, S.A. de C.V.' );
INSERT INTO INFRA.CONTACTOS (ID_USUARIO, TIPO, NOMBRE, APELLIDO_PATERNO, APELLIDO_MATERNO, CORREO_ELECTRONICO, B_PRINCIPAL, TELEFONO) VALUES ( (SELECT ID_USUARIO FROM INFRA.USUARIOS WHERE CVE_USUARIO = 'imagen_empresarial@yahoo.com.mx'), 'Ventas', 'Hugo', 'Rojas', 'Chimely', 'imagen_empresarial@yahoo.com.mx', true, '54260164');
INSERT INTO INFRA.REL_PYMES_TRACTORAS ( ID_USUARIO_TRACTORA, ID_USUARIO_PYME) VALUES( (SELECT ID_USUARIO FROM INFRA.TRACTORAS WHERE EMPRESA = 'Cryoinfra'), (SELECT ID_USUARIO FROM INFRA.USUARIOS WHERE CVE_USUARIO = 'imagen_empresarial@yahoo.com.mx') );
INSERT INTO INFRA.CLIENTES ( ID_USUARIO, CLIENTE) VALUES( (SELECT ID_USUARIO FROM INFRA.USUARIOS WHERE CVE_USUARIO = 'imagen_empresarial@yahoo.com.mx'), 'Cryoinfra' );

--CEI de México, S.A. de C.V.
INSERT INTO INFRA.USUARIOS ( CVE_USUARIO, PASSWORD ) VALUES( 'mario@ceidemexico.net', 'ccmx1234' );
INSERT INTO INFRA.REL_ROLES ( CVE_ROL, CVE_USUARIO ) VALUES( 'PyME', 'mario@ceidemexico.net' );
INSERT INTO INFRA.PYMES ( ID_USUARIO, ID_USUARIO_PADRE, CORREO_ELECTRONICO, NOMBRE_COMERCIAL ) VALUES( (SELECT ID_USUARIO FROM INFRA.USUARIOS WHERE CVE_USUARIO = 'mario@ceidemexico.net'), '1', 'mario@ceidemexico.net', 'CEI de México, S.A. de C.V.' );
INSERT INTO INFRA.CONTACTOS (ID_USUARIO, TIPO, NOMBRE, APELLIDO_PATERNO, APELLIDO_MATERNO, CORREO_ELECTRONICO, B_PRINCIPAL, TELEFONO) VALUES ( (SELECT ID_USUARIO FROM INFRA.USUARIOS WHERE CVE_USUARIO = 'mario@ceidemexico.net'), 'Ventas', 'Mario', 'Vences', '', 'mario@ceidemexico.net', true, '55397224');
INSERT INTO INFRA.REL_PYMES_TRACTORAS ( ID_USUARIO_TRACTORA, ID_USUARIO_PYME) VALUES( (SELECT ID_USUARIO FROM INFRA.TRACTORAS WHERE EMPRESA = 'Cryoinfra'), (SELECT ID_USUARIO FROM INFRA.USUARIOS WHERE CVE_USUARIO = 'mario@ceidemexico.net') );
INSERT INTO INFRA.CLIENTES ( ID_USUARIO, CLIENTE) VALUES( (SELECT ID_USUARIO FROM INFRA.USUARIOS WHERE CVE_USUARIO = 'mario@ceidemexico.net'), 'Cryoinfra' );

--Izcaya, S.A. de C.V.
INSERT INTO INFRA.USUARIOS ( CVE_USUARIO, PASSWORD ) VALUES( 'ALEJANDRO_RIVERAC@PRODIGY.NET.MX', 'ccmx1234' );
INSERT INTO INFRA.REL_ROLES ( CVE_ROL, CVE_USUARIO ) VALUES( 'PyME', 'ALEJANDRO_RIVERAC@PRODIGY.NET.MX' );
INSERT INTO INFRA.PYMES ( ID_USUARIO, ID_USUARIO_PADRE, CORREO_ELECTRONICO, NOMBRE_COMERCIAL ) VALUES( (SELECT ID_USUARIO FROM INFRA.USUARIOS WHERE CVE_USUARIO = 'ALEJANDRO_RIVERAC@PRODIGY.NET.MX'), '1', 'ALEJANDRO_RIVERAC@PRODIGY.NET.MX', 'Izcaya, S.A. de C.V.' );
INSERT INTO INFRA.CONTACTOS (ID_USUARIO, TIPO, NOMBRE, APELLIDO_PATERNO, APELLIDO_MATERNO, CORREO_ELECTRONICO, B_PRINCIPAL, TELEFONO) VALUES ( (SELECT ID_USUARIO FROM INFRA.USUARIOS WHERE CVE_USUARIO = 'ALEJANDRO_RIVERAC@PRODIGY.NET.MX'), 'Ventas', 'Alejandro', 'Rivera', 'Casanova', 'ALEJANDRO_RIVERAC@PRODIGY.NET.MX', true, '5558682003');
INSERT INTO INFRA.REL_PYMES_TRACTORAS ( ID_USUARIO_TRACTORA, ID_USUARIO_PYME) VALUES( (SELECT ID_USUARIO FROM INFRA.TRACTORAS WHERE EMPRESA = 'Cryoinfra'), (SELECT ID_USUARIO FROM INFRA.USUARIOS WHERE CVE_USUARIO = 'ALEJANDRO_RIVERAC@PRODIGY.NET.MX') );
INSERT INTO INFRA.CLIENTES ( ID_USUARIO, CLIENTE) VALUES( (SELECT ID_USUARIO FROM INFRA.USUARIOS WHERE CVE_USUARIO = 'ALEJANDRO_RIVERAC@PRODIGY.NET.MX'), 'Cryoinfra' );

--Itiisa Gabinetes y Tableros, S.A. de C.V.
INSERT INTO INFRA.USUARIOS ( CVE_USUARIO, PASSWORD ) VALUES( 'OMAR_FONSECA@YAHOO.COM', 'ccmx1234' );
INSERT INTO INFRA.REL_ROLES ( CVE_ROL, CVE_USUARIO ) VALUES( 'PyME', 'OMAR_FONSECA@YAHOO.COM' );
INSERT INTO INFRA.PYMES ( ID_USUARIO, ID_USUARIO_PADRE, CORREO_ELECTRONICO, NOMBRE_COMERCIAL ) VALUES( (SELECT ID_USUARIO FROM INFRA.USUARIOS WHERE CVE_USUARIO = 'OMAR_FONSECA@YAHOO.COM'), '1', 'OMAR_FONSECA@YAHOO.COM', 'Itiisa Gabinetes y Tableros, S.A. de C.V.' );
INSERT INTO INFRA.CONTACTOS (ID_USUARIO, TIPO, NOMBRE, APELLIDO_PATERNO, APELLIDO_MATERNO, CORREO_ELECTRONICO, B_PRINCIPAL, TELEFONO) VALUES ( (SELECT ID_USUARIO FROM INFRA.USUARIOS WHERE CVE_USUARIO = 'OMAR_FONSECA@YAHOO.COM'), 'Ventas', 'Omar', 'Fonseca', 'Sandoval', 'OMAR_FONSECA@YAHOO.COM', true, '58257113');
INSERT INTO INFRA.REL_PYMES_TRACTORAS ( ID_USUARIO_TRACTORA, ID_USUARIO_PYME) VALUES( (SELECT ID_USUARIO FROM INFRA.TRACTORAS WHERE EMPRESA = 'Cryoinfra'), (SELECT ID_USUARIO FROM INFRA.USUARIOS WHERE CVE_USUARIO = 'OMAR_FONSECA@YAHOO.COM') );
INSERT INTO INFRA.CLIENTES ( ID_USUARIO, CLIENTE) VALUES( (SELECT ID_USUARIO FROM INFRA.USUARIOS WHERE CVE_USUARIO = 'OMAR_FONSECA@YAHOO.COM'), 'Cryoinfra' );

--Alma Guadalupe Bermúdez Márquez. / Publigraf.
INSERT INTO INFRA.USUARIOS ( CVE_USUARIO, PASSWORD ) VALUES( 'PUBLITRAZOS@YAHOO.COM.MX', 'ccmx1234' );
INSERT INTO INFRA.REL_ROLES ( CVE_ROL, CVE_USUARIO ) VALUES( 'PyME', 'PUBLITRAZOS@YAHOO.COM.MX' );
INSERT INTO INFRA.PYMES ( ID_USUARIO, ID_USUARIO_PADRE, CORREO_ELECTRONICO, NOMBRE_COMERCIAL ) VALUES( (SELECT ID_USUARIO FROM INFRA.USUARIOS WHERE CVE_USUARIO = 'PUBLITRAZOS@YAHOO.COM.MX'), '1', 'PUBLITRAZOS@YAHOO.COM.MX', 'Alma Guadalupe Bermúdez Márquez. / Publigraf.' );
INSERT INTO INFRA.CONTACTOS (ID_USUARIO, TIPO, NOMBRE, APELLIDO_PATERNO, APELLIDO_MATERNO, CORREO_ELECTRONICO, B_PRINCIPAL, TELEFONO) VALUES ( (SELECT ID_USUARIO FROM INFRA.USUARIOS WHERE CVE_USUARIO = 'PUBLITRAZOS@YAHOO.COM.MX'), 'Ventas', 'Ricardo', 'Torres', '', 'PUBLITRAZOS@YAHOO.COM.MX', true, '53633478');
INSERT INTO INFRA.REL_PYMES_TRACTORAS ( ID_USUARIO_TRACTORA, ID_USUARIO_PYME) VALUES( (SELECT ID_USUARIO FROM INFRA.TRACTORAS WHERE EMPRESA = 'Cryoinfra'), (SELECT ID_USUARIO FROM INFRA.USUARIOS WHERE CVE_USUARIO = 'PUBLITRAZOS@YAHOO.COM.MX') );
INSERT INTO INFRA.CLIENTES ( ID_USUARIO, CLIENTE) VALUES( (SELECT ID_USUARIO FROM INFRA.USUARIOS WHERE CVE_USUARIO = 'PUBLITRAZOS@YAHOO.COM.MX'), 'Cryoinfra' );

--Corporativo Industrial Tultitlan, S.A. de C.V.
INSERT INTO INFRA.USUARIOS ( CVE_USUARIO, PASSWORD ) VALUES( 'CFTFABIOLA@HOTMAIL.COM', 'ccmx1234' );
INSERT INTO INFRA.REL_ROLES ( CVE_ROL, CVE_USUARIO ) VALUES( 'PyME', 'CFTFABIOLA@HOTMAIL.COM' );
INSERT INTO INFRA.PYMES ( ID_USUARIO, ID_USUARIO_PADRE, CORREO_ELECTRONICO, NOMBRE_COMERCIAL ) VALUES( (SELECT ID_USUARIO FROM INFRA.USUARIOS WHERE CVE_USUARIO = 'CFTFABIOLA@HOTMAIL.COM'), '1', 'CFTFABIOLA@HOTMAIL.COM', 'Corporativo Industrial Tultitlan, S.A. de C.V.' );
INSERT INTO INFRA.CONTACTOS (ID_USUARIO, TIPO, NOMBRE, APELLIDO_PATERNO, APELLIDO_MATERNO, CORREO_ELECTRONICO, B_PRINCIPAL, TELEFONO) VALUES ( (SELECT ID_USUARIO FROM INFRA.USUARIOS WHERE CVE_USUARIO = 'CFTFABIOLA@HOTMAIL.COM'), 'Ventas', 'Fabiola', 'Estrada', '', 'CFTFABIOLA@HOTMAIL.COM', true, '58724986');
INSERT INTO INFRA.REL_PYMES_TRACTORAS ( ID_USUARIO_TRACTORA, ID_USUARIO_PYME) VALUES( (SELECT ID_USUARIO FROM INFRA.TRACTORAS WHERE EMPRESA = 'Cryoinfra'), (SELECT ID_USUARIO FROM INFRA.USUARIOS WHERE CVE_USUARIO = 'CFTFABIOLA@HOTMAIL.COM') );
INSERT INTO INFRA.CLIENTES ( ID_USUARIO, CLIENTE) VALUES( (SELECT ID_USUARIO FROM INFRA.USUARIOS WHERE CVE_USUARIO = 'CFTFABIOLA@HOTMAIL.COM'), 'Cryoinfra' );

--Conectores y Mangueras Industriales, S.A. de C.V.
INSERT INTO INFRA.USUARIOS ( CVE_USUARIO, PASSWORD ) VALUES( 'MROCHA@COMAIN.MX', 'ccmx1234' );
INSERT INTO INFRA.REL_ROLES ( CVE_ROL, CVE_USUARIO ) VALUES( 'PyME', 'MROCHA@COMAIN.MX' );
INSERT INTO INFRA.PYMES ( ID_USUARIO, ID_USUARIO_PADRE, CORREO_ELECTRONICO, NOMBRE_COMERCIAL ) VALUES( (SELECT ID_USUARIO FROM INFRA.USUARIOS WHERE CVE_USUARIO = 'MROCHA@COMAIN.MX'), '1', 'MROCHA@COMAIN.MX', 'Conectores y Mangueras Industriales, S.A. de C.V.' );
INSERT INTO INFRA.CONTACTOS (ID_USUARIO, TIPO, NOMBRE, APELLIDO_PATERNO, APELLIDO_MATERNO, CORREO_ELECTRONICO, B_PRINCIPAL, TELEFONO) VALUES ( (SELECT ID_USUARIO FROM INFRA.USUARIOS WHERE CVE_USUARIO = 'MROCHA@COMAIN.MX'), 'Ventas', 'Rosario', 'Rocha', '', 'MROCHA@COMAIN.MX', true, '57889091');
INSERT INTO INFRA.REL_PYMES_TRACTORAS ( ID_USUARIO_TRACTORA, ID_USUARIO_PYME) VALUES( (SELECT ID_USUARIO FROM INFRA.TRACTORAS WHERE EMPRESA = 'Cryoinfra'), (SELECT ID_USUARIO FROM INFRA.USUARIOS WHERE CVE_USUARIO = 'MROCHA@COMAIN.MX') );
INSERT INTO INFRA.CLIENTES ( ID_USUARIO, CLIENTE) VALUES( (SELECT ID_USUARIO FROM INFRA.USUARIOS WHERE CVE_USUARIO = 'MROCHA@COMAIN.MX'), 'Cryoinfra' );

--Bodega Técnica, S.A. de C.V.
INSERT INTO INFRA.USUARIOS ( CVE_USUARIO, PASSWORD ) VALUES( 'GERENCIA.BOTEC@BOTEC.COM.MX', 'ccmx1234' );
INSERT INTO INFRA.REL_ROLES ( CVE_ROL, CVE_USUARIO ) VALUES( 'PyME', 'GERENCIA.BOTEC@BOTEC.COM.MX' );
INSERT INTO INFRA.PYMES ( ID_USUARIO, ID_USUARIO_PADRE, CORREO_ELECTRONICO, NOMBRE_COMERCIAL ) VALUES( (SELECT ID_USUARIO FROM INFRA.USUARIOS WHERE CVE_USUARIO = 'GERENCIA.BOTEC@BOTEC.COM.MX'), '1', 'GERENCIA.BOTEC@BOTEC.COM.MX', 'Bodega Técnica, S.A. de C.V.' );
INSERT INTO INFRA.CONTACTOS (ID_USUARIO, TIPO, NOMBRE, APELLIDO_PATERNO, APELLIDO_MATERNO, CORREO_ELECTRONICO, B_PRINCIPAL, TELEFONO) VALUES ( (SELECT ID_USUARIO FROM INFRA.USUARIOS WHERE CVE_USUARIO = 'GERENCIA.BOTEC@BOTEC.COM.MX'), 'Ventas', 'Carlos', 'Rodriguez', 'R', 'GERENCIA.BOTEC@BOTEC.COM.MX', true, '5536400640');
INSERT INTO INFRA.REL_PYMES_TRACTORAS ( ID_USUARIO_TRACTORA, ID_USUARIO_PYME) VALUES( (SELECT ID_USUARIO FROM INFRA.TRACTORAS WHERE EMPRESA = 'Cryoinfra'), (SELECT ID_USUARIO FROM INFRA.USUARIOS WHERE CVE_USUARIO = 'GERENCIA.BOTEC@BOTEC.COM.MX') );
INSERT INTO INFRA.CLIENTES ( ID_USUARIO, CLIENTE) VALUES( (SELECT ID_USUARIO FROM INFRA.USUARIOS WHERE CVE_USUARIO = 'GERENCIA.BOTEC@BOTEC.COM.MX'), 'Cryoinfra' );

--Soluciones en Ingeniería y Distribución Comercial, S.A. de C.V. / Sedicosa.
INSERT INTO INFRA.USUARIOS ( CVE_USUARIO, PASSWORD ) VALUES( 'mpra.ledesma@sedicosa.com.mx', 'ccmx1234' );
INSERT INTO INFRA.REL_ROLES ( CVE_ROL, CVE_USUARIO ) VALUES( 'PyME', 'mpra.ledesma@sedicosa.com.mx' );
INSERT INTO INFRA.PYMES ( ID_USUARIO, ID_USUARIO_PADRE, CORREO_ELECTRONICO, NOMBRE_COMERCIAL ) VALUES( (SELECT ID_USUARIO FROM INFRA.USUARIOS WHERE CVE_USUARIO = 'mpra.ledesma@sedicosa.com.mx'), '1', 'mpra.ledesma@sedicosa.com.mx', 'Soluciones en Ingeniería y Distribución Comercial, S.A. de C.V. / Sedicosa.' );
INSERT INTO INFRA.CONTACTOS (ID_USUARIO, TIPO, NOMBRE, APELLIDO_PATERNO, APELLIDO_MATERNO, CORREO_ELECTRONICO, B_PRINCIPAL, TELEFONO) VALUES ( (SELECT ID_USUARIO FROM INFRA.USUARIOS WHERE CVE_USUARIO = 'mpra.ledesma@sedicosa.com.mx'), 'Ventas', 'Saul', 'Martinez', 'Hernandez', 'mpra.ledesma@sedicosa.com.mx', true, '53782757');
INSERT INTO INFRA.REL_PYMES_TRACTORAS ( ID_USUARIO_TRACTORA, ID_USUARIO_PYME) VALUES( (SELECT ID_USUARIO FROM INFRA.TRACTORAS WHERE EMPRESA = 'Cryoinfra'), (SELECT ID_USUARIO FROM INFRA.USUARIOS WHERE CVE_USUARIO = 'mpra.ledesma@sedicosa.com.mx') );
INSERT INTO INFRA.CLIENTES ( ID_USUARIO, CLIENTE) VALUES( (SELECT ID_USUARIO FROM INFRA.USUARIOS WHERE CVE_USUARIO = 'mpra.ledesma@sedicosa.com.mx'), 'Cryoinfra' );

--Fuerza y Poder Neumática, S.A. de C.V.
INSERT INTO INFRA.USUARIOS ( CVE_USUARIO, PASSWORD ) VALUES( 'fuerzaypn@prodigy.net.mx', 'ccmx1234' );
INSERT INTO INFRA.REL_ROLES ( CVE_ROL, CVE_USUARIO ) VALUES( 'PyME', 'fuerzaypn@prodigy.net.mx' );
INSERT INTO INFRA.PYMES ( ID_USUARIO, ID_USUARIO_PADRE, CORREO_ELECTRONICO, NOMBRE_COMERCIAL ) VALUES( (SELECT ID_USUARIO FROM INFRA.USUARIOS WHERE CVE_USUARIO = 'fuerzaypn@prodigy.net.mx'), '1', 'fuerzaypn@prodigy.net.mx', 'Fuerza y Poder Neumática, S.A. de C.V.' );
INSERT INTO INFRA.CONTACTOS (ID_USUARIO, TIPO, NOMBRE, APELLIDO_PATERNO, APELLIDO_MATERNO, CORREO_ELECTRONICO, B_PRINCIPAL, TELEFONO) VALUES ( (SELECT ID_USUARIO FROM INFRA.USUARIOS WHERE CVE_USUARIO = 'fuerzaypn@prodigy.net.mx'), 'Ventas', 'Luz Maria', 'Ramirez', '', 'fuerzaypn@prodigy.net.mx', true, '53941882');
INSERT INTO INFRA.REL_PYMES_TRACTORAS ( ID_USUARIO_TRACTORA, ID_USUARIO_PYME) VALUES( (SELECT ID_USUARIO FROM INFRA.TRACTORAS WHERE EMPRESA = 'Cryoinfra'), (SELECT ID_USUARIO FROM INFRA.USUARIOS WHERE CVE_USUARIO = 'fuerzaypn@prodigy.net.mx') );
INSERT INTO INFRA.CLIENTES ( ID_USUARIO, CLIENTE) VALUES( (SELECT ID_USUARIO FROM INFRA.USUARIOS WHERE CVE_USUARIO = 'fuerzaypn@prodigy.net.mx'), 'Cryoinfra' );

--Ferretera Pegaso, S.A. de C.V.
INSERT INTO INFRA.USUARIOS ( CVE_USUARIO, PASSWORD ) VALUES( 'ventas7@ferreterapegaso.com', 'ccmx1234' );
INSERT INTO INFRA.REL_ROLES ( CVE_ROL, CVE_USUARIO ) VALUES( 'PyME', 'ventas7@ferreterapegaso.com' );
INSERT INTO INFRA.PYMES ( ID_USUARIO, ID_USUARIO_PADRE, CORREO_ELECTRONICO, NOMBRE_COMERCIAL ) VALUES( (SELECT ID_USUARIO FROM INFRA.USUARIOS WHERE CVE_USUARIO = 'ventas7@ferreterapegaso.com'), '1', 'ventas7@ferreterapegaso.com', 'Ferretera Pegaso, S.A. de C.V.' );
INSERT INTO INFRA.CONTACTOS (ID_USUARIO, TIPO, NOMBRE, APELLIDO_PATERNO, APELLIDO_MATERNO, CORREO_ELECTRONICO, B_PRINCIPAL, TELEFONO) VALUES ( (SELECT ID_USUARIO FROM INFRA.USUARIOS WHERE CVE_USUARIO = 'ventas7@ferreterapegaso.com'), 'Ventas', 'Lourdes', 'Contreras', 'Samayou', 'ventas7@ferreterapegaso.com', true, '5552209799');
INSERT INTO INFRA.REL_PYMES_TRACTORAS ( ID_USUARIO_TRACTORA, ID_USUARIO_PYME) VALUES( (SELECT ID_USUARIO FROM INFRA.TRACTORAS WHERE EMPRESA = 'Cryoinfra'), (SELECT ID_USUARIO FROM INFRA.USUARIOS WHERE CVE_USUARIO = 'ventas7@ferreterapegaso.com') );
INSERT INTO INFRA.CLIENTES ( ID_USUARIO, CLIENTE) VALUES( (SELECT ID_USUARIO FROM INFRA.USUARIOS WHERE CVE_USUARIO = 'ventas7@ferreterapegaso.com'), 'Cryoinfra' );

--Equipos para gas.
INSERT INTO INFRA.USUARIOS ( CVE_USUARIO, PASSWORD ) VALUES( 'rporras@egsa.com.mx', 'ccmx1234' );
INSERT INTO INFRA.REL_ROLES ( CVE_ROL, CVE_USUARIO ) VALUES( 'PyME', 'rporras@egsa.com.mx' );
INSERT INTO INFRA.PYMES ( ID_USUARIO, ID_USUARIO_PADRE, CORREO_ELECTRONICO, NOMBRE_COMERCIAL ) VALUES( (SELECT ID_USUARIO FROM INFRA.USUARIOS WHERE CVE_USUARIO = 'rporras@egsa.com.mx'), '1', 'rporras@egsa.com.mx', 'Equipos para gas.' );
INSERT INTO INFRA.CONTACTOS (ID_USUARIO, TIPO, NOMBRE, APELLIDO_PATERNO, APELLIDO_MATERNO, CORREO_ELECTRONICO, B_PRINCIPAL, TELEFONO) VALUES ( (SELECT ID_USUARIO FROM INFRA.USUARIOS WHERE CVE_USUARIO = 'rporras@egsa.com.mx'), 'Ventas', 'Ricardo', 'Porras', 'Rosano', 'rporras@egsa.com.mx', true, '22074070');
INSERT INTO INFRA.REL_PYMES_TRACTORAS ( ID_USUARIO_TRACTORA, ID_USUARIO_PYME) VALUES( (SELECT ID_USUARIO FROM INFRA.TRACTORAS WHERE EMPRESA = 'Cryoinfra'), (SELECT ID_USUARIO FROM INFRA.USUARIOS WHERE CVE_USUARIO = 'rporras@egsa.com.mx') );
INSERT INTO INFRA.CLIENTES ( ID_USUARIO, CLIENTE) VALUES( (SELECT ID_USUARIO FROM INFRA.USUARIOS WHERE CVE_USUARIO = 'rporras@egsa.com.mx'), 'Cryoinfra' );

--Servicio de Medición + Control, S.A. de C.V.
INSERT INTO INFRA.USUARIOS ( CVE_USUARIO, PASSWORD ) VALUES( 'svaldez@smedicion.com', 'ccmx1234' );
INSERT INTO INFRA.REL_ROLES ( CVE_ROL, CVE_USUARIO ) VALUES( 'PyME', 'svaldez@smedicion.com' );
INSERT INTO INFRA.PYMES ( ID_USUARIO, ID_USUARIO_PADRE, CORREO_ELECTRONICO, NOMBRE_COMERCIAL ) VALUES( (SELECT ID_USUARIO FROM INFRA.USUARIOS WHERE CVE_USUARIO = 'svaldez@smedicion.com'), '1', 'svaldez@smedicion.com', 'Servicio de Medición + Control, S.A. de C.V.' );
INSERT INTO INFRA.CONTACTOS (ID_USUARIO, TIPO, NOMBRE, APELLIDO_PATERNO, APELLIDO_MATERNO, CORREO_ELECTRONICO, B_PRINCIPAL, TELEFONO) VALUES ( (SELECT ID_USUARIO FROM INFRA.USUARIOS WHERE CVE_USUARIO = 'svaldez@smedicion.com'), 'Ventas', 'Sergio', 'Valdez', '', 'svaldez@smedicion.com', true, '55212444');
INSERT INTO INFRA.REL_PYMES_TRACTORAS ( ID_USUARIO_TRACTORA, ID_USUARIO_PYME) VALUES( (SELECT ID_USUARIO FROM INFRA.TRACTORAS WHERE EMPRESA = 'Cryoinfra'), (SELECT ID_USUARIO FROM INFRA.USUARIOS WHERE CVE_USUARIO = 'svaldez@smedicion.com') );
INSERT INTO INFRA.CLIENTES ( ID_USUARIO, CLIENTE) VALUES( (SELECT ID_USUARIO FROM INFRA.USUARIOS WHERE CVE_USUARIO = 'svaldez@smedicion.com'), 'Cryoinfra' );

--Storage Net Conexion, S.A. de C.V.
INSERT INTO INFRA.USUARIOS ( CVE_USUARIO, PASSWORD ) VALUES( 'isa_jaramillo@estoragenetconexio.com', 'ccmx1234' );
INSERT INTO INFRA.REL_ROLES ( CVE_ROL, CVE_USUARIO ) VALUES( 'PyME', 'isa_jaramillo@estoragenetconexio.com' );
INSERT INTO INFRA.PYMES ( ID_USUARIO, ID_USUARIO_PADRE, CORREO_ELECTRONICO, NOMBRE_COMERCIAL ) VALUES( (SELECT ID_USUARIO FROM INFRA.USUARIOS WHERE CVE_USUARIO = 'isa_jaramillo@estoragenetconexio.com'), '1', 'isa_jaramillo@estoragenetconexio.com', 'Storage Net Conexion, S.A. de C.V.' );
INSERT INTO INFRA.CONTACTOS (ID_USUARIO, TIPO, NOMBRE, APELLIDO_PATERNO, APELLIDO_MATERNO, CORREO_ELECTRONICO, B_PRINCIPAL, TELEFONO) VALUES ( (SELECT ID_USUARIO FROM INFRA.USUARIOS WHERE CVE_USUARIO = 'isa_jaramillo@estoragenetconexio.com'), 'Ventas', 'Isabel', 'Jaramillo', 'Fernandez', 'isa_jaramillo@estoragenetconexio.com', true, '38726434');
INSERT INTO INFRA.REL_PYMES_TRACTORAS ( ID_USUARIO_TRACTORA, ID_USUARIO_PYME) VALUES( (SELECT ID_USUARIO FROM INFRA.TRACTORAS WHERE EMPRESA = 'Cryoinfra'), (SELECT ID_USUARIO FROM INFRA.USUARIOS WHERE CVE_USUARIO = 'isa_jaramillo@estoragenetconexio.com') );
INSERT INTO INFRA.CLIENTES ( ID_USUARIO, CLIENTE) VALUES( (SELECT ID_USUARIO FROM INFRA.USUARIOS WHERE CVE_USUARIO = 'isa_jaramillo@estoragenetconexio.com'), 'Cryoinfra' );

--Flusistemas S. de R. L. C.V.
INSERT INTO INFRA.USUARIOS ( CVE_USUARIO, PASSWORD ) VALUES( 'myrna.avila@flusistemas.com', 'ccmx1234' );
INSERT INTO INFRA.REL_ROLES ( CVE_ROL, CVE_USUARIO ) VALUES( 'PyME', 'myrna.avila@flusistemas.com' );
INSERT INTO INFRA.PYMES ( ID_USUARIO, ID_USUARIO_PADRE, CORREO_ELECTRONICO, NOMBRE_COMERCIAL ) VALUES( (SELECT ID_USUARIO FROM INFRA.USUARIOS WHERE CVE_USUARIO = 'myrna.avila@flusistemas.com'), '1', 'myrna.avila@flusistemas.com', 'Flusistemas S. de R. L. C.V.' );
INSERT INTO INFRA.CONTACTOS (ID_USUARIO, TIPO, NOMBRE, APELLIDO_PATERNO, APELLIDO_MATERNO, CORREO_ELECTRONICO, B_PRINCIPAL, TELEFONO) VALUES ( (SELECT ID_USUARIO FROM INFRA.USUARIOS WHERE CVE_USUARIO = 'myrna.avila@flusistemas.com'), 'Ventas', 'Mirna', 'Avila', '', 'myrna.avila@flusistemas.com', true, '26280528');
INSERT INTO INFRA.REL_PYMES_TRACTORAS ( ID_USUARIO_TRACTORA, ID_USUARIO_PYME) VALUES( (SELECT ID_USUARIO FROM INFRA.TRACTORAS WHERE EMPRESA = 'Cryoinfra'), (SELECT ID_USUARIO FROM INFRA.USUARIOS WHERE CVE_USUARIO = 'myrna.avila@flusistemas.com') );
INSERT INTO INFRA.CLIENTES ( ID_USUARIO, CLIENTE) VALUES( (SELECT ID_USUARIO FROM INFRA.USUARIOS WHERE CVE_USUARIO = 'myrna.avila@flusistemas.com'), 'Cryoinfra' );

--Ingeniería Eléctrica Electrónica y Electromecánica, S.A. de C.V.
INSERT INTO INFRA.USUARIOS ( CVE_USUARIO, PASSWORD ) VALUES( 'mapamatz@ieee.com.mx', 'ccmx1234' );
INSERT INTO INFRA.REL_ROLES ( CVE_ROL, CVE_USUARIO ) VALUES( 'PyME', 'mapamatz@ieee.com.mx' );
INSERT INTO INFRA.PYMES ( ID_USUARIO, ID_USUARIO_PADRE, CORREO_ELECTRONICO, NOMBRE_COMERCIAL ) VALUES( (SELECT ID_USUARIO FROM INFRA.USUARIOS WHERE CVE_USUARIO = 'mapamatz@ieee.com.mx'), '1', 'mapamatz@ieee.com.mx', 'Ingeniería Eléctrica Electrónica y Electromecánica, S.A. de C.V.' );
INSERT INTO INFRA.CONTACTOS (ID_USUARIO, TIPO, NOMBRE, APELLIDO_PATERNO, APELLIDO_MATERNO, CORREO_ELECTRONICO, B_PRINCIPAL, TELEFONO) VALUES ( (SELECT ID_USUARIO FROM INFRA.USUARIOS WHERE CVE_USUARIO = 'mapamatz@ieee.com.mx'), 'Ventas', 'Marco Antonio', 'Pamatz', 'Juarez', 'mapamatz@ieee.com.mx', true, '52723415');
INSERT INTO INFRA.REL_PYMES_TRACTORAS ( ID_USUARIO_TRACTORA, ID_USUARIO_PYME) VALUES( (SELECT ID_USUARIO FROM INFRA.TRACTORAS WHERE EMPRESA = 'Cryoinfra'), (SELECT ID_USUARIO FROM INFRA.USUARIOS WHERE CVE_USUARIO = 'mapamatz@ieee.com.mx') );
INSERT INTO INFRA.CLIENTES ( ID_USUARIO, CLIENTE) VALUES( (SELECT ID_USUARIO FROM INFRA.USUARIOS WHERE CVE_USUARIO = 'mapamatz@ieee.com.mx'), 'Cryoinfra' );

--Equipos de Instrumentación INSI, S.A. de C.V.
INSERT INTO INFRA.USUARIOS ( CVE_USUARIO, PASSWORD ) VALUES( 'fabiola.cruces@hotmail.com', 'ccmx1234' );
INSERT INTO INFRA.REL_ROLES ( CVE_ROL, CVE_USUARIO ) VALUES( 'PyME', 'fabiola.cruces@hotmail.com' );
INSERT INTO INFRA.PYMES ( ID_USUARIO, ID_USUARIO_PADRE, CORREO_ELECTRONICO, NOMBRE_COMERCIAL ) VALUES( (SELECT ID_USUARIO FROM INFRA.USUARIOS WHERE CVE_USUARIO = 'fabiola.cruces@hotmail.com'), '1', 'fabiola.cruces@hotmail.com', 'Equipos de Instrumentación INSI, S.A. de C.V.' );
INSERT INTO INFRA.CONTACTOS (ID_USUARIO, TIPO, NOMBRE, APELLIDO_PATERNO, APELLIDO_MATERNO, CORREO_ELECTRONICO, B_PRINCIPAL, TELEFONO) VALUES ( (SELECT ID_USUARIO FROM INFRA.USUARIOS WHERE CVE_USUARIO = 'fabiola.cruces@hotmail.com'), 'Ventas', 'Fabiola', 'Cruces', 'Dominguez', 'fabiola.cruces@hotmail.com', true, '24710951');
INSERT INTO INFRA.REL_PYMES_TRACTORAS ( ID_USUARIO_TRACTORA, ID_USUARIO_PYME) VALUES( (SELECT ID_USUARIO FROM INFRA.TRACTORAS WHERE EMPRESA = 'Cryoinfra'), (SELECT ID_USUARIO FROM INFRA.USUARIOS WHERE CVE_USUARIO = 'fabiola.cruces@hotmail.com') );
INSERT INTO INFRA.CLIENTES ( ID_USUARIO, CLIENTE) VALUES( (SELECT ID_USUARIO FROM INFRA.USUARIOS WHERE CVE_USUARIO = 'fabiola.cruces@hotmail.com'), 'Cryoinfra' );


--Cydsa

--Guillermina Reyna Fuentes. / Conservaciones Termo acústica.
INSERT INTO INFRA.USUARIOS ( CVE_USUARIO, PASSWORD ) VALUES( 'Cconservacion_termoacustica@yahoo.com.mx', 'ccmx1234' );
INSERT INTO INFRA.REL_ROLES ( CVE_ROL, CVE_USUARIO ) VALUES( 'PyME', 'Cconservacion_termoacustica@yahoo.com.mx' );
INSERT INTO INFRA.PYMES ( ID_USUARIO, ID_USUARIO_PADRE, CORREO_ELECTRONICO, NOMBRE_COMERCIAL ) VALUES( (SELECT ID_USUARIO FROM INFRA.USUARIOS WHERE CVE_USUARIO = 'Cconservacion_termoacustica@yahoo.com.mx'), '1', 'Cconservacion_termoacustica@yahoo.com.mx', 'Guillermina Reyna Fuentes. / Conservaciones Termo acústica.' );
INSERT INTO INFRA.CONTACTOS (ID_USUARIO, TIPO, NOMBRE, APELLIDO_PATERNO, APELLIDO_MATERNO, CORREO_ELECTRONICO, B_PRINCIPAL, TELEFONO) VALUES ( (SELECT ID_USUARIO FROM INFRA.USUARIOS WHERE CVE_USUARIO = 'Cconservacion_termoacustica@yahoo.com.mx'), 'Ventas', 'Francisco Ricardo', 'Acoltzin', 'Reyna', 'Cconservacion_termoacustica@yahoo.com.mx', true, '26472123');
INSERT INTO INFRA.REL_PYMES_TRACTORAS ( ID_USUARIO_TRACTORA, ID_USUARIO_PYME) VALUES( (SELECT ID_USUARIO FROM INFRA.TRACTORAS WHERE EMPRESA = 'Cydsa'), (SELECT ID_USUARIO FROM INFRA.USUARIOS WHERE CVE_USUARIO = 'Cconservacion_termoacustica@yahoo.com.mx') );
INSERT INTO INFRA.CLIENTES ( ID_USUARIO, CLIENTE) VALUES( (SELECT ID_USUARIO FROM INFRA.USUARIOS WHERE CVE_USUARIO = 'Cconservacion_termoacustica@yahoo.com.mx'), 'Cydsa' );


--Farmacias Guadalajara

--MICROBICIDAS DE OCCIDENTE SA DE CV
INSERT INTO INFRA.USUARIOS ( CVE_USUARIO, PASSWORD ) VALUES( 'albiosan@live.com.mx', 'ccmx1234' );
INSERT INTO INFRA.REL_ROLES ( CVE_ROL, CVE_USUARIO ) VALUES( 'PyME', 'albiosan@live.com.mx' );
INSERT INTO INFRA.PYMES ( ID_USUARIO, ID_USUARIO_PADRE, CORREO_ELECTRONICO, NOMBRE_COMERCIAL ) VALUES( (SELECT ID_USUARIO FROM INFRA.USUARIOS WHERE CVE_USUARIO = 'albiosan@live.com.mx'), '1', 'albiosan@live.com.mx', 'MICROBICIDAS DE OCCIDENTE SA DE CV' );
INSERT INTO INFRA.CONTACTOS (ID_USUARIO, TIPO, NOMBRE, APELLIDO_PATERNO, APELLIDO_MATERNO, CORREO_ELECTRONICO, B_PRINCIPAL, TELEFONO) VALUES ( (SELECT ID_USUARIO FROM INFRA.USUARIOS WHERE CVE_USUARIO = 'albiosan@live.com.mx'), 'Ventas', 'Lourdes', 'Quintana', 'Astarga', 'albiosan@live.com.mx', true, '');
INSERT INTO INFRA.REL_PYMES_TRACTORAS ( ID_USUARIO_TRACTORA, ID_USUARIO_PYME) VALUES( (SELECT ID_USUARIO FROM INFRA.TRACTORAS WHERE EMPRESA = 'Farmacias Guadalajara'), (SELECT ID_USUARIO FROM INFRA.USUARIOS WHERE CVE_USUARIO = 'albiosan@live.com.mx') );
INSERT INTO INFRA.CLIENTES ( ID_USUARIO, CLIENTE) VALUES( (SELECT ID_USUARIO FROM INFRA.USUARIOS WHERE CVE_USUARIO = 'albiosan@live.com.mx'), 'Farmacias Guadalajara' );

--PROVEEDORA DE FARMACIAS DE JALISCO SA DE CV
INSERT INTO INFRA.USUARIOS ( CVE_USUARIO, PASSWORD ) VALUES( 'lmolina@grupomolina.org', 'ccmx1234' );
INSERT INTO INFRA.REL_ROLES ( CVE_ROL, CVE_USUARIO ) VALUES( 'PyME', 'lmolina@grupomolina.org' );
INSERT INTO INFRA.PYMES ( ID_USUARIO, ID_USUARIO_PADRE, CORREO_ELECTRONICO, NOMBRE_COMERCIAL ) VALUES( (SELECT ID_USUARIO FROM INFRA.USUARIOS WHERE CVE_USUARIO = 'lmolina@grupomolina.org'), '1', 'lmolina@grupomolina.org', 'PROVEEDORA DE FARMACIAS DE JALISCO SA DE CV' );
INSERT INTO INFRA.CONTACTOS (ID_USUARIO, TIPO, NOMBRE, APELLIDO_PATERNO, APELLIDO_MATERNO, CORREO_ELECTRONICO, B_PRINCIPAL, TELEFONO) VALUES ( (SELECT ID_USUARIO FROM INFRA.USUARIOS WHERE CVE_USUARIO = 'lmolina@grupomolina.org'), 'Ventas', 'Luz Elena', 'Molina', 'De la Puente', 'lmolina@grupomolina.org', true, '');
INSERT INTO INFRA.REL_PYMES_TRACTORAS ( ID_USUARIO_TRACTORA, ID_USUARIO_PYME) VALUES( (SELECT ID_USUARIO FROM INFRA.TRACTORAS WHERE EMPRESA = 'Farmacias Guadalajara'), (SELECT ID_USUARIO FROM INFRA.USUARIOS WHERE CVE_USUARIO = 'lmolina@grupomolina.org') );
INSERT INTO INFRA.CLIENTES ( ID_USUARIO, CLIENTE) VALUES( (SELECT ID_USUARIO FROM INFRA.USUARIOS WHERE CVE_USUARIO = 'lmolina@grupomolina.org'), 'Farmacias Guadalajara' );

--POWE MAR INNOVACION EN SUPLEMENTOS SA DE CV
INSERT INTO INFRA.USUARIOS ( CVE_USUARIO, PASSWORD ) VALUES( 'h_distribuidora@hotmail.com', 'ccmx1234' );
INSERT INTO INFRA.REL_ROLES ( CVE_ROL, CVE_USUARIO ) VALUES( 'PyME', 'h_distribuidora@hotmail.com' );
INSERT INTO INFRA.PYMES ( ID_USUARIO, ID_USUARIO_PADRE, CORREO_ELECTRONICO, NOMBRE_COMERCIAL ) VALUES( (SELECT ID_USUARIO FROM INFRA.USUARIOS WHERE CVE_USUARIO = 'h_distribuidora@hotmail.com'), '1', 'h_distribuidora@hotmail.com', 'POWE MAR INNOVACION EN SUPLEMENTOS SA DE CV' );
INSERT INTO INFRA.CONTACTOS (ID_USUARIO, TIPO, NOMBRE, APELLIDO_PATERNO, APELLIDO_MATERNO, CORREO_ELECTRONICO, B_PRINCIPAL, TELEFONO) VALUES ( (SELECT ID_USUARIO FROM INFRA.USUARIOS WHERE CVE_USUARIO = 'h_distribuidora@hotmail.com'), 'Ventas', 'Omar Alejandro', 'Medina', 'Succor', 'h_distribuidora@hotmail.com', true, '');
INSERT INTO INFRA.REL_PYMES_TRACTORAS ( ID_USUARIO_TRACTORA, ID_USUARIO_PYME) VALUES( (SELECT ID_USUARIO FROM INFRA.TRACTORAS WHERE EMPRESA = 'Farmacias Guadalajara'), (SELECT ID_USUARIO FROM INFRA.USUARIOS WHERE CVE_USUARIO = 'h_distribuidora@hotmail.com') );
INSERT INTO INFRA.CLIENTES ( ID_USUARIO, CLIENTE) VALUES( (SELECT ID_USUARIO FROM INFRA.USUARIOS WHERE CVE_USUARIO = 'h_distribuidora@hotmail.com'), 'Farmacias Guadalajara' );

--MBM DIAGNOSTICOS SA DE CV
INSERT INTO INFRA.USUARIOS ( CVE_USUARIO, PASSWORD ) VALUES( 'fps@mbm.com.mx', 'ccmx1234' );
INSERT INTO INFRA.REL_ROLES ( CVE_ROL, CVE_USUARIO ) VALUES( 'PyME', 'fps@mbm.com.mx' );
INSERT INTO INFRA.PYMES ( ID_USUARIO, ID_USUARIO_PADRE, CORREO_ELECTRONICO, NOMBRE_COMERCIAL ) VALUES( (SELECT ID_USUARIO FROM INFRA.USUARIOS WHERE CVE_USUARIO = 'fps@mbm.com.mx'), '1', 'fps@mbm.com.mx', 'MBM DIAGNOSTICOS SA DE CV' );
INSERT INTO INFRA.CONTACTOS (ID_USUARIO, TIPO, NOMBRE, APELLIDO_PATERNO, APELLIDO_MATERNO, CORREO_ELECTRONICO, B_PRINCIPAL, TELEFONO) VALUES ( (SELECT ID_USUARIO FROM INFRA.USUARIOS WHERE CVE_USUARIO = 'fps@mbm.com.mx'), 'Ventas', 'Fernando', 'Parres', '', 'fps@mbm.com.mx', true, '');
INSERT INTO INFRA.REL_PYMES_TRACTORAS ( ID_USUARIO_TRACTORA, ID_USUARIO_PYME) VALUES( (SELECT ID_USUARIO FROM INFRA.TRACTORAS WHERE EMPRESA = 'Farmacias Guadalajara'), (SELECT ID_USUARIO FROM INFRA.USUARIOS WHERE CVE_USUARIO = 'fps@mbm.com.mx') );
INSERT INTO INFRA.CLIENTES ( ID_USUARIO, CLIENTE) VALUES( (SELECT ID_USUARIO FROM INFRA.USUARIOS WHERE CVE_USUARIO = 'fps@mbm.com.mx'), 'Farmacias Guadalajara' );

--SIEMPRE POSITIVO SA DE CV
INSERT INTO INFRA.USUARIOS ( CVE_USUARIO, PASSWORD ) VALUES( 'fibraxotzil@hotmail.com', 'ccmx1234' );
INSERT INTO INFRA.REL_ROLES ( CVE_ROL, CVE_USUARIO ) VALUES( 'PyME', 'fibraxotzil@hotmail.com' );
INSERT INTO INFRA.PYMES ( ID_USUARIO, ID_USUARIO_PADRE, CORREO_ELECTRONICO, NOMBRE_COMERCIAL ) VALUES( (SELECT ID_USUARIO FROM INFRA.USUARIOS WHERE CVE_USUARIO = 'fibraxotzil@hotmail.com'), '1', 'fibraxotzil@hotmail.com', 'SIEMPRE POSITIVO SA DE CV' );
INSERT INTO INFRA.CONTACTOS (ID_USUARIO, TIPO, NOMBRE, APELLIDO_PATERNO, APELLIDO_MATERNO, CORREO_ELECTRONICO, B_PRINCIPAL, TELEFONO) VALUES ( (SELECT ID_USUARIO FROM INFRA.USUARIOS WHERE CVE_USUARIO = 'fibraxotzil@hotmail.com'), 'Ventas', 'Will', 'Cazares', 'Rodriguez', 'fibraxotzil@hotmail.com', true, '');
INSERT INTO INFRA.REL_PYMES_TRACTORAS ( ID_USUARIO_TRACTORA, ID_USUARIO_PYME) VALUES( (SELECT ID_USUARIO FROM INFRA.TRACTORAS WHERE EMPRESA = 'Farmacias Guadalajara'), (SELECT ID_USUARIO FROM INFRA.USUARIOS WHERE CVE_USUARIO = 'fibraxotzil@hotmail.com') );
INSERT INTO INFRA.CLIENTES ( ID_USUARIO, CLIENTE) VALUES( (SELECT ID_USUARIO FROM INFRA.USUARIOS WHERE CVE_USUARIO = 'fibraxotzil@hotmail.com'), 'Farmacias Guadalajara' );

--DANIEL MAYORAL AGUIRRE
INSERT INTO INFRA.USUARIOS ( CVE_USUARIO, PASSWORD ) VALUES( 'hiel_misionera@mexico.com', 'ccmx1234' );
INSERT INTO INFRA.REL_ROLES ( CVE_ROL, CVE_USUARIO ) VALUES( 'PyME', 'hiel_misionera@mexico.com' );
INSERT INTO INFRA.PYMES ( ID_USUARIO, ID_USUARIO_PADRE, CORREO_ELECTRONICO, NOMBRE_COMERCIAL ) VALUES( (SELECT ID_USUARIO FROM INFRA.USUARIOS WHERE CVE_USUARIO = 'hiel_misionera@mexico.com'), '1', 'hiel_misionera@mexico.com', 'DANIEL MAYORAL AGUIRRE' );
INSERT INTO INFRA.CONTACTOS (ID_USUARIO, TIPO, NOMBRE, APELLIDO_PATERNO, APELLIDO_MATERNO, CORREO_ELECTRONICO, B_PRINCIPAL, TELEFONO) VALUES ( (SELECT ID_USUARIO FROM INFRA.USUARIOS WHERE CVE_USUARIO = 'hiel_misionera@mexico.com'), 'Ventas', 'Daniel', 'Mayoral', 'Aguirre', 'hiel_misionera@mexico.com', true, '');
INSERT INTO INFRA.REL_PYMES_TRACTORAS ( ID_USUARIO_TRACTORA, ID_USUARIO_PYME) VALUES( (SELECT ID_USUARIO FROM INFRA.TRACTORAS WHERE EMPRESA = 'Farmacias Guadalajara'), (SELECT ID_USUARIO FROM INFRA.USUARIOS WHERE CVE_USUARIO = 'hiel_misionera@mexico.com') );
INSERT INTO INFRA.CLIENTES ( ID_USUARIO, CLIENTE) VALUES( (SELECT ID_USUARIO FROM INFRA.USUARIOS WHERE CVE_USUARIO = 'hiel_misionera@mexico.com'), 'Farmacias Guadalajara' );

--CARMEN OKHUYSEN SA DE CV
INSERT INTO INFRA.USUARIOS ( CVE_USUARIO, PASSWORD ) VALUES( 'santiago.macias@productossangabriel.com', 'ccmx1234' );
INSERT INTO INFRA.REL_ROLES ( CVE_ROL, CVE_USUARIO ) VALUES( 'PyME', 'santiago.macias@productossangabriel.com' );
INSERT INTO INFRA.PYMES ( ID_USUARIO, ID_USUARIO_PADRE, CORREO_ELECTRONICO, NOMBRE_COMERCIAL ) VALUES( (SELECT ID_USUARIO FROM INFRA.USUARIOS WHERE CVE_USUARIO = 'santiago.macias@productossangabriel.com'), '1', 'santiago.macias@productossangabriel.com', 'CARMEN OKHUYSEN SA DE CV' );
INSERT INTO INFRA.CONTACTOS (ID_USUARIO, TIPO, NOMBRE, APELLIDO_PATERNO, APELLIDO_MATERNO, CORREO_ELECTRONICO, B_PRINCIPAL, TELEFONO) VALUES ( (SELECT ID_USUARIO FROM INFRA.USUARIOS WHERE CVE_USUARIO = 'santiago.macias@productossangabriel.com'), 'Ventas', 'Santiago', 'Macias', 'Lopez', 'santiago.macias@productossangabriel.com', true, '');
INSERT INTO INFRA.REL_PYMES_TRACTORAS ( ID_USUARIO_TRACTORA, ID_USUARIO_PYME) VALUES( (SELECT ID_USUARIO FROM INFRA.TRACTORAS WHERE EMPRESA = 'Farmacias Guadalajara'), (SELECT ID_USUARIO FROM INFRA.USUARIOS WHERE CVE_USUARIO = 'santiago.macias@productossangabriel.com') );
INSERT INTO INFRA.CLIENTES ( ID_USUARIO, CLIENTE) VALUES( (SELECT ID_USUARIO FROM INFRA.USUARIOS WHERE CVE_USUARIO = 'santiago.macias@productossangabriel.com'), 'Farmacias Guadalajara' );

--DULCES Y CHOCOLATES DE OCCIDENTE SA DE CV
INSERT INTO INFRA.USUARIOS ( CVE_USUARIO, PASSWORD ) VALUES( 'jorgegaribay@hotmail.com', 'ccmx1234' );
INSERT INTO INFRA.REL_ROLES ( CVE_ROL, CVE_USUARIO ) VALUES( 'PyME', 'jorgegaribay@hotmail.com' );
INSERT INTO INFRA.PYMES ( ID_USUARIO, ID_USUARIO_PADRE, CORREO_ELECTRONICO, NOMBRE_COMERCIAL ) VALUES( (SELECT ID_USUARIO FROM INFRA.USUARIOS WHERE CVE_USUARIO = 'jorgegaribay@hotmail.com'), '1', 'jorgegaribay@hotmail.com', 'DULCES Y CHOCOLATES DE OCCIDENTE SA DE CV' );
INSERT INTO INFRA.CONTACTOS (ID_USUARIO, TIPO, NOMBRE, APELLIDO_PATERNO, APELLIDO_MATERNO, CORREO_ELECTRONICO, B_PRINCIPAL, TELEFONO) VALUES ( (SELECT ID_USUARIO FROM INFRA.USUARIOS WHERE CVE_USUARIO = 'jorgegaribay@hotmail.com'), 'Ventas', 'Jorge', 'Garibay', 'Navarro', 'jorgegaribay@hotmail.com', true, '');
INSERT INTO INFRA.REL_PYMES_TRACTORAS ( ID_USUARIO_TRACTORA, ID_USUARIO_PYME) VALUES( (SELECT ID_USUARIO FROM INFRA.TRACTORAS WHERE EMPRESA = 'Farmacias Guadalajara'), (SELECT ID_USUARIO FROM INFRA.USUARIOS WHERE CVE_USUARIO = 'jorgegaribay@hotmail.com') );
INSERT INTO INFRA.CLIENTES ( ID_USUARIO, CLIENTE) VALUES( (SELECT ID_USUARIO FROM INFRA.USUARIOS WHERE CVE_USUARIO = 'jorgegaribay@hotmail.com'), 'Farmacias Guadalajara' );

--INDUSTRIAS GANE SA DE CV
INSERT INTO INFRA.USUARIOS ( CVE_USUARIO, PASSWORD ) VALUES( 'contraloria@superwetplus.com', 'ccmx1234' );
INSERT INTO INFRA.REL_ROLES ( CVE_ROL, CVE_USUARIO ) VALUES( 'PyME', 'contraloria@superwetplus.com' );
INSERT INTO INFRA.PYMES ( ID_USUARIO, ID_USUARIO_PADRE, CORREO_ELECTRONICO, NOMBRE_COMERCIAL ) VALUES( (SELECT ID_USUARIO FROM INFRA.USUARIOS WHERE CVE_USUARIO = 'contraloria@superwetplus.com'), '1', 'contraloria@superwetplus.com', 'INDUSTRIAS GANE SA DE CV' );
INSERT INTO INFRA.CONTACTOS (ID_USUARIO, TIPO, NOMBRE, APELLIDO_PATERNO, APELLIDO_MATERNO, CORREO_ELECTRONICO, B_PRINCIPAL, TELEFONO) VALUES ( (SELECT ID_USUARIO FROM INFRA.USUARIOS WHERE CVE_USUARIO = 'contraloria@superwetplus.com'), 'Ventas', 'Juan Manuel', 'Reyes', 'Ruiz', 'contraloria@superwetplus.com', true, '');
INSERT INTO INFRA.REL_PYMES_TRACTORAS ( ID_USUARIO_TRACTORA, ID_USUARIO_PYME) VALUES( (SELECT ID_USUARIO FROM INFRA.TRACTORAS WHERE EMPRESA = 'Farmacias Guadalajara'), (SELECT ID_USUARIO FROM INFRA.USUARIOS WHERE CVE_USUARIO = 'contraloria@superwetplus.com') );
INSERT INTO INFRA.CLIENTES ( ID_USUARIO, CLIENTE) VALUES( (SELECT ID_USUARIO FROM INFRA.USUARIOS WHERE CVE_USUARIO = 'contraloria@superwetplus.com'), 'Farmacias Guadalajara' );

--ROTOVINIL SA DE CV
INSERT INTO INFRA.USUARIOS ( CVE_USUARIO, PASSWORD ) VALUES( 'echegollen@prodigy.net.mx', 'ccmx1234' );
INSERT INTO INFRA.REL_ROLES ( CVE_ROL, CVE_USUARIO ) VALUES( 'PyME', 'echegollen@prodigy.net.mx' );
INSERT INTO INFRA.PYMES ( ID_USUARIO, ID_USUARIO_PADRE, CORREO_ELECTRONICO, NOMBRE_COMERCIAL ) VALUES( (SELECT ID_USUARIO FROM INFRA.USUARIOS WHERE CVE_USUARIO = 'echegollen@prodigy.net.mx'), '1', 'echegollen@prodigy.net.mx', 'ROTOVINIL SA DE CV' );
INSERT INTO INFRA.CONTACTOS (ID_USUARIO, TIPO, NOMBRE, APELLIDO_PATERNO, APELLIDO_MATERNO, CORREO_ELECTRONICO, B_PRINCIPAL, TELEFONO) VALUES ( (SELECT ID_USUARIO FROM INFRA.USUARIOS WHERE CVE_USUARIO = 'echegollen@prodigy.net.mx'), 'Ventas', 'Fernando', 'Echegollen', 'Assad', 'echegollen@prodigy.net.mx', true, '');
INSERT INTO INFRA.REL_PYMES_TRACTORAS ( ID_USUARIO_TRACTORA, ID_USUARIO_PYME) VALUES( (SELECT ID_USUARIO FROM INFRA.TRACTORAS WHERE EMPRESA = 'Farmacias Guadalajara'), (SELECT ID_USUARIO FROM INFRA.USUARIOS WHERE CVE_USUARIO = 'echegollen@prodigy.net.mx') );
INSERT INTO INFRA.CLIENTES ( ID_USUARIO, CLIENTE) VALUES( (SELECT ID_USUARIO FROM INFRA.USUARIOS WHERE CVE_USUARIO = 'echegollen@prodigy.net.mx'), 'Farmacias Guadalajara' );

--MARIA AMALIA PAREDES TRIGUEROS
INSERT INTO INFRA.USUARIOS ( CVE_USUARIO, PASSWORD ) VALUES( 'amaliaparedes@mac.com', 'ccmx1234' );
INSERT INTO INFRA.REL_ROLES ( CVE_ROL, CVE_USUARIO ) VALUES( 'PyME', 'amaliaparedes@mac.com' );
INSERT INTO INFRA.PYMES ( ID_USUARIO, ID_USUARIO_PADRE, CORREO_ELECTRONICO, NOMBRE_COMERCIAL ) VALUES( (SELECT ID_USUARIO FROM INFRA.USUARIOS WHERE CVE_USUARIO = 'amaliaparedes@mac.com'), '1', 'amaliaparedes@mac.com', 'MARIA AMALIA PAREDES TRIGUEROS' );
INSERT INTO INFRA.CONTACTOS (ID_USUARIO, TIPO, NOMBRE, APELLIDO_PATERNO, APELLIDO_MATERNO, CORREO_ELECTRONICO, B_PRINCIPAL, TELEFONO) VALUES ( (SELECT ID_USUARIO FROM INFRA.USUARIOS WHERE CVE_USUARIO = 'amaliaparedes@mac.com'), 'Ventas', 'Amalia', 'Paredes', '', 'amaliaparedes@mac.com', true, '');
INSERT INTO INFRA.REL_PYMES_TRACTORAS ( ID_USUARIO_TRACTORA, ID_USUARIO_PYME) VALUES( (SELECT ID_USUARIO FROM INFRA.TRACTORAS WHERE EMPRESA = 'Farmacias Guadalajara'), (SELECT ID_USUARIO FROM INFRA.USUARIOS WHERE CVE_USUARIO = 'amaliaparedes@mac.com') );
INSERT INTO INFRA.CLIENTES ( ID_USUARIO, CLIENTE) VALUES( (SELECT ID_USUARIO FROM INFRA.USUARIOS WHERE CVE_USUARIO = 'amaliaparedes@mac.com'), 'Farmacias Guadalajara' );

--SOCO VIC S. DE R.L. DE C.V.
INSERT INTO INFRA.USUARIOS ( CVE_USUARIO, PASSWORD ) VALUES( 'socorrovictoria@hotmail.com', 'ccmx1234' );
INSERT INTO INFRA.REL_ROLES ( CVE_ROL, CVE_USUARIO ) VALUES( 'PyME', 'socorrovictoria@hotmail.com' );
INSERT INTO INFRA.PYMES ( ID_USUARIO, ID_USUARIO_PADRE, CORREO_ELECTRONICO, NOMBRE_COMERCIAL ) VALUES( (SELECT ID_USUARIO FROM INFRA.USUARIOS WHERE CVE_USUARIO = 'socorrovictoria@hotmail.com'), '1', 'socorrovictoria@hotmail.com', 'SOCO VIC S. DE R.L. DE C.V.' );
INSERT INTO INFRA.CONTACTOS (ID_USUARIO, TIPO, NOMBRE, APELLIDO_PATERNO, APELLIDO_MATERNO, CORREO_ELECTRONICO, B_PRINCIPAL, TELEFONO) VALUES ( (SELECT ID_USUARIO FROM INFRA.USUARIOS WHERE CVE_USUARIO = 'socorrovictoria@hotmail.com'), 'Ventas', 'Socorro', 'Ruiz', 'Orozco', 'socorrovictoria@hotmail.com', true, '');
INSERT INTO INFRA.REL_PYMES_TRACTORAS ( ID_USUARIO_TRACTORA, ID_USUARIO_PYME) VALUES( (SELECT ID_USUARIO FROM INFRA.TRACTORAS WHERE EMPRESA = 'Farmacias Guadalajara'), (SELECT ID_USUARIO FROM INFRA.USUARIOS WHERE CVE_USUARIO = 'socorrovictoria@hotmail.com') );
INSERT INTO INFRA.CLIENTES ( ID_USUARIO, CLIENTE) VALUES( (SELECT ID_USUARIO FROM INFRA.USUARIOS WHERE CVE_USUARIO = 'socorrovictoria@hotmail.com'), 'Farmacias Guadalajara' );

--INDUSTRIAS COSMETOLOGICAS S.A. DE C.V.
INSERT INTO INFRA.USUARIOS ( CVE_USUARIO, PASSWORD ) VALUES( 'javierar_wetpeak@hotmail.com', 'ccmx1234' );
INSERT INTO INFRA.REL_ROLES ( CVE_ROL, CVE_USUARIO ) VALUES( 'PyME', 'javierar_wetpeak@hotmail.com' );
INSERT INTO INFRA.PYMES ( ID_USUARIO, ID_USUARIO_PADRE, CORREO_ELECTRONICO, NOMBRE_COMERCIAL ) VALUES( (SELECT ID_USUARIO FROM INFRA.USUARIOS WHERE CVE_USUARIO = 'javierar_wetpeak@hotmail.com'), '1', 'javierar_wetpeak@hotmail.com', 'INDUSTRIAS COSMETOLOGICAS S.A. DE C.V.' );
INSERT INTO INFRA.CONTACTOS (ID_USUARIO, TIPO, NOMBRE, APELLIDO_PATERNO, APELLIDO_MATERNO, CORREO_ELECTRONICO, B_PRINCIPAL, TELEFONO) VALUES ( (SELECT ID_USUARIO FROM INFRA.USUARIOS WHERE CVE_USUARIO = 'javierar_wetpeak@hotmail.com'), 'Ventas', 'Javier Armando', 'Garcia', 'Lopez', 'javierar_wetpeak@hotmail.com', true, '');
INSERT INTO INFRA.REL_PYMES_TRACTORAS ( ID_USUARIO_TRACTORA, ID_USUARIO_PYME) VALUES( (SELECT ID_USUARIO FROM INFRA.TRACTORAS WHERE EMPRESA = 'Farmacias Guadalajara'), (SELECT ID_USUARIO FROM INFRA.USUARIOS WHERE CVE_USUARIO = 'javierar_wetpeak@hotmail.com') );
INSERT INTO INFRA.CLIENTES ( ID_USUARIO, CLIENTE) VALUES( (SELECT ID_USUARIO FROM INFRA.USUARIOS WHERE CVE_USUARIO = 'javierar_wetpeak@hotmail.com'), 'Farmacias Guadalajara' );

--KANIA Y CO. S.A. DE C.V.
INSERT INTO INFRA.USUARIOS ( CVE_USUARIO, PASSWORD ) VALUES( 'direccion@fibrakania.net', 'ccmx1234' );
INSERT INTO INFRA.REL_ROLES ( CVE_ROL, CVE_USUARIO ) VALUES( 'PyME', 'direccion@fibrakania.net' );
INSERT INTO INFRA.PYMES ( ID_USUARIO, ID_USUARIO_PADRE, CORREO_ELECTRONICO, NOMBRE_COMERCIAL ) VALUES( (SELECT ID_USUARIO FROM INFRA.USUARIOS WHERE CVE_USUARIO = 'direccion@fibrakania.net'), '1', 'direccion@fibrakania.net', 'KANIA Y CO. S.A. DE C.V.' );
INSERT INTO INFRA.CONTACTOS (ID_USUARIO, TIPO, NOMBRE, APELLIDO_PATERNO, APELLIDO_MATERNO, CORREO_ELECTRONICO, B_PRINCIPAL, TELEFONO) VALUES ( (SELECT ID_USUARIO FROM INFRA.USUARIOS WHERE CVE_USUARIO = 'direccion@fibrakania.net'), 'Ventas', 'Osvaldo', 'Miramontes', '', 'direccion@fibrakania.net', true, '');
INSERT INTO INFRA.REL_PYMES_TRACTORAS ( ID_USUARIO_TRACTORA, ID_USUARIO_PYME) VALUES( (SELECT ID_USUARIO FROM INFRA.TRACTORAS WHERE EMPRESA = 'Farmacias Guadalajara'), (SELECT ID_USUARIO FROM INFRA.USUARIOS WHERE CVE_USUARIO = 'direccion@fibrakania.net') );
INSERT INTO INFRA.CLIENTES ( ID_USUARIO, CLIENTE) VALUES( (SELECT ID_USUARIO FROM INFRA.USUARIOS WHERE CVE_USUARIO = 'direccion@fibrakania.net'), 'Farmacias Guadalajara' );

--LABORATORIOS ZAFIRO S.A. DE C.V.
INSERT INTO INFRA.USUARIOS ( CVE_USUARIO, PASSWORD ) VALUES( 'dr.rex@live.com.mx', 'ccmx1234' );
INSERT INTO INFRA.REL_ROLES ( CVE_ROL, CVE_USUARIO ) VALUES( 'PyME', 'dr.rex@live.com.mx' );
INSERT INTO INFRA.PYMES ( ID_USUARIO, ID_USUARIO_PADRE, CORREO_ELECTRONICO, NOMBRE_COMERCIAL ) VALUES( (SELECT ID_USUARIO FROM INFRA.USUARIOS WHERE CVE_USUARIO = 'dr.rex@live.com.mx'), '1', 'dr.rex@live.com.mx', 'LABORATORIOS ZAFIRO S.A. DE C.V.' );
INSERT INTO INFRA.CONTACTOS (ID_USUARIO, TIPO, NOMBRE, APELLIDO_PATERNO, APELLIDO_MATERNO, CORREO_ELECTRONICO, B_PRINCIPAL, TELEFONO) VALUES ( (SELECT ID_USUARIO FROM INFRA.USUARIOS WHERE CVE_USUARIO = 'dr.rex@live.com.mx'), 'Ventas', 'Carlos', 'Rex', 'Calderon', 'dr.rex@live.com.mx', true, '');
INSERT INTO INFRA.REL_PYMES_TRACTORAS ( ID_USUARIO_TRACTORA, ID_USUARIO_PYME) VALUES( (SELECT ID_USUARIO FROM INFRA.TRACTORAS WHERE EMPRESA = 'Farmacias Guadalajara'), (SELECT ID_USUARIO FROM INFRA.USUARIOS WHERE CVE_USUARIO = 'dr.rex@live.com.mx') );
INSERT INTO INFRA.CLIENTES ( ID_USUARIO, CLIENTE) VALUES( (SELECT ID_USUARIO FROM INFRA.USUARIOS WHERE CVE_USUARIO = 'dr.rex@live.com.mx'), 'Farmacias Guadalajara' );

--I PHARMA S.A. DE C.V.
INSERT INTO INFRA.USUARIOS ( CVE_USUARIO, PASSWORD ) VALUES( 'info@ipharma.com.mx', 'ccmx1234' );
INSERT INTO INFRA.REL_ROLES ( CVE_ROL, CVE_USUARIO ) VALUES( 'PyME', 'info@ipharma.com.mx' );
INSERT INTO INFRA.PYMES ( ID_USUARIO, ID_USUARIO_PADRE, CORREO_ELECTRONICO, NOMBRE_COMERCIAL ) VALUES( (SELECT ID_USUARIO FROM INFRA.USUARIOS WHERE CVE_USUARIO = 'info@ipharma.com.mx'), '1', 'info@ipharma.com.mx', 'I PHARMA S.A. DE C.V.' );
INSERT INTO INFRA.CONTACTOS (ID_USUARIO, TIPO, NOMBRE, APELLIDO_PATERNO, APELLIDO_MATERNO, CORREO_ELECTRONICO, B_PRINCIPAL, TELEFONO) VALUES ( (SELECT ID_USUARIO FROM INFRA.USUARIOS WHERE CVE_USUARIO = 'info@ipharma.com.mx'), 'Ventas', 'Ismael', 'Romo', '', 'info@ipharma.com.mx', true, '');
INSERT INTO INFRA.REL_PYMES_TRACTORAS ( ID_USUARIO_TRACTORA, ID_USUARIO_PYME) VALUES( (SELECT ID_USUARIO FROM INFRA.TRACTORAS WHERE EMPRESA = 'Farmacias Guadalajara'), (SELECT ID_USUARIO FROM INFRA.USUARIOS WHERE CVE_USUARIO = 'info@ipharma.com.mx') );
INSERT INTO INFRA.CLIENTES ( ID_USUARIO, CLIENTE) VALUES( (SELECT ID_USUARIO FROM INFRA.USUARIOS WHERE CVE_USUARIO = 'info@ipharma.com.mx'), 'Farmacias Guadalajara' );

--BIOZONE CHEMICAL S DE R.L. DE C.V.
INSERT INTO INFRA.USUARIOS ( CVE_USUARIO, PASSWORD ) VALUES( 'epws@biozone.mx', 'ccmx1234' );
INSERT INTO INFRA.REL_ROLES ( CVE_ROL, CVE_USUARIO ) VALUES( 'PyME', 'epws@biozone.mx' );
INSERT INTO INFRA.PYMES ( ID_USUARIO, ID_USUARIO_PADRE, CORREO_ELECTRONICO, NOMBRE_COMERCIAL ) VALUES( (SELECT ID_USUARIO FROM INFRA.USUARIOS WHERE CVE_USUARIO = 'epws@biozone.mx'), '1', 'epws@biozone.mx', 'BIOZONE CHEMICAL S DE R.L. DE C.V.' );
INSERT INTO INFRA.CONTACTOS (ID_USUARIO, TIPO, NOMBRE, APELLIDO_PATERNO, APELLIDO_MATERNO, CORREO_ELECTRONICO, B_PRINCIPAL, TELEFONO) VALUES ( (SELECT ID_USUARIO FROM INFRA.USUARIOS WHERE CVE_USUARIO = 'epws@biozone.mx'), 'Ventas', 'Enrique', 'Pws', '', 'epws@biozone.mx', true, '');
INSERT INTO INFRA.REL_PYMES_TRACTORAS ( ID_USUARIO_TRACTORA, ID_USUARIO_PYME) VALUES( (SELECT ID_USUARIO FROM INFRA.TRACTORAS WHERE EMPRESA = 'Farmacias Guadalajara'), (SELECT ID_USUARIO FROM INFRA.USUARIOS WHERE CVE_USUARIO = 'epws@biozone.mx') );
INSERT INTO INFRA.CLIENTES ( ID_USUARIO, CLIENTE) VALUES( (SELECT ID_USUARIO FROM INFRA.USUARIOS WHERE CVE_USUARIO = 'epws@biozone.mx'), 'Farmacias Guadalajara' );

--INDUSTRIALIZADORA DE CACAHUANANCHE S.A. DE C.V.
INSERT INTO INFRA.USUARIOS ( CVE_USUARIO, PASSWORD ) VALUES( 'habarca@tizhak.com', 'ccmx1234' );
INSERT INTO INFRA.REL_ROLES ( CVE_ROL, CVE_USUARIO ) VALUES( 'PyME', 'habarca@tizhak.com' );
INSERT INTO INFRA.PYMES ( ID_USUARIO, ID_USUARIO_PADRE, CORREO_ELECTRONICO, NOMBRE_COMERCIAL ) VALUES( (SELECT ID_USUARIO FROM INFRA.USUARIOS WHERE CVE_USUARIO = 'habarca@tizhak.com'), '1', 'habarca@tizhak.com', 'INDUSTRIALIZADORA DE CACAHUANANCHE S.A. DE C.V.' );
INSERT INTO INFRA.CONTACTOS (ID_USUARIO, TIPO, NOMBRE, APELLIDO_PATERNO, APELLIDO_MATERNO, CORREO_ELECTRONICO, B_PRINCIPAL, TELEFONO) VALUES ( (SELECT ID_USUARIO FROM INFRA.USUARIOS WHERE CVE_USUARIO = 'habarca@tizhak.com'), 'Ventas', 'Humberto Fco.', 'Abarca', 'y Castro', 'habarca@tizhak.com', true, '');
INSERT INTO INFRA.REL_PYMES_TRACTORAS ( ID_USUARIO_TRACTORA, ID_USUARIO_PYME) VALUES( (SELECT ID_USUARIO FROM INFRA.TRACTORAS WHERE EMPRESA = 'Farmacias Guadalajara'), (SELECT ID_USUARIO FROM INFRA.USUARIOS WHERE CVE_USUARIO = 'habarca@tizhak.com') );
INSERT INTO INFRA.CLIENTES ( ID_USUARIO, CLIENTE) VALUES( (SELECT ID_USUARIO FROM INFRA.USUARIOS WHERE CVE_USUARIO = 'habarca@tizhak.com'), 'Farmacias Guadalajara' );

--LABORATORIOS JALOMA S.A. DE C.V.
INSERT INTO INFRA.USUARIOS ( CVE_USUARIO, PASSWORD ) VALUES( 'gakita@jaloma.com.mx', 'ccmx1234' );
INSERT INTO INFRA.REL_ROLES ( CVE_ROL, CVE_USUARIO ) VALUES( 'PyME', 'gakita@jaloma.com.mx' );
INSERT INTO INFRA.PYMES ( ID_USUARIO, ID_USUARIO_PADRE, CORREO_ELECTRONICO, NOMBRE_COMERCIAL ) VALUES( (SELECT ID_USUARIO FROM INFRA.USUARIOS WHERE CVE_USUARIO = 'gakita@jaloma.com.mx'), '1', 'gakita@jaloma.com.mx', 'LABORATORIOS JALOMA S.A. DE C.V.' );
INSERT INTO INFRA.CONTACTOS (ID_USUARIO, TIPO, NOMBRE, APELLIDO_PATERNO, APELLIDO_MATERNO, CORREO_ELECTRONICO, B_PRINCIPAL, TELEFONO) VALUES ( (SELECT ID_USUARIO FROM INFRA.USUARIOS WHERE CVE_USUARIO = 'gakita@jaloma.com.mx'), 'Ventas', 'Guadalupe', 'Akita', 'Murillo', 'gakita@jaloma.com.mx', true, '');
INSERT INTO INFRA.REL_PYMES_TRACTORAS ( ID_USUARIO_TRACTORA, ID_USUARIO_PYME) VALUES( (SELECT ID_USUARIO FROM INFRA.TRACTORAS WHERE EMPRESA = 'Farmacias Guadalajara'), (SELECT ID_USUARIO FROM INFRA.USUARIOS WHERE CVE_USUARIO = 'gakita@jaloma.com.mx') );
INSERT INTO INFRA.CLIENTES ( ID_USUARIO, CLIENTE) VALUES( (SELECT ID_USUARIO FROM INFRA.USUARIOS WHERE CVE_USUARIO = 'gakita@jaloma.com.mx'), 'Farmacias Guadalajara' );

--SANTOS INDUSTRIAL S.A. DE C.V.
INSERT INTO INFRA.USUARIOS ( CVE_USUARIO, PASSWORD ) VALUES( 'adrianasantosmx@yahoo.com.mx', 'ccmx1234' );
INSERT INTO INFRA.REL_ROLES ( CVE_ROL, CVE_USUARIO ) VALUES( 'PyME', 'adrianasantosmx@yahoo.com.mx' );
INSERT INTO INFRA.PYMES ( ID_USUARIO, ID_USUARIO_PADRE, CORREO_ELECTRONICO, NOMBRE_COMERCIAL ) VALUES( (SELECT ID_USUARIO FROM INFRA.USUARIOS WHERE CVE_USUARIO = 'adrianasantosmx@yahoo.com.mx'), '1', 'adrianasantosmx@yahoo.com.mx', 'SANTOS INDUSTRIAL S.A. DE C.V.' );
INSERT INTO INFRA.CONTACTOS (ID_USUARIO, TIPO, NOMBRE, APELLIDO_PATERNO, APELLIDO_MATERNO, CORREO_ELECTRONICO, B_PRINCIPAL, TELEFONO) VALUES ( (SELECT ID_USUARIO FROM INFRA.USUARIOS WHERE CVE_USUARIO = 'adrianasantosmx@yahoo.com.mx'), 'Ventas', 'Adriana', 'Santos', '', 'adrianasantosmx@yahoo.com.mx', true, '');
INSERT INTO INFRA.REL_PYMES_TRACTORAS ( ID_USUARIO_TRACTORA, ID_USUARIO_PYME) VALUES( (SELECT ID_USUARIO FROM INFRA.TRACTORAS WHERE EMPRESA = 'Farmacias Guadalajara'), (SELECT ID_USUARIO FROM INFRA.USUARIOS WHERE CVE_USUARIO = 'adrianasantosmx@yahoo.com.mx') );
INSERT INTO INFRA.CLIENTES ( ID_USUARIO, CLIENTE) VALUES( (SELECT ID_USUARIO FROM INFRA.USUARIOS WHERE CVE_USUARIO = 'adrianasantosmx@yahoo.com.mx'), 'Farmacias Guadalajara' );

--GRUPO IND COPAR S.A.
INSERT INTO INFRA.USUARIOS ( CVE_USUARIO, PASSWORD ) VALUES( 'jaimepartida@copar.com.mx', 'ccmx1234' );
INSERT INTO INFRA.REL_ROLES ( CVE_ROL, CVE_USUARIO ) VALUES( 'PyME', 'jaimepartida@copar.com.mx' );
INSERT INTO INFRA.PYMES ( ID_USUARIO, ID_USUARIO_PADRE, CORREO_ELECTRONICO, NOMBRE_COMERCIAL ) VALUES( (SELECT ID_USUARIO FROM INFRA.USUARIOS WHERE CVE_USUARIO = 'jaimepartida@copar.com.mx'), '1', 'jaimepartida@copar.com.mx', 'GRUPO IND COPAR S.A.' );
INSERT INTO INFRA.CONTACTOS (ID_USUARIO, TIPO, NOMBRE, APELLIDO_PATERNO, APELLIDO_MATERNO, CORREO_ELECTRONICO, B_PRINCIPAL, TELEFONO) VALUES ( (SELECT ID_USUARIO FROM INFRA.USUARIOS WHERE CVE_USUARIO = 'jaimepartida@copar.com.mx'), 'Ventas', 'Jaime', 'Partida', '', 'jaimepartida@copar.com.mx', true, '');
INSERT INTO INFRA.REL_PYMES_TRACTORAS ( ID_USUARIO_TRACTORA, ID_USUARIO_PYME) VALUES( (SELECT ID_USUARIO FROM INFRA.TRACTORAS WHERE EMPRESA = 'Farmacias Guadalajara'), (SELECT ID_USUARIO FROM INFRA.USUARIOS WHERE CVE_USUARIO = 'jaimepartida@copar.com.mx') );
INSERT INTO INFRA.CLIENTES ( ID_USUARIO, CLIENTE) VALUES( (SELECT ID_USUARIO FROM INFRA.USUARIOS WHERE CVE_USUARIO = 'jaimepartida@copar.com.mx'), 'Farmacias Guadalajara' );

--NARDEX LABORATORIOS HOMEOPATICOS S.A. DE C.V.
INSERT INTO INFRA.USUARIOS ( CVE_USUARIO, PASSWORD ) VALUES( 'miguel.acosta@nartexlabs.com', 'ccmx1234' );
INSERT INTO INFRA.REL_ROLES ( CVE_ROL, CVE_USUARIO ) VALUES( 'PyME', 'miguel.acosta@nartexlabs.com' );
INSERT INTO INFRA.PYMES ( ID_USUARIO, ID_USUARIO_PADRE, CORREO_ELECTRONICO, NOMBRE_COMERCIAL ) VALUES( (SELECT ID_USUARIO FROM INFRA.USUARIOS WHERE CVE_USUARIO = 'miguel.acosta@nartexlabs.com'), '1', 'miguel.acosta@nartexlabs.com', 'NARDEX LABORATORIOS HOMEOPATICOS S.A. DE C.V.' );
INSERT INTO INFRA.CONTACTOS (ID_USUARIO, TIPO, NOMBRE, APELLIDO_PATERNO, APELLIDO_MATERNO, CORREO_ELECTRONICO, B_PRINCIPAL, TELEFONO) VALUES ( (SELECT ID_USUARIO FROM INFRA.USUARIOS WHERE CVE_USUARIO = 'miguel.acosta@nartexlabs.com'), 'Ventas', 'Miguel Angel', 'Acosta', '', 'miguel.acosta@nartexlabs.com', true, '');
INSERT INTO INFRA.REL_PYMES_TRACTORAS ( ID_USUARIO_TRACTORA, ID_USUARIO_PYME) VALUES( (SELECT ID_USUARIO FROM INFRA.TRACTORAS WHERE EMPRESA = 'Farmacias Guadalajara'), (SELECT ID_USUARIO FROM INFRA.USUARIOS WHERE CVE_USUARIO = 'miguel.acosta@nartexlabs.com') );
INSERT INTO INFRA.CLIENTES ( ID_USUARIO, CLIENTE) VALUES( (SELECT ID_USUARIO FROM INFRA.USUARIOS WHERE CVE_USUARIO = 'miguel.acosta@nartexlabs.com'), 'Farmacias Guadalajara' );

--AMENIJAL S.A. DE C.V.
INSERT INTO INFRA.USUARIOS ( CVE_USUARIO, PASSWORD ) VALUES( 'marketing@amenijal.com', 'ccmx1234' );
INSERT INTO INFRA.REL_ROLES ( CVE_ROL, CVE_USUARIO ) VALUES( 'PyME', 'marketing@amenijal.com' );
INSERT INTO INFRA.PYMES ( ID_USUARIO, ID_USUARIO_PADRE, CORREO_ELECTRONICO, NOMBRE_COMERCIAL ) VALUES( (SELECT ID_USUARIO FROM INFRA.USUARIOS WHERE CVE_USUARIO = 'marketing@amenijal.com'), '1', 'marketing@amenijal.com', 'AMENIJAL S.A. DE C.V.' );
INSERT INTO INFRA.CONTACTOS (ID_USUARIO, TIPO, NOMBRE, APELLIDO_PATERNO, APELLIDO_MATERNO, CORREO_ELECTRONICO, B_PRINCIPAL, TELEFONO) VALUES ( (SELECT ID_USUARIO FROM INFRA.USUARIOS WHERE CVE_USUARIO = 'marketing@amenijal.com'), 'Ventas', 'Santiago', 'Obregon', 'Escalante', 'marketing@amenijal.com', true, '');
INSERT INTO INFRA.REL_PYMES_TRACTORAS ( ID_USUARIO_TRACTORA, ID_USUARIO_PYME) VALUES( (SELECT ID_USUARIO FROM INFRA.TRACTORAS WHERE EMPRESA = 'Farmacias Guadalajara'), (SELECT ID_USUARIO FROM INFRA.USUARIOS WHERE CVE_USUARIO = 'marketing@amenijal.com') );
INSERT INTO INFRA.CLIENTES ( ID_USUARIO, CLIENTE) VALUES( (SELECT ID_USUARIO FROM INFRA.USUARIOS WHERE CVE_USUARIO = 'marketing@amenijal.com'), 'Farmacias Guadalajara' );

--JUANITO FOODS S.A. DE C.V.
INSERT INTO INFRA.USUARIOS ( CVE_USUARIO, PASSWORD ) VALUES( 'alex@alpier.mx', 'ccmx1234' );
INSERT INTO INFRA.REL_ROLES ( CVE_ROL, CVE_USUARIO ) VALUES( 'PyME', 'alex@alpier.mx' );
INSERT INTO INFRA.PYMES ( ID_USUARIO, ID_USUARIO_PADRE, CORREO_ELECTRONICO, NOMBRE_COMERCIAL ) VALUES( (SELECT ID_USUARIO FROM INFRA.USUARIOS WHERE CVE_USUARIO = 'alex@alpier.mx'), '1', 'alex@alpier.mx', 'JUANITO FOODS S.A. DE C.V.' );
INSERT INTO INFRA.CONTACTOS (ID_USUARIO, TIPO, NOMBRE, APELLIDO_PATERNO, APELLIDO_MATERNO, CORREO_ELECTRONICO, B_PRINCIPAL, TELEFONO) VALUES ( (SELECT ID_USUARIO FROM INFRA.USUARIOS WHERE CVE_USUARIO = 'alex@alpier.mx'), 'Ventas', '', '', '', 'alex@alpier.mx', true, '');
INSERT INTO INFRA.REL_PYMES_TRACTORAS ( ID_USUARIO_TRACTORA, ID_USUARIO_PYME) VALUES( (SELECT ID_USUARIO FROM INFRA.TRACTORAS WHERE EMPRESA = 'Farmacias Guadalajara'), (SELECT ID_USUARIO FROM INFRA.USUARIOS WHERE CVE_USUARIO = 'alex@alpier.mx') );
INSERT INTO INFRA.CLIENTES ( ID_USUARIO, CLIENTE) VALUES( (SELECT ID_USUARIO FROM INFRA.USUARIOS WHERE CVE_USUARIO = 'alex@alpier.mx'), 'Farmacias Guadalajara' );


--Femsa

--Sistemas y Computación Empresarial
INSERT INTO INFRA.USUARIOS ( CVE_USUARIO, PASSWORD ) VALUES( 'sonias@sistec-sce.mx', 'ccmx1234' );
INSERT INTO INFRA.REL_ROLES ( CVE_ROL, CVE_USUARIO ) VALUES( 'PyME', 'sonias@sistec-sce.mx' );
INSERT INTO INFRA.PYMES ( ID_USUARIO, ID_USUARIO_PADRE, CORREO_ELECTRONICO, NOMBRE_COMERCIAL ) VALUES( (SELECT ID_USUARIO FROM INFRA.USUARIOS WHERE CVE_USUARIO = 'sonias@sistec-sce.mx'), '1', 'sonias@sistec-sce.mx', 'Sistemas y Computación Empresarial' );
INSERT INTO INFRA.CONTACTOS (ID_USUARIO, TIPO, NOMBRE, APELLIDO_PATERNO, APELLIDO_MATERNO, CORREO_ELECTRONICO, B_PRINCIPAL, TELEFONO) VALUES ( (SELECT ID_USUARIO FROM INFRA.USUARIOS WHERE CVE_USUARIO = 'sonias@sistec-sce.mx'), 'Ventas', 'Sonia', 'Serna', '', 'sonias@sistec-sce.mx', true, '81297000');
INSERT INTO INFRA.REL_PYMES_TRACTORAS ( ID_USUARIO_TRACTORA, ID_USUARIO_PYME) VALUES( (SELECT ID_USUARIO FROM INFRA.TRACTORAS WHERE EMPRESA = 'Femsa'), (SELECT ID_USUARIO FROM INFRA.USUARIOS WHERE CVE_USUARIO = 'sonias@sistec-sce.mx') );
INSERT INTO INFRA.CLIENTES ( ID_USUARIO, CLIENTE) VALUES( (SELECT ID_USUARIO FROM INFRA.USUARIOS WHERE CVE_USUARIO = 'sonias@sistec-sce.mx'), 'Femsa' );

--Manufacturera en Artículos de Alambre SA de CV 
INSERT INTO INFRA.USUARIOS ( CVE_USUARIO, PASSWORD ) VALUES( 'compras@maasa.com.mx', 'ccmx1234' );
INSERT INTO INFRA.REL_ROLES ( CVE_ROL, CVE_USUARIO ) VALUES( 'PyME', 'compras@maasa.com.mx' );
INSERT INTO INFRA.PYMES ( ID_USUARIO, ID_USUARIO_PADRE, CORREO_ELECTRONICO, NOMBRE_COMERCIAL ) VALUES( (SELECT ID_USUARIO FROM INFRA.USUARIOS WHERE CVE_USUARIO = 'compras@maasa.com.mx'), '1', 'compras@maasa.com.mx', 'Manufacturera en Artículos de Alambre SA de CV' );
INSERT INTO INFRA.CONTACTOS (ID_USUARIO, TIPO, NOMBRE, APELLIDO_PATERNO, APELLIDO_MATERNO, CORREO_ELECTRONICO, B_PRINCIPAL, TELEFONO) VALUES ( (SELECT ID_USUARIO FROM INFRA.USUARIOS WHERE CVE_USUARIO = 'compras@maasa.com.mx'), 'Ventas', 'Gilberto', 'Mendez', '', 'compras@maasa.com.mx', true, '25842947');
INSERT INTO INFRA.REL_PYMES_TRACTORAS ( ID_USUARIO_TRACTORA, ID_USUARIO_PYME) VALUES( (SELECT ID_USUARIO FROM INFRA.TRACTORAS WHERE EMPRESA = 'Femsa'), (SELECT ID_USUARIO FROM INFRA.USUARIOS WHERE CVE_USUARIO = 'compras@maasa.com.mx') );
INSERT INTO INFRA.CLIENTES ( ID_USUARIO, CLIENTE) VALUES( (SELECT ID_USUARIO FROM INFRA.USUARIOS WHERE CVE_USUARIO = 'compras@maasa.com.mx'), 'Femsa' );

--FB Ingeniería y Construcciones SA de CV (Ejecuciones y Publicidad Exterior)
INSERT INTO INFRA.USUARIOS ( CVE_USUARIO, PASSWORD ) VALUES( 'fbconstrucciones@prodigy.net.mx', 'ccmx1234' );
INSERT INTO INFRA.REL_ROLES ( CVE_ROL, CVE_USUARIO ) VALUES( 'PyME', 'fbconstrucciones@prodigy.net.mx' );
INSERT INTO INFRA.PYMES ( ID_USUARIO, ID_USUARIO_PADRE, CORREO_ELECTRONICO, NOMBRE_COMERCIAL ) VALUES( (SELECT ID_USUARIO FROM INFRA.USUARIOS WHERE CVE_USUARIO = 'fbconstrucciones@prodigy.net.mx'), '1', 'fbconstrucciones@prodigy.net.mx', 'FB Ingeniería y Construcciones SA de CV' );
INSERT INTO INFRA.CONTACTOS (ID_USUARIO, TIPO, NOMBRE, APELLIDO_PATERNO, APELLIDO_MATERNO, CORREO_ELECTRONICO, B_PRINCIPAL, TELEFONO) VALUES ( (SELECT ID_USUARIO FROM INFRA.USUARIOS WHERE CVE_USUARIO = 'fbconstrucciones@prodigy.net.mx'), 'Ventas', 'Mario', 'Salinas', '', 'fbconstrucciones@prodigy.net.mx', true, '27462503');
INSERT INTO INFRA.REL_PYMES_TRACTORAS ( ID_USUARIO_TRACTORA, ID_USUARIO_PYME) VALUES( (SELECT ID_USUARIO FROM INFRA.TRACTORAS WHERE EMPRESA = 'Femsa'), (SELECT ID_USUARIO FROM INFRA.USUARIOS WHERE CVE_USUARIO = 'fbconstrucciones@prodigy.net.mx') );
INSERT INTO INFRA.CLIENTES ( ID_USUARIO, CLIENTE) VALUES( (SELECT ID_USUARIO FROM INFRA.USUARIOS WHERE CVE_USUARIO = 'fbconstrucciones@prodigy.net.mx'), 'Femsa' );

--ARG Comunicación SA de CV (Agencia de Diseño Gráfico)
INSERT INTO INFRA.USUARIOS ( CVE_USUARIO, PASSWORD ) VALUES( 'kenya@argcomunicación.com', 'ccmx1234' );
INSERT INTO INFRA.REL_ROLES ( CVE_ROL, CVE_USUARIO ) VALUES( 'PyME', 'kenya@argcomunicación.com' );
INSERT INTO INFRA.PYMES ( ID_USUARIO, ID_USUARIO_PADRE, CORREO_ELECTRONICO, NOMBRE_COMERCIAL ) VALUES( (SELECT ID_USUARIO FROM INFRA.USUARIOS WHERE CVE_USUARIO = 'kenya@argcomunicación.com'), '1', 'kenya@argcomunicación.com', 'ARG Comunicación SA de CV' );
INSERT INTO INFRA.CONTACTOS (ID_USUARIO, TIPO, NOMBRE, APELLIDO_PATERNO, APELLIDO_MATERNO, CORREO_ELECTRONICO, B_PRINCIPAL, TELEFONO) VALUES ( (SELECT ID_USUARIO FROM INFRA.USUARIOS WHERE CVE_USUARIO = 'kenya@argcomunicación.com'), 'Ventas', 'Kenya', 'Gonzalez', '', 'kenya@argcomunicación.com', true, '52032011');
INSERT INTO INFRA.REL_PYMES_TRACTORAS ( ID_USUARIO_TRACTORA, ID_USUARIO_PYME) VALUES( (SELECT ID_USUARIO FROM INFRA.TRACTORAS WHERE EMPRESA = 'Femsa'), (SELECT ID_USUARIO FROM INFRA.USUARIOS WHERE CVE_USUARIO = 'kenya@argcomunicación.com') );
INSERT INTO INFRA.CLIENTES ( ID_USUARIO, CLIENTE) VALUES( (SELECT ID_USUARIO FROM INFRA.USUARIOS WHERE CVE_USUARIO = 'kenya@argcomunicación.com'), 'Femsa' );

--Cajas y Cerraduras de Alta Seguridad Ortiz, S.A. de C.V.
INSERT INTO INFRA.USUARIOS ( CVE_USUARIO, PASSWORD ) VALUES( 'cajasycerraduras_ortiz@hotmail.com', 'ccmx1234' );
INSERT INTO INFRA.REL_ROLES ( CVE_ROL, CVE_USUARIO ) VALUES( 'PyME', 'cajasycerraduras_ortiz@hotmail.com' );
INSERT INTO INFRA.PYMES ( ID_USUARIO, ID_USUARIO_PADRE, CORREO_ELECTRONICO, NOMBRE_COMERCIAL ) VALUES( (SELECT ID_USUARIO FROM INFRA.USUARIOS WHERE CVE_USUARIO = 'cajasycerraduras_ortiz@hotmail.com'), '1', 'cajasycerraduras_ortiz@hotmail.com', 'Cajas y Cerraduras de Alta Seguridad Ortiz, S.A. de C.V.' );
INSERT INTO INFRA.CONTACTOS (ID_USUARIO, TIPO, NOMBRE, APELLIDO_PATERNO, APELLIDO_MATERNO, CORREO_ELECTRONICO, B_PRINCIPAL, TELEFONO) VALUES ( (SELECT ID_USUARIO FROM INFRA.USUARIOS WHERE CVE_USUARIO = 'cajasycerraduras_ortiz@hotmail.com'), 'Ventas', 'Alan', 'Ortiz', 'Lopez', 'cajasycerraduras_ortiz@hotmail.com', true, '55563242');
INSERT INTO INFRA.REL_PYMES_TRACTORAS ( ID_USUARIO_TRACTORA, ID_USUARIO_PYME) VALUES( (SELECT ID_USUARIO FROM INFRA.TRACTORAS WHERE EMPRESA = 'Femsa'), (SELECT ID_USUARIO FROM INFRA.USUARIOS WHERE CVE_USUARIO = 'cajasycerraduras_ortiz@hotmail.com') );
INSERT INTO INFRA.CLIENTES ( ID_USUARIO, CLIENTE) VALUES( (SELECT ID_USUARIO FROM INFRA.USUARIOS WHERE CVE_USUARIO = 'cajasycerraduras_ortiz@hotmail.com'), 'Femsa' );

--Airibuz, S.A. de C.V.
INSERT INTO INFRA.USUARIOS ( CVE_USUARIO, PASSWORD ) VALUES( 'ventas@airibuz.com', 'ccmx1234' );
INSERT INTO INFRA.REL_ROLES ( CVE_ROL, CVE_USUARIO ) VALUES( 'PyME', 'ventas@airibuz.com' );
INSERT INTO INFRA.PYMES ( ID_USUARIO, ID_USUARIO_PADRE, CORREO_ELECTRONICO, NOMBRE_COMERCIAL ) VALUES( (SELECT ID_USUARIO FROM INFRA.USUARIOS WHERE CVE_USUARIO = 'ventas@airibuz.com'), '1', 'ventas@airibuz.com', 'Airibuz, S.A. de C.V.' );
INSERT INTO INFRA.CONTACTOS (ID_USUARIO, TIPO, NOMBRE, APELLIDO_PATERNO, APELLIDO_MATERNO, CORREO_ELECTRONICO, B_PRINCIPAL, TELEFONO) VALUES ( (SELECT ID_USUARIO FROM INFRA.USUARIOS WHERE CVE_USUARIO = 'ventas@airibuz.com'), 'Ventas', 'Esperanza', 'Zubiria', 'Alanis', 'ventas@airibuz.com', true, '5558726542');
INSERT INTO INFRA.REL_PYMES_TRACTORAS ( ID_USUARIO_TRACTORA, ID_USUARIO_PYME) VALUES( (SELECT ID_USUARIO FROM INFRA.TRACTORAS WHERE EMPRESA = 'Femsa'), (SELECT ID_USUARIO FROM INFRA.USUARIOS WHERE CVE_USUARIO = 'ventas@airibuz.com') );
INSERT INTO INFRA.CLIENTES ( ID_USUARIO, CLIENTE) VALUES( (SELECT ID_USUARIO FROM INFRA.USUARIOS WHERE CVE_USUARIO = 'ventas@airibuz.com'), 'Femsa' );

--Café 1810, S.A. de C.V.
INSERT INTO INFRA.USUARIOS ( CVE_USUARIO, PASSWORD ) VALUES( 'agustin@cafe1810.com', 'ccmx1234' );
INSERT INTO INFRA.REL_ROLES ( CVE_ROL, CVE_USUARIO ) VALUES( 'PyME', 'agustin@cafe1810.com' );
INSERT INTO INFRA.PYMES ( ID_USUARIO, ID_USUARIO_PADRE, CORREO_ELECTRONICO, NOMBRE_COMERCIAL ) VALUES( (SELECT ID_USUARIO FROM INFRA.USUARIOS WHERE CVE_USUARIO = 'agustin@cafe1810.com'), '1', 'agustin@cafe1810.com', 'Café 1810, S.A. de C.V.' );
INSERT INTO INFRA.CONTACTOS (ID_USUARIO, TIPO, NOMBRE, APELLIDO_PATERNO, APELLIDO_MATERNO, CORREO_ELECTRONICO, B_PRINCIPAL, TELEFONO) VALUES ( (SELECT ID_USUARIO FROM INFRA.USUARIOS WHERE CVE_USUARIO = 'agustin@cafe1810.com'), 'Ventas', 'Agustin', 'Rebolledo', 'Cubas', 'agustin@cafe1810.com', true, '52369854');
INSERT INTO INFRA.REL_PYMES_TRACTORAS ( ID_USUARIO_TRACTORA, ID_USUARIO_PYME) VALUES( (SELECT ID_USUARIO FROM INFRA.TRACTORAS WHERE EMPRESA = 'Femsa'), (SELECT ID_USUARIO FROM INFRA.USUARIOS WHERE CVE_USUARIO = 'agustin@cafe1810.com') );
INSERT INTO INFRA.CLIENTES ( ID_USUARIO, CLIENTE) VALUES( (SELECT ID_USUARIO FROM INFRA.USUARIOS WHERE CVE_USUARIO = 'agustin@cafe1810.com'), 'Femsa' );

--Grupo IOCISA.
INSERT INTO INFRA.USUARIOS ( CVE_USUARIO, PASSWORD ) VALUES( 'mantenimiento.edificios@kof.com.mx', 'ccmx1234' );
INSERT INTO INFRA.REL_ROLES ( CVE_ROL, CVE_USUARIO ) VALUES( 'PyME', 'mantenimiento.edificios@kof.com.mx' );
INSERT INTO INFRA.PYMES ( ID_USUARIO, ID_USUARIO_PADRE, CORREO_ELECTRONICO, NOMBRE_COMERCIAL ) VALUES( (SELECT ID_USUARIO FROM INFRA.USUARIOS WHERE CVE_USUARIO = 'mantenimiento.edificios@kof.com.mx'), '1', 'mantenimiento.edificios@kof.com.mx', 'Grupo IOCISA.' );
INSERT INTO INFRA.CONTACTOS (ID_USUARIO, TIPO, NOMBRE, APELLIDO_PATERNO, APELLIDO_MATERNO, CORREO_ELECTRONICO, B_PRINCIPAL, TELEFONO) VALUES ( (SELECT ID_USUARIO FROM INFRA.USUARIOS WHERE CVE_USUARIO = 'mantenimiento.edificios@kof.com.mx'), 'Ventas', 'J. Antonio', 'Lopez', '', 'mantenimiento.edificios@kof.com.mx', true, '2411126933');
INSERT INTO INFRA.REL_PYMES_TRACTORAS ( ID_USUARIO_TRACTORA, ID_USUARIO_PYME) VALUES( (SELECT ID_USUARIO FROM INFRA.TRACTORAS WHERE EMPRESA = 'Femsa'), (SELECT ID_USUARIO FROM INFRA.USUARIOS WHERE CVE_USUARIO = 'mantenimiento.edificios@kof.com.mx') );
INSERT INTO INFRA.CLIENTES ( ID_USUARIO, CLIENTE) VALUES( (SELECT ID_USUARIO FROM INFRA.USUARIOS WHERE CVE_USUARIO = 'mantenimiento.edificios@kof.com.mx'), 'Femsa' );

--Blanca Itzel de León Álvarez. / MASIY.
INSERT INTO INFRA.USUARIOS ( CVE_USUARIO, PASSWORD ) VALUES( 'masiy_@hotmail.com', 'ccmx1234' );
INSERT INTO INFRA.REL_ROLES ( CVE_ROL, CVE_USUARIO ) VALUES( 'PyME', 'masiy_@hotmail.com' );
INSERT INTO INFRA.PYMES ( ID_USUARIO, ID_USUARIO_PADRE, CORREO_ELECTRONICO, NOMBRE_COMERCIAL ) VALUES( (SELECT ID_USUARIO FROM INFRA.USUARIOS WHERE CVE_USUARIO = 'masiy_@hotmail.com'), '1', 'masiy_@hotmail.com', 'Blanca Itzel de León Álvarez. / MASIY.' );
INSERT INTO INFRA.CONTACTOS (ID_USUARIO, TIPO, NOMBRE, APELLIDO_PATERNO, APELLIDO_MATERNO, CORREO_ELECTRONICO, B_PRINCIPAL, TELEFONO) VALUES ( (SELECT ID_USUARIO FROM INFRA.USUARIOS WHERE CVE_USUARIO = 'masiy_@hotmail.com'), 'Ventas', 'Carlos Eduardo', 'Martinez', 'Yuman', 'masiy_@hotmail.com', true, '7221997055');
INSERT INTO INFRA.REL_PYMES_TRACTORAS ( ID_USUARIO_TRACTORA, ID_USUARIO_PYME) VALUES( (SELECT ID_USUARIO FROM INFRA.TRACTORAS WHERE EMPRESA = 'Femsa'), (SELECT ID_USUARIO FROM INFRA.USUARIOS WHERE CVE_USUARIO = 'masiy_@hotmail.com') );
INSERT INTO INFRA.CLIENTES ( ID_USUARIO, CLIENTE) VALUES( (SELECT ID_USUARIO FROM INFRA.USUARIOS WHERE CVE_USUARIO = 'masiy_@hotmail.com'), 'Femsa' );

--Maires Mantenimiento Industrial, Refacciones y Servicios, S.A. de C.V.
INSERT INTO INFRA.USUARIOS ( CVE_USUARIO, PASSWORD ) VALUES( 'maires_2011@yahoo.com.mx', 'ccmx1234' );
INSERT INTO INFRA.REL_ROLES ( CVE_ROL, CVE_USUARIO ) VALUES( 'PyME', 'maires_2011@yahoo.com.mx' );
INSERT INTO INFRA.PYMES ( ID_USUARIO, ID_USUARIO_PADRE, CORREO_ELECTRONICO, NOMBRE_COMERCIAL ) VALUES( (SELECT ID_USUARIO FROM INFRA.USUARIOS WHERE CVE_USUARIO = 'maires_2011@yahoo.com.mx'), '1', 'maires_2011@yahoo.com.mx', 'Maires Mantenimiento Industrial, Refacciones y Servicios, S.A. de C.V.' );
INSERT INTO INFRA.CONTACTOS (ID_USUARIO, TIPO, NOMBRE, APELLIDO_PATERNO, APELLIDO_MATERNO, CORREO_ELECTRONICO, B_PRINCIPAL, TELEFONO) VALUES ( (SELECT ID_USUARIO FROM INFRA.USUARIOS WHERE CVE_USUARIO = 'maires_2011@yahoo.com.mx'), 'Ventas', 'Maria Elena', 'Rivero', 'Rios', 'maires_2011@yahoo.com.mx', true, '59162747');
INSERT INTO INFRA.REL_PYMES_TRACTORAS ( ID_USUARIO_TRACTORA, ID_USUARIO_PYME) VALUES( (SELECT ID_USUARIO FROM INFRA.TRACTORAS WHERE EMPRESA = 'Femsa'), (SELECT ID_USUARIO FROM INFRA.USUARIOS WHERE CVE_USUARIO = 'maires_2011@yahoo.com.mx') );
INSERT INTO INFRA.CLIENTES ( ID_USUARIO, CLIENTE) VALUES( (SELECT ID_USUARIO FROM INFRA.USUARIOS WHERE CVE_USUARIO = 'maires_2011@yahoo.com.mx'), 'Femsa' );

--Mantenimiento en Pintura JHC.
INSERT INTO INFRA.USUARIOS ( CVE_USUARIO, PASSWORD ) VALUES( 'manpinjer2@yahoo.com.mx', 'ccmx1234' );
INSERT INTO INFRA.REL_ROLES ( CVE_ROL, CVE_USUARIO ) VALUES( 'PyME', 'manpinjer2@yahoo.com.mx' );
INSERT INTO INFRA.PYMES ( ID_USUARIO, ID_USUARIO_PADRE, CORREO_ELECTRONICO, NOMBRE_COMERCIAL ) VALUES( (SELECT ID_USUARIO FROM INFRA.USUARIOS WHERE CVE_USUARIO = 'manpinjer2@yahoo.com.mx'), '1', 'manpinjer2@yahoo.com.mx', 'Mantenimiento en Pintura JHC.' );
INSERT INTO INFRA.CONTACTOS (ID_USUARIO, TIPO, NOMBRE, APELLIDO_PATERNO, APELLIDO_MATERNO, CORREO_ELECTRONICO, B_PRINCIPAL, TELEFONO) VALUES ( (SELECT ID_USUARIO FROM INFRA.USUARIOS WHERE CVE_USUARIO = 'manpinjer2@yahoo.com.mx'), 'Ventas', 'Jose Jeronimo', 'Hernandez', 'Cruz', 'manpinjer2@yahoo.com.mx', true, '58235871');
INSERT INTO INFRA.REL_PYMES_TRACTORAS ( ID_USUARIO_TRACTORA, ID_USUARIO_PYME) VALUES( (SELECT ID_USUARIO FROM INFRA.TRACTORAS WHERE EMPRESA = 'Femsa'), (SELECT ID_USUARIO FROM INFRA.USUARIOS WHERE CVE_USUARIO = 'manpinjer2@yahoo.com.mx') );
INSERT INTO INFRA.CLIENTES ( ID_USUARIO, CLIENTE) VALUES( (SELECT ID_USUARIO FROM INFRA.USUARIOS WHERE CVE_USUARIO = 'manpinjer2@yahoo.com.mx'), 'Femsa' );

--Leeo Construcciones Industriales, S.A. de C.V.
INSERT INTO INFRA.USUARIOS ( CVE_USUARIO, PASSWORD ) VALUES( 'etrejol@hotmail.com', 'ccmx1234' );
INSERT INTO INFRA.REL_ROLES ( CVE_ROL, CVE_USUARIO ) VALUES( 'PyME', 'etrejol@hotmail.com' );
INSERT INTO INFRA.PYMES ( ID_USUARIO, ID_USUARIO_PADRE, CORREO_ELECTRONICO, NOMBRE_COMERCIAL ) VALUES( (SELECT ID_USUARIO FROM INFRA.USUARIOS WHERE CVE_USUARIO = 'etrejol@hotmail.com'), '1', 'etrejol@hotmail.com', 'Leeo Construcciones Industriales, S.A. de C.V.' );
INSERT INTO INFRA.CONTACTOS (ID_USUARIO, TIPO, NOMBRE, APELLIDO_PATERNO, APELLIDO_MATERNO, CORREO_ELECTRONICO, B_PRINCIPAL, TELEFONO) VALUES ( (SELECT ID_USUARIO FROM INFRA.USUARIOS WHERE CVE_USUARIO = 'etrejol@hotmail.com'), 'Ventas', 'Efren', 'Trejo', 'Garcia', 'etrejol@hotmail.com', true, '55797614');
INSERT INTO INFRA.REL_PYMES_TRACTORAS ( ID_USUARIO_TRACTORA, ID_USUARIO_PYME) VALUES( (SELECT ID_USUARIO FROM INFRA.TRACTORAS WHERE EMPRESA = 'Femsa'), (SELECT ID_USUARIO FROM INFRA.USUARIOS WHERE CVE_USUARIO = 'etrejol@hotmail.com') );
INSERT INTO INFRA.CLIENTES ( ID_USUARIO, CLIENTE) VALUES( (SELECT ID_USUARIO FROM INFRA.USUARIOS WHERE CVE_USUARIO = 'etrejol@hotmail.com'), 'Femsa' );

--Ingeniería en Manufacturas Famaro S.A. de C.V.
INSERT INTO INFRA.USUARIOS ( CVE_USUARIO, PASSWORD ) VALUES( 'mrfamaro@hotmail.com', 'ccmx1234' );
INSERT INTO INFRA.REL_ROLES ( CVE_ROL, CVE_USUARIO ) VALUES( 'PyME', 'mrfamaro@hotmail.com' );
INSERT INTO INFRA.PYMES ( ID_USUARIO, ID_USUARIO_PADRE, CORREO_ELECTRONICO, NOMBRE_COMERCIAL ) VALUES( (SELECT ID_USUARIO FROM INFRA.USUARIOS WHERE CVE_USUARIO = 'mrfamaro@hotmail.com'), '1', 'mrfamaro@hotmail.com', 'Ingeniería en Manufacturas Famaro S.A. de C.V.' );
INSERT INTO INFRA.CONTACTOS (ID_USUARIO, TIPO, NOMBRE, APELLIDO_PATERNO, APELLIDO_MATERNO, CORREO_ELECTRONICO, B_PRINCIPAL, TELEFONO) VALUES ( (SELECT ID_USUARIO FROM INFRA.USUARIOS WHERE CVE_USUARIO = 'mrfamaro@hotmail.com'), 'Ventas', 'Josue', 'Martinez', '', 'mrfamaro@hotmail.com', true, '7221994318');
INSERT INTO INFRA.REL_PYMES_TRACTORAS ( ID_USUARIO_TRACTORA, ID_USUARIO_PYME) VALUES( (SELECT ID_USUARIO FROM INFRA.TRACTORAS WHERE EMPRESA = 'Femsa'), (SELECT ID_USUARIO FROM INFRA.USUARIOS WHERE CVE_USUARIO = 'mrfamaro@hotmail.com') );
INSERT INTO INFRA.CLIENTES ( ID_USUARIO, CLIENTE) VALUES( (SELECT ID_USUARIO FROM INFRA.USUARIOS WHERE CVE_USUARIO = 'mrfamaro@hotmail.com'), 'Femsa' );

--SIESA Servicios Industriales Escutia S.A. de C.V.
INSERT INTO INFRA.USUARIOS ( CVE_USUARIO, PASSWORD ) VALUES( 'siesa_escutia@yahoo.com.mx', 'ccmx1234' );
INSERT INTO INFRA.REL_ROLES ( CVE_ROL, CVE_USUARIO ) VALUES( 'PyME', 'siesa_escutia@yahoo.com.mx' );
INSERT INTO INFRA.PYMES ( ID_USUARIO, ID_USUARIO_PADRE, CORREO_ELECTRONICO, NOMBRE_COMERCIAL ) VALUES( (SELECT ID_USUARIO FROM INFRA.USUARIOS WHERE CVE_USUARIO = 'siesa_escutia@yahoo.com.mx'), '1', 'siesa_escutia@yahoo.com.mx', 'SIESA Servicios Industriales Escutia S.A. de C.V.' );
INSERT INTO INFRA.CONTACTOS (ID_USUARIO, TIPO, NOMBRE, APELLIDO_PATERNO, APELLIDO_MATERNO, CORREO_ELECTRONICO, B_PRINCIPAL, TELEFONO) VALUES ( (SELECT ID_USUARIO FROM INFRA.USUARIOS WHERE CVE_USUARIO = 'siesa_escutia@yahoo.com.mx'), 'Ventas', 'Alberto', 'Escutia', 'Torres', 'siesa_escutia@yahoo.com.mx', true, '7222750808');
INSERT INTO INFRA.REL_PYMES_TRACTORAS ( ID_USUARIO_TRACTORA, ID_USUARIO_PYME) VALUES( (SELECT ID_USUARIO FROM INFRA.TRACTORAS WHERE EMPRESA = 'Femsa'), (SELECT ID_USUARIO FROM INFRA.USUARIOS WHERE CVE_USUARIO = 'siesa_escutia@yahoo.com.mx') );
INSERT INTO INFRA.CLIENTES ( ID_USUARIO, CLIENTE) VALUES( (SELECT ID_USUARIO FROM INFRA.USUARIOS WHERE CVE_USUARIO = 'siesa_escutia@yahoo.com.mx'), 'Femsa' );

--Mantenimiento Electromecánico Industrial.
INSERT INTO INFRA.USUARIOS ( CVE_USUARIO, PASSWORD ) VALUES( 'eloy292005@yahoo.com.mx', 'ccmx1234' );
INSERT INTO INFRA.REL_ROLES ( CVE_ROL, CVE_USUARIO ) VALUES( 'PyME', 'eloy292005@yahoo.com.mx' );
INSERT INTO INFRA.PYMES ( ID_USUARIO, ID_USUARIO_PADRE, CORREO_ELECTRONICO, NOMBRE_COMERCIAL ) VALUES( (SELECT ID_USUARIO FROM INFRA.USUARIOS WHERE CVE_USUARIO = 'eloy292005@yahoo.com.mx'), '1', 'eloy292005@yahoo.com.mx', 'Mantenimiento Electromecánico Industrial.' );
INSERT INTO INFRA.CONTACTOS (ID_USUARIO, TIPO, NOMBRE, APELLIDO_PATERNO, APELLIDO_MATERNO, CORREO_ELECTRONICO, B_PRINCIPAL, TELEFONO) VALUES ( (SELECT ID_USUARIO FROM INFRA.USUARIOS WHERE CVE_USUARIO = 'eloy292005@yahoo.com.mx'), 'Ventas', 'Jose Eloy', 'Hernandez', 'Jimenez', 'eloy292005@yahoo.com.mx', true, '5558730586');
INSERT INTO INFRA.REL_PYMES_TRACTORAS ( ID_USUARIO_TRACTORA, ID_USUARIO_PYME) VALUES( (SELECT ID_USUARIO FROM INFRA.TRACTORAS WHERE EMPRESA = 'Femsa'), (SELECT ID_USUARIO FROM INFRA.USUARIOS WHERE CVE_USUARIO = 'eloy292005@yahoo.com.mx') );
INSERT INTO INFRA.CLIENTES ( ID_USUARIO, CLIENTE) VALUES( (SELECT ID_USUARIO FROM INFRA.USUARIOS WHERE CVE_USUARIO = 'eloy292005@yahoo.com.mx'), 'Femsa' );

--Ingeniería Industrial de Toluca S. de R.L. de C.V.
INSERT INTO INFRA.USUARIOS ( CVE_USUARIO, PASSWORD ) VALUES( 'iintol_09@hotmail.com', 'ccmx1234' );
INSERT INTO INFRA.REL_ROLES ( CVE_ROL, CVE_USUARIO ) VALUES( 'PyME', 'iintol_09@hotmail.com' );
INSERT INTO INFRA.PYMES ( ID_USUARIO, ID_USUARIO_PADRE, CORREO_ELECTRONICO, NOMBRE_COMERCIAL ) VALUES( (SELECT ID_USUARIO FROM INFRA.USUARIOS WHERE CVE_USUARIO = 'iintol_09@hotmail.com'), '1', 'iintol_09@hotmail.com', 'Ingeniería Industrial de Toluca S. de R.L. de C.V.' );
INSERT INTO INFRA.CONTACTOS (ID_USUARIO, TIPO, NOMBRE, APELLIDO_PATERNO, APELLIDO_MATERNO, CORREO_ELECTRONICO, B_PRINCIPAL, TELEFONO) VALUES ( (SELECT ID_USUARIO FROM INFRA.USUARIOS WHERE CVE_USUARIO = 'iintol_09@hotmail.com'), 'Ventas', 'Alma Delia', 'Cortes', 'Rivera', 'iintol_09@hotmail.com', true, '7212118313');
INSERT INTO INFRA.REL_PYMES_TRACTORAS ( ID_USUARIO_TRACTORA, ID_USUARIO_PYME) VALUES( (SELECT ID_USUARIO FROM INFRA.TRACTORAS WHERE EMPRESA = 'Femsa'), (SELECT ID_USUARIO FROM INFRA.USUARIOS WHERE CVE_USUARIO = 'iintol_09@hotmail.com') );
INSERT INTO INFRA.CLIENTES ( ID_USUARIO, CLIENTE) VALUES( (SELECT ID_USUARIO FROM INFRA.USUARIOS WHERE CVE_USUARIO = 'iintol_09@hotmail.com'), 'Femsa' );

--José Benjamin Zepeda García.
INSERT INTO INFRA.USUARIOS ( CVE_USUARIO, PASSWORD ) VALUES( 'bpcorporativo@gmail.com', 'ccmx1234' );
INSERT INTO INFRA.REL_ROLES ( CVE_ROL, CVE_USUARIO ) VALUES( 'PyME', 'bpcorporativo@gmail.com' );
INSERT INTO INFRA.PYMES ( ID_USUARIO, ID_USUARIO_PADRE, CORREO_ELECTRONICO, NOMBRE_COMERCIAL ) VALUES( (SELECT ID_USUARIO FROM INFRA.USUARIOS WHERE CVE_USUARIO = 'bpcorporativo@gmail.com'), '1', 'bpcorporativo@gmail.com', 'José Benjamin Zepeda García.' );
INSERT INTO INFRA.CONTACTOS (ID_USUARIO, TIPO, NOMBRE, APELLIDO_PATERNO, APELLIDO_MATERNO, CORREO_ELECTRONICO, B_PRINCIPAL, TELEFONO) VALUES ( (SELECT ID_USUARIO FROM INFRA.USUARIOS WHERE CVE_USUARIO = 'bpcorporativo@gmail.com'), 'Ventas', 'Jose Benjamin', 'Zepeda', 'Garcia', 'bpcorporativo@gmail.com', true, '5554899233');
INSERT INTO INFRA.REL_PYMES_TRACTORAS ( ID_USUARIO_TRACTORA, ID_USUARIO_PYME) VALUES( (SELECT ID_USUARIO FROM INFRA.TRACTORAS WHERE EMPRESA = 'Femsa'), (SELECT ID_USUARIO FROM INFRA.USUARIOS WHERE CVE_USUARIO = 'bpcorporativo@gmail.com') );
INSERT INTO INFRA.CLIENTES ( ID_USUARIO, CLIENTE) VALUES( (SELECT ID_USUARIO FROM INFRA.USUARIOS WHERE CVE_USUARIO = 'bpcorporativo@gmail.com'), 'Femsa' );

--Fortunee Banquetes.
INSERT INTO INFRA.USUARIOS ( CVE_USUARIO, PASSWORD ) VALUES( 'fortu_2@hotmail.com', 'ccmx1234' );
INSERT INTO INFRA.REL_ROLES ( CVE_ROL, CVE_USUARIO ) VALUES( 'PyME', 'fortu_2@hotmail.com' );
INSERT INTO INFRA.PYMES ( ID_USUARIO, ID_USUARIO_PADRE, CORREO_ELECTRONICO, NOMBRE_COMERCIAL ) VALUES( (SELECT ID_USUARIO FROM INFRA.USUARIOS WHERE CVE_USUARIO = 'fortu_2@hotmail.com'), '1', 'fortu_2@hotmail.com', 'Fortunee Banquetes.' );
INSERT INTO INFRA.CONTACTOS (ID_USUARIO, TIPO, NOMBRE, APELLIDO_PATERNO, APELLIDO_MATERNO, CORREO_ELECTRONICO, B_PRINCIPAL, TELEFONO) VALUES ( (SELECT ID_USUARIO FROM INFRA.USUARIOS WHERE CVE_USUARIO = 'fortu_2@hotmail.com'), 'Ventas', '', '', '', 'fortu_2@hotmail.com', true, '56119928');
INSERT INTO INFRA.REL_PYMES_TRACTORAS ( ID_USUARIO_TRACTORA, ID_USUARIO_PYME) VALUES( (SELECT ID_USUARIO FROM INFRA.TRACTORAS WHERE EMPRESA = 'Femsa'), (SELECT ID_USUARIO FROM INFRA.USUARIOS WHERE CVE_USUARIO = 'fortu_2@hotmail.com') );
INSERT INTO INFRA.CLIENTES ( ID_USUARIO, CLIENTE) VALUES( (SELECT ID_USUARIO FROM INFRA.USUARIOS WHERE CVE_USUARIO = 'fortu_2@hotmail.com'), 'Femsa' );

--IM Impresores, S.A. de C.V.
INSERT INTO INFRA.USUARIOS ( CVE_USUARIO, PASSWORD ) VALUES( 'sergio.campos70@yahoo.com.mx', 'ccmx1234' );
INSERT INTO INFRA.REL_ROLES ( CVE_ROL, CVE_USUARIO ) VALUES( 'PyME', 'sergio.campos70@yahoo.com.mx' );
INSERT INTO INFRA.PYMES ( ID_USUARIO, ID_USUARIO_PADRE, CORREO_ELECTRONICO, NOMBRE_COMERCIAL ) VALUES( (SELECT ID_USUARIO FROM INFRA.USUARIOS WHERE CVE_USUARIO = 'sergio.campos70@yahoo.com.mx'), '1', 'sergio.campos70@yahoo.com.mx', 'IM Impresores, S.A. de C.V.' );
INSERT INTO INFRA.CONTACTOS (ID_USUARIO, TIPO, NOMBRE, APELLIDO_PATERNO, APELLIDO_MATERNO, CORREO_ELECTRONICO, B_PRINCIPAL, TELEFONO) VALUES ( (SELECT ID_USUARIO FROM INFRA.USUARIOS WHERE CVE_USUARIO = 'sergio.campos70@yahoo.com.mx'), 'Ventas', '', '', '', 'sergio.campos70@yahoo.com.mx', true, '56748412');
INSERT INTO INFRA.REL_PYMES_TRACTORAS ( ID_USUARIO_TRACTORA, ID_USUARIO_PYME) VALUES( (SELECT ID_USUARIO FROM INFRA.TRACTORAS WHERE EMPRESA = 'Femsa'), (SELECT ID_USUARIO FROM INFRA.USUARIOS WHERE CVE_USUARIO = 'sergio.campos70@yahoo.com.mx') );
INSERT INTO INFRA.CLIENTES ( ID_USUARIO, CLIENTE) VALUES( (SELECT ID_USUARIO FROM INFRA.USUARIOS WHERE CVE_USUARIO = 'sergio.campos70@yahoo.com.mx'), 'Femsa' );

--Servilunch.
INSERT INTO INFRA.USUARIOS ( CVE_USUARIO, PASSWORD ) VALUES( 'servi_lunch_marco@hotmail.com', 'ccmx1234' );
INSERT INTO INFRA.REL_ROLES ( CVE_ROL, CVE_USUARIO ) VALUES( 'PyME', 'servi_lunch_marco@hotmail.com' );
INSERT INTO INFRA.PYMES ( ID_USUARIO, ID_USUARIO_PADRE, CORREO_ELECTRONICO, NOMBRE_COMERCIAL ) VALUES( (SELECT ID_USUARIO FROM INFRA.USUARIOS WHERE CVE_USUARIO = 'servi_lunch_marco@hotmail.com'), '1', 'servi_lunch_marco@hotmail.com', 'Servilunch.' );
INSERT INTO INFRA.CONTACTOS (ID_USUARIO, TIPO, NOMBRE, APELLIDO_PATERNO, APELLIDO_MATERNO, CORREO_ELECTRONICO, B_PRINCIPAL, TELEFONO) VALUES ( (SELECT ID_USUARIO FROM INFRA.USUARIOS WHERE CVE_USUARIO = 'servi_lunch_marco@hotmail.com'), 'Ventas', '', '', '', 'servi_lunch_marco@hotmail.com', true, '');
INSERT INTO INFRA.REL_PYMES_TRACTORAS ( ID_USUARIO_TRACTORA, ID_USUARIO_PYME) VALUES( (SELECT ID_USUARIO FROM INFRA.TRACTORAS WHERE EMPRESA = 'Femsa'), (SELECT ID_USUARIO FROM INFRA.USUARIOS WHERE CVE_USUARIO = 'servi_lunch_marco@hotmail.com') );
INSERT INTO INFRA.CLIENTES ( ID_USUARIO, CLIENTE) VALUES( (SELECT ID_USUARIO FROM INFRA.USUARIOS WHERE CVE_USUARIO = 'servi_lunch_marco@hotmail.com'), 'Femsa' );

--Felme, S.A. de C.V.
INSERT INTO INFRA.USUARIOS ( CVE_USUARIO, PASSWORD ) VALUES( 'felme@prodigy.net.mx', 'ccmx1234' );
INSERT INTO INFRA.REL_ROLES ( CVE_ROL, CVE_USUARIO ) VALUES( 'PyME', 'felme@prodigy.net.mx' );
INSERT INTO INFRA.PYMES ( ID_USUARIO, ID_USUARIO_PADRE, CORREO_ELECTRONICO, NOMBRE_COMERCIAL ) VALUES( (SELECT ID_USUARIO FROM INFRA.USUARIOS WHERE CVE_USUARIO = 'felme@prodigy.net.mx'), '1', 'felme@prodigy.net.mx', 'Felme, S.A. de C.V.' );
INSERT INTO INFRA.CONTACTOS (ID_USUARIO, TIPO, NOMBRE, APELLIDO_PATERNO, APELLIDO_MATERNO, CORREO_ELECTRONICO, B_PRINCIPAL, TELEFONO) VALUES ( (SELECT ID_USUARIO FROM INFRA.USUARIOS WHERE CVE_USUARIO = 'felme@prodigy.net.mx'), 'Ventas', '', '', '', 'felme@prodigy.net.mx', true, '54261188');
INSERT INTO INFRA.REL_PYMES_TRACTORAS ( ID_USUARIO_TRACTORA, ID_USUARIO_PYME) VALUES( (SELECT ID_USUARIO FROM INFRA.TRACTORAS WHERE EMPRESA = 'Femsa'), (SELECT ID_USUARIO FROM INFRA.USUARIOS WHERE CVE_USUARIO = 'felme@prodigy.net.mx') );
INSERT INTO INFRA.CLIENTES ( ID_USUARIO, CLIENTE) VALUES( (SELECT ID_USUARIO FROM INFRA.USUARIOS WHERE CVE_USUARIO = 'felme@prodigy.net.mx'), 'Femsa' );

--Plásticos Tersil, S.A. de C.V.
INSERT INTO INFRA.USUARIOS ( CVE_USUARIO, PASSWORD ) VALUES( 'rascona@tersil.com.mx', 'ccmx1234' );
INSERT INTO INFRA.REL_ROLES ( CVE_ROL, CVE_USUARIO ) VALUES( 'PyME', 'rascona@tersil.com.mx' );
INSERT INTO INFRA.PYMES ( ID_USUARIO, ID_USUARIO_PADRE, CORREO_ELECTRONICO, NOMBRE_COMERCIAL ) VALUES( (SELECT ID_USUARIO FROM INFRA.USUARIOS WHERE CVE_USUARIO = 'rascona@tersil.com.mx'), '1', 'rascona@tersil.com.mx', 'Plásticos Tersil, S.A. de C.V.' );
INSERT INTO INFRA.CONTACTOS (ID_USUARIO, TIPO, NOMBRE, APELLIDO_PATERNO, APELLIDO_MATERNO, CORREO_ELECTRONICO, B_PRINCIPAL, TELEFONO) VALUES ( (SELECT ID_USUARIO FROM INFRA.USUARIOS WHERE CVE_USUARIO = 'rascona@tersil.com.mx'), 'Ventas', '', '', '', 'rascona@tersil.com.mx', true, '2222865213');
INSERT INTO INFRA.REL_PYMES_TRACTORAS ( ID_USUARIO_TRACTORA, ID_USUARIO_PYME) VALUES( (SELECT ID_USUARIO FROM INFRA.TRACTORAS WHERE EMPRESA = 'Femsa'), (SELECT ID_USUARIO FROM INFRA.USUARIOS WHERE CVE_USUARIO = 'rascona@tersil.com.mx') );
INSERT INTO INFRA.CLIENTES ( ID_USUARIO, CLIENTE) VALUES( (SELECT ID_USUARIO FROM INFRA.USUARIOS WHERE CVE_USUARIO = 'rascona@tersil.com.mx'), 'Femsa' );


--GEPP

--DISTRIBUIDORA CIENTIFICA DE LABORATORIOS SA DE CV
INSERT INTO INFRA.USUARIOS ( CVE_USUARIO, PASSWORD ) VALUES( 'daniel@dicilab.com', 'ccmx1234' );
INSERT INTO INFRA.REL_ROLES ( CVE_ROL, CVE_USUARIO ) VALUES( 'PyME', 'daniel@dicilab.com' );
INSERT INTO INFRA.PYMES ( ID_USUARIO, ID_USUARIO_PADRE, CORREO_ELECTRONICO, NOMBRE_COMERCIAL ) VALUES( (SELECT ID_USUARIO FROM INFRA.USUARIOS WHERE CVE_USUARIO = 'daniel@dicilab.com'), '1', 'daniel@dicilab.com', 'DISTRIBUIDORA CIENTIFICA DE LABORATORIOS SA DE CV' );
INSERT INTO INFRA.CONTACTOS (ID_USUARIO, TIPO, NOMBRE, APELLIDO_PATERNO, APELLIDO_MATERNO, CORREO_ELECTRONICO, B_PRINCIPAL, TELEFONO) VALUES ( (SELECT ID_USUARIO FROM INFRA.USUARIOS WHERE CVE_USUARIO = 'daniel@dicilab.com'), 'Ventas', 'Daniel', 'Flores', 'Preciado', 'daniel@dicilab.com', true, '');
INSERT INTO INFRA.REL_PYMES_TRACTORAS ( ID_USUARIO_TRACTORA, ID_USUARIO_PYME) VALUES( (SELECT ID_USUARIO FROM INFRA.TRACTORAS WHERE EMPRESA = 'Gepp'), (SELECT ID_USUARIO FROM INFRA.USUARIOS WHERE CVE_USUARIO = 'daniel@dicilab.com') );
INSERT INTO INFRA.CLIENTES ( ID_USUARIO, CLIENTE) VALUES( (SELECT ID_USUARIO FROM INFRA.USUARIOS WHERE CVE_USUARIO = 'daniel@dicilab.com'), 'Gepp' );

--SELLOS MECANICOS DE OCCIDENTE SA DE CV
INSERT INTO INFRA.USUARIOS ( CVE_USUARIO, PASSWORD ) VALUES( 'marco.flores@innovaseals.com.mx', 'ccmx1234' );
INSERT INTO INFRA.REL_ROLES ( CVE_ROL, CVE_USUARIO ) VALUES( 'PyME', 'marco.flores@innovaseals.com.mx' );
INSERT INTO INFRA.PYMES ( ID_USUARIO, ID_USUARIO_PADRE, CORREO_ELECTRONICO, NOMBRE_COMERCIAL ) VALUES( (SELECT ID_USUARIO FROM INFRA.USUARIOS WHERE CVE_USUARIO = 'marco.flores@innovaseals.com.mx'), '1', 'marco.flores@innovaseals.com.mx', 'SELLOS MECANICOS DE OCCIDENTE SA DE CV' );
INSERT INTO INFRA.CONTACTOS (ID_USUARIO, TIPO, NOMBRE, APELLIDO_PATERNO, APELLIDO_MATERNO, CORREO_ELECTRONICO, B_PRINCIPAL, TELEFONO) VALUES ( (SELECT ID_USUARIO FROM INFRA.USUARIOS WHERE CVE_USUARIO = 'marco.flores@innovaseals.com.mx'), 'Ventas', '', '', '', 'marco.flores@innovaseals.com.mx', true, '');
INSERT INTO INFRA.REL_PYMES_TRACTORAS ( ID_USUARIO_TRACTORA, ID_USUARIO_PYME) VALUES( (SELECT ID_USUARIO FROM INFRA.TRACTORAS WHERE EMPRESA = 'Gepp'), (SELECT ID_USUARIO FROM INFRA.USUARIOS WHERE CVE_USUARIO = 'marco.flores@innovaseals.com.mx') );
INSERT INTO INFRA.CLIENTES ( ID_USUARIO, CLIENTE) VALUES( (SELECT ID_USUARIO FROM INFRA.USUARIOS WHERE CVE_USUARIO = 'marco.flores@innovaseals.com.mx'), 'Gepp' );

--LIQUI BOX MEXICO SA DE CV
INSERT INTO INFRA.USUARIOS ( CVE_USUARIO, PASSWORD ) VALUES( 'jleyva@liquibox.com', 'ccmx1234' );
INSERT INTO INFRA.REL_ROLES ( CVE_ROL, CVE_USUARIO ) VALUES( 'PyME', 'jleyva@liquibox.com' );
INSERT INTO INFRA.PYMES ( ID_USUARIO, ID_USUARIO_PADRE, CORREO_ELECTRONICO, NOMBRE_COMERCIAL ) VALUES( (SELECT ID_USUARIO FROM INFRA.USUARIOS WHERE CVE_USUARIO = 'jleyva@liquibox.com'), '1', 'jleyva@liquibox.com', 'LIQUI BOX MEXICO SA DE CV' );
INSERT INTO INFRA.CONTACTOS (ID_USUARIO, TIPO, NOMBRE, APELLIDO_PATERNO, APELLIDO_MATERNO, CORREO_ELECTRONICO, B_PRINCIPAL, TELEFONO) VALUES ( (SELECT ID_USUARIO FROM INFRA.USUARIOS WHERE CVE_USUARIO = 'jleyva@liquibox.com'), 'Ventas', 'JUAN CARLOS', 'LEYVA', '', 'jleyva@liquibox.com', true, '');
INSERT INTO INFRA.REL_PYMES_TRACTORAS ( ID_USUARIO_TRACTORA, ID_USUARIO_PYME) VALUES( (SELECT ID_USUARIO FROM INFRA.TRACTORAS WHERE EMPRESA = 'Gepp'), (SELECT ID_USUARIO FROM INFRA.USUARIOS WHERE CVE_USUARIO = 'jleyva@liquibox.com') );
INSERT INTO INFRA.CLIENTES ( ID_USUARIO, CLIENTE) VALUES( (SELECT ID_USUARIO FROM INFRA.USUARIOS WHERE CVE_USUARIO = 'jleyva@liquibox.com'), 'Gepp' );

--HARO CONTROL SA DE CV
INSERT INTO INFRA.USUARIOS ( CVE_USUARIO, PASSWORD ) VALUES( 'efrainmartinez@harocontrol.com', 'ccmx1234' );
INSERT INTO INFRA.REL_ROLES ( CVE_ROL, CVE_USUARIO ) VALUES( 'PyME', 'efrainmartinez@harocontrol.com' );
INSERT INTO INFRA.PYMES ( ID_USUARIO, ID_USUARIO_PADRE, CORREO_ELECTRONICO, NOMBRE_COMERCIAL ) VALUES( (SELECT ID_USUARIO FROM INFRA.USUARIOS WHERE CVE_USUARIO = 'efrainmartinez@harocontrol.com'), '1', 'efrainmartinez@harocontrol.com', 'HARO CONTROL SA DE CV' );
INSERT INTO INFRA.CONTACTOS (ID_USUARIO, TIPO, NOMBRE, APELLIDO_PATERNO, APELLIDO_MATERNO, CORREO_ELECTRONICO, B_PRINCIPAL, TELEFONO) VALUES ( (SELECT ID_USUARIO FROM INFRA.USUARIOS WHERE CVE_USUARIO = 'efrainmartinez@harocontrol.com'), 'Ventas', 'EFRAIN', 'MARTINEZ', '', 'efrainmartinez@harocontrol.com', true, '');
INSERT INTO INFRA.REL_PYMES_TRACTORAS ( ID_USUARIO_TRACTORA, ID_USUARIO_PYME) VALUES( (SELECT ID_USUARIO FROM INFRA.TRACTORAS WHERE EMPRESA = 'Gepp'), (SELECT ID_USUARIO FROM INFRA.USUARIOS WHERE CVE_USUARIO = 'efrainmartinez@harocontrol.com') );
INSERT INTO INFRA.CLIENTES ( ID_USUARIO, CLIENTE) VALUES( (SELECT ID_USUARIO FROM INFRA.USUARIOS WHERE CVE_USUARIO = 'efrainmartinez@harocontrol.com'), 'Gepp' );

--DISTRIBUIDORA REALZA SA DE CV
INSERT INTO INFRA.USUARIOS ( CVE_USUARIO, PASSWORD ) VALUES( 'cahual@prodigy.net.mx', 'ccmx1234' );
INSERT INTO INFRA.REL_ROLES ( CVE_ROL, CVE_USUARIO ) VALUES( 'PyME', 'cahual@prodigy.net.mx' );
INSERT INTO INFRA.PYMES ( ID_USUARIO, ID_USUARIO_PADRE, CORREO_ELECTRONICO, NOMBRE_COMERCIAL ) VALUES( (SELECT ID_USUARIO FROM INFRA.USUARIOS WHERE CVE_USUARIO = 'cahual@prodigy.net.mx'), '1', 'cahual@prodigy.net.mx', 'DISTRIBUIDORA REALZA SA DE CV' );
INSERT INTO INFRA.CONTACTOS (ID_USUARIO, TIPO, NOMBRE, APELLIDO_PATERNO, APELLIDO_MATERNO, CORREO_ELECTRONICO, B_PRINCIPAL, TELEFONO) VALUES ( (SELECT ID_USUARIO FROM INFRA.USUARIOS WHERE CVE_USUARIO = 'cahual@prodigy.net.mx'), 'Ventas', 'PEDRO', 'PEREZ', '', 'cahual@prodigy.net.mx', true, '');
INSERT INTO INFRA.REL_PYMES_TRACTORAS ( ID_USUARIO_TRACTORA, ID_USUARIO_PYME) VALUES( (SELECT ID_USUARIO FROM INFRA.TRACTORAS WHERE EMPRESA = 'Gepp'), (SELECT ID_USUARIO FROM INFRA.USUARIOS WHERE CVE_USUARIO = 'cahual@prodigy.net.mx') );
INSERT INTO INFRA.CLIENTES ( ID_USUARIO, CLIENTE) VALUES( (SELECT ID_USUARIO FROM INFRA.USUARIOS WHERE CVE_USUARIO = 'cahual@prodigy.net.mx'), 'Gepp' );

--COMERCIALIZADORA DE RODAMIENTOS INTERNACIONALES SA DE CV
INSERT INTO INFRA.USUARIOS ( CVE_USUARIO, PASSWORD ) VALUES( 'corinsa@live.com.mx', 'ccmx1234' );
INSERT INTO INFRA.REL_ROLES ( CVE_ROL, CVE_USUARIO ) VALUES( 'PyME', 'corinsa@live.com.mx' );
INSERT INTO INFRA.PYMES ( ID_USUARIO, ID_USUARIO_PADRE, CORREO_ELECTRONICO, NOMBRE_COMERCIAL ) VALUES( (SELECT ID_USUARIO FROM INFRA.USUARIOS WHERE CVE_USUARIO = 'corinsa@live.com.mx'), '1', 'corinsa@live.com.mx', 'COMERCIALIZADORA DE RODAMIENTOS INTERNACIONALES SA DE CV' );
INSERT INTO INFRA.CONTACTOS (ID_USUARIO, TIPO, NOMBRE, APELLIDO_PATERNO, APELLIDO_MATERNO, CORREO_ELECTRONICO, B_PRINCIPAL, TELEFONO) VALUES ( (SELECT ID_USUARIO FROM INFRA.USUARIOS WHERE CVE_USUARIO = 'corinsa@live.com.mx'), 'Ventas', 'MARIO', 'RIVERA', '', 'corinsa@live.com.mx', true, '');
INSERT INTO INFRA.REL_PYMES_TRACTORAS ( ID_USUARIO_TRACTORA, ID_USUARIO_PYME) VALUES( (SELECT ID_USUARIO FROM INFRA.TRACTORAS WHERE EMPRESA = 'Gepp'), (SELECT ID_USUARIO FROM INFRA.USUARIOS WHERE CVE_USUARIO = 'corinsa@live.com.mx') );
INSERT INTO INFRA.CLIENTES ( ID_USUARIO, CLIENTE) VALUES( (SELECT ID_USUARIO FROM INFRA.USUARIOS WHERE CVE_USUARIO = 'corinsa@live.com.mx'), 'Gepp' );

--ANGELOS PROMOCIONALES SA DE CV
INSERT INTO INFRA.USUARIOS ( CVE_USUARIO, PASSWORD ) VALUES( 'angelospromos@prodigy.net.mx', 'ccmx1234' );
INSERT INTO INFRA.REL_ROLES ( CVE_ROL, CVE_USUARIO ) VALUES( 'PyME', 'angelospromos@prodigy.net.mx' );
INSERT INTO INFRA.PYMES ( ID_USUARIO, ID_USUARIO_PADRE, CORREO_ELECTRONICO, NOMBRE_COMERCIAL ) VALUES( (SELECT ID_USUARIO FROM INFRA.USUARIOS WHERE CVE_USUARIO = 'angelospromos@prodigy.net.mx'), '1', 'angelospromos@prodigy.net.mx', 'ANGELOS PROMOCIONALES SA DE CV' );
INSERT INTO INFRA.CONTACTOS (ID_USUARIO, TIPO, NOMBRE, APELLIDO_PATERNO, APELLIDO_MATERNO, CORREO_ELECTRONICO, B_PRINCIPAL, TELEFONO) VALUES ( (SELECT ID_USUARIO FROM INFRA.USUARIOS WHERE CVE_USUARIO = 'angelospromos@prodigy.net.mx'), 'Ventas', 'ANGELO', 'NEPONTE', '', 'angelospromos@prodigy.net.mx', true, '');
INSERT INTO INFRA.REL_PYMES_TRACTORAS ( ID_USUARIO_TRACTORA, ID_USUARIO_PYME) VALUES( (SELECT ID_USUARIO FROM INFRA.TRACTORAS WHERE EMPRESA = 'Gepp'), (SELECT ID_USUARIO FROM INFRA.USUARIOS WHERE CVE_USUARIO = 'angelospromos@prodigy.net.mx') );
INSERT INTO INFRA.CLIENTES ( ID_USUARIO, CLIENTE) VALUES( (SELECT ID_USUARIO FROM INFRA.USUARIOS WHERE CVE_USUARIO = 'angelospromos@prodigy.net.mx'), 'Gepp' );

--EMIYCSAN SA DE CV
INSERT INTO INFRA.USUARIOS ( CVE_USUARIO, PASSWORD ) VALUES( 'equiposdemedicion@prodigy.net.mx', 'ccmx1234' );
INSERT INTO INFRA.REL_ROLES ( CVE_ROL, CVE_USUARIO ) VALUES( 'PyME', 'equiposdemedicion@prodigy.net.mx' );
INSERT INTO INFRA.PYMES ( ID_USUARIO, ID_USUARIO_PADRE, CORREO_ELECTRONICO, NOMBRE_COMERCIAL ) VALUES( (SELECT ID_USUARIO FROM INFRA.USUARIOS WHERE CVE_USUARIO = 'equiposdemedicion@prodigy.net.mx'), '1', 'equiposdemedicion@prodigy.net.mx', 'EMIYCSAN SA DE CV' );
INSERT INTO INFRA.CONTACTOS (ID_USUARIO, TIPO, NOMBRE, APELLIDO_PATERNO, APELLIDO_MATERNO, CORREO_ELECTRONICO, B_PRINCIPAL, TELEFONO) VALUES ( (SELECT ID_USUARIO FROM INFRA.USUARIOS WHERE CVE_USUARIO = 'equiposdemedicion@prodigy.net.mx'), 'Ventas', 'VICTOR SANTIAGO', 'ROBLES', '', 'equiposdemedicion@prodigy.net.mx', true, '');
INSERT INTO INFRA.REL_PYMES_TRACTORAS ( ID_USUARIO_TRACTORA, ID_USUARIO_PYME) VALUES( (SELECT ID_USUARIO FROM INFRA.TRACTORAS WHERE EMPRESA = 'Gepp'), (SELECT ID_USUARIO FROM INFRA.USUARIOS WHERE CVE_USUARIO = 'equiposdemedicion@prodigy.net.mx') );
INSERT INTO INFRA.CLIENTES ( ID_USUARIO, CLIENTE) VALUES( (SELECT ID_USUARIO FROM INFRA.USUARIOS WHERE CVE_USUARIO = 'equiposdemedicion@prodigy.net.mx'), 'Gepp' );

--IMPRESOS UYEDA
INSERT INTO INFRA.USUARIOS ( CVE_USUARIO, PASSWORD ) VALUES( 'daniel@uyeda.com.mx', 'ccmx1234' );
INSERT INTO INFRA.REL_ROLES ( CVE_ROL, CVE_USUARIO ) VALUES( 'PyME', 'daniel@uyeda.com.mx' );
INSERT INTO INFRA.PYMES ( ID_USUARIO, ID_USUARIO_PADRE, CORREO_ELECTRONICO, NOMBRE_COMERCIAL ) VALUES( (SELECT ID_USUARIO FROM INFRA.USUARIOS WHERE CVE_USUARIO = 'daniel@uyeda.com.mx'), '1', 'daniel@uyeda.com.mx', 'IMPRESOS UYEDA' );
INSERT INTO INFRA.CONTACTOS (ID_USUARIO, TIPO, NOMBRE, APELLIDO_PATERNO, APELLIDO_MATERNO, CORREO_ELECTRONICO, B_PRINCIPAL, TELEFONO) VALUES ( (SELECT ID_USUARIO FROM INFRA.USUARIOS WHERE CVE_USUARIO = 'daniel@uyeda.com.mx'), 'Ventas', 'DANIEL', 'ORTIZ', 'CERVANTES', 'daniel@uyeda.com.mx', true, '');
INSERT INTO INFRA.REL_PYMES_TRACTORAS ( ID_USUARIO_TRACTORA, ID_USUARIO_PYME) VALUES( (SELECT ID_USUARIO FROM INFRA.TRACTORAS WHERE EMPRESA = 'Gepp'), (SELECT ID_USUARIO FROM INFRA.USUARIOS WHERE CVE_USUARIO = 'daniel@uyeda.com.mx') );
INSERT INTO INFRA.CLIENTES ( ID_USUARIO, CLIENTE) VALUES( (SELECT ID_USUARIO FROM INFRA.USUARIOS WHERE CVE_USUARIO = 'daniel@uyeda.com.mx'), 'Gepp' );

--HULES Y REFACCIONES INDUSTRIALES
INSERT INTO INFRA.USUARIOS ( CVE_USUARIO, PASSWORD ) VALUES( 'venturaa@prodigy.net.mx', 'ccmx1234' );
INSERT INTO INFRA.REL_ROLES ( CVE_ROL, CVE_USUARIO ) VALUES( 'PyME', 'venturaa@prodigy.net.mx' );
INSERT INTO INFRA.PYMES ( ID_USUARIO, ID_USUARIO_PADRE, CORREO_ELECTRONICO, NOMBRE_COMERCIAL ) VALUES( (SELECT ID_USUARIO FROM INFRA.USUARIOS WHERE CVE_USUARIO = 'venturaa@prodigy.net.mx'), '1', 'venturaa@prodigy.net.mx', 'HULES Y REFACCIONES INDUSTRIALES' );
INSERT INTO INFRA.CONTACTOS (ID_USUARIO, TIPO, NOMBRE, APELLIDO_PATERNO, APELLIDO_MATERNO, CORREO_ELECTRONICO, B_PRINCIPAL, TELEFONO) VALUES ( (SELECT ID_USUARIO FROM INFRA.USUARIOS WHERE CVE_USUARIO = 'venturaa@prodigy.net.mx'), 'Ventas', 'RICARDO', 'VENTURA', 'AGUILAR', 'venturaa@prodigy.net.mx', true, '');
INSERT INTO INFRA.REL_PYMES_TRACTORAS ( ID_USUARIO_TRACTORA, ID_USUARIO_PYME) VALUES( (SELECT ID_USUARIO FROM INFRA.TRACTORAS WHERE EMPRESA = 'Gepp'), (SELECT ID_USUARIO FROM INFRA.USUARIOS WHERE CVE_USUARIO = 'venturaa@prodigy.net.mx') );
INSERT INTO INFRA.CLIENTES ( ID_USUARIO, CLIENTE) VALUES( (SELECT ID_USUARIO FROM INFRA.USUARIOS WHERE CVE_USUARIO = 'venturaa@prodigy.net.mx'), 'Gepp' );

--ANGUIANO Y WONG ASESORES, S.A. DE C.V.
INSERT INTO INFRA.USUARIOS ( CVE_USUARIO, PASSWORD ) VALUES( 'gav@awasa.com.mx', 'ccmx1234' );
INSERT INTO INFRA.REL_ROLES ( CVE_ROL, CVE_USUARIO ) VALUES( 'PyME', 'gav@awasa.com.mx' );
INSERT INTO INFRA.PYMES ( ID_USUARIO, ID_USUARIO_PADRE, CORREO_ELECTRONICO, NOMBRE_COMERCIAL ) VALUES( (SELECT ID_USUARIO FROM INFRA.USUARIOS WHERE CVE_USUARIO = 'gav@awasa.com.mx'), '1', 'gav@awasa.com.mx', 'ANGUIANO Y WONG ASESORES, S.A. DE C.V.' );
INSERT INTO INFRA.CONTACTOS (ID_USUARIO, TIPO, NOMBRE, APELLIDO_PATERNO, APELLIDO_MATERNO, CORREO_ELECTRONICO, B_PRINCIPAL, TELEFONO) VALUES ( (SELECT ID_USUARIO FROM INFRA.USUARIOS WHERE CVE_USUARIO = 'gav@awasa.com.mx'), 'Ventas', 'GILBERTO', 'ANGUIANO', 'M', 'gav@awasa.com.mx', true, '');
INSERT INTO INFRA.REL_PYMES_TRACTORAS ( ID_USUARIO_TRACTORA, ID_USUARIO_PYME) VALUES( (SELECT ID_USUARIO FROM INFRA.TRACTORAS WHERE EMPRESA = 'Gepp'), (SELECT ID_USUARIO FROM INFRA.USUARIOS WHERE CVE_USUARIO = 'gav@awasa.com.mx') );
INSERT INTO INFRA.CLIENTES ( ID_USUARIO, CLIENTE) VALUES( (SELECT ID_USUARIO FROM INFRA.USUARIOS WHERE CVE_USUARIO = 'gav@awasa.com.mx'), 'Gepp' );

--PROVEJAL, S.A. DE C.V.
INSERT INTO INFRA.USUARIOS ( CVE_USUARIO, PASSWORD ) VALUES( 'gteadministrativo@provejal.com', 'ccmx1234' );
INSERT INTO INFRA.REL_ROLES ( CVE_ROL, CVE_USUARIO ) VALUES( 'PyME', 'gteadministrativo@provejal.com' );
INSERT INTO INFRA.PYMES ( ID_USUARIO, ID_USUARIO_PADRE, CORREO_ELECTRONICO, NOMBRE_COMERCIAL ) VALUES( (SELECT ID_USUARIO FROM INFRA.USUARIOS WHERE CVE_USUARIO = 'gteadministrativo@provejal.com'), '1', 'gteadministrativo@provejal.com', 'PROVEJAL, S.A. DE C.V.' );
INSERT INTO INFRA.CONTACTOS (ID_USUARIO, TIPO, NOMBRE, APELLIDO_PATERNO, APELLIDO_MATERNO, CORREO_ELECTRONICO, B_PRINCIPAL, TELEFONO) VALUES ( (SELECT ID_USUARIO FROM INFRA.USUARIOS WHERE CVE_USUARIO = 'gteadministrativo@provejal.com'), 'Ventas', 'JAVIER', 'PEREZ', 'MORALES', 'gteadministrativo@provejal.com', true, '');
INSERT INTO INFRA.REL_PYMES_TRACTORAS ( ID_USUARIO_TRACTORA, ID_USUARIO_PYME) VALUES( (SELECT ID_USUARIO FROM INFRA.TRACTORAS WHERE EMPRESA = 'Gepp'), (SELECT ID_USUARIO FROM INFRA.USUARIOS WHERE CVE_USUARIO = 'gteadministrativo@provejal.com') );
INSERT INTO INFRA.CLIENTES ( ID_USUARIO, CLIENTE) VALUES( (SELECT ID_USUARIO FROM INFRA.USUARIOS WHERE CVE_USUARIO = 'gteadministrativo@provejal.com'), 'Gepp' );

--TECNICA EN MACANICA AUTOMOTRIZ, S.A. DE C.V.
INSERT INTO INFRA.USUARIOS ( CVE_USUARIO, PASSWORD ) VALUES( 'antoniojaramillo@tema.com.mx', 'ccmx1234' );
INSERT INTO INFRA.REL_ROLES ( CVE_ROL, CVE_USUARIO ) VALUES( 'PyME', 'antoniojaramillo@tema.com.mx' );
INSERT INTO INFRA.PYMES ( ID_USUARIO, ID_USUARIO_PADRE, CORREO_ELECTRONICO, NOMBRE_COMERCIAL ) VALUES( (SELECT ID_USUARIO FROM INFRA.USUARIOS WHERE CVE_USUARIO = 'antoniojaramillo@tema.com.mx'), '1', 'antoniojaramillo@tema.com.mx', 'TECNICA EN MACANICA AUTOMOTRIZ, S.A. DE C.V.' );
INSERT INTO INFRA.CONTACTOS (ID_USUARIO, TIPO, NOMBRE, APELLIDO_PATERNO, APELLIDO_MATERNO, CORREO_ELECTRONICO, B_PRINCIPAL, TELEFONO) VALUES ( (SELECT ID_USUARIO FROM INFRA.USUARIOS WHERE CVE_USUARIO = 'antoniojaramillo@tema.com.mx'), 'Ventas', 'ANTONIO', 'JARAMILLO', '', 'antoniojaramillo@tema.com.mx', true, '');
INSERT INTO INFRA.REL_PYMES_TRACTORAS ( ID_USUARIO_TRACTORA, ID_USUARIO_PYME) VALUES( (SELECT ID_USUARIO FROM INFRA.TRACTORAS WHERE EMPRESA = 'Gepp'), (SELECT ID_USUARIO FROM INFRA.USUARIOS WHERE CVE_USUARIO = 'antoniojaramillo@tema.com.mx') );
INSERT INTO INFRA.CLIENTES ( ID_USUARIO, CLIENTE) VALUES( (SELECT ID_USUARIO FROM INFRA.USUARIOS WHERE CVE_USUARIO = 'antoniojaramillo@tema.com.mx'), 'Gepp' );

--ENGEENERING DIESEL GROUP
INSERT INTO INFRA.USUARIOS ( CVE_USUARIO, PASSWORD ) VALUES( 'padilla77_7@hotmail.com', 'ccmx1234' );
INSERT INTO INFRA.REL_ROLES ( CVE_ROL, CVE_USUARIO ) VALUES( 'PyME', 'padilla77_7@hotmail.com' );
INSERT INTO INFRA.PYMES ( ID_USUARIO, ID_USUARIO_PADRE, CORREO_ELECTRONICO, NOMBRE_COMERCIAL ) VALUES( (SELECT ID_USUARIO FROM INFRA.USUARIOS WHERE CVE_USUARIO = 'padilla77_7@hotmail.com'), '1', 'padilla77_7@hotmail.com', 'ENGEENERING DIESEL GROUP' );
INSERT INTO INFRA.CONTACTOS (ID_USUARIO, TIPO, NOMBRE, APELLIDO_PATERNO, APELLIDO_MATERNO, CORREO_ELECTRONICO, B_PRINCIPAL, TELEFONO) VALUES ( (SELECT ID_USUARIO FROM INFRA.USUARIOS WHERE CVE_USUARIO = 'padilla77_7@hotmail.com'), 'Ventas', 'JONATHAN', 'PADILLA', '', 'padilla77_7@hotmail.com', true, '');
INSERT INTO INFRA.REL_PYMES_TRACTORAS ( ID_USUARIO_TRACTORA, ID_USUARIO_PYME) VALUES( (SELECT ID_USUARIO FROM INFRA.TRACTORAS WHERE EMPRESA = 'Gepp'), (SELECT ID_USUARIO FROM INFRA.USUARIOS WHERE CVE_USUARIO = 'padilla77_7@hotmail.com') );
INSERT INTO INFRA.CLIENTES ( ID_USUARIO, CLIENTE) VALUES( (SELECT ID_USUARIO FROM INFRA.USUARIOS WHERE CVE_USUARIO = 'padilla77_7@hotmail.com'), 'Gepp' );

--ZURITA INDUSTRIAL
INSERT INTO INFRA.USUARIOS ( CVE_USUARIO, PASSWORD ) VALUES( 'mariaeugenia.montana@zuritaindustrial.com', 'ccmx1234' );
INSERT INTO INFRA.REL_ROLES ( CVE_ROL, CVE_USUARIO ) VALUES( 'PyME', 'mariaeugenia.montana@zuritaindustrial.com' );
INSERT INTO INFRA.PYMES ( ID_USUARIO, ID_USUARIO_PADRE, CORREO_ELECTRONICO, NOMBRE_COMERCIAL ) VALUES( (SELECT ID_USUARIO FROM INFRA.USUARIOS WHERE CVE_USUARIO = 'mariaeugenia.montana@zuritaindustrial.com'), '1', 'mariaeugenia.montana@zuritaindustrial.com', 'ZURITA INDUSTRIAL' );
INSERT INTO INFRA.CONTACTOS (ID_USUARIO, TIPO, NOMBRE, APELLIDO_PATERNO, APELLIDO_MATERNO, CORREO_ELECTRONICO, B_PRINCIPAL, TELEFONO) VALUES ( (SELECT ID_USUARIO FROM INFRA.USUARIOS WHERE CVE_USUARIO = 'mariaeugenia.montana@zuritaindustrial.com'), 'Ventas', 'ALDO E.', 'ZURITA', 'REYES', 'mariaeugenia.montana@zuritaindustrial.com', true, '');
INSERT INTO INFRA.REL_PYMES_TRACTORAS ( ID_USUARIO_TRACTORA, ID_USUARIO_PYME) VALUES( (SELECT ID_USUARIO FROM INFRA.TRACTORAS WHERE EMPRESA = 'Gepp'), (SELECT ID_USUARIO FROM INFRA.USUARIOS WHERE CVE_USUARIO = 'mariaeugenia.montana@zuritaindustrial.com') );
INSERT INTO INFRA.CLIENTES ( ID_USUARIO, CLIENTE) VALUES( (SELECT ID_USUARIO FROM INFRA.USUARIOS WHERE CVE_USUARIO = 'mariaeugenia.montana@zuritaindustrial.com'), 'Gepp' );

--TALLER MECANICO INDUSTRIAL
INSERT INTO INFRA.USUARIOS ( CVE_USUARIO, PASSWORD ) VALUES( 'jesusochoa183@hotmail.com', 'ccmx1234' );
INSERT INTO INFRA.REL_ROLES ( CVE_ROL, CVE_USUARIO ) VALUES( 'PyME', 'jesusochoa183@hotmail.com' );
INSERT INTO INFRA.PYMES ( ID_USUARIO, ID_USUARIO_PADRE, CORREO_ELECTRONICO, NOMBRE_COMERCIAL ) VALUES( (SELECT ID_USUARIO FROM INFRA.USUARIOS WHERE CVE_USUARIO = 'jesusochoa183@hotmail.com'), '1', 'jesusochoa183@hotmail.com', 'TALLER MECANICO INDUSTRIAL' );
INSERT INTO INFRA.CONTACTOS (ID_USUARIO, TIPO, NOMBRE, APELLIDO_PATERNO, APELLIDO_MATERNO, CORREO_ELECTRONICO, B_PRINCIPAL, TELEFONO) VALUES ( (SELECT ID_USUARIO FROM INFRA.USUARIOS WHERE CVE_USUARIO = 'jesusochoa183@hotmail.com'), 'Ventas', 'JESUS MANUEL', 'OCHOA', 'CRUZ', 'jesusochoa183@hotmail.com', true, '');
INSERT INTO INFRA.REL_PYMES_TRACTORAS ( ID_USUARIO_TRACTORA, ID_USUARIO_PYME) VALUES( (SELECT ID_USUARIO FROM INFRA.TRACTORAS WHERE EMPRESA = 'Gepp'), (SELECT ID_USUARIO FROM INFRA.USUARIOS WHERE CVE_USUARIO = 'jesusochoa183@hotmail.com') );
INSERT INTO INFRA.CLIENTES ( ID_USUARIO, CLIENTE) VALUES( (SELECT ID_USUARIO FROM INFRA.USUARIOS WHERE CVE_USUARIO = 'jesusochoa183@hotmail.com'), 'Gepp' );

--IMPRERAPID ARTE IMPRESA S.A. DE C.V.
INSERT INTO INFRA.USUARIOS ( CVE_USUARIO, PASSWORD ) VALUES( 'malcaraz@imprerapid.com', 'ccmx1234' );
INSERT INTO INFRA.REL_ROLES ( CVE_ROL, CVE_USUARIO ) VALUES( 'PyME', 'malcaraz@imprerapid.com' );
INSERT INTO INFRA.PYMES ( ID_USUARIO, ID_USUARIO_PADRE, CORREO_ELECTRONICO, NOMBRE_COMERCIAL ) VALUES( (SELECT ID_USUARIO FROM INFRA.USUARIOS WHERE CVE_USUARIO = 'malcaraz@imprerapid.com'), '1', 'malcaraz@imprerapid.com', 'IMPRERAPID ARTE IMPRESA S.A. DE C.V.' );
INSERT INTO INFRA.CONTACTOS (ID_USUARIO, TIPO, NOMBRE, APELLIDO_PATERNO, APELLIDO_MATERNO, CORREO_ELECTRONICO, B_PRINCIPAL, TELEFONO) VALUES ( (SELECT ID_USUARIO FROM INFRA.USUARIOS WHERE CVE_USUARIO = 'malcaraz@imprerapid.com'), 'Ventas', 'MARTHA MARIANA', 'ALCATRAZ', 'RABAGO', 'malcaraz@imprerapid.com', true, '');
INSERT INTO INFRA.REL_PYMES_TRACTORAS ( ID_USUARIO_TRACTORA, ID_USUARIO_PYME) VALUES( (SELECT ID_USUARIO FROM INFRA.TRACTORAS WHERE EMPRESA = 'Gepp'), (SELECT ID_USUARIO FROM INFRA.USUARIOS WHERE CVE_USUARIO = 'malcaraz@imprerapid.com') );
INSERT INTO INFRA.CLIENTES ( ID_USUARIO, CLIENTE) VALUES( (SELECT ID_USUARIO FROM INFRA.USUARIOS WHERE CVE_USUARIO = 'malcaraz@imprerapid.com'), 'Gepp' );

--ALBE INTERNACIONAL S.A. DE C.V.
INSERT INTO INFRA.USUARIOS ( CVE_USUARIO, PASSWORD ) VALUES( 'arturoa@albe.com.mx', 'ccmx1234' );
INSERT INTO INFRA.REL_ROLES ( CVE_ROL, CVE_USUARIO ) VALUES( 'PyME', 'arturoa@albe.com.mx' );
INSERT INTO INFRA.PYMES ( ID_USUARIO, ID_USUARIO_PADRE, CORREO_ELECTRONICO, NOMBRE_COMERCIAL ) VALUES( (SELECT ID_USUARIO FROM INFRA.USUARIOS WHERE CVE_USUARIO = 'arturoa@albe.com.mx'), '1', 'arturoa@albe.com.mx', 'ALBE INTERNACIONAL S.A. DE C.V.' );
INSERT INTO INFRA.CONTACTOS (ID_USUARIO, TIPO, NOMBRE, APELLIDO_PATERNO, APELLIDO_MATERNO, CORREO_ELECTRONICO, B_PRINCIPAL, TELEFONO) VALUES ( (SELECT ID_USUARIO FROM INFRA.USUARIOS WHERE CVE_USUARIO = 'arturoa@albe.com.mx'), 'Ventas', 'ARTURO', 'ALTAMIRANO', '', 'arturoa@albe.com.mx', true, '');
INSERT INTO INFRA.REL_PYMES_TRACTORAS ( ID_USUARIO_TRACTORA, ID_USUARIO_PYME) VALUES( (SELECT ID_USUARIO FROM INFRA.TRACTORAS WHERE EMPRESA = 'Gepp'), (SELECT ID_USUARIO FROM INFRA.USUARIOS WHERE CVE_USUARIO = 'arturoa@albe.com.mx') );
INSERT INTO INFRA.CLIENTES ( ID_USUARIO, CLIENTE) VALUES( (SELECT ID_USUARIO FROM INFRA.USUARIOS WHERE CVE_USUARIO = 'arturoa@albe.com.mx'), 'Gepp' );

--METALES MARCHINA S.A. DE C.V.
INSERT INTO INFRA.USUARIOS ( CVE_USUARIO, PASSWORD ) VALUES( 'marcos@metmar.com.mx', 'ccmx1234' );
INSERT INTO INFRA.REL_ROLES ( CVE_ROL, CVE_USUARIO ) VALUES( 'PyME', 'marcos@metmar.com.mx' );
INSERT INTO INFRA.PYMES ( ID_USUARIO, ID_USUARIO_PADRE, CORREO_ELECTRONICO, NOMBRE_COMERCIAL ) VALUES( (SELECT ID_USUARIO FROM INFRA.USUARIOS WHERE CVE_USUARIO = 'marcos@metmar.com.mx'), '1', 'marcos@metmar.com.mx', 'METALES MARCHINA S.A. DE C.V.' );
INSERT INTO INFRA.CONTACTOS (ID_USUARIO, TIPO, NOMBRE, APELLIDO_PATERNO, APELLIDO_MATERNO, CORREO_ELECTRONICO, B_PRINCIPAL, TELEFONO) VALUES ( (SELECT ID_USUARIO FROM INFRA.USUARIOS WHERE CVE_USUARIO = 'marcos@metmar.com.mx'), 'Ventas', 'MARCOS', 'OROZCO', 'HERNANDEZ', 'marcos@metmar.com.mx', true, '');
INSERT INTO INFRA.REL_PYMES_TRACTORAS ( ID_USUARIO_TRACTORA, ID_USUARIO_PYME) VALUES( (SELECT ID_USUARIO FROM INFRA.TRACTORAS WHERE EMPRESA = 'Gepp'), (SELECT ID_USUARIO FROM INFRA.USUARIOS WHERE CVE_USUARIO = 'marcos@metmar.com.mx') );
INSERT INTO INFRA.CLIENTES ( ID_USUARIO, CLIENTE) VALUES( (SELECT ID_USUARIO FROM INFRA.USUARIOS WHERE CVE_USUARIO = 'marcos@metmar.com.mx'), 'Gepp' );

--SUEÑOS Y FANTASIAS EDEMON
INSERT INTO INFRA.USUARIOS ( CVE_USUARIO, PASSWORD ) VALUES( 'gera_edemon@hotmail.com', 'ccmx1234' );
INSERT INTO INFRA.REL_ROLES ( CVE_ROL, CVE_USUARIO ) VALUES( 'PyME', 'gera_edemon@hotmail.com' );
INSERT INTO INFRA.PYMES ( ID_USUARIO, ID_USUARIO_PADRE, CORREO_ELECTRONICO, NOMBRE_COMERCIAL ) VALUES( (SELECT ID_USUARIO FROM INFRA.USUARIOS WHERE CVE_USUARIO = 'gera_edemon@hotmail.com'), '1', 'gera_edemon@hotmail.com', 'SUEÑOS Y FANTASIAS EDEMON' );
INSERT INTO INFRA.CONTACTOS (ID_USUARIO, TIPO, NOMBRE, APELLIDO_PATERNO, APELLIDO_MATERNO, CORREO_ELECTRONICO, B_PRINCIPAL, TELEFONO) VALUES ( (SELECT ID_USUARIO FROM INFRA.USUARIOS WHERE CVE_USUARIO = 'gera_edemon@hotmail.com'), 'Ventas', 'GERARDO', 'YEPEZ', 'GARCIA', 'gera_edemon@hotmail.com', true, '');
INSERT INTO INFRA.REL_PYMES_TRACTORAS ( ID_USUARIO_TRACTORA, ID_USUARIO_PYME) VALUES( (SELECT ID_USUARIO FROM INFRA.TRACTORAS WHERE EMPRESA = 'Gepp'), (SELECT ID_USUARIO FROM INFRA.USUARIOS WHERE CVE_USUARIO = 'gera_edemon@hotmail.com') );
INSERT INTO INFRA.CLIENTES ( ID_USUARIO, CLIENTE) VALUES( (SELECT ID_USUARIO FROM INFRA.USUARIOS WHERE CVE_USUARIO = 'gera_edemon@hotmail.com'), 'Gepp' );

--PAPEL COMERCIAL DE 
INSERT INTO INFRA.USUARIOS ( CVE_USUARIO, PASSWORD ) VALUES( 'ventas@pacosa.com.mx', 'ccmx1234' );
INSERT INTO INFRA.REL_ROLES ( CVE_ROL, CVE_USUARIO ) VALUES( 'PyME', 'ventas@pacosa.com.mx' );
INSERT INTO INFRA.PYMES ( ID_USUARIO, ID_USUARIO_PADRE, CORREO_ELECTRONICO, NOMBRE_COMERCIAL ) VALUES( (SELECT ID_USUARIO FROM INFRA.USUARIOS WHERE CVE_USUARIO = 'ventas@pacosa.com.mx'), '1', 'ventas@pacosa.com.mx', 'PAPEL COMERCIAL DE' );
INSERT INTO INFRA.CONTACTOS (ID_USUARIO, TIPO, NOMBRE, APELLIDO_PATERNO, APELLIDO_MATERNO, CORREO_ELECTRONICO, B_PRINCIPAL, TELEFONO) VALUES ( (SELECT ID_USUARIO FROM INFRA.USUARIOS WHERE CVE_USUARIO = 'ventas@pacosa.com.mx'), 'Ventas', 'SALVADOR', 'COMPASAS', '', 'ventas@pacosa.com.mx', true, '');
INSERT INTO INFRA.REL_PYMES_TRACTORAS ( ID_USUARIO_TRACTORA, ID_USUARIO_PYME) VALUES( (SELECT ID_USUARIO FROM INFRA.TRACTORAS WHERE EMPRESA = 'Gepp'), (SELECT ID_USUARIO FROM INFRA.USUARIOS WHERE CVE_USUARIO = 'ventas@pacosa.com.mx') );
INSERT INTO INFRA.CLIENTES ( ID_USUARIO, CLIENTE) VALUES( (SELECT ID_USUARIO FROM INFRA.USUARIOS WHERE CVE_USUARIO = 'ventas@pacosa.com.mx'), 'Gepp' );

--EQUIPOS, REFACCIONES Y CONTROLES DE OCCIDENTE S.A.DE C.V.
INSERT INTO INFRA.USUARIOS ( CVE_USUARIO, PASSWORD ) VALUES( 'octavio@erco.com.mx', 'ccmx1234' );
INSERT INTO INFRA.REL_ROLES ( CVE_ROL, CVE_USUARIO ) VALUES( 'PyME', 'octavio@erco.com.mx' );
INSERT INTO INFRA.PYMES ( ID_USUARIO, ID_USUARIO_PADRE, CORREO_ELECTRONICO, NOMBRE_COMERCIAL ) VALUES( (SELECT ID_USUARIO FROM INFRA.USUARIOS WHERE CVE_USUARIO = 'octavio@erco.com.mx'), '1', 'octavio@erco.com.mx', 'EQUIPOS, REFACCIONES Y CONTROLES DE OCCIDENTE S.A.DE C.V.' );
INSERT INTO INFRA.CONTACTOS (ID_USUARIO, TIPO, NOMBRE, APELLIDO_PATERNO, APELLIDO_MATERNO, CORREO_ELECTRONICO, B_PRINCIPAL, TELEFONO) VALUES ( (SELECT ID_USUARIO FROM INFRA.USUARIOS WHERE CVE_USUARIO = 'octavio@erco.com.mx'), 'Ventas', 'OCTAVIO', 'HERNANDEZ', '', 'octavio@erco.com.mx', true, '');
INSERT INTO INFRA.REL_PYMES_TRACTORAS ( ID_USUARIO_TRACTORA, ID_USUARIO_PYME) VALUES( (SELECT ID_USUARIO FROM INFRA.TRACTORAS WHERE EMPRESA = 'Gepp'), (SELECT ID_USUARIO FROM INFRA.USUARIOS WHERE CVE_USUARIO = 'octavio@erco.com.mx') );
INSERT INTO INFRA.CLIENTES ( ID_USUARIO, CLIENTE) VALUES( (SELECT ID_USUARIO FROM INFRA.USUARIOS WHERE CVE_USUARIO = 'octavio@erco.com.mx'), 'Gepp' );

--FIRMA IDEAS CON SENTIDO
INSERT INTO INFRA.USUARIOS ( CVE_USUARIO, PASSWORD ) VALUES( 'mryepez@hotmail.com', 'ccmx1234' );
INSERT INTO INFRA.REL_ROLES ( CVE_ROL, CVE_USUARIO ) VALUES( 'PyME', 'mryepez@hotmail.com' );
INSERT INTO INFRA.PYMES ( ID_USUARIO, ID_USUARIO_PADRE, CORREO_ELECTRONICO, NOMBRE_COMERCIAL ) VALUES( (SELECT ID_USUARIO FROM INFRA.USUARIOS WHERE CVE_USUARIO = 'mryepez@hotmail.com'), '1', 'mryepez@hotmail.com', 'FIRMA IDEAS CON SENTIDO' );
INSERT INTO INFRA.CONTACTOS (ID_USUARIO, TIPO, NOMBRE, APELLIDO_PATERNO, APELLIDO_MATERNO, CORREO_ELECTRONICO, B_PRINCIPAL, TELEFONO) VALUES ( (SELECT ID_USUARIO FROM INFRA.USUARIOS WHERE CVE_USUARIO = 'mryepez@hotmail.com'), 'Ventas', 'SAMUEL', 'YEPEZ', 'GARCIA', 'mryepez@hotmail.com', true, '');
INSERT INTO INFRA.REL_PYMES_TRACTORAS ( ID_USUARIO_TRACTORA, ID_USUARIO_PYME) VALUES( (SELECT ID_USUARIO FROM INFRA.TRACTORAS WHERE EMPRESA = 'Gepp'), (SELECT ID_USUARIO FROM INFRA.USUARIOS WHERE CVE_USUARIO = 'mryepez@hotmail.com') );
INSERT INTO INFRA.CLIENTES ( ID_USUARIO, CLIENTE) VALUES( (SELECT ID_USUARIO FROM INFRA.USUARIOS WHERE CVE_USUARIO = 'mryepez@hotmail.com'), 'Gepp' );

--Productora Grafica Estilo, S.A. de C.V.
INSERT INTO INFRA.USUARIOS ( CVE_USUARIO, PASSWORD ) VALUES( 'juanjose@graficaestilo.net', 'ccmx1234' );
INSERT INTO INFRA.REL_ROLES ( CVE_ROL, CVE_USUARIO ) VALUES( 'PyME', 'juanjose@graficaestilo.net' );
INSERT INTO INFRA.PYMES ( ID_USUARIO, ID_USUARIO_PADRE, CORREO_ELECTRONICO, NOMBRE_COMERCIAL ) VALUES( (SELECT ID_USUARIO FROM INFRA.USUARIOS WHERE CVE_USUARIO = 'juanjose@graficaestilo.net'), '1', 'juanjose@graficaestilo.net', 'Productora Grafica Estilo, S.A. de C.V.' );
INSERT INTO INFRA.CONTACTOS (ID_USUARIO, TIPO, NOMBRE, APELLIDO_PATERNO, APELLIDO_MATERNO, CORREO_ELECTRONICO, B_PRINCIPAL, TELEFONO) VALUES ( (SELECT ID_USUARIO FROM INFRA.USUARIOS WHERE CVE_USUARIO = 'juanjose@graficaestilo.net'), 'Ventas', 'Juan Jose', 'Avilez', 'B', 'juanjose@graficaestilo.net', true, '5555433608');
INSERT INTO INFRA.REL_PYMES_TRACTORAS ( ID_USUARIO_TRACTORA, ID_USUARIO_PYME) VALUES( (SELECT ID_USUARIO FROM INFRA.TRACTORAS WHERE EMPRESA = 'Gepp'), (SELECT ID_USUARIO FROM INFRA.USUARIOS WHERE CVE_USUARIO = 'juanjose@graficaestilo.net') );
INSERT INTO INFRA.CLIENTES ( ID_USUARIO, CLIENTE) VALUES( (SELECT ID_USUARIO FROM INFRA.USUARIOS WHERE CVE_USUARIO = 'juanjose@graficaestilo.net'), 'Gepp' );

--Latco Trading Co, S.A. de C.V.
INSERT INTO INFRA.USUARIOS ( CVE_USUARIO, PASSWORD ) VALUES( 'marthalagunes@hotmail.com', 'ccmx1234' );
INSERT INTO INFRA.REL_ROLES ( CVE_ROL, CVE_USUARIO ) VALUES( 'PyME', 'marthalagunes@hotmail.com' );
INSERT INTO INFRA.PYMES ( ID_USUARIO, ID_USUARIO_PADRE, CORREO_ELECTRONICO, NOMBRE_COMERCIAL ) VALUES( (SELECT ID_USUARIO FROM INFRA.USUARIOS WHERE CVE_USUARIO = 'marthalagunes@hotmail.com'), '1', 'marthalagunes@hotmail.com', 'Latco Trading Co, S.A. de C.V.' );
INSERT INTO INFRA.CONTACTOS (ID_USUARIO, TIPO, NOMBRE, APELLIDO_PATERNO, APELLIDO_MATERNO, CORREO_ELECTRONICO, B_PRINCIPAL, TELEFONO) VALUES ( (SELECT ID_USUARIO FROM INFRA.USUARIOS WHERE CVE_USUARIO = 'marthalagunes@hotmail.com'), 'Ventas', 'Martha', 'Lagunes', 'Alcaraz', 'marthalagunes@hotmail.com', true, '5555851465');
INSERT INTO INFRA.REL_PYMES_TRACTORAS ( ID_USUARIO_TRACTORA, ID_USUARIO_PYME) VALUES( (SELECT ID_USUARIO FROM INFRA.TRACTORAS WHERE EMPRESA = 'Gepp'), (SELECT ID_USUARIO FROM INFRA.USUARIOS WHERE CVE_USUARIO = 'marthalagunes@hotmail.com') );
INSERT INTO INFRA.CLIENTES ( ID_USUARIO, CLIENTE) VALUES( (SELECT ID_USUARIO FROM INFRA.USUARIOS WHERE CVE_USUARIO = 'marthalagunes@hotmail.com'), 'Gepp' );

--Diseño y Proyección Grafica Abc, S.A. de C.V.
INSERT INTO INFRA.USUARIOS ( CVE_USUARIO, PASSWORD ) VALUES( 'diseñoabc@hotmail.com', 'ccmx1234' );
INSERT INTO INFRA.REL_ROLES ( CVE_ROL, CVE_USUARIO ) VALUES( 'PyME', 'diseñoabc@hotmail.com' );
INSERT INTO INFRA.PYMES ( ID_USUARIO, ID_USUARIO_PADRE, CORREO_ELECTRONICO, NOMBRE_COMERCIAL ) VALUES( (SELECT ID_USUARIO FROM INFRA.USUARIOS WHERE CVE_USUARIO = 'diseñoabc@hotmail.com'), '1', 'diseñoabc@hotmail.com', 'Diseño y Proyección Grafica Abc, S.A. de C.V.' );
INSERT INTO INFRA.CONTACTOS (ID_USUARIO, TIPO, NOMBRE, APELLIDO_PATERNO, APELLIDO_MATERNO, CORREO_ELECTRONICO, B_PRINCIPAL, TELEFONO) VALUES ( (SELECT ID_USUARIO FROM INFRA.USUARIOS WHERE CVE_USUARIO = 'diseñoabc@hotmail.com'), 'Ventas', 'Jose Elias', 'Castillo', 'Pan', 'diseñoabc@hotmail.com', true, '5556840318');
INSERT INTO INFRA.REL_PYMES_TRACTORAS ( ID_USUARIO_TRACTORA, ID_USUARIO_PYME) VALUES( (SELECT ID_USUARIO FROM INFRA.TRACTORAS WHERE EMPRESA = 'Gepp'), (SELECT ID_USUARIO FROM INFRA.USUARIOS WHERE CVE_USUARIO = 'diseñoabc@hotmail.com') );
INSERT INTO INFRA.CLIENTES ( ID_USUARIO, CLIENTE) VALUES( (SELECT ID_USUARIO FROM INFRA.USUARIOS WHERE CVE_USUARIO = 'diseñoabc@hotmail.com'), 'Gepp' );

--Icon Brands and Planning.
INSERT INTO INFRA.USUARIOS ( CVE_USUARIO, PASSWORD ) VALUES( 'jorge.corona@iconplanning.mx', 'ccmx1234' );
INSERT INTO INFRA.REL_ROLES ( CVE_ROL, CVE_USUARIO ) VALUES( 'PyME', 'jorge.corona@iconplanning.mx' );
INSERT INTO INFRA.PYMES ( ID_USUARIO, ID_USUARIO_PADRE, CORREO_ELECTRONICO, NOMBRE_COMERCIAL ) VALUES( (SELECT ID_USUARIO FROM INFRA.USUARIOS WHERE CVE_USUARIO = 'jorge.corona@iconplanning.mx'), '1', 'jorge.corona@iconplanning.mx', 'Icon Brands and Planning' );
INSERT INTO INFRA.CONTACTOS (ID_USUARIO, TIPO, NOMBRE, APELLIDO_PATERNO, APELLIDO_MATERNO, CORREO_ELECTRONICO, B_PRINCIPAL, TELEFONO) VALUES ( (SELECT ID_USUARIO FROM INFRA.USUARIOS WHERE CVE_USUARIO = 'jorge.corona@iconplanning.mx'), 'Ventas', 'Jorge Abraham', 'Corona', 'Lopez', 'jorge.corona@iconplanning.mx', true, '5556189432');
INSERT INTO INFRA.REL_PYMES_TRACTORAS ( ID_USUARIO_TRACTORA, ID_USUARIO_PYME) VALUES( (SELECT ID_USUARIO FROM INFRA.TRACTORAS WHERE EMPRESA = 'Gepp'), (SELECT ID_USUARIO FROM INFRA.USUARIOS WHERE CVE_USUARIO = 'jorge.corona@iconplanning.mx') );
INSERT INTO INFRA.CLIENTES ( ID_USUARIO, CLIENTE) VALUES( (SELECT ID_USUARIO FROM INFRA.USUARIOS WHERE CVE_USUARIO = 'jorge.corona@iconplanning.mx'), 'Gepp' );

--Rc Mundo de Refacciones Automotrelos, S.A. de C.V.
INSERT INTO INFRA.USUARIOS ( CVE_USUARIO, PASSWORD ) VALUES( 'robertmundos@yahoo.com.mx', 'ccmx1234' );
INSERT INTO INFRA.REL_ROLES ( CVE_ROL, CVE_USUARIO ) VALUES( 'PyME', 'robertmundos@yahoo.com.mx' );
INSERT INTO INFRA.PYMES ( ID_USUARIO, ID_USUARIO_PADRE, CORREO_ELECTRONICO, NOMBRE_COMERCIAL ) VALUES( (SELECT ID_USUARIO FROM INFRA.USUARIOS WHERE CVE_USUARIO = 'robertmundos@yahoo.com.mx'), '1', 'robertmundos@yahoo.com.mx', 'Rc Mundo de Refacciones Automotrelos, S.A. de C.V.' );
INSERT INTO INFRA.CONTACTOS (ID_USUARIO, TIPO, NOMBRE, APELLIDO_PATERNO, APELLIDO_MATERNO, CORREO_ELECTRONICO, B_PRINCIPAL, TELEFONO) VALUES ( (SELECT ID_USUARIO FROM INFRA.USUARIOS WHERE CVE_USUARIO = 'robertmundos@yahoo.com.mx'), 'Ventas', 'Roberto', 'Mundo', '', 'robertmundos@yahoo.com.mx', true, '5558424376');
INSERT INTO INFRA.REL_PYMES_TRACTORAS ( ID_USUARIO_TRACTORA, ID_USUARIO_PYME) VALUES( (SELECT ID_USUARIO FROM INFRA.TRACTORAS WHERE EMPRESA = 'Gepp'), (SELECT ID_USUARIO FROM INFRA.USUARIOS WHERE CVE_USUARIO = 'robertmundos@yahoo.com.mx') );
INSERT INTO INFRA.CLIENTES ( ID_USUARIO, CLIENTE) VALUES( (SELECT ID_USUARIO FROM INFRA.USUARIOS WHERE CVE_USUARIO = 'robertmundos@yahoo.com.mx'), 'Gepp' );

--Precisa Comunicación, S.A. de C.V.
INSERT INTO INFRA.USUARIOS ( CVE_USUARIO, PASSWORD ) VALUES( 'jgm@precisa.com.mx', 'ccmx1234' );
INSERT INTO INFRA.REL_ROLES ( CVE_ROL, CVE_USUARIO ) VALUES( 'PyME', 'jgm@precisa.com.mx' );
INSERT INTO INFRA.PYMES ( ID_USUARIO, ID_USUARIO_PADRE, CORREO_ELECTRONICO, NOMBRE_COMERCIAL ) VALUES( (SELECT ID_USUARIO FROM INFRA.USUARIOS WHERE CVE_USUARIO = 'jgm@precisa.com.mx'), '1', 'jgm@precisa.com.mx', 'Precisa Comunicación, S.A. de C.V.' );
INSERT INTO INFRA.CONTACTOS (ID_USUARIO, TIPO, NOMBRE, APELLIDO_PATERNO, APELLIDO_MATERNO, CORREO_ELECTRONICO, B_PRINCIPAL, TELEFONO) VALUES ( (SELECT ID_USUARIO FROM INFRA.USUARIOS WHERE CVE_USUARIO = 'jgm@precisa.com.mx'), 'Ventas', 'Jose', 'Guadalupe', 'Martinez', 'jgm@precisa.com.mx', true, '5556758041');
INSERT INTO INFRA.REL_PYMES_TRACTORAS ( ID_USUARIO_TRACTORA, ID_USUARIO_PYME) VALUES( (SELECT ID_USUARIO FROM INFRA.TRACTORAS WHERE EMPRESA = 'Gepp'), (SELECT ID_USUARIO FROM INFRA.USUARIOS WHERE CVE_USUARIO = 'jgm@precisa.com.mx') );
INSERT INTO INFRA.CLIENTES ( ID_USUARIO, CLIENTE) VALUES( (SELECT ID_USUARIO FROM INFRA.USUARIOS WHERE CVE_USUARIO = 'jgm@precisa.com.mx'), 'Gepp' );

--Colorama Digital, S.A. de C.V.
INSERT INTO INFRA.USUARIOS ( CVE_USUARIO, PASSWORD ) VALUES( 'alicon@coloramadigital.com.mx', 'ccmx1234' );
INSERT INTO INFRA.REL_ROLES ( CVE_ROL, CVE_USUARIO ) VALUES( 'PyME', 'alicon@coloramadigital.com.mx' );
INSERT INTO INFRA.PYMES ( ID_USUARIO, ID_USUARIO_PADRE, CORREO_ELECTRONICO, NOMBRE_COMERCIAL ) VALUES( (SELECT ID_USUARIO FROM INFRA.USUARIOS WHERE CVE_USUARIO = 'alicon@coloramadigital.com.mx'), '1', 'alicon@coloramadigital.com.mx', 'Colorama Digital, S.A. de C.V.' );
INSERT INTO INFRA.CONTACTOS (ID_USUARIO, TIPO, NOMBRE, APELLIDO_PATERNO, APELLIDO_MATERNO, CORREO_ELECTRONICO, B_PRINCIPAL, TELEFONO) VALUES ( (SELECT ID_USUARIO FROM INFRA.USUARIOS WHERE CVE_USUARIO = 'alicon@coloramadigital.com.mx'), 'Ventas', 'Alonso', 'Licon', '', 'alicon@coloramadigital.com.mx', true, '5558491106');
INSERT INTO INFRA.REL_PYMES_TRACTORAS ( ID_USUARIO_TRACTORA, ID_USUARIO_PYME) VALUES( (SELECT ID_USUARIO FROM INFRA.TRACTORAS WHERE EMPRESA = 'Gepp'), (SELECT ID_USUARIO FROM INFRA.USUARIOS WHERE CVE_USUARIO = 'alicon@coloramadigital.com.mx') );
INSERT INTO INFRA.CLIENTES ( ID_USUARIO, CLIENTE) VALUES( (SELECT ID_USUARIO FROM INFRA.USUARIOS WHERE CVE_USUARIO = 'alicon@coloramadigital.com.mx'), 'Gepp' );

--Gogly Corp, S. de R.L. de C.V.
INSERT INTO INFRA.USUARIOS ( CVE_USUARIO, PASSWORD ) VALUES( 'goglycorp@prodigy.net.mx', 'ccmx1234' );
INSERT INTO INFRA.REL_ROLES ( CVE_ROL, CVE_USUARIO ) VALUES( 'PyME', 'goglycorp@prodigy.net.mx' );
INSERT INTO INFRA.PYMES ( ID_USUARIO, ID_USUARIO_PADRE, CORREO_ELECTRONICO, NOMBRE_COMERCIAL ) VALUES( (SELECT ID_USUARIO FROM INFRA.USUARIOS WHERE CVE_USUARIO = 'goglycorp@prodigy.net.mx'), '1', 'goglycorp@prodigy.net.mx', 'Gogly Corp, S. de R.L. de C.V.' );
INSERT INTO INFRA.CONTACTOS (ID_USUARIO, TIPO, NOMBRE, APELLIDO_PATERNO, APELLIDO_MATERNO, CORREO_ELECTRONICO, B_PRINCIPAL, TELEFONO) VALUES ( (SELECT ID_USUARIO FROM INFRA.USUARIOS WHERE CVE_USUARIO = 'goglycorp@prodigy.net.mx'), 'Ventas', 'Eduardo Alberto', 'Ramirez', 'Gonzalez', 'goglycorp@prodigy.net.mx', true, '5526157664');
INSERT INTO INFRA.REL_PYMES_TRACTORAS ( ID_USUARIO_TRACTORA, ID_USUARIO_PYME) VALUES( (SELECT ID_USUARIO FROM INFRA.TRACTORAS WHERE EMPRESA = 'Gepp'), (SELECT ID_USUARIO FROM INFRA.USUARIOS WHERE CVE_USUARIO = 'goglycorp@prodigy.net.mx') );
INSERT INTO INFRA.CLIENTES ( ID_USUARIO, CLIENTE) VALUES( (SELECT ID_USUARIO FROM INFRA.USUARIOS WHERE CVE_USUARIO = 'goglycorp@prodigy.net.mx'), 'Gepp' );

--Grupo Ecce Cadersum, S. de R.L. de C.V.
INSERT INTO INFRA.USUARIOS ( CVE_USUARIO, PASSWORD ) VALUES( 'kmorales@grupoecce.com', 'ccmx1234' );
INSERT INTO INFRA.REL_ROLES ( CVE_ROL, CVE_USUARIO ) VALUES( 'PyME', 'kmorales@grupoecce.com' );
INSERT INTO INFRA.PYMES ( ID_USUARIO, ID_USUARIO_PADRE, CORREO_ELECTRONICO, NOMBRE_COMERCIAL ) VALUES( (SELECT ID_USUARIO FROM INFRA.USUARIOS WHERE CVE_USUARIO = 'kmorales@grupoecce.com'), '1', 'kmorales@grupoecce.com', 'Grupo Ecce Cadersum, S. de R.L. de C.V.' );
INSERT INTO INFRA.CONTACTOS (ID_USUARIO, TIPO, NOMBRE, APELLIDO_PATERNO, APELLIDO_MATERNO, CORREO_ELECTRONICO, B_PRINCIPAL, TELEFONO) VALUES ( (SELECT ID_USUARIO FROM INFRA.USUARIOS WHERE CVE_USUARIO = 'kmorales@grupoecce.com'), 'Ventas', 'Catalina', 'Morales', '', 'kmorales@grupoecce.com', true, '5522353989');
INSERT INTO INFRA.REL_PYMES_TRACTORAS ( ID_USUARIO_TRACTORA, ID_USUARIO_PYME) VALUES( (SELECT ID_USUARIO FROM INFRA.TRACTORAS WHERE EMPRESA = 'Gepp'), (SELECT ID_USUARIO FROM INFRA.USUARIOS WHERE CVE_USUARIO = 'kmorales@grupoecce.com') );
INSERT INTO INFRA.CLIENTES ( ID_USUARIO, CLIENTE) VALUES( (SELECT ID_USUARIO FROM INFRA.USUARIOS WHERE CVE_USUARIO = 'kmorales@grupoecce.com'), 'Gepp' );

--Rollos e Impresiones, S.A. de C.V.
INSERT INTO INFRA.USUARIOS ( CVE_USUARIO, PASSWORD ) VALUES( 'ernesto.alom@rolloseimpresiones.com', 'ccmx1234' );
INSERT INTO INFRA.REL_ROLES ( CVE_ROL, CVE_USUARIO ) VALUES( 'PyME', 'ernesto.alom@rolloseimpresiones.com' );
INSERT INTO INFRA.PYMES ( ID_USUARIO, ID_USUARIO_PADRE, CORREO_ELECTRONICO, NOMBRE_COMERCIAL ) VALUES( (SELECT ID_USUARIO FROM INFRA.USUARIOS WHERE CVE_USUARIO = 'ernesto.alom@rolloseimpresiones.com'), '1', 'ernesto.alom@rolloseimpresiones.com', 'Rollos e Impresiones, S.A. de C.V.' );
INSERT INTO INFRA.CONTACTOS (ID_USUARIO, TIPO, NOMBRE, APELLIDO_PATERNO, APELLIDO_MATERNO, CORREO_ELECTRONICO, B_PRINCIPAL, TELEFONO) VALUES ( (SELECT ID_USUARIO FROM INFRA.USUARIOS WHERE CVE_USUARIO = 'ernesto.alom@rolloseimpresiones.com'), 'Ventas', 'Ernesto A.', 'Jimenez', '', 'ernesto.alom@rolloseimpresiones.com', true, '5557848080');
INSERT INTO INFRA.REL_PYMES_TRACTORAS ( ID_USUARIO_TRACTORA, ID_USUARIO_PYME) VALUES( (SELECT ID_USUARIO FROM INFRA.TRACTORAS WHERE EMPRESA = 'Gepp'), (SELECT ID_USUARIO FROM INFRA.USUARIOS WHERE CVE_USUARIO = 'ernesto.alom@rolloseimpresiones.com') );
INSERT INTO INFRA.CLIENTES ( ID_USUARIO, CLIENTE) VALUES( (SELECT ID_USUARIO FROM INFRA.USUARIOS WHERE CVE_USUARIO = 'ernesto.alom@rolloseimpresiones.com'), 'Gepp' );

--Clipper Transport, S.A. de C.V.
INSERT INTO INFRA.USUARIOS ( CVE_USUARIO, PASSWORD ) VALUES( 'ricardo.paz@clipper.transport.com', 'ccmx1234' );
INSERT INTO INFRA.REL_ROLES ( CVE_ROL, CVE_USUARIO ) VALUES( 'PyME', 'ricardo.paz@clipper.transport.com' );
INSERT INTO INFRA.PYMES ( ID_USUARIO, ID_USUARIO_PADRE, CORREO_ELECTRONICO, NOMBRE_COMERCIAL ) VALUES( (SELECT ID_USUARIO FROM INFRA.USUARIOS WHERE CVE_USUARIO = 'ricardo.paz@clipper.transport.com'), '1', 'ricardo.paz@clipper.transport.com', 'Clipper Transport, S.A. de C.V.' );
INSERT INTO INFRA.CONTACTOS (ID_USUARIO, TIPO, NOMBRE, APELLIDO_PATERNO, APELLIDO_MATERNO, CORREO_ELECTRONICO, B_PRINCIPAL, TELEFONO) VALUES ( (SELECT ID_USUARIO FROM INFRA.USUARIOS WHERE CVE_USUARIO = 'ricardo.paz@clipper.transport.com'), 'Ventas', 'Ricardo Gonzalo', 'Paz', 'Solano', 'ricardo.paz@clipper.transport.com', true, '5557627529');
INSERT INTO INFRA.REL_PYMES_TRACTORAS ( ID_USUARIO_TRACTORA, ID_USUARIO_PYME) VALUES( (SELECT ID_USUARIO FROM INFRA.TRACTORAS WHERE EMPRESA = 'Gepp'), (SELECT ID_USUARIO FROM INFRA.USUARIOS WHERE CVE_USUARIO = 'ricardo.paz@clipper.transport.com') );
INSERT INTO INFRA.CLIENTES ( ID_USUARIO, CLIENTE) VALUES( (SELECT ID_USUARIO FROM INFRA.USUARIOS WHERE CVE_USUARIO = 'ricardo.paz@clipper.transport.com'), 'Gepp' );

--Perla Adriana Osorio Gasca.
INSERT INTO INFRA.USUARIOS ( CVE_USUARIO, PASSWORD ) VALUES( 'masproductividad@hotmail.com', 'ccmx1234' );
INSERT INTO INFRA.REL_ROLES ( CVE_ROL, CVE_USUARIO ) VALUES( 'PyME', 'masproductividad@hotmail.com' );
INSERT INTO INFRA.PYMES ( ID_USUARIO, ID_USUARIO_PADRE, CORREO_ELECTRONICO, NOMBRE_COMERCIAL ) VALUES( (SELECT ID_USUARIO FROM INFRA.USUARIOS WHERE CVE_USUARIO = 'masproductividad@hotmail.com'), '1', 'masproductividad@hotmail.com', 'Perla Adriana Osorio Gasca' );
INSERT INTO INFRA.CONTACTOS (ID_USUARIO, TIPO, NOMBRE, APELLIDO_PATERNO, APELLIDO_MATERNO, CORREO_ELECTRONICO, B_PRINCIPAL, TELEFONO) VALUES ( (SELECT ID_USUARIO FROM INFRA.USUARIOS WHERE CVE_USUARIO = 'masproductividad@hotmail.com'), 'Ventas', 'Perla Adriana', 'Osorio', 'Garcia', 'masproductividad@hotmail.com', true, '5558700787');
INSERT INTO INFRA.REL_PYMES_TRACTORAS ( ID_USUARIO_TRACTORA, ID_USUARIO_PYME) VALUES( (SELECT ID_USUARIO FROM INFRA.TRACTORAS WHERE EMPRESA = 'Gepp'), (SELECT ID_USUARIO FROM INFRA.USUARIOS WHERE CVE_USUARIO = 'masproductividad@hotmail.com') );
INSERT INTO INFRA.CLIENTES ( ID_USUARIO, CLIENTE) VALUES( (SELECT ID_USUARIO FROM INFRA.USUARIOS WHERE CVE_USUARIO = 'masproductividad@hotmail.com'), 'Gepp' );

--Comercializadora de Rines La Central, S.A. de C.V.
INSERT INTO INFRA.USUARIOS ( CVE_USUARIO, PASSWORD ) VALUES( 'ventas@rineslacentral.com.mx', 'ccmx1234' );
INSERT INTO INFRA.REL_ROLES ( CVE_ROL, CVE_USUARIO ) VALUES( 'PyME', 'ventas@rineslacentral.com.mx' );
INSERT INTO INFRA.PYMES ( ID_USUARIO, ID_USUARIO_PADRE, CORREO_ELECTRONICO, NOMBRE_COMERCIAL ) VALUES( (SELECT ID_USUARIO FROM INFRA.USUARIOS WHERE CVE_USUARIO = 'ventas@rineslacentral.com.mx'), '1', 'ventas@rineslacentral.com.mx', 'Comercializadora de Rines La Central, S.A. de C.V.' );
INSERT INTO INFRA.CONTACTOS (ID_USUARIO, TIPO, NOMBRE, APELLIDO_PATERNO, APELLIDO_MATERNO, CORREO_ELECTRONICO, B_PRINCIPAL, TELEFONO) VALUES ( (SELECT ID_USUARIO FROM INFRA.USUARIOS WHERE CVE_USUARIO = 'ventas@rineslacentral.com.mx'), 'Ventas', 'Rocio', 'Guerrero', '', 'ventas@rineslacentral.com.mx', true, '5556490094');
INSERT INTO INFRA.REL_PYMES_TRACTORAS ( ID_USUARIO_TRACTORA, ID_USUARIO_PYME) VALUES( (SELECT ID_USUARIO FROM INFRA.TRACTORAS WHERE EMPRESA = 'Gepp'), (SELECT ID_USUARIO FROM INFRA.USUARIOS WHERE CVE_USUARIO = 'ventas@rineslacentral.com.mx') );
INSERT INTO INFRA.CLIENTES ( ID_USUARIO, CLIENTE) VALUES( (SELECT ID_USUARIO FROM INFRA.USUARIOS WHERE CVE_USUARIO = 'ventas@rineslacentral.com.mx'), 'Gepp' );

--Rodajas y Carretillas Roa, S.A. de C.V.
INSERT INTO INFRA.USUARIOS ( CVE_USUARIO, PASSWORD ) VALUES( 'administracion@roasa.com.mx', 'ccmx1234' );
INSERT INTO INFRA.REL_ROLES ( CVE_ROL, CVE_USUARIO ) VALUES( 'PyME', 'administracion@roasa.com.mx' );
INSERT INTO INFRA.PYMES ( ID_USUARIO, ID_USUARIO_PADRE, CORREO_ELECTRONICO, NOMBRE_COMERCIAL ) VALUES( (SELECT ID_USUARIO FROM INFRA.USUARIOS WHERE CVE_USUARIO = 'administracion@roasa.com.mx'), '1', 'administracion@roasa.com.mx', 'Rodajas y Carretillas Roa, S.A. de C.V.' );
INSERT INTO INFRA.CONTACTOS (ID_USUARIO, TIPO, NOMBRE, APELLIDO_PATERNO, APELLIDO_MATERNO, CORREO_ELECTRONICO, B_PRINCIPAL, TELEFONO) VALUES ( (SELECT ID_USUARIO FROM INFRA.USUARIOS WHERE CVE_USUARIO = 'administracion@roasa.com.mx'), 'Ventas', 'Andrea', 'Castrejon', 'Romero', 'administracion@roasa.com.mx', true, '5556913962');
INSERT INTO INFRA.REL_PYMES_TRACTORAS ( ID_USUARIO_TRACTORA, ID_USUARIO_PYME) VALUES( (SELECT ID_USUARIO FROM INFRA.TRACTORAS WHERE EMPRESA = 'Gepp'), (SELECT ID_USUARIO FROM INFRA.USUARIOS WHERE CVE_USUARIO = 'administracion@roasa.com.mx') );
INSERT INTO INFRA.CLIENTES ( ID_USUARIO, CLIENTE) VALUES( (SELECT ID_USUARIO FROM INFRA.USUARIOS WHERE CVE_USUARIO = 'administracion@roasa.com.mx'), 'Gepp' );

--Frava Decoración.
INSERT INTO INFRA.USUARIOS ( CVE_USUARIO, PASSWORD ) VALUES( 'papoy48@hotmail.com', 'ccmx1234' );
INSERT INTO INFRA.REL_ROLES ( CVE_ROL, CVE_USUARIO ) VALUES( 'PyME', 'papoy48@hotmail.com' );
INSERT INTO INFRA.PYMES ( ID_USUARIO, ID_USUARIO_PADRE, CORREO_ELECTRONICO, NOMBRE_COMERCIAL ) VALUES( (SELECT ID_USUARIO FROM INFRA.USUARIOS WHERE CVE_USUARIO = 'papoy48@hotmail.com'), '1', 'papoy48@hotmail.com', 'Frava Decoración' );
INSERT INTO INFRA.CONTACTOS (ID_USUARIO, TIPO, NOMBRE, APELLIDO_PATERNO, APELLIDO_MATERNO, CORREO_ELECTRONICO, B_PRINCIPAL, TELEFONO) VALUES ( (SELECT ID_USUARIO FROM INFRA.USUARIOS WHERE CVE_USUARIO = 'papoy48@hotmail.com'), 'Ventas', 'Francisco R.', 'Vargas', 'Manzo', 'papoy48@hotmail.com', true, '5556807181');
INSERT INTO INFRA.REL_PYMES_TRACTORAS ( ID_USUARIO_TRACTORA, ID_USUARIO_PYME) VALUES( (SELECT ID_USUARIO FROM INFRA.TRACTORAS WHERE EMPRESA = 'Gepp'), (SELECT ID_USUARIO FROM INFRA.USUARIOS WHERE CVE_USUARIO = 'papoy48@hotmail.com') );
INSERT INTO INFRA.CLIENTES ( ID_USUARIO, CLIENTE) VALUES( (SELECT ID_USUARIO FROM INFRA.USUARIOS WHERE CVE_USUARIO = 'papoy48@hotmail.com'), 'Gepp' );

--Sistemas Óptimos de Cómputo y Mantenimiento, S. de R.L. de C.V.
INSERT INTO INFRA.USUARIOS ( CVE_USUARIO, PASSWORD ) VALUES( 'joaquincolunga@socma.com.mx', 'ccmx1234' );
INSERT INTO INFRA.REL_ROLES ( CVE_ROL, CVE_USUARIO ) VALUES( 'PyME', 'joaquincolunga@socma.com.mx' );
INSERT INTO INFRA.PYMES ( ID_USUARIO, ID_USUARIO_PADRE, CORREO_ELECTRONICO, NOMBRE_COMERCIAL ) VALUES( (SELECT ID_USUARIO FROM INFRA.USUARIOS WHERE CVE_USUARIO = 'joaquincolunga@socma.com.mx'), '1', 'joaquincolunga@socma.com.mx', 'Sistemas Óptimos de Cómputo y Mantenimiento, S. de R.L. de C.V.' );
INSERT INTO INFRA.CONTACTOS (ID_USUARIO, TIPO, NOMBRE, APELLIDO_PATERNO, APELLIDO_MATERNO, CORREO_ELECTRONICO, B_PRINCIPAL, TELEFONO) VALUES ( (SELECT ID_USUARIO FROM INFRA.USUARIOS WHERE CVE_USUARIO = 'joaquincolunga@socma.com.mx'), 'Ventas', 'Joaquin', 'Colunga', 'Chavez', 'joaquincolunga@socma.com.mx', true, '5556646510');
INSERT INTO INFRA.REL_PYMES_TRACTORAS ( ID_USUARIO_TRACTORA, ID_USUARIO_PYME) VALUES( (SELECT ID_USUARIO FROM INFRA.TRACTORAS WHERE EMPRESA = 'Gepp'), (SELECT ID_USUARIO FROM INFRA.USUARIOS WHERE CVE_USUARIO = 'joaquincolunga@socma.com.mx') );
INSERT INTO INFRA.CLIENTES ( ID_USUARIO, CLIENTE) VALUES( (SELECT ID_USUARIO FROM INFRA.USUARIOS WHERE CVE_USUARIO = 'joaquincolunga@socma.com.mx'), 'Gepp' );

--Friopar, S.A. de C.V.
INSERT INTO INFRA.USUARIOS ( CVE_USUARIO, PASSWORD ) VALUES( 'friopar@prodigy.net.mx', 'ccmx1234' );
INSERT INTO INFRA.REL_ROLES ( CVE_ROL, CVE_USUARIO ) VALUES( 'PyME', 'friopar@prodigy.net.mx' );
INSERT INTO INFRA.PYMES ( ID_USUARIO, ID_USUARIO_PADRE, CORREO_ELECTRONICO, NOMBRE_COMERCIAL ) VALUES( (SELECT ID_USUARIO FROM INFRA.USUARIOS WHERE CVE_USUARIO = 'friopar@prodigy.net.mx'), '1', 'friopar@prodigy.net.mx', 'Friopar, S.A. de C.V.' );
INSERT INTO INFRA.CONTACTOS (ID_USUARIO, TIPO, NOMBRE, APELLIDO_PATERNO, APELLIDO_MATERNO, CORREO_ELECTRONICO, B_PRINCIPAL, TELEFONO) VALUES ( (SELECT ID_USUARIO FROM INFRA.USUARIOS WHERE CVE_USUARIO = 'friopar@prodigy.net.mx'), 'Ventas', 'Jaime', 'Cisneros', 'Guerra', 'friopar@prodigy.net.mx', true, '5515464444');
INSERT INTO INFRA.REL_PYMES_TRACTORAS ( ID_USUARIO_TRACTORA, ID_USUARIO_PYME) VALUES( (SELECT ID_USUARIO FROM INFRA.TRACTORAS WHERE EMPRESA = 'Gepp'), (SELECT ID_USUARIO FROM INFRA.USUARIOS WHERE CVE_USUARIO = 'friopar@prodigy.net.mx') );
INSERT INTO INFRA.CLIENTES ( ID_USUARIO, CLIENTE) VALUES( (SELECT ID_USUARIO FROM INFRA.USUARIOS WHERE CVE_USUARIO = 'friopar@prodigy.net.mx'), 'Gepp' );

--Plásticos Toyo, S.A. de C.V.
INSERT INTO INFRA.USUARIOS ( CVE_USUARIO, PASSWORD ) VALUES( 'arivera@plasticostoyo.com.mx', 'ccmx1234' );
INSERT INTO INFRA.REL_ROLES ( CVE_ROL, CVE_USUARIO ) VALUES( 'PyME', 'arivera@plasticostoyo.com.mx' );
INSERT INTO INFRA.PYMES ( ID_USUARIO, ID_USUARIO_PADRE, CORREO_ELECTRONICO, NOMBRE_COMERCIAL ) VALUES( (SELECT ID_USUARIO FROM INFRA.USUARIOS WHERE CVE_USUARIO = 'arivera@plasticostoyo.com.mx'), '1', 'arivera@plasticostoyo.com.mx', 'Plásticos Toyo, S.A. de C.V.' );
INSERT INTO INFRA.CONTACTOS (ID_USUARIO, TIPO, NOMBRE, APELLIDO_PATERNO, APELLIDO_MATERNO, CORREO_ELECTRONICO, B_PRINCIPAL, TELEFONO) VALUES ( (SELECT ID_USUARIO FROM INFRA.USUARIOS WHERE CVE_USUARIO = 'arivera@plasticostoyo.com.mx'), 'Ventas', 'Eduardo', 'Franco', '', 'arivera@plasticostoyo.com.mx', true, '5555817554');
INSERT INTO INFRA.REL_PYMES_TRACTORAS ( ID_USUARIO_TRACTORA, ID_USUARIO_PYME) VALUES( (SELECT ID_USUARIO FROM INFRA.TRACTORAS WHERE EMPRESA = 'Gepp'), (SELECT ID_USUARIO FROM INFRA.USUARIOS WHERE CVE_USUARIO = 'arivera@plasticostoyo.com.mx') );
INSERT INTO INFRA.CLIENTES ( ID_USUARIO, CLIENTE) VALUES( (SELECT ID_USUARIO FROM INFRA.USUARIOS WHERE CVE_USUARIO = 'arivera@plasticostoyo.com.mx'), 'Gepp' );

--Pruebas Microbiologicas Rapidas, S.A. de C.V.
INSERT INTO INFRA.USUARIOS ( CVE_USUARIO, PASSWORD ) VALUES( 'oscarlozano@pmr.mx', 'ccmx1234' );
INSERT INTO INFRA.REL_ROLES ( CVE_ROL, CVE_USUARIO ) VALUES( 'PyME', 'oscarlozano@pmr.mx' );
INSERT INTO INFRA.PYMES ( ID_USUARIO, ID_USUARIO_PADRE, CORREO_ELECTRONICO, NOMBRE_COMERCIAL ) VALUES( (SELECT ID_USUARIO FROM INFRA.USUARIOS WHERE CVE_USUARIO = 'oscarlozano@pmr.mx'), '1', 'oscarlozano@pmr.mx', 'Pruebas Microbiologicas Rapidas, S.A. de C.V.' );
INSERT INTO INFRA.CONTACTOS (ID_USUARIO, TIPO, NOMBRE, APELLIDO_PATERNO, APELLIDO_MATERNO, CORREO_ELECTRONICO, B_PRINCIPAL, TELEFONO) VALUES ( (SELECT ID_USUARIO FROM INFRA.USUARIOS WHERE CVE_USUARIO = 'oscarlozano@pmr.mx'), 'Ventas', 'Oscar', 'Lozano', 'Ferral', 'oscarlozano@pmr.mx', true, '5552807111');
INSERT INTO INFRA.REL_PYMES_TRACTORAS ( ID_USUARIO_TRACTORA, ID_USUARIO_PYME) VALUES( (SELECT ID_USUARIO FROM INFRA.TRACTORAS WHERE EMPRESA = 'Gepp'), (SELECT ID_USUARIO FROM INFRA.USUARIOS WHERE CVE_USUARIO = 'oscarlozano@pmr.mx') );
INSERT INTO INFRA.CLIENTES ( ID_USUARIO, CLIENTE) VALUES( (SELECT ID_USUARIO FROM INFRA.USUARIOS WHERE CVE_USUARIO = 'oscarlozano@pmr.mx'), 'Gepp' );

--Dicarmo, S.A. de C.V.
INSERT INTO INFRA.USUARIOS ( CVE_USUARIO, PASSWORD ) VALUES( 'ventas@dicarmo.com.mx', 'ccmx1234' );
INSERT INTO INFRA.REL_ROLES ( CVE_ROL, CVE_USUARIO ) VALUES( 'PyME', 'ventas@dicarmo.com.mx' );
INSERT INTO INFRA.PYMES ( ID_USUARIO, ID_USUARIO_PADRE, CORREO_ELECTRONICO, NOMBRE_COMERCIAL ) VALUES( (SELECT ID_USUARIO FROM INFRA.USUARIOS WHERE CVE_USUARIO = 'ventas@dicarmo.com.mx'), '1', 'ventas@dicarmo.com.mx', 'Dicarmo, S.A. de C.V.' );
INSERT INTO INFRA.CONTACTOS (ID_USUARIO, TIPO, NOMBRE, APELLIDO_PATERNO, APELLIDO_MATERNO, CORREO_ELECTRONICO, B_PRINCIPAL, TELEFONO) VALUES ( (SELECT ID_USUARIO FROM INFRA.USUARIOS WHERE CVE_USUARIO = 'ventas@dicarmo.com.mx'), 'Ventas', 'Salomon', 'Smeke', '', 'ventas@dicarmo.com.mx', true, '5553572900');
INSERT INTO INFRA.REL_PYMES_TRACTORAS ( ID_USUARIO_TRACTORA, ID_USUARIO_PYME) VALUES( (SELECT ID_USUARIO FROM INFRA.TRACTORAS WHERE EMPRESA = 'Gepp'), (SELECT ID_USUARIO FROM INFRA.USUARIOS WHERE CVE_USUARIO = 'ventas@dicarmo.com.mx') );
INSERT INTO INFRA.CLIENTES ( ID_USUARIO, CLIENTE) VALUES( (SELECT ID_USUARIO FROM INFRA.USUARIOS WHERE CVE_USUARIO = 'ventas@dicarmo.com.mx'), 'Gepp' );

--Pagrali, S.A. de C.V.
INSERT INTO INFRA.USUARIOS ( CVE_USUARIO, PASSWORD ) VALUES( 'lramirez@pagrali.com.mx', 'ccmx1234' );
INSERT INTO INFRA.REL_ROLES ( CVE_ROL, CVE_USUARIO ) VALUES( 'PyME', 'lramirez@pagrali.com.mx' );
INSERT INTO INFRA.PYMES ( ID_USUARIO, ID_USUARIO_PADRE, CORREO_ELECTRONICO, NOMBRE_COMERCIAL ) VALUES( (SELECT ID_USUARIO FROM INFRA.USUARIOS WHERE CVE_USUARIO = 'lramirez@pagrali.com.mx'), '1', 'lramirez@pagrali.com.mx', 'Pagrali, S.A. de C.V.' );
INSERT INTO INFRA.CONTACTOS (ID_USUARIO, TIPO, NOMBRE, APELLIDO_PATERNO, APELLIDO_MATERNO, CORREO_ELECTRONICO, B_PRINCIPAL, TELEFONO) VALUES ( (SELECT ID_USUARIO FROM INFRA.USUARIOS WHERE CVE_USUARIO = 'lramirez@pagrali.com.mx'), 'Ventas', 'Lilia', 'Ramirez', '', 'lramirez@pagrali.com.mx', true, '5591833225');
INSERT INTO INFRA.REL_PYMES_TRACTORAS ( ID_USUARIO_TRACTORA, ID_USUARIO_PYME) VALUES( (SELECT ID_USUARIO FROM INFRA.TRACTORAS WHERE EMPRESA = 'Gepp'), (SELECT ID_USUARIO FROM INFRA.USUARIOS WHERE CVE_USUARIO = 'lramirez@pagrali.com.mx') );
INSERT INTO INFRA.CLIENTES ( ID_USUARIO, CLIENTE) VALUES( (SELECT ID_USUARIO FROM INFRA.USUARIOS WHERE CVE_USUARIO = 'lramirez@pagrali.com.mx'), 'Gepp' );

--Empaques Gomart, S.A. de C.V.
INSERT INTO INFRA.USUARIOS ( CVE_USUARIO, PASSWORD ) VALUES( 's.elizalde@empaquesgomart.com', 'ccmx1234' );
INSERT INTO INFRA.REL_ROLES ( CVE_ROL, CVE_USUARIO ) VALUES( 'PyME', 's.elizalde@empaquesgomart.com' );
INSERT INTO INFRA.PYMES ( ID_USUARIO, ID_USUARIO_PADRE, CORREO_ELECTRONICO, NOMBRE_COMERCIAL ) VALUES( (SELECT ID_USUARIO FROM INFRA.USUARIOS WHERE CVE_USUARIO = 's.elizalde@empaquesgomart.com'), '1', 's.elizalde@empaquesgomart.com', 'Empaques Gomart, S.A. de C.V.' );
INSERT INTO INFRA.CONTACTOS (ID_USUARIO, TIPO, NOMBRE, APELLIDO_PATERNO, APELLIDO_MATERNO, CORREO_ELECTRONICO, B_PRINCIPAL, TELEFONO) VALUES ( (SELECT ID_USUARIO FROM INFRA.USUARIOS WHERE CVE_USUARIO = 's.elizalde@empaquesgomart.com'), 'Ventas', 'Samuel', 'Hernandez', 'Elizalde', 's.elizalde@empaquesgomart.com', true, '5553995729');
INSERT INTO INFRA.REL_PYMES_TRACTORAS ( ID_USUARIO_TRACTORA, ID_USUARIO_PYME) VALUES( (SELECT ID_USUARIO FROM INFRA.TRACTORAS WHERE EMPRESA = 'Gepp'), (SELECT ID_USUARIO FROM INFRA.USUARIOS WHERE CVE_USUARIO = 's.elizalde@empaquesgomart.com') );
INSERT INTO INFRA.CLIENTES ( ID_USUARIO, CLIENTE) VALUES( (SELECT ID_USUARIO FROM INFRA.USUARIOS WHERE CVE_USUARIO = 's.elizalde@empaquesgomart.com'), 'Gepp' );

--Ralchem, S.A. de C.V.
INSERT INTO INFRA.USUARIOS ( CVE_USUARIO, PASSWORD ) VALUES( 'rodrigo@ralchem.com', 'ccmx1234' );
INSERT INTO INFRA.REL_ROLES ( CVE_ROL, CVE_USUARIO ) VALUES( 'PyME', 'rodrigo@ralchem.com' );
INSERT INTO INFRA.PYMES ( ID_USUARIO, ID_USUARIO_PADRE, CORREO_ELECTRONICO, NOMBRE_COMERCIAL ) VALUES( (SELECT ID_USUARIO FROM INFRA.USUARIOS WHERE CVE_USUARIO = 'rodrigo@ralchem.com'), '1', 'rodrigo@ralchem.com', 'Ralchem, S.A. de C.V.' );
INSERT INTO INFRA.CONTACTOS (ID_USUARIO, TIPO, NOMBRE, APELLIDO_PATERNO, APELLIDO_MATERNO, CORREO_ELECTRONICO, B_PRINCIPAL, TELEFONO) VALUES ( (SELECT ID_USUARIO FROM INFRA.USUARIOS WHERE CVE_USUARIO = 'rodrigo@ralchem.com'), 'Ventas', 'Rodrigo', 'Radames', '', 'rodrigo@ralchem.com', true, '5552596529');
INSERT INTO INFRA.REL_PYMES_TRACTORAS ( ID_USUARIO_TRACTORA, ID_USUARIO_PYME) VALUES( (SELECT ID_USUARIO FROM INFRA.TRACTORAS WHERE EMPRESA = 'Gepp'), (SELECT ID_USUARIO FROM INFRA.USUARIOS WHERE CVE_USUARIO = 'rodrigo@ralchem.com') );
INSERT INTO INFRA.CLIENTES ( ID_USUARIO, CLIENTE) VALUES( (SELECT ID_USUARIO FROM INFRA.USUARIOS WHERE CVE_USUARIO = 'rodrigo@ralchem.com'), 'Gepp' );

--Master Printing Group, S.A. de C.V.
INSERT INTO INFRA.USUARIOS ( CVE_USUARIO, PASSWORD ) VALUES( 'avillanueva@mpg.com.mx', 'ccmx1234' );
INSERT INTO INFRA.REL_ROLES ( CVE_ROL, CVE_USUARIO ) VALUES( 'PyME', 'avillanueva@mpg.com.mx' );
INSERT INTO INFRA.PYMES ( ID_USUARIO, ID_USUARIO_PADRE, CORREO_ELECTRONICO, NOMBRE_COMERCIAL ) VALUES( (SELECT ID_USUARIO FROM INFRA.USUARIOS WHERE CVE_USUARIO = 'avillanueva@mpg.com.mx'), '1', 'avillanueva@mpg.com.mx', 'Master Printing Group, S.A. de C.V.' );
INSERT INTO INFRA.CONTACTOS (ID_USUARIO, TIPO, NOMBRE, APELLIDO_PATERNO, APELLIDO_MATERNO, CORREO_ELECTRONICO, B_PRINCIPAL, TELEFONO) VALUES ( (SELECT ID_USUARIO FROM INFRA.USUARIOS WHERE CVE_USUARIO = 'avillanueva@mpg.com.mx'), 'Ventas', 'Alejandro', 'Villanueva', '', 'avillanueva@mpg.com.mx', true, '5591803036');
INSERT INTO INFRA.REL_PYMES_TRACTORAS ( ID_USUARIO_TRACTORA, ID_USUARIO_PYME) VALUES( (SELECT ID_USUARIO FROM INFRA.TRACTORAS WHERE EMPRESA = 'Gepp'), (SELECT ID_USUARIO FROM INFRA.USUARIOS WHERE CVE_USUARIO = 'avillanueva@mpg.com.mx') );
INSERT INTO INFRA.CLIENTES ( ID_USUARIO, CLIENTE) VALUES( (SELECT ID_USUARIO FROM INFRA.USUARIOS WHERE CVE_USUARIO = 'avillanueva@mpg.com.mx'), 'Gepp' );

--BIP, Buro de Impresión y Publicidad, S. de R.L. de C.V.
INSERT INTO INFRA.USUARIOS ( CVE_USUARIO, PASSWORD ) VALUES( 'daniela.garcia@siip.com.mx', 'ccmx1234' );
INSERT INTO INFRA.REL_ROLES ( CVE_ROL, CVE_USUARIO ) VALUES( 'PyME', 'daniela.garcia@siip.com.mx' );
INSERT INTO INFRA.PYMES ( ID_USUARIO, ID_USUARIO_PADRE, CORREO_ELECTRONICO, NOMBRE_COMERCIAL ) VALUES( (SELECT ID_USUARIO FROM INFRA.USUARIOS WHERE CVE_USUARIO = 'daniela.garcia@siip.com.mx'), '1', 'daniela.garcia@siip.com.mx', 'BIP, Buro de Impresión y Publicidad, S. de R.L. de C.V.' );
INSERT INTO INFRA.CONTACTOS (ID_USUARIO, TIPO, NOMBRE, APELLIDO_PATERNO, APELLIDO_MATERNO, CORREO_ELECTRONICO, B_PRINCIPAL, TELEFONO) VALUES ( (SELECT ID_USUARIO FROM INFRA.USUARIOS WHERE CVE_USUARIO = 'daniela.garcia@siip.com.mx'), 'Ventas', 'Daniela', 'Garcia', 'Herrejon', 'daniela.garcia@siip.com.mx', true, '5547542199');
INSERT INTO INFRA.REL_PYMES_TRACTORAS ( ID_USUARIO_TRACTORA, ID_USUARIO_PYME) VALUES( (SELECT ID_USUARIO FROM INFRA.TRACTORAS WHERE EMPRESA = 'Gepp'), (SELECT ID_USUARIO FROM INFRA.USUARIOS WHERE CVE_USUARIO = 'daniela.garcia@siip.com.mx') );
INSERT INTO INFRA.CLIENTES ( ID_USUARIO, CLIENTE) VALUES( (SELECT ID_USUARIO FROM INFRA.USUARIOS WHERE CVE_USUARIO = 'daniela.garcia@siip.com.mx'), 'Gepp' );

--Eficiencia Mexicana Publicitaria, S.A. de C.V.
INSERT INTO INFRA.USUARIOS ( CVE_USUARIO, PASSWORD ) VALUES( 'efimex@efimex.com', 'ccmx1234' );
INSERT INTO INFRA.REL_ROLES ( CVE_ROL, CVE_USUARIO ) VALUES( 'PyME', 'efimex@efimex.com' );
INSERT INTO INFRA.PYMES ( ID_USUARIO, ID_USUARIO_PADRE, CORREO_ELECTRONICO, NOMBRE_COMERCIAL ) VALUES( (SELECT ID_USUARIO FROM INFRA.USUARIOS WHERE CVE_USUARIO = 'efimex@efimex.com'), '1', 'efimex@efimex.com', 'Eficiencia Mexicana Publicitaria, S.A. de C.V.' );
INSERT INTO INFRA.CONTACTOS (ID_USUARIO, TIPO, NOMBRE, APELLIDO_PATERNO, APELLIDO_MATERNO, CORREO_ELECTRONICO, B_PRINCIPAL, TELEFONO) VALUES ( (SELECT ID_USUARIO FROM INFRA.USUARIOS WHERE CVE_USUARIO = 'efimex@efimex.com'), 'Ventas', 'Angel', 'Dominguez', '', 'efimex@efimex.com', true, '5519964907');
INSERT INTO INFRA.REL_PYMES_TRACTORAS ( ID_USUARIO_TRACTORA, ID_USUARIO_PYME) VALUES( (SELECT ID_USUARIO FROM INFRA.TRACTORAS WHERE EMPRESA = 'Gepp'), (SELECT ID_USUARIO FROM INFRA.USUARIOS WHERE CVE_USUARIO = 'efimex@efimex.com') );
INSERT INTO INFRA.CLIENTES ( ID_USUARIO, CLIENTE) VALUES( (SELECT ID_USUARIO FROM INFRA.USUARIOS WHERE CVE_USUARIO = 'efimex@efimex.com'), 'Gepp' );

--Strong Parts, S.A. de  C.V.
INSERT INTO INFRA.USUARIOS ( CVE_USUARIO, PASSWORD ) VALUES( 'strongparts@strongparts.com.mx', 'ccmx1234' );
INSERT INTO INFRA.REL_ROLES ( CVE_ROL, CVE_USUARIO ) VALUES( 'PyME', 'strongparts@strongparts.com.mx' );
INSERT INTO INFRA.PYMES ( ID_USUARIO, ID_USUARIO_PADRE, CORREO_ELECTRONICO, NOMBRE_COMERCIAL ) VALUES( (SELECT ID_USUARIO FROM INFRA.USUARIOS WHERE CVE_USUARIO = 'strongparts@strongparts.com.mx'), '1', 'strongparts@strongparts.com.mx', 'Strong Parts, S.A. de  C.V.' );
INSERT INTO INFRA.CONTACTOS (ID_USUARIO, TIPO, NOMBRE, APELLIDO_PATERNO, APELLIDO_MATERNO, CORREO_ELECTRONICO, B_PRINCIPAL, TELEFONO) VALUES ( (SELECT ID_USUARIO FROM INFRA.USUARIOS WHERE CVE_USUARIO = 'strongparts@strongparts.com.mx'), 'Ventas', 'Jorge Aaron', 'Ramirez', 'Salmeron', 'strongparts@strongparts.com.mx', true, '5555788851');
INSERT INTO INFRA.REL_PYMES_TRACTORAS ( ID_USUARIO_TRACTORA, ID_USUARIO_PYME) VALUES( (SELECT ID_USUARIO FROM INFRA.TRACTORAS WHERE EMPRESA = 'Gepp'), (SELECT ID_USUARIO FROM INFRA.USUARIOS WHERE CVE_USUARIO = 'strongparts@strongparts.com.mx') );
INSERT INTO INFRA.CLIENTES ( ID_USUARIO, CLIENTE) VALUES( (SELECT ID_USUARIO FROM INFRA.USUARIOS WHERE CVE_USUARIO = 'strongparts@strongparts.com.mx'), 'Gepp' );

--Telshop de México, S.A. de C.V.
INSERT INTO INFRA.USUARIOS ( CVE_USUARIO, PASSWORD ) VALUES( 'leugenio@telshop.com.mx', 'ccmx1234' );
INSERT INTO INFRA.REL_ROLES ( CVE_ROL, CVE_USUARIO ) VALUES( 'PyME', 'leugenio@telshop.com.mx' );
INSERT INTO INFRA.PYMES ( ID_USUARIO, ID_USUARIO_PADRE, CORREO_ELECTRONICO, NOMBRE_COMERCIAL ) VALUES( (SELECT ID_USUARIO FROM INFRA.USUARIOS WHERE CVE_USUARIO = 'leugenio@telshop.com.mx'), '1', 'leugenio@telshop.com.mx', 'Telshop de México, S.A. de C.V.' );
INSERT INTO INFRA.CONTACTOS (ID_USUARIO, TIPO, NOMBRE, APELLIDO_PATERNO, APELLIDO_MATERNO, CORREO_ELECTRONICO, B_PRINCIPAL, TELEFONO) VALUES ( (SELECT ID_USUARIO FROM INFRA.USUARIOS WHERE CVE_USUARIO = 'leugenio@telshop.com.mx'), 'Ventas', 'Leticia', 'Eugenio', '', 'leugenio@telshop.com.mx', true, '5552647173');
INSERT INTO INFRA.REL_PYMES_TRACTORAS ( ID_USUARIO_TRACTORA, ID_USUARIO_PYME) VALUES( (SELECT ID_USUARIO FROM INFRA.TRACTORAS WHERE EMPRESA = 'Gepp'), (SELECT ID_USUARIO FROM INFRA.USUARIOS WHERE CVE_USUARIO = 'leugenio@telshop.com.mx') );
INSERT INTO INFRA.CLIENTES ( ID_USUARIO, CLIENTE) VALUES( (SELECT ID_USUARIO FROM INFRA.USUARIOS WHERE CVE_USUARIO = 'leugenio@telshop.com.mx'), 'Gepp' );

--Vicente Vilchis Esquivel.
INSERT INTO INFRA.USUARIOS ( CVE_USUARIO, PASSWORD ) VALUES( 'vichisjr@yahoo.com.mx', 'ccmx1234' );
INSERT INTO INFRA.REL_ROLES ( CVE_ROL, CVE_USUARIO ) VALUES( 'PyME', 'vichisjr@yahoo.com.mx' );
INSERT INTO INFRA.PYMES ( ID_USUARIO, ID_USUARIO_PADRE, CORREO_ELECTRONICO, NOMBRE_COMERCIAL ) VALUES( (SELECT ID_USUARIO FROM INFRA.USUARIOS WHERE CVE_USUARIO = 'vichisjr@yahoo.com.mx'), '1', 'vichisjr@yahoo.com.mx', 'Vicente Vilchis Esquivel' );
INSERT INTO INFRA.CONTACTOS (ID_USUARIO, TIPO, NOMBRE, APELLIDO_PATERNO, APELLIDO_MATERNO, CORREO_ELECTRONICO, B_PRINCIPAL, TELEFONO) VALUES ( (SELECT ID_USUARIO FROM INFRA.USUARIOS WHERE CVE_USUARIO = 'vichisjr@yahoo.com.mx'), 'Ventas', 'Vicente', 'Vilchis', 'Escorza', 'vichisjr@yahoo.com.mx', true, '5557529628');
INSERT INTO INFRA.REL_PYMES_TRACTORAS ( ID_USUARIO_TRACTORA, ID_USUARIO_PYME) VALUES( (SELECT ID_USUARIO FROM INFRA.TRACTORAS WHERE EMPRESA = 'Gepp'), (SELECT ID_USUARIO FROM INFRA.USUARIOS WHERE CVE_USUARIO = 'vichisjr@yahoo.com.mx') );
INSERT INTO INFRA.CLIENTES ( ID_USUARIO, CLIENTE) VALUES( (SELECT ID_USUARIO FROM INFRA.USUARIOS WHERE CVE_USUARIO = 'vichisjr@yahoo.com.mx'), 'Gepp' );

--Prosauto, S.A. de C.V.
INSERT INTO INFRA.USUARIOS ( CVE_USUARIO, PASSWORD ) VALUES( 'prosauto@hotmail.com', 'ccmx1234' );
INSERT INTO INFRA.REL_ROLES ( CVE_ROL, CVE_USUARIO ) VALUES( 'PyME', 'prosauto@hotmail.com' );
INSERT INTO INFRA.PYMES ( ID_USUARIO, ID_USUARIO_PADRE, CORREO_ELECTRONICO, NOMBRE_COMERCIAL ) VALUES( (SELECT ID_USUARIO FROM INFRA.USUARIOS WHERE CVE_USUARIO = 'prosauto@hotmail.com'), '1', 'prosauto@hotmail.com', 'Prosauto, S.A. de C.V.' );
INSERT INTO INFRA.CONTACTOS (ID_USUARIO, TIPO, NOMBRE, APELLIDO_PATERNO, APELLIDO_MATERNO, CORREO_ELECTRONICO, B_PRINCIPAL, TELEFONO) VALUES ( (SELECT ID_USUARIO FROM INFRA.USUARIOS WHERE CVE_USUARIO = 'prosauto@hotmail.com'), 'Ventas', 'Luis Octavio', 'Osnaya', 'Sanchez', 'prosauto@hotmail.com', true, '5557594222');
INSERT INTO INFRA.REL_PYMES_TRACTORAS ( ID_USUARIO_TRACTORA, ID_USUARIO_PYME) VALUES( (SELECT ID_USUARIO FROM INFRA.TRACTORAS WHERE EMPRESA = 'Gepp'), (SELECT ID_USUARIO FROM INFRA.USUARIOS WHERE CVE_USUARIO = 'prosauto@hotmail.com') );
INSERT INTO INFRA.CLIENTES ( ID_USUARIO, CLIENTE) VALUES( (SELECT ID_USUARIO FROM INFRA.USUARIOS WHERE CVE_USUARIO = 'prosauto@hotmail.com'), 'Gepp' );

--Distribuidora de Partes Automotrices Sam, S.A. de C.V.
INSERT INTO INFRA.USUARIOS ( CVE_USUARIO, PASSWORD ) VALUES( 'duoasam@prodigy.net.mx', 'ccmx1234' );
INSERT INTO INFRA.REL_ROLES ( CVE_ROL, CVE_USUARIO ) VALUES( 'PyME', 'duoasam@prodigy.net.mx' );
INSERT INTO INFRA.PYMES ( ID_USUARIO, ID_USUARIO_PADRE, CORREO_ELECTRONICO, NOMBRE_COMERCIAL ) VALUES( (SELECT ID_USUARIO FROM INFRA.USUARIOS WHERE CVE_USUARIO = 'duoasam@prodigy.net.mx'), '1', 'duoasam@prodigy.net.mx', 'Distribuidora de Partes Automotrices Sam, S.A. de C.V.' );
INSERT INTO INFRA.CONTACTOS (ID_USUARIO, TIPO, NOMBRE, APELLIDO_PATERNO, APELLIDO_MATERNO, CORREO_ELECTRONICO, B_PRINCIPAL, TELEFONO) VALUES ( (SELECT ID_USUARIO FROM INFRA.USUARIOS WHERE CVE_USUARIO = 'duoasam@prodigy.net.mx'), 'Ventas', 'Monica', 'Vargas', 'Bravo', 'duoasam@prodigy.net.mx', true, '5557378031');
INSERT INTO INFRA.REL_PYMES_TRACTORAS ( ID_USUARIO_TRACTORA, ID_USUARIO_PYME) VALUES( (SELECT ID_USUARIO FROM INFRA.TRACTORAS WHERE EMPRESA = 'Gepp'), (SELECT ID_USUARIO FROM INFRA.USUARIOS WHERE CVE_USUARIO = 'duoasam@prodigy.net.mx') );
INSERT INTO INFRA.CLIENTES ( ID_USUARIO, CLIENTE) VALUES( (SELECT ID_USUARIO FROM INFRA.USUARIOS WHERE CVE_USUARIO = 'duoasam@prodigy.net.mx'), 'Gepp' );

--Gayb Automotriz, S.A. de C.V.
INSERT INTO INFRA.USUARIOS ( CVE_USUARIO, PASSWORD ) VALUES( 'gayb2006@hotmail.com', 'ccmx1234' );
INSERT INTO INFRA.REL_ROLES ( CVE_ROL, CVE_USUARIO ) VALUES( 'PyME', 'gayb2006@hotmail.com' );
INSERT INTO INFRA.PYMES ( ID_USUARIO, ID_USUARIO_PADRE, CORREO_ELECTRONICO, NOMBRE_COMERCIAL ) VALUES( (SELECT ID_USUARIO FROM INFRA.USUARIOS WHERE CVE_USUARIO = 'gayb2006@hotmail.com'), '1', 'gayb2006@hotmail.com', 'Gayb Automotriz, S.A. de C.V.' );
INSERT INTO INFRA.CONTACTOS (ID_USUARIO, TIPO, NOMBRE, APELLIDO_PATERNO, APELLIDO_MATERNO, CORREO_ELECTRONICO, B_PRINCIPAL, TELEFONO) VALUES ( (SELECT ID_USUARIO FROM INFRA.USUARIOS WHERE CVE_USUARIO = 'gayb2006@hotmail.com'), 'Ventas', 'Maria Yolanda', 'Benitez', 'Suarez', 'gayb2006@hotmail.com', true, '5557995296');
INSERT INTO INFRA.REL_PYMES_TRACTORAS ( ID_USUARIO_TRACTORA, ID_USUARIO_PYME) VALUES( (SELECT ID_USUARIO FROM INFRA.TRACTORAS WHERE EMPRESA = 'Gepp'), (SELECT ID_USUARIO FROM INFRA.USUARIOS WHERE CVE_USUARIO = 'gayb2006@hotmail.com') );
INSERT INTO INFRA.CLIENTES ( ID_USUARIO, CLIENTE) VALUES( (SELECT ID_USUARIO FROM INFRA.USUARIOS WHERE CVE_USUARIO = 'gayb2006@hotmail.com'), 'Gepp' );

--Empaques y Maquinados Comasa.76, S.A. de C.V.
INSERT INTO INFRA.USUARIOS ( CVE_USUARIO, PASSWORD ) VALUES( 'empaques_ymaquinados@yahoo.com', 'ccmx1234' );
INSERT INTO INFRA.REL_ROLES ( CVE_ROL, CVE_USUARIO ) VALUES( 'PyME', 'empaques_ymaquinados@yahoo.com' );
INSERT INTO INFRA.PYMES ( ID_USUARIO, ID_USUARIO_PADRE, CORREO_ELECTRONICO, NOMBRE_COMERCIAL ) VALUES( (SELECT ID_USUARIO FROM INFRA.USUARIOS WHERE CVE_USUARIO = 'empaques_ymaquinados@yahoo.com'), '1', 'empaques_ymaquinados@yahoo.com', 'Empaques y Maquinados Comasa.76, S.A. de C.V.' );
INSERT INTO INFRA.CONTACTOS (ID_USUARIO, TIPO, NOMBRE, APELLIDO_PATERNO, APELLIDO_MATERNO, CORREO_ELECTRONICO, B_PRINCIPAL, TELEFONO) VALUES ( (SELECT ID_USUARIO FROM INFRA.USUARIOS WHERE CVE_USUARIO = 'empaques_ymaquinados@yahoo.com'), 'Ventas', 'Alfonso Rene', 'Magaña', 'Corceles', 'empaques_ymaquinados@yahoo.com', true, '5526220089');
INSERT INTO INFRA.REL_PYMES_TRACTORAS ( ID_USUARIO_TRACTORA, ID_USUARIO_PYME) VALUES( (SELECT ID_USUARIO FROM INFRA.TRACTORAS WHERE EMPRESA = 'Gepp'), (SELECT ID_USUARIO FROM INFRA.USUARIOS WHERE CVE_USUARIO = 'empaques_ymaquinados@yahoo.com') );
INSERT INTO INFRA.CLIENTES ( ID_USUARIO, CLIENTE) VALUES( (SELECT ID_USUARIO FROM INFRA.USUARIOS WHERE CVE_USUARIO = 'empaques_ymaquinados@yahoo.com'), 'Gepp' );

--Maquinados Mecánicos Industriales Especializados, S.A. de C.V.
INSERT INTO INFRA.USUARIOS ( CVE_USUARIO, PASSWORD ) VALUES( 'maquinadosmecanicos@prodigy.net.mx', 'ccmx1234' );
INSERT INTO INFRA.REL_ROLES ( CVE_ROL, CVE_USUARIO ) VALUES( 'PyME', 'maquinadosmecanicos@prodigy.net.mx' );
INSERT INTO INFRA.PYMES ( ID_USUARIO, ID_USUARIO_PADRE, CORREO_ELECTRONICO, NOMBRE_COMERCIAL ) VALUES( (SELECT ID_USUARIO FROM INFRA.USUARIOS WHERE CVE_USUARIO = 'maquinadosmecanicos@prodigy.net.mx'), '1', 'maquinadosmecanicos@prodigy.net.mx', 'Maquinados Mecánicos Industriales Especializados, S.A. de C.V.' );
INSERT INTO INFRA.CONTACTOS (ID_USUARIO, TIPO, NOMBRE, APELLIDO_PATERNO, APELLIDO_MATERNO, CORREO_ELECTRONICO, B_PRINCIPAL, TELEFONO) VALUES ( (SELECT ID_USUARIO FROM INFRA.USUARIOS WHERE CVE_USUARIO = 'maquinadosmecanicos@prodigy.net.mx'), 'Ventas', 'Marcelino', 'Garcia', 'Moreno', 'maquinadosmecanicos@prodigy.net.mx', true, '5558901164');
INSERT INTO INFRA.REL_PYMES_TRACTORAS ( ID_USUARIO_TRACTORA, ID_USUARIO_PYME) VALUES( (SELECT ID_USUARIO FROM INFRA.TRACTORAS WHERE EMPRESA = 'Gepp'), (SELECT ID_USUARIO FROM INFRA.USUARIOS WHERE CVE_USUARIO = 'maquinadosmecanicos@prodigy.net.mx') );
INSERT INTO INFRA.CLIENTES ( ID_USUARIO, CLIENTE) VALUES( (SELECT ID_USUARIO FROM INFRA.USUARIOS WHERE CVE_USUARIO = 'maquinadosmecanicos@prodigy.net.mx'), 'Gepp' );

--Plataformas Exactas de Madera, S. de R.L. de C.V.
INSERT INTO INFRA.USUARIOS ( CVE_USUARIO, PASSWORD ) VALUES( 'jorgemitre1507@hotmail.com', 'ccmx1234' );
INSERT INTO INFRA.REL_ROLES ( CVE_ROL, CVE_USUARIO ) VALUES( 'PyME', 'jorgemitre1507@hotmail.com' );
INSERT INTO INFRA.PYMES ( ID_USUARIO, ID_USUARIO_PADRE, CORREO_ELECTRONICO, NOMBRE_COMERCIAL ) VALUES( (SELECT ID_USUARIO FROM INFRA.USUARIOS WHERE CVE_USUARIO = 'jorgemitre1507@hotmail.com'), '1', 'jorgemitre1507@hotmail.com', 'Plataformas Exactas de Madera, S. de R.L. de C.V.' );
INSERT INTO INFRA.CONTACTOS (ID_USUARIO, TIPO, NOMBRE, APELLIDO_PATERNO, APELLIDO_MATERNO, CORREO_ELECTRONICO, B_PRINCIPAL, TELEFONO) VALUES ( (SELECT ID_USUARIO FROM INFRA.USUARIOS WHERE CVE_USUARIO = 'jorgemitre1507@hotmail.com'), 'Ventas', 'Jorge Israel', 'Segura', 'Mitre', 'jorgemitre1507@hotmail.com', true, '5558710756');
INSERT INTO INFRA.REL_PYMES_TRACTORAS ( ID_USUARIO_TRACTORA, ID_USUARIO_PYME) VALUES( (SELECT ID_USUARIO FROM INFRA.TRACTORAS WHERE EMPRESA = 'Gepp'), (SELECT ID_USUARIO FROM INFRA.USUARIOS WHERE CVE_USUARIO = 'jorgemitre1507@hotmail.com') );
INSERT INTO INFRA.CLIENTES ( ID_USUARIO, CLIENTE) VALUES( (SELECT ID_USUARIO FROM INFRA.USUARIOS WHERE CVE_USUARIO = 'jorgemitre1507@hotmail.com'), 'Gepp' );

--Ramón Valencia Cruz.
INSERT INTO INFRA.USUARIOS ( CVE_USUARIO, PASSWORD ) VALUES( 'valcrura@yahoo.com.mx', 'ccmx1234' );
INSERT INTO INFRA.REL_ROLES ( CVE_ROL, CVE_USUARIO ) VALUES( 'PyME', 'valcrura@yahoo.com.mx' );
INSERT INTO INFRA.PYMES ( ID_USUARIO, ID_USUARIO_PADRE, CORREO_ELECTRONICO, NOMBRE_COMERCIAL ) VALUES( (SELECT ID_USUARIO FROM INFRA.USUARIOS WHERE CVE_USUARIO = 'valcrura@yahoo.com.mx'), '1', 'valcrura@yahoo.com.mx', 'Ramon Valencia Cruz' );
INSERT INTO INFRA.CONTACTOS (ID_USUARIO, TIPO, NOMBRE, APELLIDO_PATERNO, APELLIDO_MATERNO, CORREO_ELECTRONICO, B_PRINCIPAL, TELEFONO) VALUES ( (SELECT ID_USUARIO FROM INFRA.USUARIOS WHERE CVE_USUARIO = 'valcrura@yahoo.com.mx'), 'Ventas', 'Ramon', 'Valencia', 'Cruz', 'valcrura@yahoo.com.mx', true, '5528400984');
INSERT INTO INFRA.REL_PYMES_TRACTORAS ( ID_USUARIO_TRACTORA, ID_USUARIO_PYME) VALUES( (SELECT ID_USUARIO FROM INFRA.TRACTORAS WHERE EMPRESA = 'Gepp'), (SELECT ID_USUARIO FROM INFRA.USUARIOS WHERE CVE_USUARIO = 'valcrura@yahoo.com.mx') );
INSERT INTO INFRA.CLIENTES ( ID_USUARIO, CLIENTE) VALUES( (SELECT ID_USUARIO FROM INFRA.USUARIOS WHERE CVE_USUARIO = 'valcrura@yahoo.com.mx'), 'Gepp' );

--Eebonsa de México, S.A. de C.V.
INSERT INTO INFRA.USUARIOS ( CVE_USUARIO, PASSWORD ) VALUES( 'jlrosas_ventas@eebonsa.com.mx', 'ccmx1234' );
INSERT INTO INFRA.REL_ROLES ( CVE_ROL, CVE_USUARIO ) VALUES( 'PyME', 'jlrosas_ventas@eebonsa.com.mx' );
INSERT INTO INFRA.PYMES ( ID_USUARIO, ID_USUARIO_PADRE, CORREO_ELECTRONICO, NOMBRE_COMERCIAL ) VALUES( (SELECT ID_USUARIO FROM INFRA.USUARIOS WHERE CVE_USUARIO = 'jlrosas_ventas@eebonsa.com.mx'), '1', 'jlrosas_ventas@eebonsa.com.mx', 'Eebonsa de México, S.A. de C.V.' );
INSERT INTO INFRA.CONTACTOS (ID_USUARIO, TIPO, NOMBRE, APELLIDO_PATERNO, APELLIDO_MATERNO, CORREO_ELECTRONICO, B_PRINCIPAL, TELEFONO) VALUES ( (SELECT ID_USUARIO FROM INFRA.USUARIOS WHERE CVE_USUARIO = 'jlrosas_ventas@eebonsa.com.mx'), 'Ventas', 'Nora', 'Rosas', 'Fonseca', 'jlrosas_ventas@eebonsa.com.mx', true, '5558811601');
INSERT INTO INFRA.REL_PYMES_TRACTORAS ( ID_USUARIO_TRACTORA, ID_USUARIO_PYME) VALUES( (SELECT ID_USUARIO FROM INFRA.TRACTORAS WHERE EMPRESA = 'Gepp'), (SELECT ID_USUARIO FROM INFRA.USUARIOS WHERE CVE_USUARIO = 'jlrosas_ventas@eebonsa.com.mx') );
INSERT INTO INFRA.CLIENTES ( ID_USUARIO, CLIENTE) VALUES( (SELECT ID_USUARIO FROM INFRA.USUARIOS WHERE CVE_USUARIO = 'jlrosas_ventas@eebonsa.com.mx'), 'Gepp' );

--Ingeniería Industrial.
INSERT INTO INFRA.USUARIOS ( CVE_USUARIO, PASSWORD ) VALUES( 'fracsa1987@hotmail.com', 'ccmx1234' );
INSERT INTO INFRA.REL_ROLES ( CVE_ROL, CVE_USUARIO ) VALUES( 'PyME', 'fracsa1987@hotmail.com' );
INSERT INTO INFRA.PYMES ( ID_USUARIO, ID_USUARIO_PADRE, CORREO_ELECTRONICO, NOMBRE_COMERCIAL ) VALUES( (SELECT ID_USUARIO FROM INFRA.USUARIOS WHERE CVE_USUARIO = 'fracsa1987@hotmail.com'), '1', 'fracsa1987@hotmail.com', 'Ingenieria Industrial' );
INSERT INTO INFRA.CONTACTOS (ID_USUARIO, TIPO, NOMBRE, APELLIDO_PATERNO, APELLIDO_MATERNO, CORREO_ELECTRONICO, B_PRINCIPAL, TELEFONO) VALUES ( (SELECT ID_USUARIO FROM INFRA.USUARIOS WHERE CVE_USUARIO = 'fracsa1987@hotmail.com'), 'Ventas', 'Francisco', 'Sanchez', '', 'fracsa1987@hotmail.com', true, '5543994826');
INSERT INTO INFRA.REL_PYMES_TRACTORAS ( ID_USUARIO_TRACTORA, ID_USUARIO_PYME) VALUES( (SELECT ID_USUARIO FROM INFRA.TRACTORAS WHERE EMPRESA = 'Gepp'), (SELECT ID_USUARIO FROM INFRA.USUARIOS WHERE CVE_USUARIO = 'fracsa1987@hotmail.com') );
INSERT INTO INFRA.CLIENTES ( ID_USUARIO, CLIENTE) VALUES( (SELECT ID_USUARIO FROM INFRA.USUARIOS WHERE CVE_USUARIO = 'fracsa1987@hotmail.com'), 'Gepp' );

--Dimarei, S. de R.L. de C.V.
INSERT INTO INFRA.USUARIOS ( CVE_USUARIO, PASSWORD ) VALUES( 'dimarci@prodigy.net.mx', 'ccmx1234' );
INSERT INTO INFRA.REL_ROLES ( CVE_ROL, CVE_USUARIO ) VALUES( 'PyME', 'dimarci@prodigy.net.mx' );
INSERT INTO INFRA.PYMES ( ID_USUARIO, ID_USUARIO_PADRE, CORREO_ELECTRONICO, NOMBRE_COMERCIAL ) VALUES( (SELECT ID_USUARIO FROM INFRA.USUARIOS WHERE CVE_USUARIO = 'dimarci@prodigy.net.mx'), '1', 'dimarci@prodigy.net.mx', 'Dimarei, S. de R.L. de C.V.' );
INSERT INTO INFRA.CONTACTOS (ID_USUARIO, TIPO, NOMBRE, APELLIDO_PATERNO, APELLIDO_MATERNO, CORREO_ELECTRONICO, B_PRINCIPAL, TELEFONO) VALUES ( (SELECT ID_USUARIO FROM INFRA.USUARIOS WHERE CVE_USUARIO = 'dimarci@prodigy.net.mx'), 'Ventas', 'Montserrat', 'Castañeda', 'Hernandez', 'dimarci@prodigy.net.mx', true, '5585011186');
INSERT INTO INFRA.REL_PYMES_TRACTORAS ( ID_USUARIO_TRACTORA, ID_USUARIO_PYME) VALUES( (SELECT ID_USUARIO FROM INFRA.TRACTORAS WHERE EMPRESA = 'Gepp'), (SELECT ID_USUARIO FROM INFRA.USUARIOS WHERE CVE_USUARIO = 'dimarci@prodigy.net.mx') );
INSERT INTO INFRA.CLIENTES ( ID_USUARIO, CLIENTE) VALUES( (SELECT ID_USUARIO FROM INFRA.USUARIOS WHERE CVE_USUARIO = 'dimarci@prodigy.net.mx'), 'Gepp' );

--Alterworld Productions, S.A. de C.V.
INSERT INTO INFRA.USUARIOS ( CVE_USUARIO, PASSWORD ) VALUES( 'esantos@alterworld.com.mx', 'ccmx1234' );
INSERT INTO INFRA.REL_ROLES ( CVE_ROL, CVE_USUARIO ) VALUES( 'PyME', 'esantos@alterworld.com.mx' );
INSERT INTO INFRA.PYMES ( ID_USUARIO, ID_USUARIO_PADRE, CORREO_ELECTRONICO, NOMBRE_COMERCIAL ) VALUES( (SELECT ID_USUARIO FROM INFRA.USUARIOS WHERE CVE_USUARIO = 'esantos@alterworld.com.mx'), '1', 'esantos@alterworld.com.mx', 'Alterworld Productions, S.A. de C.V.' );
INSERT INTO INFRA.CONTACTOS (ID_USUARIO, TIPO, NOMBRE, APELLIDO_PATERNO, APELLIDO_MATERNO, CORREO_ELECTRONICO, B_PRINCIPAL, TELEFONO) VALUES ( (SELECT ID_USUARIO FROM INFRA.USUARIOS WHERE CVE_USUARIO = 'esantos@alterworld.com.mx'), 'Ventas', 'Eduardo', 'Santos', 'Garcia', 'esantos@alterworld.com.mx', true, '5558082172');
INSERT INTO INFRA.REL_PYMES_TRACTORAS ( ID_USUARIO_TRACTORA, ID_USUARIO_PYME) VALUES( (SELECT ID_USUARIO FROM INFRA.TRACTORAS WHERE EMPRESA = 'Gepp'), (SELECT ID_USUARIO FROM INFRA.USUARIOS WHERE CVE_USUARIO = 'esantos@alterworld.com.mx') );
INSERT INTO INFRA.CLIENTES ( ID_USUARIO, CLIENTE) VALUES( (SELECT ID_USUARIO FROM INFRA.USUARIOS WHERE CVE_USUARIO = 'esantos@alterworld.com.mx'), 'Gepp' );

--Grupo Funsam, S.A. de C.V.
INSERT INTO INFRA.USUARIOS ( CVE_USUARIO, PASSWORD ) VALUES( 'miriam.alvarez@grupofunsam.com.mx', 'ccmx1234' );
INSERT INTO INFRA.REL_ROLES ( CVE_ROL, CVE_USUARIO ) VALUES( 'PyME', 'miriam.alvarez@grupofunsam.com.mx' );
INSERT INTO INFRA.PYMES ( ID_USUARIO, ID_USUARIO_PADRE, CORREO_ELECTRONICO, NOMBRE_COMERCIAL ) VALUES( (SELECT ID_USUARIO FROM INFRA.USUARIOS WHERE CVE_USUARIO = 'miriam.alvarez@grupofunsam.com.mx'), '1', 'miriam.alvarez@grupofunsam.com.mx', 'Grupo Funsam, S.A. de C.V.' );
INSERT INTO INFRA.CONTACTOS (ID_USUARIO, TIPO, NOMBRE, APELLIDO_PATERNO, APELLIDO_MATERNO, CORREO_ELECTRONICO, B_PRINCIPAL, TELEFONO) VALUES ( (SELECT ID_USUARIO FROM INFRA.USUARIOS WHERE CVE_USUARIO = 'miriam.alvarez@grupofunsam.com.mx'), 'Ventas', 'Miriam', 'Alvarez', 'Hernandez', 'miriam.alvarez@grupofunsam.com.mx', true, '7282821955');
INSERT INTO INFRA.REL_PYMES_TRACTORAS ( ID_USUARIO_TRACTORA, ID_USUARIO_PYME) VALUES( (SELECT ID_USUARIO FROM INFRA.TRACTORAS WHERE EMPRESA = 'Gepp'), (SELECT ID_USUARIO FROM INFRA.USUARIOS WHERE CVE_USUARIO = 'miriam.alvarez@grupofunsam.com.mx') );
INSERT INTO INFRA.CLIENTES ( ID_USUARIO, CLIENTE) VALUES( (SELECT ID_USUARIO FROM INFRA.USUARIOS WHERE CVE_USUARIO = 'miriam.alvarez@grupofunsam.com.mx'), 'Gepp' );

--Israel Yubal Reyna Armas. / Impresos Laser.
INSERT INTO INFRA.USUARIOS ( CVE_USUARIO, PASSWORD ) VALUES( 'impresoslaser@prodigy.net.mx', 'ccmx1234' );
INSERT INTO INFRA.REL_ROLES ( CVE_ROL, CVE_USUARIO ) VALUES( 'PyME', 'impresoslaser@prodigy.net.mx' );
INSERT INTO INFRA.PYMES ( ID_USUARIO, ID_USUARIO_PADRE, CORREO_ELECTRONICO, NOMBRE_COMERCIAL ) VALUES( (SELECT ID_USUARIO FROM INFRA.USUARIOS WHERE CVE_USUARIO = 'impresoslaser@prodigy.net.mx'), '1', 'impresoslaser@prodigy.net.mx', 'Israel Yubal Reyna Armas. / Impresos Laser.' );
INSERT INTO INFRA.CONTACTOS (ID_USUARIO, TIPO, NOMBRE, APELLIDO_PATERNO, APELLIDO_MATERNO, CORREO_ELECTRONICO, B_PRINCIPAL, TELEFONO) VALUES ( (SELECT ID_USUARIO FROM INFRA.USUARIOS WHERE CVE_USUARIO = 'impresoslaser@prodigy.net.mx'), 'Ventas', 'Israel Yubel', 'Reyna', 'Armes', 'impresoslaser@prodigy.net.mx', true, '52399051');
INSERT INTO INFRA.REL_PYMES_TRACTORAS ( ID_USUARIO_TRACTORA, ID_USUARIO_PYME) VALUES( (SELECT ID_USUARIO FROM INFRA.TRACTORAS WHERE EMPRESA = 'Gepp'), (SELECT ID_USUARIO FROM INFRA.USUARIOS WHERE CVE_USUARIO = 'impresoslaser@prodigy.net.mx') );
INSERT INTO INFRA.CLIENTES ( ID_USUARIO, CLIENTE) VALUES( (SELECT ID_USUARIO FROM INFRA.USUARIOS WHERE CVE_USUARIO = 'impresoslaser@prodigy.net.mx'), 'Gepp' );

--Alutodo, S.A. de C.V.
INSERT INTO INFRA.USUARIOS ( CVE_USUARIO, PASSWORD ) VALUES( 'guillermo.rossette@cuprom.com', 'ccmx1234' );
INSERT INTO INFRA.REL_ROLES ( CVE_ROL, CVE_USUARIO ) VALUES( 'PyME', 'guillermo.rossette@cuprom.com' );
INSERT INTO INFRA.PYMES ( ID_USUARIO, ID_USUARIO_PADRE, CORREO_ELECTRONICO, NOMBRE_COMERCIAL ) VALUES( (SELECT ID_USUARIO FROM INFRA.USUARIOS WHERE CVE_USUARIO = 'guillermo.rossette@cuprom.com'), '1', 'guillermo.rossette@cuprom.com', 'Alutodo, S.A. de C.V.' );
INSERT INTO INFRA.CONTACTOS (ID_USUARIO, TIPO, NOMBRE, APELLIDO_PATERNO, APELLIDO_MATERNO, CORREO_ELECTRONICO, B_PRINCIPAL, TELEFONO) VALUES ( (SELECT ID_USUARIO FROM INFRA.USUARIOS WHERE CVE_USUARIO = 'guillermo.rossette@cuprom.com'), 'Ventas', 'Guillermo', 'Rossette', '', 'guillermo.rossette@cuprom.com', true, '53905013');
INSERT INTO INFRA.REL_PYMES_TRACTORAS ( ID_USUARIO_TRACTORA, ID_USUARIO_PYME) VALUES( (SELECT ID_USUARIO FROM INFRA.TRACTORAS WHERE EMPRESA = 'Gepp'), (SELECT ID_USUARIO FROM INFRA.USUARIOS WHERE CVE_USUARIO = 'guillermo.rossette@cuprom.com') );
INSERT INTO INFRA.CLIENTES ( ID_USUARIO, CLIENTE) VALUES( (SELECT ID_USUARIO FROM INFRA.USUARIOS WHERE CVE_USUARIO = 'guillermo.rossette@cuprom.com'), 'Gepp' );

--Perfilter, S.A.
INSERT INTO INFRA.USUARIOS ( CVE_USUARIO, PASSWORD ) VALUES( 'jpo2@prodigy.net.mx', 'ccmx1234' );
INSERT INTO INFRA.REL_ROLES ( CVE_ROL, CVE_USUARIO ) VALUES( 'PyME', 'jpo2@prodigy.net.mx' );
INSERT INTO INFRA.PYMES ( ID_USUARIO, ID_USUARIO_PADRE, CORREO_ELECTRONICO, NOMBRE_COMERCIAL ) VALUES( (SELECT ID_USUARIO FROM INFRA.USUARIOS WHERE CVE_USUARIO = 'jpo2@prodigy.net.mx'), '1', 'jpo2@prodigy.net.mx', 'Perfilter, S.A.' );
INSERT INTO INFRA.CONTACTOS (ID_USUARIO, TIPO, NOMBRE, APELLIDO_PATERNO, APELLIDO_MATERNO, CORREO_ELECTRONICO, B_PRINCIPAL, TELEFONO) VALUES ( (SELECT ID_USUARIO FROM INFRA.USUARIOS WHERE CVE_USUARIO = 'jpo2@prodigy.net.mx'), 'Ventas', 'Judith', 'Peralta', 'Mercado', 'jpo2@prodigy.net.mx', true, '53998511');
INSERT INTO INFRA.REL_PYMES_TRACTORAS ( ID_USUARIO_TRACTORA, ID_USUARIO_PYME) VALUES( (SELECT ID_USUARIO FROM INFRA.TRACTORAS WHERE EMPRESA = 'Gepp'), (SELECT ID_USUARIO FROM INFRA.USUARIOS WHERE CVE_USUARIO = 'jpo2@prodigy.net.mx') );
INSERT INTO INFRA.CLIENTES ( ID_USUARIO, CLIENTE) VALUES( (SELECT ID_USUARIO FROM INFRA.USUARIOS WHERE CVE_USUARIO = 'jpo2@prodigy.net.mx'), 'Gepp' );

--Eduardo Franco
INSERT INTO INFRA.USUARIOS ( CVE_USUARIO, PASSWORD ) VALUES( 'fkike_27@hotmail.com', 'ccmx1234' );
INSERT INTO INFRA.REL_ROLES ( CVE_ROL, CVE_USUARIO ) VALUES( 'PyME', 'fkike_27@hotmail.com' );
INSERT INTO INFRA.PYMES ( ID_USUARIO, ID_USUARIO_PADRE, CORREO_ELECTRONICO, NOMBRE_COMERCIAL ) VALUES( (SELECT ID_USUARIO FROM INFRA.USUARIOS WHERE CVE_USUARIO = 'fkike_27@hotmail.com'), '1', 'fkike_27@hotmail.com', 'Eduardo Franco' );
INSERT INTO INFRA.CONTACTOS (ID_USUARIO, TIPO, NOMBRE, APELLIDO_PATERNO, APELLIDO_MATERNO, CORREO_ELECTRONICO, B_PRINCIPAL, TELEFONO) VALUES ( (SELECT ID_USUARIO FROM INFRA.USUARIOS WHERE CVE_USUARIO = 'fkike_27@hotmail.com'), 'Ventas', 'Eduardo', 'Franco', '', 'fkike_27@hotmail.com', true, '');
INSERT INTO INFRA.REL_PYMES_TRACTORAS ( ID_USUARIO_TRACTORA, ID_USUARIO_PYME) VALUES( (SELECT ID_USUARIO FROM INFRA.TRACTORAS WHERE EMPRESA = 'Gepp'), (SELECT ID_USUARIO FROM INFRA.USUARIOS WHERE CVE_USUARIO = 'fkike_27@hotmail.com') );
INSERT INTO INFRA.CLIENTES ( ID_USUARIO, CLIENTE) VALUES( (SELECT ID_USUARIO FROM INFRA.USUARIOS WHERE CVE_USUARIO = 'fkike_27@hotmail.com'), 'Gepp' );

--Medicye S.A. de C.V.
INSERT INTO INFRA.USUARIOS ( CVE_USUARIO, PASSWORD ) VALUES( 'info_medicye.com', 'ccmx1234' );
INSERT INTO INFRA.REL_ROLES ( CVE_ROL, CVE_USUARIO ) VALUES( 'PyME', 'info_medicye.com' );
INSERT INTO INFRA.PYMES ( ID_USUARIO, ID_USUARIO_PADRE, CORREO_ELECTRONICO, NOMBRE_COMERCIAL ) VALUES( (SELECT ID_USUARIO FROM INFRA.USUARIOS WHERE CVE_USUARIO = 'info_medicye.com'), '1', 'info_medicye.com', 'Medicye S.A. de C.V.' );
INSERT INTO INFRA.CONTACTOS (ID_USUARIO, TIPO, NOMBRE, APELLIDO_PATERNO, APELLIDO_MATERNO, CORREO_ELECTRONICO, B_PRINCIPAL, TELEFONO) VALUES ( (SELECT ID_USUARIO FROM INFRA.USUARIOS WHERE CVE_USUARIO = 'info_medicye.com'), 'Ventas', 'Carlos', 'Jimenez', '', 'info_medicye.com', true, '58392442');
INSERT INTO INFRA.REL_PYMES_TRACTORAS ( ID_USUARIO_TRACTORA, ID_USUARIO_PYME) VALUES( (SELECT ID_USUARIO FROM INFRA.TRACTORAS WHERE EMPRESA = 'Gepp'), (SELECT ID_USUARIO FROM INFRA.USUARIOS WHERE CVE_USUARIO = 'info_medicye.com') );
INSERT INTO INFRA.CLIENTES ( ID_USUARIO, CLIENTE) VALUES( (SELECT ID_USUARIO FROM INFRA.USUARIOS WHERE CVE_USUARIO = 'info_medicye.com'), 'Gepp' );

--Popcase Marketing.
INSERT INTO INFRA.USUARIOS ( CVE_USUARIO, PASSWORD ) VALUES( 'hectorsaavedra@popcase.com.mx', 'ccmx1234' );
INSERT INTO INFRA.REL_ROLES ( CVE_ROL, CVE_USUARIO ) VALUES( 'PyME', 'hectorsaavedra@popcase.com.mx' );
INSERT INTO INFRA.PYMES ( ID_USUARIO, ID_USUARIO_PADRE, CORREO_ELECTRONICO, NOMBRE_COMERCIAL ) VALUES( (SELECT ID_USUARIO FROM INFRA.USUARIOS WHERE CVE_USUARIO = 'hectorsaavedra@popcase.com.mx'), '1', 'hectorsaavedra@popcase.com.mx', 'Popcase Marketing.' );
INSERT INTO INFRA.CONTACTOS (ID_USUARIO, TIPO, NOMBRE, APELLIDO_PATERNO, APELLIDO_MATERNO, CORREO_ELECTRONICO, B_PRINCIPAL, TELEFONO) VALUES ( (SELECT ID_USUARIO FROM INFRA.USUARIOS WHERE CVE_USUARIO = 'hectorsaavedra@popcase.com.mx'), 'Ventas', 'Hector', 'Saavedra', '', 'hectorsaavedra@popcase.com.mx', true, '53628510');
INSERT INTO INFRA.REL_PYMES_TRACTORAS ( ID_USUARIO_TRACTORA, ID_USUARIO_PYME) VALUES( (SELECT ID_USUARIO FROM INFRA.TRACTORAS WHERE EMPRESA = 'Gepp'), (SELECT ID_USUARIO FROM INFRA.USUARIOS WHERE CVE_USUARIO = 'hectorsaavedra@popcase.com.mx') );
INSERT INTO INFRA.CLIENTES ( ID_USUARIO, CLIENTE) VALUES( (SELECT ID_USUARIO FROM INFRA.USUARIOS WHERE CVE_USUARIO = 'hectorsaavedra@popcase.com.mx'), 'Gepp' );

--First Signs, S.A. de C.V.
INSERT INTO INFRA.USUARIOS ( CVE_USUARIO, PASSWORD ) VALUES( 'firstsigns@prodigy.net.mx', 'ccmx1234' );
INSERT INTO INFRA.REL_ROLES ( CVE_ROL, CVE_USUARIO ) VALUES( 'PyME', 'firstsigns@prodigy.net.mx' );
INSERT INTO INFRA.PYMES ( ID_USUARIO, ID_USUARIO_PADRE, CORREO_ELECTRONICO, NOMBRE_COMERCIAL ) VALUES( (SELECT ID_USUARIO FROM INFRA.USUARIOS WHERE CVE_USUARIO = 'firstsigns@prodigy.net.mx'), '1', 'firstsigns@prodigy.net.mx', 'First Signs, S.A. de C.V.' );
INSERT INTO INFRA.CONTACTOS (ID_USUARIO, TIPO, NOMBRE, APELLIDO_PATERNO, APELLIDO_MATERNO, CORREO_ELECTRONICO, B_PRINCIPAL, TELEFONO) VALUES ( (SELECT ID_USUARIO FROM INFRA.USUARIOS WHERE CVE_USUARIO = 'firstsigns@prodigy.net.mx'), 'Ventas', 'Jose Raul', 'Tellez', 'Urbano', 'firstsigns@prodigy.net.mx', true, '58938305');
INSERT INTO INFRA.REL_PYMES_TRACTORAS ( ID_USUARIO_TRACTORA, ID_USUARIO_PYME) VALUES( (SELECT ID_USUARIO FROM INFRA.TRACTORAS WHERE EMPRESA = 'Gepp'), (SELECT ID_USUARIO FROM INFRA.USUARIOS WHERE CVE_USUARIO = 'firstsigns@prodigy.net.mx') );
INSERT INTO INFRA.CLIENTES ( ID_USUARIO, CLIENTE) VALUES( (SELECT ID_USUARIO FROM INFRA.USUARIOS WHERE CVE_USUARIO = 'firstsigns@prodigy.net.mx'), 'Gepp' );

--Dos Mundos Conectados, Sapi de C.V.
INSERT INTO INFRA.USUARIOS ( CVE_USUARIO, PASSWORD ) VALUES( 'maru.munguia@2mc.mx', 'ccmx1234' );
INSERT INTO INFRA.REL_ROLES ( CVE_ROL, CVE_USUARIO ) VALUES( 'PyME', 'maru.munguia@2mc.mx' );
INSERT INTO INFRA.PYMES ( ID_USUARIO, ID_USUARIO_PADRE, CORREO_ELECTRONICO, NOMBRE_COMERCIAL ) VALUES( (SELECT ID_USUARIO FROM INFRA.USUARIOS WHERE CVE_USUARIO = 'maru.munguia@2mc.mx'), '1', 'maru.munguia@2mc.mx', 'Dos Mundos Conectados, Sapi de C.V.' );
INSERT INTO INFRA.CONTACTOS (ID_USUARIO, TIPO, NOMBRE, APELLIDO_PATERNO, APELLIDO_MATERNO, CORREO_ELECTRONICO, B_PRINCIPAL, TELEFONO) VALUES ( (SELECT ID_USUARIO FROM INFRA.USUARIOS WHERE CVE_USUARIO = 'maru.munguia@2mc.mx'), 'Ventas', 'Maria Eugenia', 'Munguia', 'C', 'maru.munguia@2mc.mx', true, '53081018');
INSERT INTO INFRA.REL_PYMES_TRACTORAS ( ID_USUARIO_TRACTORA, ID_USUARIO_PYME) VALUES( (SELECT ID_USUARIO FROM INFRA.TRACTORAS WHERE EMPRESA = 'Gepp'), (SELECT ID_USUARIO FROM INFRA.USUARIOS WHERE CVE_USUARIO = 'maru.munguia@2mc.mx') );
INSERT INTO INFRA.CLIENTES ( ID_USUARIO, CLIENTE) VALUES( (SELECT ID_USUARIO FROM INFRA.USUARIOS WHERE CVE_USUARIO = 'maru.munguia@2mc.mx'), 'Gepp' );

--Calibraciones Profesionales e Ingeniería, S.A. de C.V.
INSERT INTO INFRA.USUARIOS ( CVE_USUARIO, PASSWORD ) VALUES( 'marco.noriega@calpro.com.mx', 'ccmx1234' );
INSERT INTO INFRA.REL_ROLES ( CVE_ROL, CVE_USUARIO ) VALUES( 'PyME', 'marco.noriega@calpro.com.mx' );
INSERT INTO INFRA.PYMES ( ID_USUARIO, ID_USUARIO_PADRE, CORREO_ELECTRONICO, NOMBRE_COMERCIAL ) VALUES( (SELECT ID_USUARIO FROM INFRA.USUARIOS WHERE CVE_USUARIO = 'marco.noriega@calpro.com.mx'), '1', 'marco.noriega@calpro.com.mx', 'Calibraciones Profesionales e Ingeniería, S.A. de C.V.' );
INSERT INTO INFRA.CONTACTOS (ID_USUARIO, TIPO, NOMBRE, APELLIDO_PATERNO, APELLIDO_MATERNO, CORREO_ELECTRONICO, B_PRINCIPAL, TELEFONO) VALUES ( (SELECT ID_USUARIO FROM INFRA.USUARIOS WHERE CVE_USUARIO = 'marco.noriega@calpro.com.mx'), 'Ventas', 'Marco', 'Noriega', '', 'marco.noriega@calpro.com.mx', true, '5553627431');
INSERT INTO INFRA.REL_PYMES_TRACTORAS ( ID_USUARIO_TRACTORA, ID_USUARIO_PYME) VALUES( (SELECT ID_USUARIO FROM INFRA.TRACTORAS WHERE EMPRESA = 'Gepp'), (SELECT ID_USUARIO FROM INFRA.USUARIOS WHERE CVE_USUARIO = 'marco.noriega@calpro.com.mx') );
INSERT INTO INFRA.CLIENTES ( ID_USUARIO, CLIENTE) VALUES( (SELECT ID_USUARIO FROM INFRA.USUARIOS WHERE CVE_USUARIO = 'marco.noriega@calpro.com.mx'), 'Gepp' );

--Carrocerías y Tráiler Hidalguense, S.A.
INSERT INTO INFRA.USUARIOS ( CVE_USUARIO, PASSWORD ) VALUES( 'irvinghervazzio@hotmail.com', 'ccmx1234' );
INSERT INTO INFRA.REL_ROLES ( CVE_ROL, CVE_USUARIO ) VALUES( 'PyME', 'irvinghervazzio@hotmail.com' );
INSERT INTO INFRA.PYMES ( ID_USUARIO, ID_USUARIO_PADRE, CORREO_ELECTRONICO, NOMBRE_COMERCIAL ) VALUES( (SELECT ID_USUARIO FROM INFRA.USUARIOS WHERE CVE_USUARIO = 'irvinghervazzio@hotmail.com'), '1', 'irvinghervazzio@hotmail.com', 'Carrocerías y Tráiler Hidalguense, S.A.' );
INSERT INTO INFRA.CONTACTOS (ID_USUARIO, TIPO, NOMBRE, APELLIDO_PATERNO, APELLIDO_MATERNO, CORREO_ELECTRONICO, B_PRINCIPAL, TELEFONO) VALUES ( (SELECT ID_USUARIO FROM INFRA.USUARIOS WHERE CVE_USUARIO = 'irvinghervazzio@hotmail.com'), 'Ventas', 'Hervazzio', 'Gonzalez', 'Perez', 'irvinghervazzio@hotmail.com', true, '7919158316');
INSERT INTO INFRA.REL_PYMES_TRACTORAS ( ID_USUARIO_TRACTORA, ID_USUARIO_PYME) VALUES( (SELECT ID_USUARIO FROM INFRA.TRACTORAS WHERE EMPRESA = 'Gepp'), (SELECT ID_USUARIO FROM INFRA.USUARIOS WHERE CVE_USUARIO = 'irvinghervazzio@hotmail.com') );
INSERT INTO INFRA.CLIENTES ( ID_USUARIO, CLIENTE) VALUES( (SELECT ID_USUARIO FROM INFRA.USUARIOS WHERE CVE_USUARIO = 'irvinghervazzio@hotmail.com'), 'Gepp' );

--Martha Carranza García.
INSERT INTO INFRA.USUARIOS ( CVE_USUARIO, PASSWORD ) VALUES( 'mcarranza693@hotmail.com', 'ccmx1234' );
INSERT INTO INFRA.REL_ROLES ( CVE_ROL, CVE_USUARIO ) VALUES( 'PyME', 'mcarranza693@hotmail.com' );
INSERT INTO INFRA.PYMES ( ID_USUARIO, ID_USUARIO_PADRE, CORREO_ELECTRONICO, NOMBRE_COMERCIAL ) VALUES( (SELECT ID_USUARIO FROM INFRA.USUARIOS WHERE CVE_USUARIO = 'mcarranza693@hotmail.com'), '1', 'mcarranza693@hotmail.com', 'Martha Carranza Garcia' );
INSERT INTO INFRA.CONTACTOS (ID_USUARIO, TIPO, NOMBRE, APELLIDO_PATERNO, APELLIDO_MATERNO, CORREO_ELECTRONICO, B_PRINCIPAL, TELEFONO) VALUES ( (SELECT ID_USUARIO FROM INFRA.USUARIOS WHERE CVE_USUARIO = 'mcarranza693@hotmail.com'), 'Ventas', 'Martha', 'Carranza', '', 'mcarranza693@hotmail.com', true, '7717162269');
INSERT INTO INFRA.REL_PYMES_TRACTORAS ( ID_USUARIO_TRACTORA, ID_USUARIO_PYME) VALUES( (SELECT ID_USUARIO FROM INFRA.TRACTORAS WHERE EMPRESA = 'Gepp'), (SELECT ID_USUARIO FROM INFRA.USUARIOS WHERE CVE_USUARIO = 'mcarranza693@hotmail.com') );
INSERT INTO INFRA.CLIENTES ( ID_USUARIO, CLIENTE) VALUES( (SELECT ID_USUARIO FROM INFRA.USUARIOS WHERE CVE_USUARIO = 'mcarranza693@hotmail.com'), 'Gepp' );

--Electroconstructora del Golfo, S.A. de C.V.
INSERT INTO INFRA.USUARIOS ( CVE_USUARIO, PASSWORD ) VALUES( 'david.perez@electro.mx', 'ccmx1234' );
INSERT INTO INFRA.REL_ROLES ( CVE_ROL, CVE_USUARIO ) VALUES( 'PyME', 'david.perez@electro.mx' );
INSERT INTO INFRA.PYMES ( ID_USUARIO, ID_USUARIO_PADRE, CORREO_ELECTRONICO, NOMBRE_COMERCIAL ) VALUES( (SELECT ID_USUARIO FROM INFRA.USUARIOS WHERE CVE_USUARIO = 'david.perez@electro.mx'), '1', 'david.perez@electro.mx', 'Electroconstructora del Golfo, S.A. de C.V.' );
INSERT INTO INFRA.CONTACTOS (ID_USUARIO, TIPO, NOMBRE, APELLIDO_PATERNO, APELLIDO_MATERNO, CORREO_ELECTRONICO, B_PRINCIPAL, TELEFONO) VALUES ( (SELECT ID_USUARIO FROM INFRA.USUARIOS WHERE CVE_USUARIO = 'david.perez@electro.mx'), 'Ventas', 'David', 'Perez', 'Maldonado', 'david.perez@electro.mx', true, '8332287420');
INSERT INTO INFRA.REL_PYMES_TRACTORAS ( ID_USUARIO_TRACTORA, ID_USUARIO_PYME) VALUES( (SELECT ID_USUARIO FROM INFRA.TRACTORAS WHERE EMPRESA = 'Gepp'), (SELECT ID_USUARIO FROM INFRA.USUARIOS WHERE CVE_USUARIO = 'david.perez@electro.mx') );
INSERT INTO INFRA.CLIENTES ( ID_USUARIO, CLIENTE) VALUES( (SELECT ID_USUARIO FROM INFRA.USUARIOS WHERE CVE_USUARIO = 'david.perez@electro.mx'), 'Gepp' );

--Juan Osorio López Autos Minatitlán, S.A. de C.V.
INSERT INTO INFRA.USUARIOS ( CVE_USUARIO, PASSWORD ) VALUES( 'acamacho@fordjolamisa.mx', 'ccmx1234' );
INSERT INTO INFRA.REL_ROLES ( CVE_ROL, CVE_USUARIO ) VALUES( 'PyME', 'acamacho@fordjolamisa.mx' );
INSERT INTO INFRA.PYMES ( ID_USUARIO, ID_USUARIO_PADRE, CORREO_ELECTRONICO, NOMBRE_COMERCIAL ) VALUES( (SELECT ID_USUARIO FROM INFRA.USUARIOS WHERE CVE_USUARIO = 'acamacho@fordjolamisa.mx'), '1', 'acamacho@fordjolamisa.mx', 'Juan Osorio López Autos Minatitlán, S.A. de C.V.' );
INSERT INTO INFRA.CONTACTOS (ID_USUARIO, TIPO, NOMBRE, APELLIDO_PATERNO, APELLIDO_MATERNO, CORREO_ELECTRONICO, B_PRINCIPAL, TELEFONO) VALUES ( (SELECT ID_USUARIO FROM INFRA.USUARIOS WHERE CVE_USUARIO = 'acamacho@fordjolamisa.mx'), 'Ventas', 'Angel', 'Camacho', 'Castro', 'acamacho@fordjolamisa.mx', true, '9222250125');
INSERT INTO INFRA.REL_PYMES_TRACTORAS ( ID_USUARIO_TRACTORA, ID_USUARIO_PYME) VALUES( (SELECT ID_USUARIO FROM INFRA.TRACTORAS WHERE EMPRESA = 'Gepp'), (SELECT ID_USUARIO FROM INFRA.USUARIOS WHERE CVE_USUARIO = 'acamacho@fordjolamisa.mx') );
INSERT INTO INFRA.CLIENTES ( ID_USUARIO, CLIENTE) VALUES( (SELECT ID_USUARIO FROM INFRA.USUARIOS WHERE CVE_USUARIO = 'acamacho@fordjolamisa.mx'), 'Gepp' );

--Cadisa Materiales para la Construcción, S.A. de C.V.
INSERT INTO INFRA.USUARIOS ( CVE_USUARIO, PASSWORD ) VALUES( 'rgil@grupoancar.com.mx', 'ccmx1234' );
INSERT INTO INFRA.REL_ROLES ( CVE_ROL, CVE_USUARIO ) VALUES( 'PyME', 'rgil@grupoancar.com.mx' );
INSERT INTO INFRA.PYMES ( ID_USUARIO, ID_USUARIO_PADRE, CORREO_ELECTRONICO, NOMBRE_COMERCIAL ) VALUES( (SELECT ID_USUARIO FROM INFRA.USUARIOS WHERE CVE_USUARIO = 'rgil@grupoancar.com.mx'), '1', 'rgil@grupoancar.com.mx', 'Cadisa Materiales para la Construcción, S.A. de C.V.' );
INSERT INTO INFRA.CONTACTOS (ID_USUARIO, TIPO, NOMBRE, APELLIDO_PATERNO, APELLIDO_MATERNO, CORREO_ELECTRONICO, B_PRINCIPAL, TELEFONO) VALUES ( (SELECT ID_USUARIO FROM INFRA.USUARIOS WHERE CVE_USUARIO = 'rgil@grupoancar.com.mx'), 'Ventas', 'Rafael', 'Gil', 'Merino', 'rgil@grupoancar.com.mx', true, '4050095196');
INSERT INTO INFRA.REL_PYMES_TRACTORAS ( ID_USUARIO_TRACTORA, ID_USUARIO_PYME) VALUES( (SELECT ID_USUARIO FROM INFRA.TRACTORAS WHERE EMPRESA = 'Gepp'), (SELECT ID_USUARIO FROM INFRA.USUARIOS WHERE CVE_USUARIO = 'rgil@grupoancar.com.mx') );
INSERT INTO INFRA.CLIENTES ( ID_USUARIO, CLIENTE) VALUES( (SELECT ID_USUARIO FROM INFRA.USUARIOS WHERE CVE_USUARIO = 'rgil@grupoancar.com.mx'), 'Gepp' );

--Gabriela López Rivera. / Creattin Solutions.
INSERT INTO INFRA.USUARIOS ( CVE_USUARIO, PASSWORD ) VALUES( 'gaby@creattiv.com.mx', 'ccmx1234' );
INSERT INTO INFRA.REL_ROLES ( CVE_ROL, CVE_USUARIO ) VALUES( 'PyME', 'gaby@creattiv.com.mx' );
INSERT INTO INFRA.PYMES ( ID_USUARIO, ID_USUARIO_PADRE, CORREO_ELECTRONICO, NOMBRE_COMERCIAL ) VALUES( (SELECT ID_USUARIO FROM INFRA.USUARIOS WHERE CVE_USUARIO = 'gaby@creattiv.com.mx'), '1', 'gaby@creattiv.com.mx', 'Gabriela López Rivera. / Creattin Solutions.' );
INSERT INTO INFRA.CONTACTOS (ID_USUARIO, TIPO, NOMBRE, APELLIDO_PATERNO, APELLIDO_MATERNO, CORREO_ELECTRONICO, B_PRINCIPAL, TELEFONO) VALUES ( (SELECT ID_USUARIO FROM INFRA.USUARIOS WHERE CVE_USUARIO = 'gaby@creattiv.com.mx'), 'Ventas', 'Gabriela', 'Lopez', 'Rivera', 'gaby@creattiv.com.mx', true, '2222642977');
INSERT INTO INFRA.REL_PYMES_TRACTORAS ( ID_USUARIO_TRACTORA, ID_USUARIO_PYME) VALUES( (SELECT ID_USUARIO FROM INFRA.TRACTORAS WHERE EMPRESA = 'Gepp'), (SELECT ID_USUARIO FROM INFRA.USUARIOS WHERE CVE_USUARIO = 'gaby@creattiv.com.mx') );
INSERT INTO INFRA.CLIENTES ( ID_USUARIO, CLIENTE) VALUES( (SELECT ID_USUARIO FROM INFRA.USUARIOS WHERE CVE_USUARIO = 'gaby@creattiv.com.mx'), 'Gepp' );

--Bernardo Apolo Cruz Cervantes. / Apolo Construcciones.
INSERT INTO INFRA.USUARIOS ( CVE_USUARIO, PASSWORD ) VALUES( 'apoloconstrucciones@prodigy.net.mx', 'ccmx1234' );
INSERT INTO INFRA.REL_ROLES ( CVE_ROL, CVE_USUARIO ) VALUES( 'PyME', 'apoloconstrucciones@prodigy.net.mx' );
INSERT INTO INFRA.PYMES ( ID_USUARIO, ID_USUARIO_PADRE, CORREO_ELECTRONICO, NOMBRE_COMERCIAL ) VALUES( (SELECT ID_USUARIO FROM INFRA.USUARIOS WHERE CVE_USUARIO = 'apoloconstrucciones@prodigy.net.mx'), '1', 'apoloconstrucciones@prodigy.net.mx', 'Bernardo Apolo Cruz Cervantes. / Apolo Construcciones.' );
INSERT INTO INFRA.CONTACTOS (ID_USUARIO, TIPO, NOMBRE, APELLIDO_PATERNO, APELLIDO_MATERNO, CORREO_ELECTRONICO, B_PRINCIPAL, TELEFONO) VALUES ( (SELECT ID_USUARIO FROM INFRA.USUARIOS WHERE CVE_USUARIO = 'apoloconstrucciones@prodigy.net.mx'), 'Ventas', 'Apolo', 'Cruz', 'Cervantes', 'apoloconstrucciones@prodigy.net.mx', true, '2222343494');
INSERT INTO INFRA.REL_PYMES_TRACTORAS ( ID_USUARIO_TRACTORA, ID_USUARIO_PYME) VALUES( (SELECT ID_USUARIO FROM INFRA.TRACTORAS WHERE EMPRESA = 'Gepp'), (SELECT ID_USUARIO FROM INFRA.USUARIOS WHERE CVE_USUARIO = 'apoloconstrucciones@prodigy.net.mx') );
INSERT INTO INFRA.CLIENTES ( ID_USUARIO, CLIENTE) VALUES( (SELECT ID_USUARIO FROM INFRA.USUARIOS WHERE CVE_USUARIO = 'apoloconstrucciones@prodigy.net.mx'), 'Gepp' );

--Manejo Integrado de Plagas de Oriente, S.A. de C.V.
INSERT INTO INFRA.USUARIOS ( CVE_USUARIO, PASSWORD ) VALUES( 'servicios@mipdeoriente.com', 'ccmx1234' );
INSERT INTO INFRA.REL_ROLES ( CVE_ROL, CVE_USUARIO ) VALUES( 'PyME', 'servicios@mipdeoriente.com' );
INSERT INTO INFRA.PYMES ( ID_USUARIO, ID_USUARIO_PADRE, CORREO_ELECTRONICO, NOMBRE_COMERCIAL ) VALUES( (SELECT ID_USUARIO FROM INFRA.USUARIOS WHERE CVE_USUARIO = 'servicios@mipdeoriente.com'), '1', 'servicios@mipdeoriente.com', 'Manejo Integrado de Plagas de Oriente, S.A. de C.V.' );
INSERT INTO INFRA.CONTACTOS (ID_USUARIO, TIPO, NOMBRE, APELLIDO_PATERNO, APELLIDO_MATERNO, CORREO_ELECTRONICO, B_PRINCIPAL, TELEFONO) VALUES ( (SELECT ID_USUARIO FROM INFRA.USUARIOS WHERE CVE_USUARIO = 'servicios@mipdeoriente.com'), 'Ventas', 'Victor Hugo', 'Adame', 'Rodriguez', 'servicios@mipdeoriente.com', true, '8008381688');
INSERT INTO INFRA.REL_PYMES_TRACTORAS ( ID_USUARIO_TRACTORA, ID_USUARIO_PYME) VALUES( (SELECT ID_USUARIO FROM INFRA.TRACTORAS WHERE EMPRESA = 'Gepp'), (SELECT ID_USUARIO FROM INFRA.USUARIOS WHERE CVE_USUARIO = 'servicios@mipdeoriente.com') );
INSERT INTO INFRA.CLIENTES ( ID_USUARIO, CLIENTE) VALUES( (SELECT ID_USUARIO FROM INFRA.USUARIOS WHERE CVE_USUARIO = 'servicios@mipdeoriente.com'), 'Gepp' );

--Teresita del Niño Jesús Camarillo Galindo.
INSERT INTO INFRA.USUARIOS ( CVE_USUARIO, PASSWORD ) VALUES( 'camarillo_bickershop@hotmail.com', 'ccmx1234' );
INSERT INTO INFRA.REL_ROLES ( CVE_ROL, CVE_USUARIO ) VALUES( 'PyME', 'camarillo_bickershop@hotmail.com' );
INSERT INTO INFRA.PYMES ( ID_USUARIO, ID_USUARIO_PADRE, CORREO_ELECTRONICO, NOMBRE_COMERCIAL ) VALUES( (SELECT ID_USUARIO FROM INFRA.USUARIOS WHERE CVE_USUARIO = 'camarillo_bickershop@hotmail.com'), '1', 'camarillo_bickershop@hotmail.com', 'Teresita del Niño Jesús Camarillo Galindo.' );
INSERT INTO INFRA.CONTACTOS (ID_USUARIO, TIPO, NOMBRE, APELLIDO_PATERNO, APELLIDO_MATERNO, CORREO_ELECTRONICO, B_PRINCIPAL, TELEFONO) VALUES ( (SELECT ID_USUARIO FROM INFRA.USUARIOS WHERE CVE_USUARIO = 'camarillo_bickershop@hotmail.com'), 'Ventas', 'Teresita Del Niño Jesus', 'Camarrillo', 'Galindo', 'camarillo_bickershop@hotmail.com', true, '4499150459');
INSERT INTO INFRA.REL_PYMES_TRACTORAS ( ID_USUARIO_TRACTORA, ID_USUARIO_PYME) VALUES( (SELECT ID_USUARIO FROM INFRA.TRACTORAS WHERE EMPRESA = 'Gepp'), (SELECT ID_USUARIO FROM INFRA.USUARIOS WHERE CVE_USUARIO = 'camarillo_bickershop@hotmail.com') );
INSERT INTO INFRA.CLIENTES ( ID_USUARIO, CLIENTE) VALUES( (SELECT ID_USUARIO FROM INFRA.USUARIOS WHERE CVE_USUARIO = 'camarillo_bickershop@hotmail.com'), 'Gepp' );

--Manufacturera de Ropa la Gacela, S.A. de C.V.
INSERT INTO INFRA.USUARIOS ( CVE_USUARIO, PASSWORD ) VALUES( 'mbol@lagacela.com.mx', 'ccmx1234' );
INSERT INTO INFRA.REL_ROLES ( CVE_ROL, CVE_USUARIO ) VALUES( 'PyME', 'mbol@lagacela.com.mx' );
INSERT INTO INFRA.PYMES ( ID_USUARIO, ID_USUARIO_PADRE, CORREO_ELECTRONICO, NOMBRE_COMERCIAL ) VALUES( (SELECT ID_USUARIO FROM INFRA.USUARIOS WHERE CVE_USUARIO = 'mbol@lagacela.com.mx'), '1', 'mbol@lagacela.com.mx', 'Manufacturera de Ropa la Gacela, S.A. de C.V.' );
INSERT INTO INFRA.CONTACTOS (ID_USUARIO, TIPO, NOMBRE, APELLIDO_PATERNO, APELLIDO_MATERNO, CORREO_ELECTRONICO, B_PRINCIPAL, TELEFONO) VALUES ( (SELECT ID_USUARIO FROM INFRA.USUARIOS WHERE CVE_USUARIO = 'mbol@lagacela.com.mx'), 'Ventas', 'Ernesto', 'Quiroz', 'Gonzalez', 'mbol@lagacela.com.mx', true, '4777161777');
INSERT INTO INFRA.REL_PYMES_TRACTORAS ( ID_USUARIO_TRACTORA, ID_USUARIO_PYME) VALUES( (SELECT ID_USUARIO FROM INFRA.TRACTORAS WHERE EMPRESA = 'Gepp'), (SELECT ID_USUARIO FROM INFRA.USUARIOS WHERE CVE_USUARIO = 'mbol@lagacela.com.mx') );
INSERT INTO INFRA.CLIENTES ( ID_USUARIO, CLIENTE) VALUES( (SELECT ID_USUARIO FROM INFRA.USUARIOS WHERE CVE_USUARIO = 'mbol@lagacela.com.mx'), 'Gepp' );

--Industria Química Admex, S.A. de C.V.
INSERT INTO INFRA.USUARIOS ( CVE_USUARIO, PASSWORD ) VALUES( 'cglez@admex.com.mx', 'ccmx1234' );
INSERT INTO INFRA.REL_ROLES ( CVE_ROL, CVE_USUARIO ) VALUES( 'PyME', 'cglez@admex.com.mx' );
INSERT INTO INFRA.PYMES ( ID_USUARIO, ID_USUARIO_PADRE, CORREO_ELECTRONICO, NOMBRE_COMERCIAL ) VALUES( (SELECT ID_USUARIO FROM INFRA.USUARIOS WHERE CVE_USUARIO = 'cglez@admex.com.mx'), '1', 'cglez@admex.com.mx', 'Industria Química Admex, S.A. de C.V.' );
INSERT INTO INFRA.CONTACTOS (ID_USUARIO, TIPO, NOMBRE, APELLIDO_PATERNO, APELLIDO_MATERNO, CORREO_ELECTRONICO, B_PRINCIPAL, TELEFONO) VALUES ( (SELECT ID_USUARIO FROM INFRA.USUARIOS WHERE CVE_USUARIO = 'cglez@admex.com.mx'), 'Ventas', 'Consuelo', 'Gonzalez', 'Diaz de Leon', 'cglez@admex.com.mx', true, '3337771350');
INSERT INTO INFRA.REL_PYMES_TRACTORAS ( ID_USUARIO_TRACTORA, ID_USUARIO_PYME) VALUES( (SELECT ID_USUARIO FROM INFRA.TRACTORAS WHERE EMPRESA = 'Gepp'), (SELECT ID_USUARIO FROM INFRA.USUARIOS WHERE CVE_USUARIO = 'cglez@admex.com.mx') );
INSERT INTO INFRA.CLIENTES ( ID_USUARIO, CLIENTE) VALUES( (SELECT ID_USUARIO FROM INFRA.USUARIOS WHERE CVE_USUARIO = 'cglez@admex.com.mx'), 'Gepp' );

--Tarimas Santa Anita, S.A. de C.V.
INSERT INTO INFRA.USUARIOS ( CVE_USUARIO, PASSWORD ) VALUES( 'mierricardo@prodigy.net.mx', 'ccmx1234' );
INSERT INTO INFRA.REL_ROLES ( CVE_ROL, CVE_USUARIO ) VALUES( 'PyME', 'mierricardo@prodigy.net.mx' );
INSERT INTO INFRA.PYMES ( ID_USUARIO, ID_USUARIO_PADRE, CORREO_ELECTRONICO, NOMBRE_COMERCIAL ) VALUES( (SELECT ID_USUARIO FROM INFRA.USUARIOS WHERE CVE_USUARIO = 'mierricardo@prodigy.net.mx'), '1', 'mierricardo@prodigy.net.mx', 'Tarimas Santa Anita, S.A. de C.V.' );
INSERT INTO INFRA.CONTACTOS (ID_USUARIO, TIPO, NOMBRE, APELLIDO_PATERNO, APELLIDO_MATERNO, CORREO_ELECTRONICO, B_PRINCIPAL, TELEFONO) VALUES ( (SELECT ID_USUARIO FROM INFRA.USUARIOS WHERE CVE_USUARIO = 'mierricardo@prodigy.net.mx'), 'Ventas', 'Ricardo', 'Mier', 'Simental', 'mierricardo@prodigy.net.mx', true, '3336865328');
INSERT INTO INFRA.REL_PYMES_TRACTORAS ( ID_USUARIO_TRACTORA, ID_USUARIO_PYME) VALUES( (SELECT ID_USUARIO FROM INFRA.TRACTORAS WHERE EMPRESA = 'Gepp'), (SELECT ID_USUARIO FROM INFRA.USUARIOS WHERE CVE_USUARIO = 'mierricardo@prodigy.net.mx') );
INSERT INTO INFRA.CLIENTES ( ID_USUARIO, CLIENTE) VALUES( (SELECT ID_USUARIO FROM INFRA.USUARIOS WHERE CVE_USUARIO = 'mierricardo@prodigy.net.mx'), 'Gepp' );

--Joran Ortales Carranza. / Maquinados Maquintra.
INSERT INTO INFRA.USUARIOS ( CVE_USUARIO, PASSWORD ) VALUES( 'maquintra@prodigy.net.mx', 'ccmx1234' );
INSERT INTO INFRA.REL_ROLES ( CVE_ROL, CVE_USUARIO ) VALUES( 'PyME', 'maquintra@prodigy.net.mx' );
INSERT INTO INFRA.PYMES ( ID_USUARIO, ID_USUARIO_PADRE, CORREO_ELECTRONICO, NOMBRE_COMERCIAL ) VALUES( (SELECT ID_USUARIO FROM INFRA.USUARIOS WHERE CVE_USUARIO = 'maquintra@prodigy.net.mx'), '1', 'maquintra@prodigy.net.mx', 'Joran Ortales Carranza. / Maquinados Maquintra.' );
INSERT INTO INFRA.CONTACTOS (ID_USUARIO, TIPO, NOMBRE, APELLIDO_PATERNO, APELLIDO_MATERNO, CORREO_ELECTRONICO, B_PRINCIPAL, TELEFONO) VALUES ( (SELECT ID_USUARIO FROM INFRA.USUARIOS WHERE CVE_USUARIO = 'maquintra@prodigy.net.mx'), 'Ventas', 'Gladis', 'Guajardo', '', 'maquintra@prodigy.net.mx', true, '81917963');
INSERT INTO INFRA.REL_PYMES_TRACTORAS ( ID_USUARIO_TRACTORA, ID_USUARIO_PYME) VALUES( (SELECT ID_USUARIO FROM INFRA.TRACTORAS WHERE EMPRESA = 'Gepp'), (SELECT ID_USUARIO FROM INFRA.USUARIOS WHERE CVE_USUARIO = 'maquintra@prodigy.net.mx') );
INSERT INTO INFRA.CLIENTES ( ID_USUARIO, CLIENTE) VALUES( (SELECT ID_USUARIO FROM INFRA.USUARIOS WHERE CVE_USUARIO = 'maquintra@prodigy.net.mx'), 'Gepp' );

--American Seal, S.A. de C.V.
INSERT INTO INFRA.USUARIOS ( CVE_USUARIO, PASSWORD ) VALUES( 'jlreyes@americanseal.com.mx', 'ccmx1234' );
INSERT INTO INFRA.REL_ROLES ( CVE_ROL, CVE_USUARIO ) VALUES( 'PyME', 'jlreyes@americanseal.com.mx' );
INSERT INTO INFRA.PYMES ( ID_USUARIO, ID_USUARIO_PADRE, CORREO_ELECTRONICO, NOMBRE_COMERCIAL ) VALUES( (SELECT ID_USUARIO FROM INFRA.USUARIOS WHERE CVE_USUARIO = 'jlreyes@americanseal.com.mx'), '1', 'jlreyes@americanseal.com.mx', 'American Seal, S.A. de C.V.' );
INSERT INTO INFRA.CONTACTOS (ID_USUARIO, TIPO, NOMBRE, APELLIDO_PATERNO, APELLIDO_MATERNO, CORREO_ELECTRONICO, B_PRINCIPAL, TELEFONO) VALUES ( (SELECT ID_USUARIO FROM INFRA.USUARIOS WHERE CVE_USUARIO = 'jlreyes@americanseal.com.mx'), 'Ventas', 'Jorge', 'Pue', '', 'jlreyes@americanseal.com.mx', true, '8114530241');
INSERT INTO INFRA.REL_PYMES_TRACTORAS ( ID_USUARIO_TRACTORA, ID_USUARIO_PYME) VALUES( (SELECT ID_USUARIO FROM INFRA.TRACTORAS WHERE EMPRESA = 'Gepp'), (SELECT ID_USUARIO FROM INFRA.USUARIOS WHERE CVE_USUARIO = 'jlreyes@americanseal.com.mx') );
INSERT INTO INFRA.CLIENTES ( ID_USUARIO, CLIENTE) VALUES( (SELECT ID_USUARIO FROM INFRA.USUARIOS WHERE CVE_USUARIO = 'jlreyes@americanseal.com.mx'), 'Gepp' );

--Materiales y Complementos Industriales, S.A. de C.V.
INSERT INTO INFRA.USUARIOS ( CVE_USUARIO, PASSWORD ) VALUES( 'gerardo.pedroza@mycoinsa.com', 'ccmx1234' );
INSERT INTO INFRA.REL_ROLES ( CVE_ROL, CVE_USUARIO ) VALUES( 'PyME', 'gerardo.pedroza@mycoinsa.com' );
INSERT INTO INFRA.PYMES ( ID_USUARIO, ID_USUARIO_PADRE, CORREO_ELECTRONICO, NOMBRE_COMERCIAL ) VALUES( (SELECT ID_USUARIO FROM INFRA.USUARIOS WHERE CVE_USUARIO = 'gerardo.pedroza@mycoinsa.com'), '1', 'gerardo.pedroza@mycoinsa.com', 'Materiales y Complementos Industriales, S.A. de C.V.' );
INSERT INTO INFRA.CONTACTOS (ID_USUARIO, TIPO, NOMBRE, APELLIDO_PATERNO, APELLIDO_MATERNO, CORREO_ELECTRONICO, B_PRINCIPAL, TELEFONO) VALUES ( (SELECT ID_USUARIO FROM INFRA.USUARIOS WHERE CVE_USUARIO = 'gerardo.pedroza@mycoinsa.com'), 'Ventas', 'Gerardo', 'Pedroza', 'Martinez', 'gerardo.pedroza@mycoinsa.com', true, '8182987777');
INSERT INTO INFRA.REL_PYMES_TRACTORAS ( ID_USUARIO_TRACTORA, ID_USUARIO_PYME) VALUES( (SELECT ID_USUARIO FROM INFRA.TRACTORAS WHERE EMPRESA = 'Gepp'), (SELECT ID_USUARIO FROM INFRA.USUARIOS WHERE CVE_USUARIO = 'gerardo.pedroza@mycoinsa.com') );
INSERT INTO INFRA.CLIENTES ( ID_USUARIO, CLIENTE) VALUES( (SELECT ID_USUARIO FROM INFRA.USUARIOS WHERE CVE_USUARIO = 'gerardo.pedroza@mycoinsa.com'), 'Gepp' );

--Estudio Color, S.A. de C.V.
INSERT INTO INFRA.USUARIOS ( CVE_USUARIO, PASSWORD ) VALUES( 'eduardo.rello@ecolor.com.mx', 'ccmx1234' );
INSERT INTO INFRA.REL_ROLES ( CVE_ROL, CVE_USUARIO ) VALUES( 'PyME', 'eduardo.rello@ecolor.com.mx' );
INSERT INTO INFRA.PYMES ( ID_USUARIO, ID_USUARIO_PADRE, CORREO_ELECTRONICO, NOMBRE_COMERCIAL ) VALUES( (SELECT ID_USUARIO FROM INFRA.USUARIOS WHERE CVE_USUARIO = 'eduardo.rello@ecolor.com.mx'), '1', 'eduardo.rello@ecolor.com.mx', 'Estudio Color, S.A. de C.V.' );
INSERT INTO INFRA.CONTACTOS (ID_USUARIO, TIPO, NOMBRE, APELLIDO_PATERNO, APELLIDO_MATERNO, CORREO_ELECTRONICO, B_PRINCIPAL, TELEFONO) VALUES ( (SELECT ID_USUARIO FROM INFRA.USUARIOS WHERE CVE_USUARIO = 'eduardo.rello@ecolor.com.mx'), 'Ventas', 'Eduardo', 'Rello', '', 'eduardo.rello@ecolor.com.mx', true, '7282855196');
INSERT INTO INFRA.REL_PYMES_TRACTORAS ( ID_USUARIO_TRACTORA, ID_USUARIO_PYME) VALUES( (SELECT ID_USUARIO FROM INFRA.TRACTORAS WHERE EMPRESA = 'Gepp'), (SELECT ID_USUARIO FROM INFRA.USUARIOS WHERE CVE_USUARIO = 'eduardo.rello@ecolor.com.mx') );
INSERT INTO INFRA.CLIENTES ( ID_USUARIO, CLIENTE) VALUES( (SELECT ID_USUARIO FROM INFRA.USUARIOS WHERE CVE_USUARIO = 'eduardo.rello@ecolor.com.mx'), 'Gepp' );

--Impreso Pulic Yga.
INSERT INTO INFRA.USUARIOS ( CVE_USUARIO, PASSWORD ) VALUES( 'vbautista@yga.com.mx', 'ccmx1234' );
INSERT INTO INFRA.REL_ROLES ( CVE_ROL, CVE_USUARIO ) VALUES( 'PyME', 'vbautista@yga.com.mx' );
INSERT INTO INFRA.PYMES ( ID_USUARIO, ID_USUARIO_PADRE, CORREO_ELECTRONICO, NOMBRE_COMERCIAL ) VALUES( (SELECT ID_USUARIO FROM INFRA.USUARIOS WHERE CVE_USUARIO = 'vbautista@yga.com.mx'), '1', 'vbautista@yga.com.mx', 'Impreso Pulic Yga.' );
INSERT INTO INFRA.CONTACTOS (ID_USUARIO, TIPO, NOMBRE, APELLIDO_PATERNO, APELLIDO_MATERNO, CORREO_ELECTRONICO, B_PRINCIPAL, TELEFONO) VALUES ( (SELECT ID_USUARIO FROM INFRA.USUARIOS WHERE CVE_USUARIO = 'vbautista@yga.com.mx'), 'Ventas', 'Virginia', 'Bautista', 'Contreras', 'vbautista@yga.com.mx', true, '53952800');
INSERT INTO INFRA.REL_PYMES_TRACTORAS ( ID_USUARIO_TRACTORA, ID_USUARIO_PYME) VALUES( (SELECT ID_USUARIO FROM INFRA.TRACTORAS WHERE EMPRESA = 'Gepp'), (SELECT ID_USUARIO FROM INFRA.USUARIOS WHERE CVE_USUARIO = 'vbautista@yga.com.mx') );
INSERT INTO INFRA.CLIENTES ( ID_USUARIO, CLIENTE) VALUES( (SELECT ID_USUARIO FROM INFRA.USUARIOS WHERE CVE_USUARIO = 'vbautista@yga.com.mx'), 'Gepp' );

--Del-Tronix, S.A. de C.V.
INSERT INTO INFRA.USUARIOS ( CVE_USUARIO, PASSWORD ) VALUES( 'lpadron@deltronix.com.mx', 'ccmx1234' );
INSERT INTO INFRA.REL_ROLES ( CVE_ROL, CVE_USUARIO ) VALUES( 'PyME', 'lpadron@deltronix.com.mx' );
INSERT INTO INFRA.PYMES ( ID_USUARIO, ID_USUARIO_PADRE, CORREO_ELECTRONICO, NOMBRE_COMERCIAL ) VALUES( (SELECT ID_USUARIO FROM INFRA.USUARIOS WHERE CVE_USUARIO = 'lpadron@deltronix.com.mx'), '1', 'lpadron@deltronix.com.mx', 'Del-Tronix, S.A. de C.V.' );
INSERT INTO INFRA.CONTACTOS (ID_USUARIO, TIPO, NOMBRE, APELLIDO_PATERNO, APELLIDO_MATERNO, CORREO_ELECTRONICO, B_PRINCIPAL, TELEFONO) VALUES ( (SELECT ID_USUARIO FROM INFRA.USUARIOS WHERE CVE_USUARIO = 'lpadron@deltronix.com.mx'), 'Ventas', 'Laura', 'Padron', 'Ibarra', 'lpadron@deltronix.com.mx', true, '8444881030');
INSERT INTO INFRA.REL_PYMES_TRACTORAS ( ID_USUARIO_TRACTORA, ID_USUARIO_PYME) VALUES( (SELECT ID_USUARIO FROM INFRA.TRACTORAS WHERE EMPRESA = 'Gepp'), (SELECT ID_USUARIO FROM INFRA.USUARIOS WHERE CVE_USUARIO = 'lpadron@deltronix.com.mx') );
INSERT INTO INFRA.CLIENTES ( ID_USUARIO, CLIENTE) VALUES( (SELECT ID_USUARIO FROM INFRA.USUARIOS WHERE CVE_USUARIO = 'lpadron@deltronix.com.mx'), 'Gepp' );

--Corporación Constructora Azteca, S.A. de C.V. / Protectotank
INSERT INTO INFRA.USUARIOS ( CVE_USUARIO, PASSWORD ) VALUES( 'jgarza@protectotank.com.mx', 'ccmx1234' );
INSERT INTO INFRA.REL_ROLES ( CVE_ROL, CVE_USUARIO ) VALUES( 'PyME', 'jgarza@protectotank.com.mx' );
INSERT INTO INFRA.PYMES ( ID_USUARIO, ID_USUARIO_PADRE, CORREO_ELECTRONICO, NOMBRE_COMERCIAL ) VALUES( (SELECT ID_USUARIO FROM INFRA.USUARIOS WHERE CVE_USUARIO = 'jgarza@protectotank.com.mx'), '1', 'jgarza@protectotank.com.mx', 'Corporación Constructora Azteca, S.A. de C.V. / Protectotank' );
INSERT INTO INFRA.CONTACTOS (ID_USUARIO, TIPO, NOMBRE, APELLIDO_PATERNO, APELLIDO_MATERNO, CORREO_ELECTRONICO, B_PRINCIPAL, TELEFONO) VALUES ( (SELECT ID_USUARIO FROM INFRA.USUARIOS WHERE CVE_USUARIO = 'jgarza@protectotank.com.mx'), 'Ventas', 'Monica', 'Martinez', '', 'jgarza@protectotank.com.mx', true, '53011295');
INSERT INTO INFRA.REL_PYMES_TRACTORAS ( ID_USUARIO_TRACTORA, ID_USUARIO_PYME) VALUES( (SELECT ID_USUARIO FROM INFRA.TRACTORAS WHERE EMPRESA = 'Gepp'), (SELECT ID_USUARIO FROM INFRA.USUARIOS WHERE CVE_USUARIO = 'jgarza@protectotank.com.mx') );
INSERT INTO INFRA.CLIENTES ( ID_USUARIO, CLIENTE) VALUES( (SELECT ID_USUARIO FROM INFRA.USUARIOS WHERE CVE_USUARIO = 'jgarza@protectotank.com.mx'), 'Gepp' );


--Geusa

--Di' Carmo, S.A. de C.V.
INSERT INTO INFRA.USUARIOS ( CVE_USUARIO, PASSWORD ) VALUES( 'dicarmo@dicarmo.com.mx', 'ccmx1234' );
INSERT INTO INFRA.REL_ROLES ( CVE_ROL, CVE_USUARIO ) VALUES( 'PyME', 'dicarmo@dicarmo.com.mx' );
INSERT INTO INFRA.PYMES ( ID_USUARIO, ID_USUARIO_PADRE, CORREO_ELECTRONICO, NOMBRE_COMERCIAL ) VALUES( (SELECT ID_USUARIO FROM INFRA.USUARIOS WHERE CVE_USUARIO = 'dicarmo@dicarmo.com.mx'), '1', 'dicarmo@dicarmo.com.mx', 'Di Carmo, S.A. de C.V.' );
INSERT INTO INFRA.CONTACTOS (ID_USUARIO, TIPO, NOMBRE, APELLIDO_PATERNO, APELLIDO_MATERNO, CORREO_ELECTRONICO, B_PRINCIPAL, TELEFONO) VALUES ( (SELECT ID_USUARIO FROM INFRA.USUARIOS WHERE CVE_USUARIO = 'dicarmo@dicarmo.com.mx'), 'Ventas', 'Carlos', 'Smeke', 'Kalach', 'dicarmo@dicarmo.com.mx', true, '53572900');
INSERT INTO INFRA.REL_PYMES_TRACTORAS ( ID_USUARIO_TRACTORA, ID_USUARIO_PYME) VALUES( (SELECT ID_USUARIO FROM INFRA.TRACTORAS WHERE EMPRESA = 'Geusa'), (SELECT ID_USUARIO FROM INFRA.USUARIOS WHERE CVE_USUARIO = 'dicarmo@dicarmo.com.mx') );
INSERT INTO INFRA.CLIENTES ( ID_USUARIO, CLIENTE) VALUES( (SELECT ID_USUARIO FROM INFRA.USUARIOS WHERE CVE_USUARIO = 'dicarmo@dicarmo.com.mx'), 'Geusa' );

--Tecparma Mexicana, S.A. de C.V.
INSERT INTO INFRA.USUARIOS ( CVE_USUARIO, PASSWORD ) VALUES( 'tecparma@prodigy.net.mx', 'ccmx1234' );
INSERT INTO INFRA.REL_ROLES ( CVE_ROL, CVE_USUARIO ) VALUES( 'PyME', 'tecparma@prodigy.net.mx' );
INSERT INTO INFRA.PYMES ( ID_USUARIO, ID_USUARIO_PADRE, CORREO_ELECTRONICO, NOMBRE_COMERCIAL ) VALUES( (SELECT ID_USUARIO FROM INFRA.USUARIOS WHERE CVE_USUARIO = 'tecparma@prodigy.net.mx'), '1', 'tecparma@prodigy.net.mx', 'Tecparma Mexicana, S.A. de C.V.' );
INSERT INTO INFRA.CONTACTOS (ID_USUARIO, TIPO, NOMBRE, APELLIDO_PATERNO, APELLIDO_MATERNO, CORREO_ELECTRONICO, B_PRINCIPAL, TELEFONO) VALUES ( (SELECT ID_USUARIO FROM INFRA.USUARIOS WHERE CVE_USUARIO = 'tecparma@prodigy.net.mx'), 'Ventas', 'Lodovico', 'Guarnieri', '', 'tecparma@prodigy.net.mx', true, '5553624829');
INSERT INTO INFRA.REL_PYMES_TRACTORAS ( ID_USUARIO_TRACTORA, ID_USUARIO_PYME) VALUES( (SELECT ID_USUARIO FROM INFRA.TRACTORAS WHERE EMPRESA = 'Geusa'), (SELECT ID_USUARIO FROM INFRA.USUARIOS WHERE CVE_USUARIO = 'tecparma@prodigy.net.mx') );
INSERT INTO INFRA.CLIENTES ( ID_USUARIO, CLIENTE) VALUES( (SELECT ID_USUARIO FROM INFRA.USUARIOS WHERE CVE_USUARIO = 'tecparma@prodigy.net.mx'), 'Geusa' );

--Italmold Plast S.A. de C.V.
INSERT INTO INFRA.USUARIOS ( CVE_USUARIO, PASSWORD ) VALUES( 'sebastiano.pinardi@hotmail.com', 'ccmx1234' );
INSERT INTO INFRA.REL_ROLES ( CVE_ROL, CVE_USUARIO ) VALUES( 'PyME', 'sebastiano.pinardi@hotmail.com' );
INSERT INTO INFRA.PYMES ( ID_USUARIO, ID_USUARIO_PADRE, CORREO_ELECTRONICO, NOMBRE_COMERCIAL ) VALUES( (SELECT ID_USUARIO FROM INFRA.USUARIOS WHERE CVE_USUARIO = 'sebastiano.pinardi@hotmail.com'), '1', 'sebastiano.pinardi@hotmail.com', 'Italmold Plast S.A. de C.V.' );
INSERT INTO INFRA.CONTACTOS (ID_USUARIO, TIPO, NOMBRE, APELLIDO_PATERNO, APELLIDO_MATERNO, CORREO_ELECTRONICO, B_PRINCIPAL, TELEFONO) VALUES ( (SELECT ID_USUARIO FROM INFRA.USUARIOS WHERE CVE_USUARIO = 'sebastiano.pinardi@hotmail.com'), 'Ventas', 'Sebastiano', 'Pinardi', '', 'sebastiano.pinardi@hotmail.com', true, '5535186105');
INSERT INTO INFRA.REL_PYMES_TRACTORAS ( ID_USUARIO_TRACTORA, ID_USUARIO_PYME) VALUES( (SELECT ID_USUARIO FROM INFRA.TRACTORAS WHERE EMPRESA = 'Geusa'), (SELECT ID_USUARIO FROM INFRA.USUARIOS WHERE CVE_USUARIO = 'sebastiano.pinardi@hotmail.com') );
INSERT INTO INFRA.CLIENTES ( ID_USUARIO, CLIENTE) VALUES( (SELECT ID_USUARIO FROM INFRA.USUARIOS WHERE CVE_USUARIO = 'sebastiano.pinardi@hotmail.com'), 'Geusa' );


--Grupo Alfa

--Centro Químico Cequimar, S.A. de C.V.
INSERT INTO INFRA.USUARIOS ( CVE_USUARIO, PASSWORD ) VALUES( 'nallely.martinez@cequimar.com.mx', 'ccmx1234' );
INSERT INTO INFRA.REL_ROLES ( CVE_ROL, CVE_USUARIO ) VALUES( 'PyME', 'nallely.martinez@cequimar.com.mx' );
INSERT INTO INFRA.PYMES ( ID_USUARIO, ID_USUARIO_PADRE, CORREO_ELECTRONICO, NOMBRE_COMERCIAL ) VALUES( (SELECT ID_USUARIO FROM INFRA.USUARIOS WHERE CVE_USUARIO = 'nallely.martinez@cequimar.com.mx'), '1', 'nallely.martinez@cequimar.com.mx', 'Centro Químico Cequimar, S.A. de C.V.' );
INSERT INTO INFRA.CONTACTOS (ID_USUARIO, TIPO, NOMBRE, APELLIDO_PATERNO, APELLIDO_MATERNO, CORREO_ELECTRONICO, B_PRINCIPAL, TELEFONO) VALUES ( (SELECT ID_USUARIO FROM INFRA.USUARIOS WHERE CVE_USUARIO = 'nallely.martinez@cequimar.com.mx'), 'Ventas', 'Nallely Ivonne', 'Martinez', 'Morales', 'nallely.martinez@cequimar.com.mx', true, '57014035');
INSERT INTO INFRA.REL_PYMES_TRACTORAS ( ID_USUARIO_TRACTORA, ID_USUARIO_PYME) VALUES( (SELECT ID_USUARIO FROM INFRA.TRACTORAS WHERE EMPRESA = 'Grupo Alfa'), (SELECT ID_USUARIO FROM INFRA.USUARIOS WHERE CVE_USUARIO = 'nallely.martinez@cequimar.com.mx') );
INSERT INTO INFRA.CLIENTES ( ID_USUARIO, CLIENTE) VALUES( (SELECT ID_USUARIO FROM INFRA.USUARIOS WHERE CVE_USUARIO = 'nallely.martinez@cequimar.com.mx'), 'Grupo Alfa' );

--Phaer Consultores, S.A. de C.V.
INSERT INTO INFRA.USUARIOS ( CVE_USUARIO, PASSWORD ) VALUES( 'direccion@paherconsultores.com', 'ccmx1234' );
INSERT INTO INFRA.REL_ROLES ( CVE_ROL, CVE_USUARIO ) VALUES( 'PyME', 'direccion@paherconsultores.com' );
INSERT INTO INFRA.PYMES ( ID_USUARIO, ID_USUARIO_PADRE, CORREO_ELECTRONICO, NOMBRE_COMERCIAL ) VALUES( (SELECT ID_USUARIO FROM INFRA.USUARIOS WHERE CVE_USUARIO = 'direccion@paherconsultores.com'), '1', 'direccion@paherconsultores.com', 'Phaer Consultores, S.A. de C.V.' );
INSERT INTO INFRA.CONTACTOS (ID_USUARIO, TIPO, NOMBRE, APELLIDO_PATERNO, APELLIDO_MATERNO, CORREO_ELECTRONICO, B_PRINCIPAL, TELEFONO) VALUES ( (SELECT ID_USUARIO FROM INFRA.USUARIOS WHERE CVE_USUARIO = 'direccion@paherconsultores.com'), 'Ventas', 'Sergio', 'Pacheco', 'Salinas', 'direccion@paherconsultores.com', true, '53905156');
INSERT INTO INFRA.REL_PYMES_TRACTORAS ( ID_USUARIO_TRACTORA, ID_USUARIO_PYME) VALUES( (SELECT ID_USUARIO FROM INFRA.TRACTORAS WHERE EMPRESA = 'Grupo Alfa'), (SELECT ID_USUARIO FROM INFRA.USUARIOS WHERE CVE_USUARIO = 'direccion@paherconsultores.com') );
INSERT INTO INFRA.CLIENTES ( ID_USUARIO, CLIENTE) VALUES( (SELECT ID_USUARIO FROM INFRA.USUARIOS WHERE CVE_USUARIO = 'direccion@paherconsultores.com'), 'Grupo Alfa' );

--Ricalv Industrial, S.A. de C.V.
INSERT INTO INFRA.USUARIOS ( CVE_USUARIO, PASSWORD ) VALUES( 'mjesusrt@ricalv.com.mx', 'ccmx1234' );
INSERT INTO INFRA.REL_ROLES ( CVE_ROL, CVE_USUARIO ) VALUES( 'PyME', 'mjesusrt@ricalv.com.mx' );
INSERT INTO INFRA.PYMES ( ID_USUARIO, ID_USUARIO_PADRE, CORREO_ELECTRONICO, NOMBRE_COMERCIAL ) VALUES( (SELECT ID_USUARIO FROM INFRA.USUARIOS WHERE CVE_USUARIO = 'mjesusrt@ricalv.com.mx'), '1', 'mjesusrt@ricalv.com.mx', 'Ricalv Industrial, S.A. de C.V.' );
INSERT INTO INFRA.CONTACTOS (ID_USUARIO, TIPO, NOMBRE, APELLIDO_PATERNO, APELLIDO_MATERNO, CORREO_ELECTRONICO, B_PRINCIPAL, TELEFONO) VALUES ( (SELECT ID_USUARIO FROM INFRA.USUARIOS WHERE CVE_USUARIO = 'mjesusrt@ricalv.com.mx'), 'Ventas', 'Maria De Jesus', 'Rodriguez', '', 'mjesusrt@ricalv.com.mx', true, '58844980');
INSERT INTO INFRA.REL_PYMES_TRACTORAS ( ID_USUARIO_TRACTORA, ID_USUARIO_PYME) VALUES( (SELECT ID_USUARIO FROM INFRA.TRACTORAS WHERE EMPRESA = 'Grupo Alfa'), (SELECT ID_USUARIO FROM INFRA.USUARIOS WHERE CVE_USUARIO = 'mjesusrt@ricalv.com.mx') );
INSERT INTO INFRA.CLIENTES ( ID_USUARIO, CLIENTE) VALUES( (SELECT ID_USUARIO FROM INFRA.USUARIOS WHERE CVE_USUARIO = 'mjesusrt@ricalv.com.mx'), 'Grupo Alfa' );

--Desi-Fyre Sistemas, S.A. de C.V.
INSERT INTO INFRA.USUARIOS ( CVE_USUARIO, PASSWORD ) VALUES( 'octavio_foster@hotmail.com', 'ccmx1234' );
INSERT INTO INFRA.REL_ROLES ( CVE_ROL, CVE_USUARIO ) VALUES( 'PyME', 'octavio_foster@hotmail.com' );
INSERT INTO INFRA.PYMES ( ID_USUARIO, ID_USUARIO_PADRE, CORREO_ELECTRONICO, NOMBRE_COMERCIAL ) VALUES( (SELECT ID_USUARIO FROM INFRA.USUARIOS WHERE CVE_USUARIO = 'octavio_foster@hotmail.com'), '1', 'octavio_foster@hotmail.com', 'Desi-Fyre Sistemas, S.A. de C.V.' );
INSERT INTO INFRA.CONTACTOS (ID_USUARIO, TIPO, NOMBRE, APELLIDO_PATERNO, APELLIDO_MATERNO, CORREO_ELECTRONICO, B_PRINCIPAL, TELEFONO) VALUES ( (SELECT ID_USUARIO FROM INFRA.USUARIOS WHERE CVE_USUARIO = 'octavio_foster@hotmail.com'), 'Ventas', 'Nallely', 'Octavio', 'Foster', 'octavio_foster@hotmail.com', true, '19979315');
INSERT INTO INFRA.REL_PYMES_TRACTORAS ( ID_USUARIO_TRACTORA, ID_USUARIO_PYME) VALUES( (SELECT ID_USUARIO FROM INFRA.TRACTORAS WHERE EMPRESA = 'Grupo Alfa'), (SELECT ID_USUARIO FROM INFRA.USUARIOS WHERE CVE_USUARIO = 'octavio_foster@hotmail.com') );
INSERT INTO INFRA.CLIENTES ( ID_USUARIO, CLIENTE) VALUES( (SELECT ID_USUARIO FROM INFRA.USUARIOS WHERE CVE_USUARIO = 'octavio_foster@hotmail.com'), 'Grupo Alfa' );

--Radiadores Unidos, S.A. de C.V.
INSERT INTO INFRA.USUARIOS ( CVE_USUARIO, PASSWORD ) VALUES( 'finanzas.4@runsa.com.mx', 'ccmx1234' );
INSERT INTO INFRA.REL_ROLES ( CVE_ROL, CVE_USUARIO ) VALUES( 'PyME', 'finanzas.4@runsa.com.mx' );
INSERT INTO INFRA.PYMES ( ID_USUARIO, ID_USUARIO_PADRE, CORREO_ELECTRONICO, NOMBRE_COMERCIAL ) VALUES( (SELECT ID_USUARIO FROM INFRA.USUARIOS WHERE CVE_USUARIO = 'finanzas.4@runsa.com.mx'), '1', 'finanzas.4@runsa.com.mx', 'Radiadores Unidos, S.A. de C.V.' );
INSERT INTO INFRA.CONTACTOS (ID_USUARIO, TIPO, NOMBRE, APELLIDO_PATERNO, APELLIDO_MATERNO, CORREO_ELECTRONICO, B_PRINCIPAL, TELEFONO) VALUES ( (SELECT ID_USUARIO FROM INFRA.USUARIOS WHERE CVE_USUARIO = 'finanzas.4@runsa.com.mx'), 'Ventas', 'Julio', 'Ortiz', 'Velazquez', 'finanzas.4@runsa.com.mx', true, '54845701');
INSERT INTO INFRA.REL_PYMES_TRACTORAS ( ID_USUARIO_TRACTORA, ID_USUARIO_PYME) VALUES( (SELECT ID_USUARIO FROM INFRA.TRACTORAS WHERE EMPRESA = 'Grupo Alfa'), (SELECT ID_USUARIO FROM INFRA.USUARIOS WHERE CVE_USUARIO = 'finanzas.4@runsa.com.mx') );
INSERT INTO INFRA.CLIENTES ( ID_USUARIO, CLIENTE) VALUES( (SELECT ID_USUARIO FROM INFRA.USUARIOS WHERE CVE_USUARIO = 'finanzas.4@runsa.com.mx'), 'Grupo Alfa' );

--Rema Solutions, S.A. de C.V.
INSERT INTO INFRA.USUARIOS ( CVE_USUARIO, PASSWORD ) VALUES( 'aortega@rema.com.mx', 'ccmx1234' );
INSERT INTO INFRA.REL_ROLES ( CVE_ROL, CVE_USUARIO ) VALUES( 'PyME', 'aortega@rema.com.mx' );
INSERT INTO INFRA.PYMES ( ID_USUARIO, ID_USUARIO_PADRE, CORREO_ELECTRONICO, NOMBRE_COMERCIAL ) VALUES( (SELECT ID_USUARIO FROM INFRA.USUARIOS WHERE CVE_USUARIO = 'aortega@rema.com.mx'), '1', 'aortega@rema.com.mx', 'Rema Solutions, S.A. de C.V.' );
INSERT INTO INFRA.CONTACTOS (ID_USUARIO, TIPO, NOMBRE, APELLIDO_PATERNO, APELLIDO_MATERNO, CORREO_ELECTRONICO, B_PRINCIPAL, TELEFONO) VALUES ( (SELECT ID_USUARIO FROM INFRA.USUARIOS WHERE CVE_USUARIO = 'aortega@rema.com.mx'), 'Ventas', 'Eduardo', 'Negrete', '', 'aortega@rema.com.mx', true, '52502810');
INSERT INTO INFRA.REL_PYMES_TRACTORAS ( ID_USUARIO_TRACTORA, ID_USUARIO_PYME) VALUES( (SELECT ID_USUARIO FROM INFRA.TRACTORAS WHERE EMPRESA = 'Grupo Alfa'), (SELECT ID_USUARIO FROM INFRA.USUARIOS WHERE CVE_USUARIO = 'aortega@rema.com.mx') );
INSERT INTO INFRA.CLIENTES ( ID_USUARIO, CLIENTE) VALUES( (SELECT ID_USUARIO FROM INFRA.USUARIOS WHERE CVE_USUARIO = 'aortega@rema.com.mx'), 'Grupo Alfa' );

--Epoxemex, S.A. de C.V.
INSERT INTO INFRA.USUARIOS ( CVE_USUARIO, PASSWORD ) VALUES( 'hugo.garcia@epoxemex.com', 'ccmx1234' );
INSERT INTO INFRA.REL_ROLES ( CVE_ROL, CVE_USUARIO ) VALUES( 'PyME', 'hugo.garcia@epoxemex.com' );
INSERT INTO INFRA.PYMES ( ID_USUARIO, ID_USUARIO_PADRE, CORREO_ELECTRONICO, NOMBRE_COMERCIAL ) VALUES( (SELECT ID_USUARIO FROM INFRA.USUARIOS WHERE CVE_USUARIO = 'hugo.garcia@epoxemex.com'), '1', 'hugo.garcia@epoxemex.com', 'Epoxemex, S.A. de C.V.' );
INSERT INTO INFRA.CONTACTOS (ID_USUARIO, TIPO, NOMBRE, APELLIDO_PATERNO, APELLIDO_MATERNO, CORREO_ELECTRONICO, B_PRINCIPAL, TELEFONO) VALUES ( (SELECT ID_USUARIO FROM INFRA.USUARIOS WHERE CVE_USUARIO = 'hugo.garcia@epoxemex.com'), 'Ventas', 'Hugo', 'Garcia', 'Pelayo', 'hugo.garcia@epoxemex.com', true, '56931988');
INSERT INTO INFRA.REL_PYMES_TRACTORAS ( ID_USUARIO_TRACTORA, ID_USUARIO_PYME) VALUES( (SELECT ID_USUARIO FROM INFRA.TRACTORAS WHERE EMPRESA = 'Grupo Alfa'), (SELECT ID_USUARIO FROM INFRA.USUARIOS WHERE CVE_USUARIO = 'hugo.garcia@epoxemex.com') );
INSERT INTO INFRA.CLIENTES ( ID_USUARIO, CLIENTE) VALUES( (SELECT ID_USUARIO FROM INFRA.USUARIOS WHERE CVE_USUARIO = 'hugo.garcia@epoxemex.com'), 'Grupo Alfa' );

--Válvulas y Controles de México, S.A. de C.V.
INSERT INTO INFRA.USUARIOS ( CVE_USUARIO, PASSWORD ) VALUES( 'vacomx@prodigy.net.mx', 'ccmx1234' );
INSERT INTO INFRA.REL_ROLES ( CVE_ROL, CVE_USUARIO ) VALUES( 'PyME', 'vacomx@prodigy.net.mx' );
INSERT INTO INFRA.PYMES ( ID_USUARIO, ID_USUARIO_PADRE, CORREO_ELECTRONICO, NOMBRE_COMERCIAL ) VALUES( (SELECT ID_USUARIO FROM INFRA.USUARIOS WHERE CVE_USUARIO = 'vacomx@prodigy.net.mx'), '1', 'vacomx@prodigy.net.mx', 'Valvulas y Controles de Mexico, S.A. de C.V.' );
INSERT INTO INFRA.CONTACTOS (ID_USUARIO, TIPO, NOMBRE, APELLIDO_PATERNO, APELLIDO_MATERNO, CORREO_ELECTRONICO, B_PRINCIPAL, TELEFONO) VALUES ( (SELECT ID_USUARIO FROM INFRA.USUARIOS WHERE CVE_USUARIO = 'vacomx@prodigy.net.mx'), 'Ventas', 'Brenda', 'Pacheco', '', 'vacomx@prodigy.net.mx', true, '57154899');
INSERT INTO INFRA.REL_PYMES_TRACTORAS ( ID_USUARIO_TRACTORA, ID_USUARIO_PYME) VALUES( (SELECT ID_USUARIO FROM INFRA.TRACTORAS WHERE EMPRESA = 'Grupo Alfa'), (SELECT ID_USUARIO FROM INFRA.USUARIOS WHERE CVE_USUARIO = 'vacomx@prodigy.net.mx') );
INSERT INTO INFRA.CLIENTES ( ID_USUARIO, CLIENTE) VALUES( (SELECT ID_USUARIO FROM INFRA.USUARIOS WHERE CVE_USUARIO = 'vacomx@prodigy.net.mx'), 'Grupo Alfa' );

--Juan Carlos Martínez Flores. / Conec.
INSERT INTO INFRA.USUARIOS ( CVE_USUARIO, PASSWORD ) VALUES( 'adriana_07@yahoo.com.mx', 'ccmx1234' );
INSERT INTO INFRA.REL_ROLES ( CVE_ROL, CVE_USUARIO ) VALUES( 'PyME', 'adriana_07@yahoo.com.mx' );
INSERT INTO INFRA.PYMES ( ID_USUARIO, ID_USUARIO_PADRE, CORREO_ELECTRONICO, NOMBRE_COMERCIAL ) VALUES( (SELECT ID_USUARIO FROM INFRA.USUARIOS WHERE CVE_USUARIO = 'adriana_07@yahoo.com.mx'), '1', 'adriana_07@yahoo.com.mx', 'Juan Carlos Martínez Flores. / Conec.' );
INSERT INTO INFRA.CONTACTOS (ID_USUARIO, TIPO, NOMBRE, APELLIDO_PATERNO, APELLIDO_MATERNO, CORREO_ELECTRONICO, B_PRINCIPAL, TELEFONO) VALUES ( (SELECT ID_USUARIO FROM INFRA.USUARIOS WHERE CVE_USUARIO = 'adriana_07@yahoo.com.mx'), 'Ventas', 'Adriana', 'Martinez', 'Flores', 'adriana_07@yahoo.com.mx', true, '57857498');
INSERT INTO INFRA.REL_PYMES_TRACTORAS ( ID_USUARIO_TRACTORA, ID_USUARIO_PYME) VALUES( (SELECT ID_USUARIO FROM INFRA.TRACTORAS WHERE EMPRESA = 'Grupo Alfa'), (SELECT ID_USUARIO FROM INFRA.USUARIOS WHERE CVE_USUARIO = 'adriana_07@yahoo.com.mx') );
INSERT INTO INFRA.CLIENTES ( ID_USUARIO, CLIENTE) VALUES( (SELECT ID_USUARIO FROM INFRA.USUARIOS WHERE CVE_USUARIO = 'adriana_07@yahoo.com.mx'), 'Grupo Alfa' );

--Héctor Salvador Hernández Villalobos.
INSERT INTO INFRA.USUARIOS ( CVE_USUARIO, PASSWORD ) VALUES( 'foaxhector@prodigy.net.mx', 'ccmx1234' );
INSERT INTO INFRA.REL_ROLES ( CVE_ROL, CVE_USUARIO ) VALUES( 'PyME', 'foaxhector@prodigy.net.mx' );
INSERT INTO INFRA.PYMES ( ID_USUARIO, ID_USUARIO_PADRE, CORREO_ELECTRONICO, NOMBRE_COMERCIAL ) VALUES( (SELECT ID_USUARIO FROM INFRA.USUARIOS WHERE CVE_USUARIO = 'foaxhector@prodigy.net.mx'), '1', 'foaxhector@prodigy.net.mx', 'Hector Salvador Hernandez Villalobos.' );
INSERT INTO INFRA.CONTACTOS (ID_USUARIO, TIPO, NOMBRE, APELLIDO_PATERNO, APELLIDO_MATERNO, CORREO_ELECTRONICO, B_PRINCIPAL, TELEFONO) VALUES ( (SELECT ID_USUARIO FROM INFRA.USUARIOS WHERE CVE_USUARIO = 'foaxhector@prodigy.net.mx'), 'Ventas', 'Hector', 'Hernandez', '', 'foaxhector@prodigy.net.mx', true, '57762995');
INSERT INTO INFRA.REL_PYMES_TRACTORAS ( ID_USUARIO_TRACTORA, ID_USUARIO_PYME) VALUES( (SELECT ID_USUARIO FROM INFRA.TRACTORAS WHERE EMPRESA = 'Grupo Alfa'), (SELECT ID_USUARIO FROM INFRA.USUARIOS WHERE CVE_USUARIO = 'foaxhector@prodigy.net.mx') );
INSERT INTO INFRA.CLIENTES ( ID_USUARIO, CLIENTE) VALUES( (SELECT ID_USUARIO FROM INFRA.USUARIOS WHERE CVE_USUARIO = 'foaxhector@prodigy.net.mx'), 'Grupo Alfa' );

--Ai Dock Solutions, S.A. de C.V.
INSERT INTO INFRA.USUARIOS ( CVE_USUARIO, PASSWORD ) VALUES( 'audiffrod@aldocksolutions.com', 'ccmx1234' );
INSERT INTO INFRA.REL_ROLES ( CVE_ROL, CVE_USUARIO ) VALUES( 'PyME', 'audiffrod@aldocksolutions.com' );
INSERT INTO INFRA.PYMES ( ID_USUARIO, ID_USUARIO_PADRE, CORREO_ELECTRONICO, NOMBRE_COMERCIAL ) VALUES( (SELECT ID_USUARIO FROM INFRA.USUARIOS WHERE CVE_USUARIO = 'audiffrod@aldocksolutions.com'), '1', 'audiffrod@aldocksolutions.com', 'Ai Dock Solutions, S.A. de C.V.' );
INSERT INTO INFRA.CONTACTOS (ID_USUARIO, TIPO, NOMBRE, APELLIDO_PATERNO, APELLIDO_MATERNO, CORREO_ELECTRONICO, B_PRINCIPAL, TELEFONO) VALUES ( (SELECT ID_USUARIO FROM INFRA.USUARIOS WHERE CVE_USUARIO = 'audiffrod@aldocksolutions.com'), 'Ventas', 'Arturo', 'Audiffrod', '', 'audiffrod@aldocksolutions.com', true, '53524140');
INSERT INTO INFRA.REL_PYMES_TRACTORAS ( ID_USUARIO_TRACTORA, ID_USUARIO_PYME) VALUES( (SELECT ID_USUARIO FROM INFRA.TRACTORAS WHERE EMPRESA = 'Grupo Alfa'), (SELECT ID_USUARIO FROM INFRA.USUARIOS WHERE CVE_USUARIO = 'audiffrod@aldocksolutions.com') );
INSERT INTO INFRA.CLIENTES ( ID_USUARIO, CLIENTE) VALUES( (SELECT ID_USUARIO FROM INFRA.USUARIOS WHERE CVE_USUARIO = 'audiffrod@aldocksolutions.com'), 'Grupo Alfa' );

--Fuente de Banquetes y Servicios, S.A. de C.V.
INSERT INTO INFRA.USUARIOS ( CVE_USUARIO, PASSWORD ) VALUES( 'abastecer@prodigy.net.mx', 'ccmx1234' );
INSERT INTO INFRA.REL_ROLES ( CVE_ROL, CVE_USUARIO ) VALUES( 'PyME', 'abastecer@prodigy.net.mx' );
INSERT INTO INFRA.PYMES ( ID_USUARIO, ID_USUARIO_PADRE, CORREO_ELECTRONICO, NOMBRE_COMERCIAL ) VALUES( (SELECT ID_USUARIO FROM INFRA.USUARIOS WHERE CVE_USUARIO = 'abastecer@prodigy.net.mx'), '1', 'abastecer@prodigy.net.mx', 'Fuente de Banquetes y Servicios, S.A. de C.V.' );
INSERT INTO INFRA.CONTACTOS (ID_USUARIO, TIPO, NOMBRE, APELLIDO_PATERNO, APELLIDO_MATERNO, CORREO_ELECTRONICO, B_PRINCIPAL, TELEFONO) VALUES ( (SELECT ID_USUARIO FROM INFRA.USUARIOS WHERE CVE_USUARIO = 'abastecer@prodigy.net.mx'), 'Ventas', 'Norma', 'Oviedo', 'Leyva', 'abastecer@prodigy.net.mx', true, '11082294');
INSERT INTO INFRA.REL_PYMES_TRACTORAS ( ID_USUARIO_TRACTORA, ID_USUARIO_PYME) VALUES( (SELECT ID_USUARIO FROM INFRA.TRACTORAS WHERE EMPRESA = 'Grupo Alfa'), (SELECT ID_USUARIO FROM INFRA.USUARIOS WHERE CVE_USUARIO = 'abastecer@prodigy.net.mx') );
INSERT INTO INFRA.CLIENTES ( ID_USUARIO, CLIENTE) VALUES( (SELECT ID_USUARIO FROM INFRA.USUARIOS WHERE CVE_USUARIO = 'abastecer@prodigy.net.mx'), 'Grupo Alfa' );

--Implementos de Tepeyac, S.A. de C.V.
INSERT INTO INFRA.USUARIOS ( CVE_USUARIO, PASSWORD ) VALUES( 'rhl@att.net.mx', 'ccmx1234' );
INSERT INTO INFRA.REL_ROLES ( CVE_ROL, CVE_USUARIO ) VALUES( 'PyME', 'rhl@att.net.mx' );
INSERT INTO INFRA.PYMES ( ID_USUARIO, ID_USUARIO_PADRE, CORREO_ELECTRONICO, NOMBRE_COMERCIAL ) VALUES( (SELECT ID_USUARIO FROM INFRA.USUARIOS WHERE CVE_USUARIO = 'rhl@att.net.mx'), '1', 'rhl@att.net.mx', 'Implementos de Tepeyac, S.A. de C.V.' );
INSERT INTO INFRA.CONTACTOS (ID_USUARIO, TIPO, NOMBRE, APELLIDO_PATERNO, APELLIDO_MATERNO, CORREO_ELECTRONICO, B_PRINCIPAL, TELEFONO) VALUES ( (SELECT ID_USUARIO FROM INFRA.USUARIOS WHERE CVE_USUARIO = 'rhl@att.net.mx'), 'Ventas', 'Ruben', 'Huesca', 'Licona', 'rhl@att.net.mx', true, '29741885');
INSERT INTO INFRA.REL_PYMES_TRACTORAS ( ID_USUARIO_TRACTORA, ID_USUARIO_PYME) VALUES( (SELECT ID_USUARIO FROM INFRA.TRACTORAS WHERE EMPRESA = 'Grupo Alfa'), (SELECT ID_USUARIO FROM INFRA.USUARIOS WHERE CVE_USUARIO = 'rhl@att.net.mx') );
INSERT INTO INFRA.CLIENTES ( ID_USUARIO, CLIENTE) VALUES( (SELECT ID_USUARIO FROM INFRA.USUARIOS WHERE CVE_USUARIO = 'rhl@att.net.mx'), 'Grupo Alfa' );

--Márquez Limpieza y Mantenimiento Inmobiliario, S.A. de C.V.
INSERT INTO INFRA.USUARIOS ( CVE_USUARIO, PASSWORD ) VALUES( 'callidad@madema.com.mx', 'ccmx1234' );
INSERT INTO INFRA.REL_ROLES ( CVE_ROL, CVE_USUARIO ) VALUES( 'PyME', 'callidad@madema.com.mx' );
INSERT INTO INFRA.PYMES ( ID_USUARIO, ID_USUARIO_PADRE, CORREO_ELECTRONICO, NOMBRE_COMERCIAL ) VALUES( (SELECT ID_USUARIO FROM INFRA.USUARIOS WHERE CVE_USUARIO = 'callidad@madema.com.mx'), '1', 'callidad@madema.com.mx', 'Marquez Limpieza y Mantenimiento Inmobiliario, S.A. de C.V.' );
INSERT INTO INFRA.CONTACTOS (ID_USUARIO, TIPO, NOMBRE, APELLIDO_PATERNO, APELLIDO_MATERNO, CORREO_ELECTRONICO, B_PRINCIPAL, TELEFONO) VALUES ( (SELECT ID_USUARIO FROM INFRA.USUARIOS WHERE CVE_USUARIO = 'callidad@madema.com.mx'), 'Ventas', 'Alejandra', 'Marquez', 'Rodriguez', 'callidad@madema.com.mx', true, '30953045');
INSERT INTO INFRA.REL_PYMES_TRACTORAS ( ID_USUARIO_TRACTORA, ID_USUARIO_PYME) VALUES( (SELECT ID_USUARIO FROM INFRA.TRACTORAS WHERE EMPRESA = 'Grupo Alfa'), (SELECT ID_USUARIO FROM INFRA.USUARIOS WHERE CVE_USUARIO = 'callidad@madema.com.mx') );
INSERT INTO INFRA.CLIENTES ( ID_USUARIO, CLIENTE) VALUES( (SELECT ID_USUARIO FROM INFRA.USUARIOS WHERE CVE_USUARIO = 'callidad@madema.com.mx'), 'Grupo Alfa' );

--Radio Telecomunicación Integral, S.A. de C.V.
INSERT INTO INFRA.USUARIOS ( CVE_USUARIO, PASSWORD ) VALUES( 'radiotelecom@prodigy.net.mx', 'ccmx1234' );
INSERT INTO INFRA.REL_ROLES ( CVE_ROL, CVE_USUARIO ) VALUES( 'PyME', 'radiotelecom@prodigy.net.mx' );
INSERT INTO INFRA.PYMES ( ID_USUARIO, ID_USUARIO_PADRE, CORREO_ELECTRONICO, NOMBRE_COMERCIAL ) VALUES( (SELECT ID_USUARIO FROM INFRA.USUARIOS WHERE CVE_USUARIO = 'radiotelecom@prodigy.net.mx'), '1', 'radiotelecom@prodigy.net.mx', 'Radio Telecomunicación Integral, S.A. de C.V.' );
INSERT INTO INFRA.CONTACTOS (ID_USUARIO, TIPO, NOMBRE, APELLIDO_PATERNO, APELLIDO_MATERNO, CORREO_ELECTRONICO, B_PRINCIPAL, TELEFONO) VALUES ( (SELECT ID_USUARIO FROM INFRA.USUARIOS WHERE CVE_USUARIO = 'radiotelecom@prodigy.net.mx'), 'Ventas', 'Luis Alberto', 'Gutierrez', '', 'radiotelecom@prodigy.net.mx', true, '57510260');
INSERT INTO INFRA.REL_PYMES_TRACTORAS ( ID_USUARIO_TRACTORA, ID_USUARIO_PYME) VALUES( (SELECT ID_USUARIO FROM INFRA.TRACTORAS WHERE EMPRESA = 'Grupo Alfa'), (SELECT ID_USUARIO FROM INFRA.USUARIOS WHERE CVE_USUARIO = 'radiotelecom@prodigy.net.mx') );
INSERT INTO INFRA.CLIENTES ( ID_USUARIO, CLIENTE) VALUES( (SELECT ID_USUARIO FROM INFRA.USUARIOS WHERE CVE_USUARIO = 'radiotelecom@prodigy.net.mx'), 'Grupo Alfa' );

--Plásticos Jorge Victor, S.C. de R.L. de C.V.
INSERT INTO INFRA.USUARIOS ( CVE_USUARIO, PASSWORD ) VALUES( 'plasticosjorgevictor@hotmail.com', 'ccmx1234' );
INSERT INTO INFRA.REL_ROLES ( CVE_ROL, CVE_USUARIO ) VALUES( 'PyME', 'plasticosjorgevictor@hotmail.com' );
INSERT INTO INFRA.PYMES ( ID_USUARIO, ID_USUARIO_PADRE, CORREO_ELECTRONICO, NOMBRE_COMERCIAL ) VALUES( (SELECT ID_USUARIO FROM INFRA.USUARIOS WHERE CVE_USUARIO = 'plasticosjorgevictor@hotmail.com'), '1', 'plasticosjorgevictor@hotmail.com', 'Plásticos Jorge Victor, S.C. de R.L. de C.V.' );
INSERT INTO INFRA.CONTACTOS (ID_USUARIO, TIPO, NOMBRE, APELLIDO_PATERNO, APELLIDO_MATERNO, CORREO_ELECTRONICO, B_PRINCIPAL, TELEFONO) VALUES ( (SELECT ID_USUARIO FROM INFRA.USUARIOS WHERE CVE_USUARIO = 'plasticosjorgevictor@hotmail.com'), 'Ventas', 'Hector', 'Lopez', '', 'plasticosjorgevictor@hotmail.com', true, '7787351774');
INSERT INTO INFRA.REL_PYMES_TRACTORAS ( ID_USUARIO_TRACTORA, ID_USUARIO_PYME) VALUES( (SELECT ID_USUARIO FROM INFRA.TRACTORAS WHERE EMPRESA = 'Grupo Alfa'), (SELECT ID_USUARIO FROM INFRA.USUARIOS WHERE CVE_USUARIO = 'plasticosjorgevictor@hotmail.com') );
INSERT INTO INFRA.CLIENTES ( ID_USUARIO, CLIENTE) VALUES( (SELECT ID_USUARIO FROM INFRA.USUARIOS WHERE CVE_USUARIO = 'plasticosjorgevictor@hotmail.com'), 'Grupo Alfa' );

--Sygma Abastecedora Industrial, S.A. de C.V.
INSERT INTO INFRA.USUARIOS ( CVE_USUARIO, PASSWORD ) VALUES( 'jdelagarza@sygma.com.mx', 'ccmx1234' );
INSERT INTO INFRA.REL_ROLES ( CVE_ROL, CVE_USUARIO ) VALUES( 'PyME', 'jdelagarza@sygma.com.mx' );
INSERT INTO INFRA.PYMES ( ID_USUARIO, ID_USUARIO_PADRE, CORREO_ELECTRONICO, NOMBRE_COMERCIAL ) VALUES( (SELECT ID_USUARIO FROM INFRA.USUARIOS WHERE CVE_USUARIO = 'jdelagarza@sygma.com.mx'), '1', 'jdelagarza@sygma.com.mx', 'Sygma Abastecedora Industrial, S.A. de C.V.' );
INSERT INTO INFRA.CONTACTOS (ID_USUARIO, TIPO, NOMBRE, APELLIDO_PATERNO, APELLIDO_MATERNO, CORREO_ELECTRONICO, B_PRINCIPAL, TELEFONO) VALUES ( (SELECT ID_USUARIO FROM INFRA.USUARIOS WHERE CVE_USUARIO = 'jdelagarza@sygma.com.mx'), 'Ventas', 'Javier', 'de la Garza', '', 'jdelagarza@sygma.com.mx', true, '53603696');
INSERT INTO INFRA.REL_PYMES_TRACTORAS ( ID_USUARIO_TRACTORA, ID_USUARIO_PYME) VALUES( (SELECT ID_USUARIO FROM INFRA.TRACTORAS WHERE EMPRESA = 'Grupo Alfa'), (SELECT ID_USUARIO FROM INFRA.USUARIOS WHERE CVE_USUARIO = 'jdelagarza@sygma.com.mx') );
INSERT INTO INFRA.CLIENTES ( ID_USUARIO, CLIENTE) VALUES( (SELECT ID_USUARIO FROM INFRA.USUARIOS WHERE CVE_USUARIO = 'jdelagarza@sygma.com.mx'), 'Grupo Alfa' );

--Auto Todo Mexicana, S.A. de C.V.
INSERT INTO INFRA.USUARIOS ( CVE_USUARIO, PASSWORD ) VALUES( 'lizbeth_reyes@autotodo.com', 'ccmx1234' );
INSERT INTO INFRA.REL_ROLES ( CVE_ROL, CVE_USUARIO ) VALUES( 'PyME', 'lizbeth_reyes@autotodo.com' );
INSERT INTO INFRA.PYMES ( ID_USUARIO, ID_USUARIO_PADRE, CORREO_ELECTRONICO, NOMBRE_COMERCIAL ) VALUES( (SELECT ID_USUARIO FROM INFRA.USUARIOS WHERE CVE_USUARIO = 'lizbeth_reyes@autotodo.com'), '1', 'lizbeth_reyes@autotodo.com', 'Auto Todo Mexicana, S.A. de C.V.' );
INSERT INTO INFRA.CONTACTOS (ID_USUARIO, TIPO, NOMBRE, APELLIDO_PATERNO, APELLIDO_MATERNO, CORREO_ELECTRONICO, B_PRINCIPAL, TELEFONO) VALUES ( (SELECT ID_USUARIO FROM INFRA.USUARIOS WHERE CVE_USUARIO = 'lizbeth_reyes@autotodo.com'), 'Ventas', 'Lizbeth', 'Reyes', 'Juarez', 'lizbeth_reyes@autotodo.com', true, '53907966');
INSERT INTO INFRA.REL_PYMES_TRACTORAS ( ID_USUARIO_TRACTORA, ID_USUARIO_PYME) VALUES( (SELECT ID_USUARIO FROM INFRA.TRACTORAS WHERE EMPRESA = 'Grupo Alfa'), (SELECT ID_USUARIO FROM INFRA.USUARIOS WHERE CVE_USUARIO = 'lizbeth_reyes@autotodo.com') );
INSERT INTO INFRA.CLIENTES ( ID_USUARIO, CLIENTE) VALUES( (SELECT ID_USUARIO FROM INFRA.USUARIOS WHERE CVE_USUARIO = 'lizbeth_reyes@autotodo.com'), 'Grupo Alfa' );

--Bolsas Yucatán, S.A. de C.V.
INSERT INTO INFRA.USUARIOS ( CVE_USUARIO, PASSWORD ) VALUES( 'garciamota_2002@yahoo.com.mx', 'ccmx1234' );
INSERT INTO INFRA.REL_ROLES ( CVE_ROL, CVE_USUARIO ) VALUES( 'PyME', 'garciamota_2002@yahoo.com.mx' );
INSERT INTO INFRA.PYMES ( ID_USUARIO, ID_USUARIO_PADRE, CORREO_ELECTRONICO, NOMBRE_COMERCIAL ) VALUES( (SELECT ID_USUARIO FROM INFRA.USUARIOS WHERE CVE_USUARIO = 'garciamota_2002@yahoo.com.mx'), '1', 'garciamota_2002@yahoo.com.mx', 'Bolsas Yucatán, S.A. de C.V.' );
INSERT INTO INFRA.CONTACTOS (ID_USUARIO, TIPO, NOMBRE, APELLIDO_PATERNO, APELLIDO_MATERNO, CORREO_ELECTRONICO, B_PRINCIPAL, TELEFONO) VALUES ( (SELECT ID_USUARIO FROM INFRA.USUARIOS WHERE CVE_USUARIO = 'garciamota_2002@yahoo.com.mx'), 'Ventas', 'Maria Del Pilar', 'Garcia', 'Mota', 'garciamota_2002@yahoo.com.mx', true, '56561842');
INSERT INTO INFRA.REL_PYMES_TRACTORAS ( ID_USUARIO_TRACTORA, ID_USUARIO_PYME) VALUES( (SELECT ID_USUARIO FROM INFRA.TRACTORAS WHERE EMPRESA = 'Grupo Alfa'), (SELECT ID_USUARIO FROM INFRA.USUARIOS WHERE CVE_USUARIO = 'garciamota_2002@yahoo.com.mx') );
INSERT INTO INFRA.CLIENTES ( ID_USUARIO, CLIENTE) VALUES( (SELECT ID_USUARIO FROM INFRA.USUARIOS WHERE CVE_USUARIO = 'garciamota_2002@yahoo.com.mx'), 'Grupo Alfa' );

--Litografía Infinity, S.A. de C.V.
INSERT INTO INFRA.USUARIOS ( CVE_USUARIO, PASSWORD ) VALUES( 'arturo@litograficainfinity.com.mx', 'ccmx1234' );
INSERT INTO INFRA.REL_ROLES ( CVE_ROL, CVE_USUARIO ) VALUES( 'PyME', 'arturo@litograficainfinity.com.mx' );
INSERT INTO INFRA.PYMES ( ID_USUARIO, ID_USUARIO_PADRE, CORREO_ELECTRONICO, NOMBRE_COMERCIAL ) VALUES( (SELECT ID_USUARIO FROM INFRA.USUARIOS WHERE CVE_USUARIO = 'arturo@litograficainfinity.com.mx'), '1', 'arturo@litograficainfinity.com.mx', 'Litografía Infinity, S.A. de C.V.' );
INSERT INTO INFRA.CONTACTOS (ID_USUARIO, TIPO, NOMBRE, APELLIDO_PATERNO, APELLIDO_MATERNO, CORREO_ELECTRONICO, B_PRINCIPAL, TELEFONO) VALUES ( (SELECT ID_USUARIO FROM INFRA.USUARIOS WHERE CVE_USUARIO = 'arturo@litograficainfinity.com.mx'), 'Ventas', 'Arturo', 'Mercado', '', 'arturo@litograficainfinity.com.mx', true, '58220590');
INSERT INTO INFRA.REL_PYMES_TRACTORAS ( ID_USUARIO_TRACTORA, ID_USUARIO_PYME) VALUES( (SELECT ID_USUARIO FROM INFRA.TRACTORAS WHERE EMPRESA = 'Grupo Alfa'), (SELECT ID_USUARIO FROM INFRA.USUARIOS WHERE CVE_USUARIO = 'arturo@litograficainfinity.com.mx') );
INSERT INTO INFRA.CLIENTES ( ID_USUARIO, CLIENTE) VALUES( (SELECT ID_USUARIO FROM INFRA.USUARIOS WHERE CVE_USUARIO = 'arturo@litograficainfinity.com.mx'), 'Grupo Alfa' );

--Transmisiones Mercury.
INSERT INTO INFRA.USUARIOS ( CVE_USUARIO, PASSWORD ) VALUES( 'transmisiones-mercury@yahoo.com.mx', 'ccmx1234' );
INSERT INTO INFRA.REL_ROLES ( CVE_ROL, CVE_USUARIO ) VALUES( 'PyME', 'transmisiones-mercury@yahoo.com.mx' );
INSERT INTO INFRA.PYMES ( ID_USUARIO, ID_USUARIO_PADRE, CORREO_ELECTRONICO, NOMBRE_COMERCIAL ) VALUES( (SELECT ID_USUARIO FROM INFRA.USUARIOS WHERE CVE_USUARIO = 'transmisiones-mercury@yahoo.com.mx'), '1', 'transmisiones-mercury@yahoo.com.mx', 'Transmisiones Mercury.' );
INSERT INTO INFRA.CONTACTOS (ID_USUARIO, TIPO, NOMBRE, APELLIDO_PATERNO, APELLIDO_MATERNO, CORREO_ELECTRONICO, B_PRINCIPAL, TELEFONO) VALUES ( (SELECT ID_USUARIO FROM INFRA.USUARIOS WHERE CVE_USUARIO = 'transmisiones-mercury@yahoo.com.mx'), 'Ventas', 'Miguel', 'Bueno', '', 'transmisiones-mercury@yahoo.com.mx', true, '58829103');
INSERT INTO INFRA.REL_PYMES_TRACTORAS ( ID_USUARIO_TRACTORA, ID_USUARIO_PYME) VALUES( (SELECT ID_USUARIO FROM INFRA.TRACTORAS WHERE EMPRESA = 'Grupo Alfa'), (SELECT ID_USUARIO FROM INFRA.USUARIOS WHERE CVE_USUARIO = 'transmisiones-mercury@yahoo.com.mx') );
INSERT INTO INFRA.CLIENTES ( ID_USUARIO, CLIENTE) VALUES( (SELECT ID_USUARIO FROM INFRA.USUARIOS WHERE CVE_USUARIO = 'transmisiones-mercury@yahoo.com.mx'), 'Grupo Alfa' );

--Maqui Espel, S.A. de C.V.
INSERT INTO INFRA.USUARIOS ( CVE_USUARIO, PASSWORD ) VALUES( 'marconava@maquiespel.com.mx', 'ccmx1234' );
INSERT INTO INFRA.REL_ROLES ( CVE_ROL, CVE_USUARIO ) VALUES( 'PyME', 'marconava@maquiespel.com.mx' );
INSERT INTO INFRA.PYMES ( ID_USUARIO, ID_USUARIO_PADRE, CORREO_ELECTRONICO, NOMBRE_COMERCIAL ) VALUES( (SELECT ID_USUARIO FROM INFRA.USUARIOS WHERE CVE_USUARIO = 'marconava@maquiespel.com.mx'), '1', 'marconava@maquiespel.com.mx', 'Maqui Espel, S.A. de C.V.' );
INSERT INTO INFRA.CONTACTOS (ID_USUARIO, TIPO, NOMBRE, APELLIDO_PATERNO, APELLIDO_MATERNO, CORREO_ELECTRONICO, B_PRINCIPAL, TELEFONO) VALUES ( (SELECT ID_USUARIO FROM INFRA.USUARIOS WHERE CVE_USUARIO = 'marconava@maquiespel.com.mx'), 'Ventas', 'Marco A.', 'Nava', '', 'marconava@maquiespel.com.mx', true, '53992755');
INSERT INTO INFRA.REL_PYMES_TRACTORAS ( ID_USUARIO_TRACTORA, ID_USUARIO_PYME) VALUES( (SELECT ID_USUARIO FROM INFRA.TRACTORAS WHERE EMPRESA = 'Grupo Alfa'), (SELECT ID_USUARIO FROM INFRA.USUARIOS WHERE CVE_USUARIO = 'marconava@maquiespel.com.mx') );
INSERT INTO INFRA.CLIENTES ( ID_USUARIO, CLIENTE) VALUES( (SELECT ID_USUARIO FROM INFRA.USUARIOS WHERE CVE_USUARIO = 'marconava@maquiespel.com.mx'), 'Grupo Alfa' );

--Mil Neumáticos de México, S.A. de C.V.
INSERT INTO INFRA.USUARIOS ( CVE_USUARIO, PASSWORD ) VALUES( 'admonmex@milneumaticos.com.mx', 'ccmx1234' );
INSERT INTO INFRA.REL_ROLES ( CVE_ROL, CVE_USUARIO ) VALUES( 'PyME', 'admonmex@milneumaticos.com.mx' );
INSERT INTO INFRA.PYMES ( ID_USUARIO, ID_USUARIO_PADRE, CORREO_ELECTRONICO, NOMBRE_COMERCIAL ) VALUES( (SELECT ID_USUARIO FROM INFRA.USUARIOS WHERE CVE_USUARIO = 'admonmex@milneumaticos.com.mx'), '1', 'admonmex@milneumaticos.com.mx', 'Mil Neumáticos de México, S.A. de C.V.' );
INSERT INTO INFRA.CONTACTOS (ID_USUARIO, TIPO, NOMBRE, APELLIDO_PATERNO, APELLIDO_MATERNO, CORREO_ELECTRONICO, B_PRINCIPAL, TELEFONO) VALUES ( (SELECT ID_USUARIO FROM INFRA.USUARIOS WHERE CVE_USUARIO = 'admonmex@milneumaticos.com.mx'), 'Ventas', 'David', 'Ramirez', '', 'admonmex@milneumaticos.com.mx', true, '50399090');
INSERT INTO INFRA.REL_PYMES_TRACTORAS ( ID_USUARIO_TRACTORA, ID_USUARIO_PYME) VALUES( (SELECT ID_USUARIO FROM INFRA.TRACTORAS WHERE EMPRESA = 'Grupo Alfa'), (SELECT ID_USUARIO FROM INFRA.USUARIOS WHERE CVE_USUARIO = 'admonmex@milneumaticos.com.mx') );
INSERT INTO INFRA.CLIENTES ( ID_USUARIO, CLIENTE) VALUES( (SELECT ID_USUARIO FROM INFRA.USUARIOS WHERE CVE_USUARIO = 'admonmex@milneumaticos.com.mx'), 'Grupo Alfa' );

--Bibiana Navarrete Frías. / Sire.
INSERT INTO INFRA.USUARIOS ( CVE_USUARIO, PASSWORD ) VALUES( 'jb_solucionesintegrales@prodigy.net.mx', 'ccmx1234' );
INSERT INTO INFRA.REL_ROLES ( CVE_ROL, CVE_USUARIO ) VALUES( 'PyME', 'jb_solucionesintegrales@prodigy.net.mx' );
INSERT INTO INFRA.PYMES ( ID_USUARIO, ID_USUARIO_PADRE, CORREO_ELECTRONICO, NOMBRE_COMERCIAL ) VALUES( (SELECT ID_USUARIO FROM INFRA.USUARIOS WHERE CVE_USUARIO = 'jb_solucionesintegrales@prodigy.net.mx'), '1', 'jb_solucionesintegrales@prodigy.net.mx', 'Bibiana Navarrete Frías. / Sire.' );
INSERT INTO INFRA.CONTACTOS (ID_USUARIO, TIPO, NOMBRE, APELLIDO_PATERNO, APELLIDO_MATERNO, CORREO_ELECTRONICO, B_PRINCIPAL, TELEFONO) VALUES ( (SELECT ID_USUARIO FROM INFRA.USUARIOS WHERE CVE_USUARIO = 'jb_solucionesintegrales@prodigy.net.mx'), 'Ventas', 'Juan Carlos', 'Sanchez', 'Licona', 'jb_solucionesintegrales@prodigy.net.mx', true, '29743170');
INSERT INTO INFRA.REL_PYMES_TRACTORAS ( ID_USUARIO_TRACTORA, ID_USUARIO_PYME) VALUES( (SELECT ID_USUARIO FROM INFRA.TRACTORAS WHERE EMPRESA = 'Grupo Alfa'), (SELECT ID_USUARIO FROM INFRA.USUARIOS WHERE CVE_USUARIO = 'jb_solucionesintegrales@prodigy.net.mx') );
INSERT INTO INFRA.CLIENTES ( ID_USUARIO, CLIENTE) VALUES( (SELECT ID_USUARIO FROM INFRA.USUARIOS WHERE CVE_USUARIO = 'jb_solucionesintegrales@prodigy.net.mx'), 'Grupo Alfa' );


--Grupo Lala

--GRUPO H SOLUCIONES SA DE CV
INSERT INTO INFRA.USUARIOS ( CVE_USUARIO, PASSWORD ) VALUES( 'abner@hsoluciones.com.mx', 'ccmx1234' );
INSERT INTO INFRA.REL_ROLES ( CVE_ROL, CVE_USUARIO ) VALUES( 'PyME', 'abner@hsoluciones.com.mx' );
INSERT INTO INFRA.PYMES ( ID_USUARIO, ID_USUARIO_PADRE, CORREO_ELECTRONICO, NOMBRE_COMERCIAL ) VALUES( (SELECT ID_USUARIO FROM INFRA.USUARIOS WHERE CVE_USUARIO = 'abner@hsoluciones.com.mx'), '1', 'abner@hsoluciones.com.mx', 'GRUPO H SOLUCIONES SA DE CV' );
INSERT INTO INFRA.CONTACTOS (ID_USUARIO, TIPO, NOMBRE, APELLIDO_PATERNO, APELLIDO_MATERNO, CORREO_ELECTRONICO, B_PRINCIPAL, TELEFONO) VALUES ( (SELECT ID_USUARIO FROM INFRA.USUARIOS WHERE CVE_USUARIO = 'abner@hsoluciones.com.mx'), 'Ventas', 'ABNER', 'HERNANDEZ', '', 'abner@hsoluciones.com.mx', true, '');
INSERT INTO INFRA.REL_PYMES_TRACTORAS ( ID_USUARIO_TRACTORA, ID_USUARIO_PYME) VALUES( (SELECT ID_USUARIO FROM INFRA.TRACTORAS WHERE EMPRESA = 'Grupo Lala'), (SELECT ID_USUARIO FROM INFRA.USUARIOS WHERE CVE_USUARIO = 'abner@hsoluciones.com.mx') );
INSERT INTO INFRA.CLIENTES ( ID_USUARIO, CLIENTE) VALUES( (SELECT ID_USUARIO FROM INFRA.USUARIOS WHERE CVE_USUARIO = 'abner@hsoluciones.com.mx'), 'Grupo Lala' );

--DIGITALDRUCK SA DE CV
INSERT INTO INFRA.USUARIOS ( CVE_USUARIO, PASSWORD ) VALUES( 'connie.alvarez@digitaldruck.mx', 'ccmx1234' );
INSERT INTO INFRA.REL_ROLES ( CVE_ROL, CVE_USUARIO ) VALUES( 'PyME', 'connie.alvarez@digitaldruck.mx' );
INSERT INTO INFRA.PYMES ( ID_USUARIO, ID_USUARIO_PADRE, CORREO_ELECTRONICO, NOMBRE_COMERCIAL ) VALUES( (SELECT ID_USUARIO FROM INFRA.USUARIOS WHERE CVE_USUARIO = 'connie.alvarez@digitaldruck.mx'), '1', 'connie.alvarez@digitaldruck.mx', 'DIGITALDRUCK SA DE CV' );
INSERT INTO INFRA.CONTACTOS (ID_USUARIO, TIPO, NOMBRE, APELLIDO_PATERNO, APELLIDO_MATERNO, CORREO_ELECTRONICO, B_PRINCIPAL, TELEFONO) VALUES ( (SELECT ID_USUARIO FROM INFRA.USUARIOS WHERE CVE_USUARIO = 'connie.alvarez@digitaldruck.mx'), 'Ventas', 'CONNIE', 'ALVAREZ', 'MANZANEDO', 'connie.alvarez@digitaldruck.mx', true, '');
INSERT INTO INFRA.REL_PYMES_TRACTORAS ( ID_USUARIO_TRACTORA, ID_USUARIO_PYME) VALUES( (SELECT ID_USUARIO FROM INFRA.TRACTORAS WHERE EMPRESA = 'Grupo Lala'), (SELECT ID_USUARIO FROM INFRA.USUARIOS WHERE CVE_USUARIO = 'connie.alvarez@digitaldruck.mx') );
INSERT INTO INFRA.CLIENTES ( ID_USUARIO, CLIENTE) VALUES( (SELECT ID_USUARIO FROM INFRA.USUARIOS WHERE CVE_USUARIO = 'connie.alvarez@digitaldruck.mx'), 'Grupo Lala' );

--OM COMUNICACION
INSERT INTO INFRA.USUARIOS ( CVE_USUARIO, PASSWORD ) VALUES( 'oymcomunicacion@hotmail.com', 'ccmx1234' );
INSERT INTO INFRA.REL_ROLES ( CVE_ROL, CVE_USUARIO ) VALUES( 'PyME', 'oymcomunicacion@hotmail.com' );
INSERT INTO INFRA.PYMES ( ID_USUARIO, ID_USUARIO_PADRE, CORREO_ELECTRONICO, NOMBRE_COMERCIAL ) VALUES( (SELECT ID_USUARIO FROM INFRA.USUARIOS WHERE CVE_USUARIO = 'oymcomunicacion@hotmail.com'), '1', 'oymcomunicacion@hotmail.com', 'OM COMUNICACION' );
INSERT INTO INFRA.CONTACTOS (ID_USUARIO, TIPO, NOMBRE, APELLIDO_PATERNO, APELLIDO_MATERNO, CORREO_ELECTRONICO, B_PRINCIPAL, TELEFONO) VALUES ( (SELECT ID_USUARIO FROM INFRA.USUARIOS WHERE CVE_USUARIO = 'oymcomunicacion@hotmail.com'), 'Ventas', 'ALEJANDRO', 'MANJARREZ', '', 'oymcomunicacion@hotmail.com', true, '');
INSERT INTO INFRA.REL_PYMES_TRACTORAS ( ID_USUARIO_TRACTORA, ID_USUARIO_PYME) VALUES( (SELECT ID_USUARIO FROM INFRA.TRACTORAS WHERE EMPRESA = 'Grupo Lala'), (SELECT ID_USUARIO FROM INFRA.USUARIOS WHERE CVE_USUARIO = 'oymcomunicacion@hotmail.com') );
INSERT INTO INFRA.CLIENTES ( ID_USUARIO, CLIENTE) VALUES( (SELECT ID_USUARIO FROM INFRA.USUARIOS WHERE CVE_USUARIO = 'oymcomunicacion@hotmail.com'), 'Grupo Lala' );

--EMPAQUETADURAS Y ESPECIALIDADES INDUSTRIALES SA DE CV
INSERT INTO INFRA.USUARIOS ( CVE_USUARIO, PASSWORD ) VALUES( 'ricardoorr@prodigy.net.mx', 'ccmx1234' );
INSERT INTO INFRA.REL_ROLES ( CVE_ROL, CVE_USUARIO ) VALUES( 'PyME', 'ricardoorr@prodigy.net.mx' );
INSERT INTO INFRA.PYMES ( ID_USUARIO, ID_USUARIO_PADRE, CORREO_ELECTRONICO, NOMBRE_COMERCIAL ) VALUES( (SELECT ID_USUARIO FROM INFRA.USUARIOS WHERE CVE_USUARIO = 'ricardoorr@prodigy.net.mx'), '1', 'ricardoorr@prodigy.net.mx', 'EMPAQUETADURAS Y ESPECIALIDADES INDUSTRIALES SA DE CV' );
INSERT INTO INFRA.CONTACTOS (ID_USUARIO, TIPO, NOMBRE, APELLIDO_PATERNO, APELLIDO_MATERNO, CORREO_ELECTRONICO, B_PRINCIPAL, TELEFONO) VALUES ( (SELECT ID_USUARIO FROM INFRA.USUARIOS WHERE CVE_USUARIO = 'ricardoorr@prodigy.net.mx'), 'Ventas', 'RICARDO', 'ORTEGA', 'RODRIGUEZ', 'ricardoorr@prodigy.net.mx', true, '');
INSERT INTO INFRA.REL_PYMES_TRACTORAS ( ID_USUARIO_TRACTORA, ID_USUARIO_PYME) VALUES( (SELECT ID_USUARIO FROM INFRA.TRACTORAS WHERE EMPRESA = 'Grupo Lala'), (SELECT ID_USUARIO FROM INFRA.USUARIOS WHERE CVE_USUARIO = 'ricardoorr@prodigy.net.mx') );
INSERT INTO INFRA.CLIENTES ( ID_USUARIO, CLIENTE) VALUES( (SELECT ID_USUARIO FROM INFRA.USUARIOS WHERE CVE_USUARIO = 'ricardoorr@prodigy.net.mx'), 'Grupo Lala' );

--GRAFICOS E IMPRESIONES
INSERT INTO INFRA.USUARIOS ( CVE_USUARIO, PASSWORD ) VALUES( 'graficos_impresores@hotmail.com', 'ccmx1234' );
INSERT INTO INFRA.REL_ROLES ( CVE_ROL, CVE_USUARIO ) VALUES( 'PyME', 'graficos_impresores@hotmail.com' );
INSERT INTO INFRA.PYMES ( ID_USUARIO, ID_USUARIO_PADRE, CORREO_ELECTRONICO, NOMBRE_COMERCIAL ) VALUES( (SELECT ID_USUARIO FROM INFRA.USUARIOS WHERE CVE_USUARIO = 'graficos_impresores@hotmail.com'), '1', 'graficos_impresores@hotmail.com', 'GRAFICOS E IMPRESIONES' );
INSERT INTO INFRA.CONTACTOS (ID_USUARIO, TIPO, NOMBRE, APELLIDO_PATERNO, APELLIDO_MATERNO, CORREO_ELECTRONICO, B_PRINCIPAL, TELEFONO) VALUES ( (SELECT ID_USUARIO FROM INFRA.USUARIOS WHERE CVE_USUARIO = 'graficos_impresores@hotmail.com'), 'Ventas', 'HUMBERTO', 'BERNMEO', '', 'graficos_impresores@hotmail.com', true, '');
INSERT INTO INFRA.REL_PYMES_TRACTORAS ( ID_USUARIO_TRACTORA, ID_USUARIO_PYME) VALUES( (SELECT ID_USUARIO FROM INFRA.TRACTORAS WHERE EMPRESA = 'Grupo Lala'), (SELECT ID_USUARIO FROM INFRA.USUARIOS WHERE CVE_USUARIO = 'graficos_impresores@hotmail.com') );
INSERT INTO INFRA.CLIENTES ( ID_USUARIO, CLIENTE) VALUES( (SELECT ID_USUARIO FROM INFRA.USUARIOS WHERE CVE_USUARIO = 'graficos_impresores@hotmail.com'), 'Grupo Lala' );

--FELICITAS CASILLAS GALINDO
INSERT INTO INFRA.USUARIOS ( CVE_USUARIO, PASSWORD ) VALUES( 'felicitascasillas@hotmail.com', 'ccmx1234' );
INSERT INTO INFRA.REL_ROLES ( CVE_ROL, CVE_USUARIO ) VALUES( 'PyME', 'felicitascasillas@hotmail.com' );
INSERT INTO INFRA.PYMES ( ID_USUARIO, ID_USUARIO_PADRE, CORREO_ELECTRONICO, NOMBRE_COMERCIAL ) VALUES( (SELECT ID_USUARIO FROM INFRA.USUARIOS WHERE CVE_USUARIO = 'felicitascasillas@hotmail.com'), '1', 'felicitascasillas@hotmail.com', 'FELICITAS CASILLAS GALINDO' );
INSERT INTO INFRA.CONTACTOS (ID_USUARIO, TIPO, NOMBRE, APELLIDO_PATERNO, APELLIDO_MATERNO, CORREO_ELECTRONICO, B_PRINCIPAL, TELEFONO) VALUES ( (SELECT ID_USUARIO FROM INFRA.USUARIOS WHERE CVE_USUARIO = 'felicitascasillas@hotmail.com'), 'Ventas', 'ANTONIO', 'DEMESIO', '', 'felicitascasillas@hotmail.com', true, '');
INSERT INTO INFRA.REL_PYMES_TRACTORAS ( ID_USUARIO_TRACTORA, ID_USUARIO_PYME) VALUES( (SELECT ID_USUARIO FROM INFRA.TRACTORAS WHERE EMPRESA = 'Grupo Lala'), (SELECT ID_USUARIO FROM INFRA.USUARIOS WHERE CVE_USUARIO = 'felicitascasillas@hotmail.com') );
INSERT INTO INFRA.CLIENTES ( ID_USUARIO, CLIENTE) VALUES( (SELECT ID_USUARIO FROM INFRA.USUARIOS WHERE CVE_USUARIO = 'felicitascasillas@hotmail.com'), 'Grupo Lala' );

--JUAN PEDRO QUIROZ MEZA (RESORTES UNIVERSALES)
INSERT INTO INFRA.USUARIOS ( CVE_USUARIO, PASSWORD ) VALUES( 'resortes_uni@yahoo.com.mx', 'ccmx1234' );
INSERT INTO INFRA.REL_ROLES ( CVE_ROL, CVE_USUARIO ) VALUES( 'PyME', 'resortes_uni@yahoo.com.mx' );
INSERT INTO INFRA.PYMES ( ID_USUARIO, ID_USUARIO_PADRE, CORREO_ELECTRONICO, NOMBRE_COMERCIAL ) VALUES( (SELECT ID_USUARIO FROM INFRA.USUARIOS WHERE CVE_USUARIO = 'resortes_uni@yahoo.com.mx'), '1', 'resortes_uni@yahoo.com.mx', 'JUAN PEDRO QUIROZ MEZA (RESORTES UNIVERSALES)' );
INSERT INTO INFRA.CONTACTOS (ID_USUARIO, TIPO, NOMBRE, APELLIDO_PATERNO, APELLIDO_MATERNO, CORREO_ELECTRONICO, B_PRINCIPAL, TELEFONO) VALUES ( (SELECT ID_USUARIO FROM INFRA.USUARIOS WHERE CVE_USUARIO = 'resortes_uni@yahoo.com.mx'), 'Ventas', 'JUAN PEDRO', 'QUIROZ', 'MEZA', 'resortes_uni@yahoo.com.mx', true, '');
INSERT INTO INFRA.REL_PYMES_TRACTORAS ( ID_USUARIO_TRACTORA, ID_USUARIO_PYME) VALUES( (SELECT ID_USUARIO FROM INFRA.TRACTORAS WHERE EMPRESA = 'Grupo Lala'), (SELECT ID_USUARIO FROM INFRA.USUARIOS WHERE CVE_USUARIO = 'resortes_uni@yahoo.com.mx') );
INSERT INTO INFRA.CLIENTES ( ID_USUARIO, CLIENTE) VALUES( (SELECT ID_USUARIO FROM INFRA.USUARIOS WHERE CVE_USUARIO = 'resortes_uni@yahoo.com.mx'), 'Grupo Lala' );

--BALEROS Y PARTES TLAQUEPAQUE S.A. DE C.V.
INSERT INTO INFRA.USUARIOS ( CVE_USUARIO, PASSWORD ) VALUES( 'blanca.ventas@byparsa.mx', 'ccmx1234' );
INSERT INTO INFRA.REL_ROLES ( CVE_ROL, CVE_USUARIO ) VALUES( 'PyME', 'blanca.ventas@byparsa.mx' );
INSERT INTO INFRA.PYMES ( ID_USUARIO, ID_USUARIO_PADRE, CORREO_ELECTRONICO, NOMBRE_COMERCIAL ) VALUES( (SELECT ID_USUARIO FROM INFRA.USUARIOS WHERE CVE_USUARIO = 'blanca.ventas@byparsa.mx'), '1', 'blanca.ventas@byparsa.mx', 'BALEROS Y PARTES TLAQUEPAQUE S.A. DE C.V.' );
INSERT INTO INFRA.CONTACTOS (ID_USUARIO, TIPO, NOMBRE, APELLIDO_PATERNO, APELLIDO_MATERNO, CORREO_ELECTRONICO, B_PRINCIPAL, TELEFONO) VALUES ( (SELECT ID_USUARIO FROM INFRA.USUARIOS WHERE CVE_USUARIO = 'blanca.ventas@byparsa.mx'), 'Ventas', 'BLANCA ESTELA', 'DIEGO', 'DAVALOS', 'blanca.ventas@byparsa.mx', true, '');
INSERT INTO INFRA.REL_PYMES_TRACTORAS ( ID_USUARIO_TRACTORA, ID_USUARIO_PYME) VALUES( (SELECT ID_USUARIO FROM INFRA.TRACTORAS WHERE EMPRESA = 'Grupo Lala'), (SELECT ID_USUARIO FROM INFRA.USUARIOS WHERE CVE_USUARIO = 'blanca.ventas@byparsa.mx') );
INSERT INTO INFRA.CLIENTES ( ID_USUARIO, CLIENTE) VALUES( (SELECT ID_USUARIO FROM INFRA.USUARIOS WHERE CVE_USUARIO = 'blanca.ventas@byparsa.mx'), 'Grupo Lala' );

--INVEDUC S.A. DE C.V.
INSERT INTO INFRA.USUARIOS ( CVE_USUARIO, PASSWORD ) VALUES( 'inveduc@live.com.mx', 'ccmx1234' );
INSERT INTO INFRA.REL_ROLES ( CVE_ROL, CVE_USUARIO ) VALUES( 'PyME', 'inveduc@live.com.mx' );
INSERT INTO INFRA.PYMES ( ID_USUARIO, ID_USUARIO_PADRE, CORREO_ELECTRONICO, NOMBRE_COMERCIAL ) VALUES( (SELECT ID_USUARIO FROM INFRA.USUARIOS WHERE CVE_USUARIO = 'inveduc@live.com.mx'), '1', 'inveduc@live.com.mx', 'INVEDUC S.A. DE C.V.' );
INSERT INTO INFRA.CONTACTOS (ID_USUARIO, TIPO, NOMBRE, APELLIDO_PATERNO, APELLIDO_MATERNO, CORREO_ELECTRONICO, B_PRINCIPAL, TELEFONO) VALUES ( (SELECT ID_USUARIO FROM INFRA.USUARIOS WHERE CVE_USUARIO = 'inveduc@live.com.mx'), 'Ventas', 'XAVIER', 'NAKASHIMA', 'KATSUJI', 'inveduc@live.com.mx', true, '');
INSERT INTO INFRA.REL_PYMES_TRACTORAS ( ID_USUARIO_TRACTORA, ID_USUARIO_PYME) VALUES( (SELECT ID_USUARIO FROM INFRA.TRACTORAS WHERE EMPRESA = 'Grupo Lala'), (SELECT ID_USUARIO FROM INFRA.USUARIOS WHERE CVE_USUARIO = 'inveduc@live.com.mx') );
INSERT INTO INFRA.CLIENTES ( ID_USUARIO, CLIENTE) VALUES( (SELECT ID_USUARIO FROM INFRA.USUARIOS WHERE CVE_USUARIO = 'inveduc@live.com.mx'), 'Grupo Lala' );

--Hotmelt sistemas y servicios Sanchez SA de CV
INSERT INTO INFRA.USUARIOS ( CVE_USUARIO, PASSWORD ) VALUES( 'hotmelt@prodigy.net.mx', 'ccmx1234' );
INSERT INTO INFRA.REL_ROLES ( CVE_ROL, CVE_USUARIO ) VALUES( 'PyME', 'hotmelt@prodigy.net.mx' );
INSERT INTO INFRA.PYMES ( ID_USUARIO, ID_USUARIO_PADRE, CORREO_ELECTRONICO, NOMBRE_COMERCIAL ) VALUES( (SELECT ID_USUARIO FROM INFRA.USUARIOS WHERE CVE_USUARIO = 'hotmelt@prodigy.net.mx'), '1', 'hotmelt@prodigy.net.mx', 'Hotmelt sistemas y servicios Sanchez SA de CV' );
INSERT INTO INFRA.CONTACTOS (ID_USUARIO, TIPO, NOMBRE, APELLIDO_PATERNO, APELLIDO_MATERNO, CORREO_ELECTRONICO, B_PRINCIPAL, TELEFONO) VALUES ( (SELECT ID_USUARIO FROM INFRA.USUARIOS WHERE CVE_USUARIO = 'hotmelt@prodigy.net.mx'), 'Ventas', 'Gonzalo', 'Sanchez', 'Lesma', 'hotmelt@prodigy.net.mx', true, '');
INSERT INTO INFRA.REL_PYMES_TRACTORAS ( ID_USUARIO_TRACTORA, ID_USUARIO_PYME) VALUES( (SELECT ID_USUARIO FROM INFRA.TRACTORAS WHERE EMPRESA = 'Grupo Lala'), (SELECT ID_USUARIO FROM INFRA.USUARIOS WHERE CVE_USUARIO = 'hotmelt@prodigy.net.mx') );
INSERT INTO INFRA.CLIENTES ( ID_USUARIO, CLIENTE) VALUES( (SELECT ID_USUARIO FROM INFRA.USUARIOS WHERE CVE_USUARIO = 'hotmelt@prodigy.net.mx'), 'Grupo Lala' );

--Pedro Luna Cardenas
INSERT INTO INFRA.USUARIOS ( CVE_USUARIO, PASSWORD ) VALUES( 'luna_idc@prodigy.net.mx', 'ccmx1234' );
INSERT INTO INFRA.REL_ROLES ( CVE_ROL, CVE_USUARIO ) VALUES( 'PyME', 'luna_idc@prodigy.net.mx' );
INSERT INTO INFRA.PYMES ( ID_USUARIO, ID_USUARIO_PADRE, CORREO_ELECTRONICO, NOMBRE_COMERCIAL ) VALUES( (SELECT ID_USUARIO FROM INFRA.USUARIOS WHERE CVE_USUARIO = 'luna_idc@prodigy.net.mx'), '1', 'luna_idc@prodigy.net.mx', 'Pedro Luna Cardenas' );
INSERT INTO INFRA.CONTACTOS (ID_USUARIO, TIPO, NOMBRE, APELLIDO_PATERNO, APELLIDO_MATERNO, CORREO_ELECTRONICO, B_PRINCIPAL, TELEFONO) VALUES ( (SELECT ID_USUARIO FROM INFRA.USUARIOS WHERE CVE_USUARIO = 'luna_idc@prodigy.net.mx'), 'Ventas', 'Pedro', 'Luna', 'Cardenas', 'luna_idc@prodigy.net.mx', true, '');
INSERT INTO INFRA.REL_PYMES_TRACTORAS ( ID_USUARIO_TRACTORA, ID_USUARIO_PYME) VALUES( (SELECT ID_USUARIO FROM INFRA.TRACTORAS WHERE EMPRESA = 'Grupo Lala'), (SELECT ID_USUARIO FROM INFRA.USUARIOS WHERE CVE_USUARIO = 'luna_idc@prodigy.net.mx') );
INSERT INTO INFRA.CLIENTES ( ID_USUARIO, CLIENTE) VALUES( (SELECT ID_USUARIO FROM INFRA.USUARIOS WHERE CVE_USUARIO = 'luna_idc@prodigy.net.mx'), 'Grupo Lala' );

--Torno Vega  (Jaime Vega Núñez)
INSERT INTO INFRA.USUARIOS ( CVE_USUARIO, PASSWORD ) VALUES( 'jaime20032011@hotmail.com', 'ccmx1234' );
INSERT INTO INFRA.REL_ROLES ( CVE_ROL, CVE_USUARIO ) VALUES( 'PyME', 'jaime20032011@hotmail.com' );
INSERT INTO INFRA.PYMES ( ID_USUARIO, ID_USUARIO_PADRE, CORREO_ELECTRONICO, NOMBRE_COMERCIAL ) VALUES( (SELECT ID_USUARIO FROM INFRA.USUARIOS WHERE CVE_USUARIO = 'jaime20032011@hotmail.com'), '1', 'jaime20032011@hotmail.com', 'Torno Vega  (Jaime Vega Nuñez)' );
INSERT INTO INFRA.CONTACTOS (ID_USUARIO, TIPO, NOMBRE, APELLIDO_PATERNO, APELLIDO_MATERNO, CORREO_ELECTRONICO, B_PRINCIPAL, TELEFONO) VALUES ( (SELECT ID_USUARIO FROM INFRA.USUARIOS WHERE CVE_USUARIO = 'jaime20032011@hotmail.com'), 'Ventas', 'Jaime', 'Vega', 'Nuñez', 'jaime20032011@hotmail.com', true, '');
INSERT INTO INFRA.REL_PYMES_TRACTORAS ( ID_USUARIO_TRACTORA, ID_USUARIO_PYME) VALUES( (SELECT ID_USUARIO FROM INFRA.TRACTORAS WHERE EMPRESA = 'Grupo Lala'), (SELECT ID_USUARIO FROM INFRA.USUARIOS WHERE CVE_USUARIO = 'jaime20032011@hotmail.com') );
INSERT INTO INFRA.CLIENTES ( ID_USUARIO, CLIENTE) VALUES( (SELECT ID_USUARIO FROM INFRA.USUARIOS WHERE CVE_USUARIO = 'jaime20032011@hotmail.com'), 'Grupo Lala' );

--Compresores Alemanes (José Fernando Álcantara)
INSERT INTO INFRA.USUARIOS ( CVE_USUARIO, PASSWORD ) VALUES( 'falcantara@compresoresalemanes.com', 'ccmx1234' );
INSERT INTO INFRA.REL_ROLES ( CVE_ROL, CVE_USUARIO ) VALUES( 'PyME', 'falcantara@compresoresalemanes.com' );
INSERT INTO INFRA.PYMES ( ID_USUARIO, ID_USUARIO_PADRE, CORREO_ELECTRONICO, NOMBRE_COMERCIAL ) VALUES( (SELECT ID_USUARIO FROM INFRA.USUARIOS WHERE CVE_USUARIO = 'falcantara@compresoresalemanes.com'), '1', 'falcantara@compresoresalemanes.com', 'Compresores Alemanes (Jose Fernando Alcantara)' );
INSERT INTO INFRA.CONTACTOS (ID_USUARIO, TIPO, NOMBRE, APELLIDO_PATERNO, APELLIDO_MATERNO, CORREO_ELECTRONICO, B_PRINCIPAL, TELEFONO) VALUES ( (SELECT ID_USUARIO FROM INFRA.USUARIOS WHERE CVE_USUARIO = 'falcantara@compresoresalemanes.com'), 'Ventas', 'Jose Fernando', 'Alcantara', 'Cardenas', 'falcantara@compresoresalemanes.com', true, '');
INSERT INTO INFRA.REL_PYMES_TRACTORAS ( ID_USUARIO_TRACTORA, ID_USUARIO_PYME) VALUES( (SELECT ID_USUARIO FROM INFRA.TRACTORAS WHERE EMPRESA = 'Grupo Lala'), (SELECT ID_USUARIO FROM INFRA.USUARIOS WHERE CVE_USUARIO = 'falcantara@compresoresalemanes.com') );
INSERT INTO INFRA.CLIENTES ( ID_USUARIO, CLIENTE) VALUES( (SELECT ID_USUARIO FROM INFRA.USUARIOS WHERE CVE_USUARIO = 'falcantara@compresoresalemanes.com'), 'Grupo Lala' );

--GI Maquinados y Estructuras (Victor Ivan Pérez )
INSERT INTO INFRA.USUARIOS ( CVE_USUARIO, PASSWORD ) VALUES( 'victoripz-me@yahoo.com.mx', 'ccmx1234' );
INSERT INTO INFRA.REL_ROLES ( CVE_ROL, CVE_USUARIO ) VALUES( 'PyME', 'victoripz-me@yahoo.com.mx' );
INSERT INTO INFRA.PYMES ( ID_USUARIO, ID_USUARIO_PADRE, CORREO_ELECTRONICO, NOMBRE_COMERCIAL ) VALUES( (SELECT ID_USUARIO FROM INFRA.USUARIOS WHERE CVE_USUARIO = 'victoripz-me@yahoo.com.mx'), '1', 'victoripz-me@yahoo.com.mx', 'GI Maquinados y Estructuras (Victor Ivan Perez)' );
INSERT INTO INFRA.CONTACTOS (ID_USUARIO, TIPO, NOMBRE, APELLIDO_PATERNO, APELLIDO_MATERNO, CORREO_ELECTRONICO, B_PRINCIPAL, TELEFONO) VALUES ( (SELECT ID_USUARIO FROM INFRA.USUARIOS WHERE CVE_USUARIO = 'victoripz-me@yahoo.com.mx'), 'Ventas', 'Victor Ivan', 'Perez', 'Zermeño', 'victoripz-me@yahoo.com.mx', true, '');
INSERT INTO INFRA.REL_PYMES_TRACTORAS ( ID_USUARIO_TRACTORA, ID_USUARIO_PYME) VALUES( (SELECT ID_USUARIO FROM INFRA.TRACTORAS WHERE EMPRESA = 'Grupo Lala'), (SELECT ID_USUARIO FROM INFRA.USUARIOS WHERE CVE_USUARIO = 'victoripz-me@yahoo.com.mx') );
INSERT INTO INFRA.CLIENTES ( ID_USUARIO, CLIENTE) VALUES( (SELECT ID_USUARIO FROM INFRA.USUARIOS WHERE CVE_USUARIO = 'victoripz-me@yahoo.com.mx'), 'Grupo Lala' );

--Clave construcción y servicios SA de CV
INSERT INTO INFRA.USUARIOS ( CVE_USUARIO, PASSWORD ) VALUES( 'clave_08@claveconstrucciones.com', 'ccmx1234' );
INSERT INTO INFRA.REL_ROLES ( CVE_ROL, CVE_USUARIO ) VALUES( 'PyME', 'clave_08@claveconstrucciones.com' );
INSERT INTO INFRA.PYMES ( ID_USUARIO, ID_USUARIO_PADRE, CORREO_ELECTRONICO, NOMBRE_COMERCIAL ) VALUES( (SELECT ID_USUARIO FROM INFRA.USUARIOS WHERE CVE_USUARIO = 'clave_08@claveconstrucciones.com'), '1', 'clave_08@claveconstrucciones.com', 'Clave construcción y servicios SA de CV' );
INSERT INTO INFRA.CONTACTOS (ID_USUARIO, TIPO, NOMBRE, APELLIDO_PATERNO, APELLIDO_MATERNO, CORREO_ELECTRONICO, B_PRINCIPAL, TELEFONO) VALUES ( (SELECT ID_USUARIO FROM INFRA.USUARIOS WHERE CVE_USUARIO = 'clave_08@claveconstrucciones.com'), 'Ventas', 'Jose Cruz', 'Delgado', 'Rodarte', 'clave_08@claveconstrucciones.com', true, '');
INSERT INTO INFRA.REL_PYMES_TRACTORAS ( ID_USUARIO_TRACTORA, ID_USUARIO_PYME) VALUES( (SELECT ID_USUARIO FROM INFRA.TRACTORAS WHERE EMPRESA = 'Grupo Lala'), (SELECT ID_USUARIO FROM INFRA.USUARIOS WHERE CVE_USUARIO = 'clave_08@claveconstrucciones.com') );
INSERT INTO INFRA.CLIENTES ( ID_USUARIO, CLIENTE) VALUES( (SELECT ID_USUARIO FROM INFRA.USUARIOS WHERE CVE_USUARIO = 'clave_08@claveconstrucciones.com'), 'Grupo Lala' );

--Norma Alicia Sánchez  Peral (Proyección Electrómecanica)
INSERT INTO INFRA.USUARIOS ( CVE_USUARIO, PASSWORD ) VALUES( 'rlsramirez@hotmail.com', 'ccmx1234' );
INSERT INTO INFRA.REL_ROLES ( CVE_ROL, CVE_USUARIO ) VALUES( 'PyME', 'rlsramirez@hotmail.com' );
INSERT INTO INFRA.PYMES ( ID_USUARIO, ID_USUARIO_PADRE, CORREO_ELECTRONICO, NOMBRE_COMERCIAL ) VALUES( (SELECT ID_USUARIO FROM INFRA.USUARIOS WHERE CVE_USUARIO = 'rlsramirez@hotmail.com'), '1', 'rlsramirez@hotmail.com', 'Norma Alicia Sanchez  Peral (Proyeccion Electromecanica)' );
INSERT INTO INFRA.CONTACTOS (ID_USUARIO, TIPO, NOMBRE, APELLIDO_PATERNO, APELLIDO_MATERNO, CORREO_ELECTRONICO, B_PRINCIPAL, TELEFONO) VALUES ( (SELECT ID_USUARIO FROM INFRA.USUARIOS WHERE CVE_USUARIO = 'rlsramirez@hotmail.com'), 'Ventas', 'Roberto Leobardo', 'Sanchez', 'Ramirez', 'rlsramirez@hotmail.com', true, '');
INSERT INTO INFRA.REL_PYMES_TRACTORAS ( ID_USUARIO_TRACTORA, ID_USUARIO_PYME) VALUES( (SELECT ID_USUARIO FROM INFRA.TRACTORAS WHERE EMPRESA = 'Grupo Lala'), (SELECT ID_USUARIO FROM INFRA.USUARIOS WHERE CVE_USUARIO = 'rlsramirez@hotmail.com') );
INSERT INTO INFRA.CLIENTES ( ID_USUARIO, CLIENTE) VALUES( (SELECT ID_USUARIO FROM INFRA.USUARIOS WHERE CVE_USUARIO = 'rlsramirez@hotmail.com'), 'Grupo Lala' );

--Raul Antonio Zaragoza Gutiérrez
INSERT INTO INFRA.USUARIOS ( CVE_USUARIO, PASSWORD ) VALUES( 'daisaind@hotmail.com', 'ccmx1234' );
INSERT INTO INFRA.REL_ROLES ( CVE_ROL, CVE_USUARIO ) VALUES( 'PyME', 'daisaind@hotmail.com' );
INSERT INTO INFRA.PYMES ( ID_USUARIO, ID_USUARIO_PADRE, CORREO_ELECTRONICO, NOMBRE_COMERCIAL ) VALUES( (SELECT ID_USUARIO FROM INFRA.USUARIOS WHERE CVE_USUARIO = 'daisaind@hotmail.com'), '1', 'daisaind@hotmail.com', 'Raul Antonio Zaragoza Gutierrez' );
INSERT INTO INFRA.CONTACTOS (ID_USUARIO, TIPO, NOMBRE, APELLIDO_PATERNO, APELLIDO_MATERNO, CORREO_ELECTRONICO, B_PRINCIPAL, TELEFONO) VALUES ( (SELECT ID_USUARIO FROM INFRA.USUARIOS WHERE CVE_USUARIO = 'daisaind@hotmail.com'), 'Ventas', 'Raul Antonio', 'Zaragoza', 'Gutierrez', 'daisaind@hotmail.com', true, '');
INSERT INTO INFRA.REL_PYMES_TRACTORAS ( ID_USUARIO_TRACTORA, ID_USUARIO_PYME) VALUES( (SELECT ID_USUARIO FROM INFRA.TRACTORAS WHERE EMPRESA = 'Grupo Lala'), (SELECT ID_USUARIO FROM INFRA.USUARIOS WHERE CVE_USUARIO = 'daisaind@hotmail.com') );
INSERT INTO INFRA.CLIENTES ( ID_USUARIO, CLIENTE) VALUES( (SELECT ID_USUARIO FROM INFRA.USUARIOS WHERE CVE_USUARIO = 'daisaind@hotmail.com'), 'Grupo Lala' );

--Ingeniería y desarrollo industrial del bajío, SA de CV
INSERT INTO INFRA.USUARIOS ( CVE_USUARIO, PASSWORD ) VALUES( 'mnegrete@idihsa.com.mx', 'ccmx1234' );
INSERT INTO INFRA.REL_ROLES ( CVE_ROL, CVE_USUARIO ) VALUES( 'PyME', 'mnegrete@idihsa.com.mx' );
INSERT INTO INFRA.PYMES ( ID_USUARIO, ID_USUARIO_PADRE, CORREO_ELECTRONICO, NOMBRE_COMERCIAL ) VALUES( (SELECT ID_USUARIO FROM INFRA.USUARIOS WHERE CVE_USUARIO = 'mnegrete@idihsa.com.mx'), '1', 'mnegrete@idihsa.com.mx', 'Ingenieria y desarrollo industrial del bajio, SA de CV' );
INSERT INTO INFRA.CONTACTOS (ID_USUARIO, TIPO, NOMBRE, APELLIDO_PATERNO, APELLIDO_MATERNO, CORREO_ELECTRONICO, B_PRINCIPAL, TELEFONO) VALUES ( (SELECT ID_USUARIO FROM INFRA.USUARIOS WHERE CVE_USUARIO = 'mnegrete@idihsa.com.mx'), 'Ventas', 'Miguel', 'Angel', 'Negrete', 'mnegrete@idihsa.com.mx', true, '');
INSERT INTO INFRA.REL_PYMES_TRACTORAS ( ID_USUARIO_TRACTORA, ID_USUARIO_PYME) VALUES( (SELECT ID_USUARIO FROM INFRA.TRACTORAS WHERE EMPRESA = 'Grupo Lala'), (SELECT ID_USUARIO FROM INFRA.USUARIOS WHERE CVE_USUARIO = 'mnegrete@idihsa.com.mx') );
INSERT INTO INFRA.CLIENTES ( ID_USUARIO, CLIENTE) VALUES( (SELECT ID_USUARIO FROM INFRA.USUARIOS WHERE CVE_USUARIO = 'mnegrete@idihsa.com.mx'), 'Grupo Lala' );

--Suministros industriales la union, SA de CV
INSERT INTO INFRA.USUARIOS ( CVE_USUARIO, PASSWORD ) VALUES( 'clienteslaunion@gmail.com', 'ccmx1234' );
INSERT INTO INFRA.REL_ROLES ( CVE_ROL, CVE_USUARIO ) VALUES( 'PyME', 'clienteslaunion@gmail.com' );
INSERT INTO INFRA.PYMES ( ID_USUARIO, ID_USUARIO_PADRE, CORREO_ELECTRONICO, NOMBRE_COMERCIAL ) VALUES( (SELECT ID_USUARIO FROM INFRA.USUARIOS WHERE CVE_USUARIO = 'clienteslaunion@gmail.com'), '1', 'clienteslaunion@gmail.com', 'Suministros industriales la union, SA de CV' );
INSERT INTO INFRA.CONTACTOS (ID_USUARIO, TIPO, NOMBRE, APELLIDO_PATERNO, APELLIDO_MATERNO, CORREO_ELECTRONICO, B_PRINCIPAL, TELEFONO) VALUES ( (SELECT ID_USUARIO FROM INFRA.USUARIOS WHERE CVE_USUARIO = 'clienteslaunion@gmail.com'), 'Ventas', 'Jonathan', 'gutierrez', '', 'clienteslaunion@gmail.com', true, '');
INSERT INTO INFRA.REL_PYMES_TRACTORAS ( ID_USUARIO_TRACTORA, ID_USUARIO_PYME) VALUES( (SELECT ID_USUARIO FROM INFRA.TRACTORAS WHERE EMPRESA = 'Grupo Lala'), (SELECT ID_USUARIO FROM INFRA.USUARIOS WHERE CVE_USUARIO = 'clienteslaunion@gmail.com') );
INSERT INTO INFRA.CLIENTES ( ID_USUARIO, CLIENTE) VALUES( (SELECT ID_USUARIO FROM INFRA.USUARIOS WHERE CVE_USUARIO = 'clienteslaunion@gmail.com'), 'Grupo Lala' );

--Engranes y cuchillas Betma, SA de CV
INSERT INTO INFRA.USUARIOS ( CVE_USUARIO, PASSWORD ) VALUES( 'jcfernandez@betma.com.mx', 'ccmx1234' );
INSERT INTO INFRA.REL_ROLES ( CVE_ROL, CVE_USUARIO ) VALUES( 'PyME', 'jcfernandez@betma.com.mx' );
INSERT INTO INFRA.PYMES ( ID_USUARIO, ID_USUARIO_PADRE, CORREO_ELECTRONICO, NOMBRE_COMERCIAL ) VALUES( (SELECT ID_USUARIO FROM INFRA.USUARIOS WHERE CVE_USUARIO = 'jcfernandez@betma.com.mx'), '1', 'jcfernandez@betma.com.mx', 'Engranes y cuchillas Betma, SA de CV' );
INSERT INTO INFRA.CONTACTOS (ID_USUARIO, TIPO, NOMBRE, APELLIDO_PATERNO, APELLIDO_MATERNO, CORREO_ELECTRONICO, B_PRINCIPAL, TELEFONO) VALUES ( (SELECT ID_USUARIO FROM INFRA.USUARIOS WHERE CVE_USUARIO = 'jcfernandez@betma.com.mx'), 'Ventas', 'Juan carlos', 'Fernandez', 'Arzate', 'jcfernandez@betma.com.mx', true, '4422912201');
INSERT INTO INFRA.REL_PYMES_TRACTORAS ( ID_USUARIO_TRACTORA, ID_USUARIO_PYME) VALUES( (SELECT ID_USUARIO FROM INFRA.TRACTORAS WHERE EMPRESA = 'Grupo Lala'), (SELECT ID_USUARIO FROM INFRA.USUARIOS WHERE CVE_USUARIO = 'jcfernandez@betma.com.mx') );
INSERT INTO INFRA.CLIENTES ( ID_USUARIO, CLIENTE) VALUES( (SELECT ID_USUARIO FROM INFRA.USUARIOS WHERE CVE_USUARIO = 'jcfernandez@betma.com.mx'), 'Grupo Lala' );

--Empaquetaduras especializadas
INSERT INTO INFRA.USUARIOS ( CVE_USUARIO, PASSWORD ) VALUES( 'rivera_oscar@live.com.mx', 'ccmx1234' );
INSERT INTO INFRA.REL_ROLES ( CVE_ROL, CVE_USUARIO ) VALUES( 'PyME', 'rivera_oscar@live.com.mx' );
INSERT INTO INFRA.PYMES ( ID_USUARIO, ID_USUARIO_PADRE, CORREO_ELECTRONICO, NOMBRE_COMERCIAL ) VALUES( (SELECT ID_USUARIO FROM INFRA.USUARIOS WHERE CVE_USUARIO = 'rivera_oscar@live.com.mx'), '1', 'rivera_oscar@live.com.mx', 'Empaquetaduras especializadas' );
INSERT INTO INFRA.CONTACTOS (ID_USUARIO, TIPO, NOMBRE, APELLIDO_PATERNO, APELLIDO_MATERNO, CORREO_ELECTRONICO, B_PRINCIPAL, TELEFONO) VALUES ( (SELECT ID_USUARIO FROM INFRA.USUARIOS WHERE CVE_USUARIO = 'rivera_oscar@live.com.mx'), 'Ventas', 'Oscar', 'Rivera', '', 'rivera_oscar@live.com.mx', true, '4272643789');
INSERT INTO INFRA.REL_PYMES_TRACTORAS ( ID_USUARIO_TRACTORA, ID_USUARIO_PYME) VALUES( (SELECT ID_USUARIO FROM INFRA.TRACTORAS WHERE EMPRESA = 'Grupo Lala'), (SELECT ID_USUARIO FROM INFRA.USUARIOS WHERE CVE_USUARIO = 'rivera_oscar@live.com.mx') );
INSERT INTO INFRA.CLIENTES ( ID_USUARIO, CLIENTE) VALUES( (SELECT ID_USUARIO FROM INFRA.USUARIOS WHERE CVE_USUARIO = 'rivera_oscar@live.com.mx'), 'Grupo Lala' );

--Zamek, SA de CV
INSERT INTO INFRA.USUARIOS ( CVE_USUARIO, PASSWORD ) VALUES( 'zamek80@yahoo.com.mx', 'ccmx1234' );
INSERT INTO INFRA.REL_ROLES ( CVE_ROL, CVE_USUARIO ) VALUES( 'PyME', 'zamek80@yahoo.com.mx' );
INSERT INTO INFRA.PYMES ( ID_USUARIO, ID_USUARIO_PADRE, CORREO_ELECTRONICO, NOMBRE_COMERCIAL ) VALUES( (SELECT ID_USUARIO FROM INFRA.USUARIOS WHERE CVE_USUARIO = 'zamek80@yahoo.com.mx'), '1', 'zamek80@yahoo.com.mx', 'Zamek, SA de CV' );
INSERT INTO INFRA.CONTACTOS (ID_USUARIO, TIPO, NOMBRE, APELLIDO_PATERNO, APELLIDO_MATERNO, CORREO_ELECTRONICO, B_PRINCIPAL, TELEFONO) VALUES ( (SELECT ID_USUARIO FROM INFRA.USUARIOS WHERE CVE_USUARIO = 'zamek80@yahoo.com.mx'), 'Ventas', 'Maria Claudia', 'Sanchez', 'Gutierrez', 'zamek80@yahoo.com.mx', true, '4422206345');
INSERT INTO INFRA.REL_PYMES_TRACTORAS ( ID_USUARIO_TRACTORA, ID_USUARIO_PYME) VALUES( (SELECT ID_USUARIO FROM INFRA.TRACTORAS WHERE EMPRESA = 'Grupo Lala'), (SELECT ID_USUARIO FROM INFRA.USUARIOS WHERE CVE_USUARIO = 'zamek80@yahoo.com.mx') );
INSERT INTO INFRA.CLIENTES ( ID_USUARIO, CLIENTE) VALUES( (SELECT ID_USUARIO FROM INFRA.USUARIOS WHERE CVE_USUARIO = 'zamek80@yahoo.com.mx'), 'Grupo Lala' );

--Proveedora industrial EDMAR
INSERT INTO INFRA.USUARIOS ( CVE_USUARIO, PASSWORD ) VALUES( 'quimivisa@hotmail.com', 'ccmx1234' );
INSERT INTO INFRA.REL_ROLES ( CVE_ROL, CVE_USUARIO ) VALUES( 'PyME', 'quimivisa@hotmail.com' );
INSERT INTO INFRA.PYMES ( ID_USUARIO, ID_USUARIO_PADRE, CORREO_ELECTRONICO, NOMBRE_COMERCIAL ) VALUES( (SELECT ID_USUARIO FROM INFRA.USUARIOS WHERE CVE_USUARIO = 'quimivisa@hotmail.com'), '1', 'quimivisa@hotmail.com', 'Proveedora industrial EDMAR' );
INSERT INTO INFRA.CONTACTOS (ID_USUARIO, TIPO, NOMBRE, APELLIDO_PATERNO, APELLIDO_MATERNO, CORREO_ELECTRONICO, B_PRINCIPAL, TELEFONO) VALUES ( (SELECT ID_USUARIO FROM INFRA.USUARIOS WHERE CVE_USUARIO = 'quimivisa@hotmail.com'), 'Ventas', 'Eduardo', 'Marquez', 'Rosas', 'quimivisa@hotmail.com', true, '4626237143');
INSERT INTO INFRA.REL_PYMES_TRACTORAS ( ID_USUARIO_TRACTORA, ID_USUARIO_PYME) VALUES( (SELECT ID_USUARIO FROM INFRA.TRACTORAS WHERE EMPRESA = 'Grupo Lala'), (SELECT ID_USUARIO FROM INFRA.USUARIOS WHERE CVE_USUARIO = 'quimivisa@hotmail.com') );
INSERT INTO INFRA.CLIENTES ( ID_USUARIO, CLIENTE) VALUES( (SELECT ID_USUARIO FROM INFRA.USUARIOS WHERE CVE_USUARIO = 'quimivisa@hotmail.com'), 'Grupo Lala' );

--Rio Limpio
INSERT INTO INFRA.USUARIOS ( CVE_USUARIO, PASSWORD ) VALUES( 'gerardo_rioja@live.com', 'ccmx1234' );
INSERT INTO INFRA.REL_ROLES ( CVE_ROL, CVE_USUARIO ) VALUES( 'PyME', 'gerardo_rioja@live.com' );
INSERT INTO INFRA.PYMES ( ID_USUARIO, ID_USUARIO_PADRE, CORREO_ELECTRONICO, NOMBRE_COMERCIAL ) VALUES( (SELECT ID_USUARIO FROM INFRA.USUARIOS WHERE CVE_USUARIO = 'gerardo_rioja@live.com'), '1', 'gerardo_rioja@live.com', 'Rio Limpio' );
INSERT INTO INFRA.CONTACTOS (ID_USUARIO, TIPO, NOMBRE, APELLIDO_PATERNO, APELLIDO_MATERNO, CORREO_ELECTRONICO, B_PRINCIPAL, TELEFONO) VALUES ( (SELECT ID_USUARIO FROM INFRA.USUARIOS WHERE CVE_USUARIO = 'gerardo_rioja@live.com'), 'Ventas', 'Gerardo', 'Rioja', '', 'gerardo_rioja@live.com', true, '4499779999');
INSERT INTO INFRA.REL_PYMES_TRACTORAS ( ID_USUARIO_TRACTORA, ID_USUARIO_PYME) VALUES( (SELECT ID_USUARIO FROM INFRA.TRACTORAS WHERE EMPRESA = 'Grupo Lala'), (SELECT ID_USUARIO FROM INFRA.USUARIOS WHERE CVE_USUARIO = 'gerardo_rioja@live.com') );
INSERT INTO INFRA.CLIENTES ( ID_USUARIO, CLIENTE) VALUES( (SELECT ID_USUARIO FROM INFRA.USUARIOS WHERE CVE_USUARIO = 'gerardo_rioja@live.com'), 'Grupo Lala' );

--Tecnologías y especialidades industriales, SA de CV
INSERT INTO INFRA.USUARIOS ( CVE_USUARIO, PASSWORD ) VALUES( 'claudia.derramadero@tei-mx', 'ccmx1234' );
INSERT INTO INFRA.REL_ROLES ( CVE_ROL, CVE_USUARIO ) VALUES( 'PyME', 'claudia.derramadero@tei-mx' );
INSERT INTO INFRA.PYMES ( ID_USUARIO, ID_USUARIO_PADRE, CORREO_ELECTRONICO, NOMBRE_COMERCIAL ) VALUES( (SELECT ID_USUARIO FROM INFRA.USUARIOS WHERE CVE_USUARIO = 'claudia.derramadero@tei-mx'), '1', 'claudia.derramadero@tei-mx', 'Tecnologías y especialidades industriales, SA de CV' );
INSERT INTO INFRA.CONTACTOS (ID_USUARIO, TIPO, NOMBRE, APELLIDO_PATERNO, APELLIDO_MATERNO, CORREO_ELECTRONICO, B_PRINCIPAL, TELEFONO) VALUES ( (SELECT ID_USUARIO FROM INFRA.USUARIOS WHERE CVE_USUARIO = 'claudia.derramadero@tei-mx'), 'Ventas', 'Claudia', 'Derramadero', '', 'claudia.derramadero@tei-mx', true, '53785378');
INSERT INTO INFRA.REL_PYMES_TRACTORAS ( ID_USUARIO_TRACTORA, ID_USUARIO_PYME) VALUES( (SELECT ID_USUARIO FROM INFRA.TRACTORAS WHERE EMPRESA = 'Grupo Lala'), (SELECT ID_USUARIO FROM INFRA.USUARIOS WHERE CVE_USUARIO = 'claudia.derramadero@tei-mx') );
INSERT INTO INFRA.CLIENTES ( ID_USUARIO, CLIENTE) VALUES( (SELECT ID_USUARIO FROM INFRA.USUARIOS WHERE CVE_USUARIO = 'claudia.derramadero@tei-mx'), 'Grupo Lala' );

--Sumiplas
INSERT INTO INFRA.USUARIOS ( CVE_USUARIO, PASSWORD ) VALUES( 'suministrosdeplasticos@hotmail.com', 'ccmx1234' );
INSERT INTO INFRA.REL_ROLES ( CVE_ROL, CVE_USUARIO ) VALUES( 'PyME', 'suministrosdeplasticos@hotmail.com' );
INSERT INTO INFRA.PYMES ( ID_USUARIO, ID_USUARIO_PADRE, CORREO_ELECTRONICO, NOMBRE_COMERCIAL ) VALUES( (SELECT ID_USUARIO FROM INFRA.USUARIOS WHERE CVE_USUARIO = 'suministrosdeplasticos@hotmail.com'), '1', 'suministrosdeplasticos@hotmail.com', 'Sumiplas' );
INSERT INTO INFRA.CONTACTOS (ID_USUARIO, TIPO, NOMBRE, APELLIDO_PATERNO, APELLIDO_MATERNO, CORREO_ELECTRONICO, B_PRINCIPAL, TELEFONO) VALUES ( (SELECT ID_USUARIO FROM INFRA.USUARIOS WHERE CVE_USUARIO = 'suministrosdeplasticos@hotmail.com'), 'Ventas', 'Ericka', 'Vargas', '', 'suministrosdeplasticos@hotmail.com', true, '4621861193');
INSERT INTO INFRA.REL_PYMES_TRACTORAS ( ID_USUARIO_TRACTORA, ID_USUARIO_PYME) VALUES( (SELECT ID_USUARIO FROM INFRA.TRACTORAS WHERE EMPRESA = 'Grupo Lala'), (SELECT ID_USUARIO FROM INFRA.USUARIOS WHERE CVE_USUARIO = 'suministrosdeplasticos@hotmail.com') );
INSERT INTO INFRA.CLIENTES ( ID_USUARIO, CLIENTE) VALUES( (SELECT ID_USUARIO FROM INFRA.USUARIOS WHERE CVE_USUARIO = 'suministrosdeplasticos@hotmail.com'), 'Grupo Lala' );

--Multiferre industrial
INSERT INTO INFRA.USUARIOS ( CVE_USUARIO, PASSWORD ) VALUES( 'multiferreteraind@prodigy.net.mx', 'ccmx1234' );
INSERT INTO INFRA.REL_ROLES ( CVE_ROL, CVE_USUARIO ) VALUES( 'PyME', 'multiferreteraind@prodigy.net.mx' );
INSERT INTO INFRA.PYMES ( ID_USUARIO, ID_USUARIO_PADRE, CORREO_ELECTRONICO, NOMBRE_COMERCIAL ) VALUES( (SELECT ID_USUARIO FROM INFRA.USUARIOS WHERE CVE_USUARIO = 'multiferreteraind@prodigy.net.mx'), '1', 'multiferreteraind@prodigy.net.mx', 'Multiferre industrial' );
INSERT INTO INFRA.CONTACTOS (ID_USUARIO, TIPO, NOMBRE, APELLIDO_PATERNO, APELLIDO_MATERNO, CORREO_ELECTRONICO, B_PRINCIPAL, TELEFONO) VALUES ( (SELECT ID_USUARIO FROM INFRA.USUARIOS WHERE CVE_USUARIO = 'multiferreteraind@prodigy.net.mx'), 'Ventas', 'Miguel', 'Quintana', '', 'multiferreteraind@prodigy.net.mx', true, '4626259986');
INSERT INTO INFRA.REL_PYMES_TRACTORAS ( ID_USUARIO_TRACTORA, ID_USUARIO_PYME) VALUES( (SELECT ID_USUARIO FROM INFRA.TRACTORAS WHERE EMPRESA = 'Grupo Lala'), (SELECT ID_USUARIO FROM INFRA.USUARIOS WHERE CVE_USUARIO = 'multiferreteraind@prodigy.net.mx') );
INSERT INTO INFRA.CLIENTES ( ID_USUARIO, CLIENTE) VALUES( (SELECT ID_USUARIO FROM INFRA.USUARIOS WHERE CVE_USUARIO = 'multiferreteraind@prodigy.net.mx'), 'Grupo Lala' );

--BYL hermanos
INSERT INTO INFRA.USUARIOS ( CVE_USUARIO, PASSWORD ) VALUES( 'bacilio.bylhnos@hotmail.com', 'ccmx1234' );
INSERT INTO INFRA.REL_ROLES ( CVE_ROL, CVE_USUARIO ) VALUES( 'PyME', 'bacilio.bylhnos@hotmail.com' );
INSERT INTO INFRA.PYMES ( ID_USUARIO, ID_USUARIO_PADRE, CORREO_ELECTRONICO, NOMBRE_COMERCIAL ) VALUES( (SELECT ID_USUARIO FROM INFRA.USUARIOS WHERE CVE_USUARIO = 'bacilio.bylhnos@hotmail.com'), '1', 'bacilio.bylhnos@hotmail.com', 'BYL hermanos' );
INSERT INTO INFRA.CONTACTOS (ID_USUARIO, TIPO, NOMBRE, APELLIDO_PATERNO, APELLIDO_MATERNO, CORREO_ELECTRONICO, B_PRINCIPAL, TELEFONO) VALUES ( (SELECT ID_USUARIO FROM INFRA.USUARIOS WHERE CVE_USUARIO = 'bacilio.bylhnos@hotmail.com'), 'Ventas', 'Bacilio', 'Espitia', '', 'bacilio.bylhnos@hotmail.com', true, '43237861');
INSERT INTO INFRA.REL_PYMES_TRACTORAS ( ID_USUARIO_TRACTORA, ID_USUARIO_PYME) VALUES( (SELECT ID_USUARIO FROM INFRA.TRACTORAS WHERE EMPRESA = 'Grupo Lala'), (SELECT ID_USUARIO FROM INFRA.USUARIOS WHERE CVE_USUARIO = 'bacilio.bylhnos@hotmail.com') );
INSERT INTO INFRA.CLIENTES ( ID_USUARIO, CLIENTE) VALUES( (SELECT ID_USUARIO FROM INFRA.USUARIOS WHERE CVE_USUARIO = 'bacilio.bylhnos@hotmail.com'), 'Grupo Lala' );

--Hupesa maquinados industriales de precisión
INSERT INTO INFRA.USUARIOS ( CVE_USUARIO, PASSWORD ) VALUES( 'hurtado.hupesa_guadalupe@hotmail.com', 'ccmx1234' );
INSERT INTO INFRA.REL_ROLES ( CVE_ROL, CVE_USUARIO ) VALUES( 'PyME', 'hurtado.hupesa_guadalupe@hotmail.com' );
INSERT INTO INFRA.PYMES ( ID_USUARIO, ID_USUARIO_PADRE, CORREO_ELECTRONICO, NOMBRE_COMERCIAL ) VALUES( (SELECT ID_USUARIO FROM INFRA.USUARIOS WHERE CVE_USUARIO = 'hurtado.hupesa_guadalupe@hotmail.com'), '1', 'hurtado.hupesa_guadalupe@hotmail.com', 'Hupesa maquinados industriales de precision' );
INSERT INTO INFRA.CONTACTOS (ID_USUARIO, TIPO, NOMBRE, APELLIDO_PATERNO, APELLIDO_MATERNO, CORREO_ELECTRONICO, B_PRINCIPAL, TELEFONO) VALUES ( (SELECT ID_USUARIO FROM INFRA.USUARIOS WHERE CVE_USUARIO = 'hurtado.hupesa_guadalupe@hotmail.com'), 'Ventas', 'Jose Gpe', 'Hurtado', 'Ortiz', 'hurtado.hupesa_guadalupe@hotmail.com', true, '4626225162');
INSERT INTO INFRA.REL_PYMES_TRACTORAS ( ID_USUARIO_TRACTORA, ID_USUARIO_PYME) VALUES( (SELECT ID_USUARIO FROM INFRA.TRACTORAS WHERE EMPRESA = 'Grupo Lala'), (SELECT ID_USUARIO FROM INFRA.USUARIOS WHERE CVE_USUARIO = 'hurtado.hupesa_guadalupe@hotmail.com') );
INSERT INTO INFRA.CLIENTES ( ID_USUARIO, CLIENTE) VALUES( (SELECT ID_USUARIO FROM INFRA.USUARIOS WHERE CVE_USUARIO = 'hurtado.hupesa_guadalupe@hotmail.com'), 'Grupo Lala' );

--Servicio Industrial Ortiz
INSERT INTO INFRA.USUARIOS ( CVE_USUARIO, PASSWORD ) VALUES( 'ezequielho@hotmail.com', 'ccmx1234' );
INSERT INTO INFRA.REL_ROLES ( CVE_ROL, CVE_USUARIO ) VALUES( 'PyME', 'ezequielho@hotmail.com' );
INSERT INTO INFRA.PYMES ( ID_USUARIO, ID_USUARIO_PADRE, CORREO_ELECTRONICO, NOMBRE_COMERCIAL ) VALUES( (SELECT ID_USUARIO FROM INFRA.USUARIOS WHERE CVE_USUARIO = 'ezequielho@hotmail.com'), '1', 'ezequielho@hotmail.com', 'Servicio Industrial Ortiz' );
INSERT INTO INFRA.CONTACTOS (ID_USUARIO, TIPO, NOMBRE, APELLIDO_PATERNO, APELLIDO_MATERNO, CORREO_ELECTRONICO, B_PRINCIPAL, TELEFONO) VALUES ( (SELECT ID_USUARIO FROM INFRA.USUARIOS WHERE CVE_USUARIO = 'ezequielho@hotmail.com'), 'Ventas', 'Esequiel', 'Ortiz', '', 'ezequielho@hotmail.com', true, '4621434718');
INSERT INTO INFRA.REL_PYMES_TRACTORAS ( ID_USUARIO_TRACTORA, ID_USUARIO_PYME) VALUES( (SELECT ID_USUARIO FROM INFRA.TRACTORAS WHERE EMPRESA = 'Grupo Lala'), (SELECT ID_USUARIO FROM INFRA.USUARIOS WHERE CVE_USUARIO = 'ezequielho@hotmail.com') );
INSERT INTO INFRA.CLIENTES ( ID_USUARIO, CLIENTE) VALUES( (SELECT ID_USUARIO FROM INFRA.USUARIOS WHERE CVE_USUARIO = 'ezequielho@hotmail.com'), 'Grupo Lala' );

--Mantenimiento de Equipo de Carga Caterpillar
INSERT INTO INFRA.USUARIOS ( CVE_USUARIO, PASSWORD ) VALUES( 'lander87_87@hotmail.com', 'ccmx1234' );
INSERT INTO INFRA.REL_ROLES ( CVE_ROL, CVE_USUARIO ) VALUES( 'PyME', 'lander87_87@hotmail.com' );
INSERT INTO INFRA.PYMES ( ID_USUARIO, ID_USUARIO_PADRE, CORREO_ELECTRONICO, NOMBRE_COMERCIAL ) VALUES( (SELECT ID_USUARIO FROM INFRA.USUARIOS WHERE CVE_USUARIO = 'lander87_87@hotmail.com'), '1', 'lander87_87@hotmail.com', 'Mantenimiento de Equipo de Carga Caterpillar' );
INSERT INTO INFRA.CONTACTOS (ID_USUARIO, TIPO, NOMBRE, APELLIDO_PATERNO, APELLIDO_MATERNO, CORREO_ELECTRONICO, B_PRINCIPAL, TELEFONO) VALUES ( (SELECT ID_USUARIO FROM INFRA.USUARIOS WHERE CVE_USUARIO = 'lander87_87@hotmail.com'), 'Ventas', 'Julio Cesar', 'Chavez', '', 'lander87_87@hotmail.com', true, '4492609474');
INSERT INTO INFRA.REL_PYMES_TRACTORAS ( ID_USUARIO_TRACTORA, ID_USUARIO_PYME) VALUES( (SELECT ID_USUARIO FROM INFRA.TRACTORAS WHERE EMPRESA = 'Grupo Lala'), (SELECT ID_USUARIO FROM INFRA.USUARIOS WHERE CVE_USUARIO = 'lander87_87@hotmail.com') );
INSERT INTO INFRA.CLIENTES ( ID_USUARIO, CLIENTE) VALUES( (SELECT ID_USUARIO FROM INFRA.USUARIOS WHERE CVE_USUARIO = 'lander87_87@hotmail.com'), 'Grupo Lala' );

--Buch construcciones
INSERT INTO INFRA.USUARIOS ( CVE_USUARIO, PASSWORD ) VALUES( 'buchin@prodigy.net.mx', 'ccmx1234' );
INSERT INTO INFRA.REL_ROLES ( CVE_ROL, CVE_USUARIO ) VALUES( 'PyME', 'buchin@prodigy.net.mx' );
INSERT INTO INFRA.PYMES ( ID_USUARIO, ID_USUARIO_PADRE, CORREO_ELECTRONICO, NOMBRE_COMERCIAL ) VALUES( (SELECT ID_USUARIO FROM INFRA.USUARIOS WHERE CVE_USUARIO = 'buchin@prodigy.net.mx'), '1', 'buchin@prodigy.net.mx', 'Buch construcciones' );
INSERT INTO INFRA.CONTACTOS (ID_USUARIO, TIPO, NOMBRE, APELLIDO_PATERNO, APELLIDO_MATERNO, CORREO_ELECTRONICO, B_PRINCIPAL, TELEFONO) VALUES ( (SELECT ID_USUARIO FROM INFRA.USUARIOS WHERE CVE_USUARIO = 'buchin@prodigy.net.mx'), 'Ventas', 'Jesus Manuel', 'Bugarin', '', 'buchin@prodigy.net.mx', true, '4499962270');
INSERT INTO INFRA.REL_PYMES_TRACTORAS ( ID_USUARIO_TRACTORA, ID_USUARIO_PYME) VALUES( (SELECT ID_USUARIO FROM INFRA.TRACTORAS WHERE EMPRESA = 'Grupo Lala'), (SELECT ID_USUARIO FROM INFRA.USUARIOS WHERE CVE_USUARIO = 'buchin@prodigy.net.mx') );
INSERT INTO INFRA.CLIENTES ( ID_USUARIO, CLIENTE) VALUES( (SELECT ID_USUARIO FROM INFRA.USUARIOS WHERE CVE_USUARIO = 'buchin@prodigy.net.mx'), 'Grupo Lala' );

--Carlos Alberto Salazar Medel
INSERT INTO INFRA.USUARIOS ( CVE_USUARIO, PASSWORD ) VALUES( 'salazarmendezc@yahoo.com.mx', 'ccmx1234' );
INSERT INTO INFRA.REL_ROLES ( CVE_ROL, CVE_USUARIO ) VALUES( 'PyME', 'salazarmendezc@yahoo.com.mx' );
INSERT INTO INFRA.PYMES ( ID_USUARIO, ID_USUARIO_PADRE, CORREO_ELECTRONICO, NOMBRE_COMERCIAL ) VALUES( (SELECT ID_USUARIO FROM INFRA.USUARIOS WHERE CVE_USUARIO = 'salazarmendezc@yahoo.com.mx'), '1', 'salazarmendezc@yahoo.com.mx', 'Carlos Alberto Salazar Medel' );
INSERT INTO INFRA.CONTACTOS (ID_USUARIO, TIPO, NOMBRE, APELLIDO_PATERNO, APELLIDO_MATERNO, CORREO_ELECTRONICO, B_PRINCIPAL, TELEFONO) VALUES ( (SELECT ID_USUARIO FROM INFRA.USUARIOS WHERE CVE_USUARIO = 'salazarmendezc@yahoo.com.mx'), 'Ventas', 'Marcia', 'Prieto', '', 'salazarmendezc@yahoo.com.mx', true, '58929520');
INSERT INTO INFRA.REL_PYMES_TRACTORAS ( ID_USUARIO_TRACTORA, ID_USUARIO_PYME) VALUES( (SELECT ID_USUARIO FROM INFRA.TRACTORAS WHERE EMPRESA = 'Grupo Lala'), (SELECT ID_USUARIO FROM INFRA.USUARIOS WHERE CVE_USUARIO = 'salazarmendezc@yahoo.com.mx') );
INSERT INTO INFRA.CLIENTES ( ID_USUARIO, CLIENTE) VALUES( (SELECT ID_USUARIO FROM INFRA.USUARIOS WHERE CVE_USUARIO = 'salazarmendezc@yahoo.com.mx'), 'Grupo Lala' );

--Estructuras y andamios JD
INSERT INTO INFRA.USUARIOS ( CVE_USUARIO, PASSWORD ) VALUES( 'estroandan@hotmail.com', 'ccmx1234' );
INSERT INTO INFRA.REL_ROLES ( CVE_ROL, CVE_USUARIO ) VALUES( 'PyME', 'estroandan@hotmail.com' );
INSERT INTO INFRA.PYMES ( ID_USUARIO, ID_USUARIO_PADRE, CORREO_ELECTRONICO, NOMBRE_COMERCIAL ) VALUES( (SELECT ID_USUARIO FROM INFRA.USUARIOS WHERE CVE_USUARIO = 'estroandan@hotmail.com'), '1', 'estroandan@hotmail.com', 'Estructuras y andamios JD' );
INSERT INTO INFRA.CONTACTOS (ID_USUARIO, TIPO, NOMBRE, APELLIDO_PATERNO, APELLIDO_MATERNO, CORREO_ELECTRONICO, B_PRINCIPAL, TELEFONO) VALUES ( (SELECT ID_USUARIO FROM INFRA.USUARIOS WHERE CVE_USUARIO = 'estroandan@hotmail.com'), 'Ventas', 'Eleazar', 'esparza', 'robles', 'estroandan@hotmail.com', true, '4646471718');
INSERT INTO INFRA.REL_PYMES_TRACTORAS ( ID_USUARIO_TRACTORA, ID_USUARIO_PYME) VALUES( (SELECT ID_USUARIO FROM INFRA.TRACTORAS WHERE EMPRESA = 'Grupo Lala'), (SELECT ID_USUARIO FROM INFRA.USUARIOS WHERE CVE_USUARIO = 'estroandan@hotmail.com') );
INSERT INTO INFRA.CLIENTES ( ID_USUARIO, CLIENTE) VALUES( (SELECT ID_USUARIO FROM INFRA.USUARIOS WHERE CVE_USUARIO = 'estroandan@hotmail.com'), 'Grupo Lala' );

--SERVREP, S.A. DE C.V.
INSERT INTO INFRA.USUARIOS ( CVE_USUARIO, PASSWORD ) VALUES( 'maquifelix@hotmail.com', 'ccmx1234' );
INSERT INTO INFRA.REL_ROLES ( CVE_ROL, CVE_USUARIO ) VALUES( 'PyME', 'maquifelix@hotmail.com' );
INSERT INTO INFRA.PYMES ( ID_USUARIO, ID_USUARIO_PADRE, CORREO_ELECTRONICO, NOMBRE_COMERCIAL ) VALUES( (SELECT ID_USUARIO FROM INFRA.USUARIOS WHERE CVE_USUARIO = 'maquifelix@hotmail.com'), '1', 'maquifelix@hotmail.com', 'SERVREP, S.A. DE C.V.' );
INSERT INTO INFRA.CONTACTOS (ID_USUARIO, TIPO, NOMBRE, APELLIDO_PATERNO, APELLIDO_MATERNO, CORREO_ELECTRONICO, B_PRINCIPAL, TELEFONO) VALUES ( (SELECT ID_USUARIO FROM INFRA.USUARIOS WHERE CVE_USUARIO = 'maquifelix@hotmail.com'), 'Ventas', 'Rene', 'felix', 'gonzalez', 'maquifelix@hotmail.com', true, '4499171779');
INSERT INTO INFRA.REL_PYMES_TRACTORAS ( ID_USUARIO_TRACTORA, ID_USUARIO_PYME) VALUES( (SELECT ID_USUARIO FROM INFRA.TRACTORAS WHERE EMPRESA = 'Grupo Lala'), (SELECT ID_USUARIO FROM INFRA.USUARIOS WHERE CVE_USUARIO = 'maquifelix@hotmail.com') );
INSERT INTO INFRA.CLIENTES ( ID_USUARIO, CLIENTE) VALUES( (SELECT ID_USUARIO FROM INFRA.USUARIOS WHERE CVE_USUARIO = 'maquifelix@hotmail.com'), 'Grupo Lala' );

--The Printing Company, S.A. de C.V.
INSERT INTO INFRA.USUARIOS ( CVE_USUARIO, PASSWORD ) VALUES( 'jgarciaa@printingco.com.mx', 'ccmx1234' );
INSERT INTO INFRA.REL_ROLES ( CVE_ROL, CVE_USUARIO ) VALUES( 'PyME', 'jgarciaa@printingco.com.mx' );
INSERT INTO INFRA.PYMES ( ID_USUARIO, ID_USUARIO_PADRE, CORREO_ELECTRONICO, NOMBRE_COMERCIAL ) VALUES( (SELECT ID_USUARIO FROM INFRA.USUARIOS WHERE CVE_USUARIO = 'jgarciaa@printingco.com.mx'), '1', 'jgarciaa@printingco.com.mx', 'The Printing Company, S.A. de C.V.' );
INSERT INTO INFRA.CONTACTOS (ID_USUARIO, TIPO, NOMBRE, APELLIDO_PATERNO, APELLIDO_MATERNO, CORREO_ELECTRONICO, B_PRINCIPAL, TELEFONO) VALUES ( (SELECT ID_USUARIO FROM INFRA.USUARIOS WHERE CVE_USUARIO = 'jgarciaa@printingco.com.mx'), 'Ventas', 'Angel', 'de Vecchi', '', 'jgarciaa@printingco.com.mx', true, '55674378');
INSERT INTO INFRA.REL_PYMES_TRACTORAS ( ID_USUARIO_TRACTORA, ID_USUARIO_PYME) VALUES( (SELECT ID_USUARIO FROM INFRA.TRACTORAS WHERE EMPRESA = 'Grupo Lala'), (SELECT ID_USUARIO FROM INFRA.USUARIOS WHERE CVE_USUARIO = 'jgarciaa@printingco.com.mx') );
INSERT INTO INFRA.CLIENTES ( ID_USUARIO, CLIENTE) VALUES( (SELECT ID_USUARIO FROM INFRA.USUARIOS WHERE CVE_USUARIO = 'jgarciaa@printingco.com.mx'), 'Grupo Lala' );

--Grupo Zima Marketing Consulting, S.A. de C.V.
INSERT INTO INFRA.USUARIOS ( CVE_USUARIO, PASSWORD ) VALUES( 'alanis@grupozima.net', 'ccmx1234' );
INSERT INTO INFRA.REL_ROLES ( CVE_ROL, CVE_USUARIO ) VALUES( 'PyME', 'alanis@grupozima.net' );
INSERT INTO INFRA.PYMES ( ID_USUARIO, ID_USUARIO_PADRE, CORREO_ELECTRONICO, NOMBRE_COMERCIAL ) VALUES( (SELECT ID_USUARIO FROM INFRA.USUARIOS WHERE CVE_USUARIO = 'alanis@grupozima.net'), '1', 'alanis@grupozima.net', 'Grupo Zima Marketing Consulting, S.A. de C.V.' );
INSERT INTO INFRA.CONTACTOS (ID_USUARIO, TIPO, NOMBRE, APELLIDO_PATERNO, APELLIDO_MATERNO, CORREO_ELECTRONICO, B_PRINCIPAL, TELEFONO) VALUES ( (SELECT ID_USUARIO FROM INFRA.USUARIOS WHERE CVE_USUARIO = 'alanis@grupozima.net'), 'Ventas', 'Francisco', 'Alanis', '', 'alanis@grupozima.net', true, '5556118386');
INSERT INTO INFRA.REL_PYMES_TRACTORAS ( ID_USUARIO_TRACTORA, ID_USUARIO_PYME) VALUES( (SELECT ID_USUARIO FROM INFRA.TRACTORAS WHERE EMPRESA = 'Grupo Lala'), (SELECT ID_USUARIO FROM INFRA.USUARIOS WHERE CVE_USUARIO = 'alanis@grupozima.net') );
INSERT INTO INFRA.CLIENTES ( ID_USUARIO, CLIENTE) VALUES( (SELECT ID_USUARIO FROM INFRA.USUARIOS WHERE CVE_USUARIO = 'alanis@grupozima.net'), 'Grupo Lala' );

--Grupo Textil Publitext, S. de R.L. de C.V.
INSERT INTO INFRA.USUARIOS ( CVE_USUARIO, PASSWORD ) VALUES( 'mario.garcia@frimesa.com.mx', 'ccmx1234' );
INSERT INTO INFRA.REL_ROLES ( CVE_ROL, CVE_USUARIO ) VALUES( 'PyME', 'mario.garcia@frimesa.com.mx' );
INSERT INTO INFRA.PYMES ( ID_USUARIO, ID_USUARIO_PADRE, CORREO_ELECTRONICO, NOMBRE_COMERCIAL ) VALUES( (SELECT ID_USUARIO FROM INFRA.USUARIOS WHERE CVE_USUARIO = 'mario.garcia@frimesa.com.mx'), '1', 'mario.garcia@frimesa.com.mx', 'Grupo Textil Publitext, S. de R.L. de C.V.' );
INSERT INTO INFRA.CONTACTOS (ID_USUARIO, TIPO, NOMBRE, APELLIDO_PATERNO, APELLIDO_MATERNO, CORREO_ELECTRONICO, B_PRINCIPAL, TELEFONO) VALUES ( (SELECT ID_USUARIO FROM INFRA.USUARIOS WHERE CVE_USUARIO = 'mario.garcia@frimesa.com.mx'), 'Ventas', 'Jose Antonio', 'Solanes', 'Vergara', 'mario.garcia@frimesa.com.mx', true, '43360266');
INSERT INTO INFRA.REL_PYMES_TRACTORAS ( ID_USUARIO_TRACTORA, ID_USUARIO_PYME) VALUES( (SELECT ID_USUARIO FROM INFRA.TRACTORAS WHERE EMPRESA = 'Grupo Lala'), (SELECT ID_USUARIO FROM INFRA.USUARIOS WHERE CVE_USUARIO = 'mario.garcia@frimesa.com.mx') );
INSERT INTO INFRA.CLIENTES ( ID_USUARIO, CLIENTE) VALUES( (SELECT ID_USUARIO FROM INFRA.USUARIOS WHERE CVE_USUARIO = 'mario.garcia@frimesa.com.mx'), 'Grupo Lala' );

--Sistemas Integrales Para Expositores, S.A.
INSERT INTO INFRA.USUARIOS ( CVE_USUARIO, PASSWORD ) VALUES( 'migueldelcorral@siexpo.com.mx', 'ccmx1234' );
INSERT INTO INFRA.REL_ROLES ( CVE_ROL, CVE_USUARIO ) VALUES( 'PyME', 'migueldelcorral@siexpo.com.mx' );
INSERT INTO INFRA.PYMES ( ID_USUARIO, ID_USUARIO_PADRE, CORREO_ELECTRONICO, NOMBRE_COMERCIAL ) VALUES( (SELECT ID_USUARIO FROM INFRA.USUARIOS WHERE CVE_USUARIO = 'migueldelcorral@siexpo.com.mx'), '1', 'migueldelcorral@siexpo.com.mx', 'Sistemas Integrales Para Expositores, S.A.' );
INSERT INTO INFRA.CONTACTOS (ID_USUARIO, TIPO, NOMBRE, APELLIDO_PATERNO, APELLIDO_MATERNO, CORREO_ELECTRONICO, B_PRINCIPAL, TELEFONO) VALUES ( (SELECT ID_USUARIO FROM INFRA.USUARIOS WHERE CVE_USUARIO = 'migueldelcorral@siexpo.com.mx'), 'Ventas', 'Miguel Andres', 'del Corral', '', 'migueldelcorral@siexpo.com.mx', true, '24511645');
INSERT INTO INFRA.REL_PYMES_TRACTORAS ( ID_USUARIO_TRACTORA, ID_USUARIO_PYME) VALUES( (SELECT ID_USUARIO FROM INFRA.TRACTORAS WHERE EMPRESA = 'Grupo Lala'), (SELECT ID_USUARIO FROM INFRA.USUARIOS WHERE CVE_USUARIO = 'migueldelcorral@siexpo.com.mx') );
INSERT INTO INFRA.CLIENTES ( ID_USUARIO, CLIENTE) VALUES( (SELECT ID_USUARIO FROM INFRA.USUARIOS WHERE CVE_USUARIO = 'migueldelcorral@siexpo.com.mx'), 'Grupo Lala' );

--Comercializadora D'Gar, S.A. de C.V.
INSERT INTO INFRA.USUARIOS ( CVE_USUARIO, PASSWORD ) VALUES( 'ramses@dgar.com', 'ccmx1234' );
INSERT INTO INFRA.REL_ROLES ( CVE_ROL, CVE_USUARIO ) VALUES( 'PyME', 'ramses@dgar.com' );
INSERT INTO INFRA.PYMES ( ID_USUARIO, ID_USUARIO_PADRE, CORREO_ELECTRONICO, NOMBRE_COMERCIAL ) VALUES( (SELECT ID_USUARIO FROM INFRA.USUARIOS WHERE CVE_USUARIO = 'ramses@dgar.com'), '1', 'ramses@dgar.com', 'Comercializadora D Gar, S.A. de C.V.' );
INSERT INTO INFRA.CONTACTOS (ID_USUARIO, TIPO, NOMBRE, APELLIDO_PATERNO, APELLIDO_MATERNO, CORREO_ELECTRONICO, B_PRINCIPAL, TELEFONO) VALUES ( (SELECT ID_USUARIO FROM INFRA.USUARIOS WHERE CVE_USUARIO = 'ramses@dgar.com'), 'Ventas', 'Ramses', 'Marquez', '', 'ramses@dgar.com', true, '56118386');
INSERT INTO INFRA.REL_PYMES_TRACTORAS ( ID_USUARIO_TRACTORA, ID_USUARIO_PYME) VALUES( (SELECT ID_USUARIO FROM INFRA.TRACTORAS WHERE EMPRESA = 'Grupo Lala'), (SELECT ID_USUARIO FROM INFRA.USUARIOS WHERE CVE_USUARIO = 'ramses@dgar.com') );
INSERT INTO INFRA.CLIENTES ( ID_USUARIO, CLIENTE) VALUES( (SELECT ID_USUARIO FROM INFRA.USUARIOS WHERE CVE_USUARIO = 'ramses@dgar.com'), 'Grupo Lala' );

--Grupo Impresor Sinergia, S.A. de C.V.
INSERT INTO INFRA.USUARIOS ( CVE_USUARIO, PASSWORD ) VALUES( 'guadalupe.sosa@gisinergia.com', 'ccmx1234' );
INSERT INTO INFRA.REL_ROLES ( CVE_ROL, CVE_USUARIO ) VALUES( 'PyME', 'guadalupe.sosa@gisinergia.com' );
INSERT INTO INFRA.PYMES ( ID_USUARIO, ID_USUARIO_PADRE, CORREO_ELECTRONICO, NOMBRE_COMERCIAL ) VALUES( (SELECT ID_USUARIO FROM INFRA.USUARIOS WHERE CVE_USUARIO = 'guadalupe.sosa@gisinergia.com'), '1', 'guadalupe.sosa@gisinergia.com', 'Grupo Impresor Sinergia, S.A. de C.V.' );
INSERT INTO INFRA.CONTACTOS (ID_USUARIO, TIPO, NOMBRE, APELLIDO_PATERNO, APELLIDO_MATERNO, CORREO_ELECTRONICO, B_PRINCIPAL, TELEFONO) VALUES ( (SELECT ID_USUARIO FROM INFRA.USUARIOS WHERE CVE_USUARIO = 'guadalupe.sosa@gisinergia.com'), 'Ventas', 'Guadalupe', 'Sosa', '', 'guadalupe.sosa@gisinergia.com', true, '12096464');
INSERT INTO INFRA.REL_PYMES_TRACTORAS ( ID_USUARIO_TRACTORA, ID_USUARIO_PYME) VALUES( (SELECT ID_USUARIO FROM INFRA.TRACTORAS WHERE EMPRESA = 'Grupo Lala'), (SELECT ID_USUARIO FROM INFRA.USUARIOS WHERE CVE_USUARIO = 'guadalupe.sosa@gisinergia.com') );
INSERT INTO INFRA.CLIENTES ( ID_USUARIO, CLIENTE) VALUES( (SELECT ID_USUARIO FROM INFRA.USUARIOS WHERE CVE_USUARIO = 'guadalupe.sosa@gisinergia.com'), 'Grupo Lala' );

--Zazuarregui Publicidad S.A. de C.V. / CIA Creativa.
INSERT INTO INFRA.USUARIOS ( CVE_USUARIO, PASSWORD ) VALUES( 'anunez@ciacreativa.com.mx', 'ccmx1234' );
INSERT INTO INFRA.REL_ROLES ( CVE_ROL, CVE_USUARIO ) VALUES( 'PyME', 'anunez@ciacreativa.com.mx' );
INSERT INTO INFRA.PYMES ( ID_USUARIO, ID_USUARIO_PADRE, CORREO_ELECTRONICO, NOMBRE_COMERCIAL ) VALUES( (SELECT ID_USUARIO FROM INFRA.USUARIOS WHERE CVE_USUARIO = 'anunez@ciacreativa.com.mx'), '1', 'anunez@ciacreativa.com.mx', 'Zazuarregui Publicidad S.A. de C.V. / CIA Creativa.' );
INSERT INTO INFRA.CONTACTOS (ID_USUARIO, TIPO, NOMBRE, APELLIDO_PATERNO, APELLIDO_MATERNO, CORREO_ELECTRONICO, B_PRINCIPAL, TELEFONO) VALUES ( (SELECT ID_USUARIO FROM INFRA.USUARIOS WHERE CVE_USUARIO = 'anunez@ciacreativa.com.mx'), 'Ventas', 'Antonio', 'Nuñez', 'Garcia', 'anunez@ciacreativa.com.mx', true, '55194805');
INSERT INTO INFRA.REL_PYMES_TRACTORAS ( ID_USUARIO_TRACTORA, ID_USUARIO_PYME) VALUES( (SELECT ID_USUARIO FROM INFRA.TRACTORAS WHERE EMPRESA = 'Grupo Lala'), (SELECT ID_USUARIO FROM INFRA.USUARIOS WHERE CVE_USUARIO = 'anunez@ciacreativa.com.mx') );
INSERT INTO INFRA.CLIENTES ( ID_USUARIO, CLIENTE) VALUES( (SELECT ID_USUARIO FROM INFRA.USUARIOS WHERE CVE_USUARIO = 'anunez@ciacreativa.com.mx'), 'Grupo Lala' );

--María de los Ángeles Ruiz García.
INSERT INTO INFRA.USUARIOS ( CVE_USUARIO, PASSWORD ) VALUES( 'eduar2anchez@yahoo.com.mx', 'ccmx1234' );
INSERT INTO INFRA.REL_ROLES ( CVE_ROL, CVE_USUARIO ) VALUES( 'PyME', 'eduar2anchez@yahoo.com.mx' );
INSERT INTO INFRA.PYMES ( ID_USUARIO, ID_USUARIO_PADRE, CORREO_ELECTRONICO, NOMBRE_COMERCIAL ) VALUES( (SELECT ID_USUARIO FROM INFRA.USUARIOS WHERE CVE_USUARIO = 'eduar2anchez@yahoo.com.mx'), '1', 'eduar2anchez@yahoo.com.mx', 'Maria de los Angeles Ruiz Garcia' );
INSERT INTO INFRA.CONTACTOS (ID_USUARIO, TIPO, NOMBRE, APELLIDO_PATERNO, APELLIDO_MATERNO, CORREO_ELECTRONICO, B_PRINCIPAL, TELEFONO) VALUES ( (SELECT ID_USUARIO FROM INFRA.USUARIOS WHERE CVE_USUARIO = 'eduar2anchez@yahoo.com.mx'), 'Ventas', 'Eduardo', 'Sanchez', 'Ugalde', 'eduar2anchez@yahoo.com.mx', true, '55564077');
INSERT INTO INFRA.REL_PYMES_TRACTORAS ( ID_USUARIO_TRACTORA, ID_USUARIO_PYME) VALUES( (SELECT ID_USUARIO FROM INFRA.TRACTORAS WHERE EMPRESA = 'Grupo Lala'), (SELECT ID_USUARIO FROM INFRA.USUARIOS WHERE CVE_USUARIO = 'eduar2anchez@yahoo.com.mx') );
INSERT INTO INFRA.CLIENTES ( ID_USUARIO, CLIENTE) VALUES( (SELECT ID_USUARIO FROM INFRA.USUARIOS WHERE CVE_USUARIO = 'eduar2anchez@yahoo.com.mx'), 'Grupo Lala' );

--Equivap, S.A. de C.V.
INSERT INTO INFRA.USUARIOS ( CVE_USUARIO, PASSWORD ) VALUES( 'equivap@prodigy.net.mx', 'ccmx1234' );
INSERT INTO INFRA.REL_ROLES ( CVE_ROL, CVE_USUARIO ) VALUES( 'PyME', 'equivap@prodigy.net.mx' );
INSERT INTO INFRA.PYMES ( ID_USUARIO, ID_USUARIO_PADRE, CORREO_ELECTRONICO, NOMBRE_COMERCIAL ) VALUES( (SELECT ID_USUARIO FROM INFRA.USUARIOS WHERE CVE_USUARIO = 'equivap@prodigy.net.mx'), '1', 'equivap@prodigy.net.mx', 'Equivap, S.A. de C.V.' );
INSERT INTO INFRA.CONTACTOS (ID_USUARIO, TIPO, NOMBRE, APELLIDO_PATERNO, APELLIDO_MATERNO, CORREO_ELECTRONICO, B_PRINCIPAL, TELEFONO) VALUES ( (SELECT ID_USUARIO FROM INFRA.USUARIOS WHERE CVE_USUARIO = 'equivap@prodigy.net.mx'), 'Ventas', 'Jose Martin', 'Efran', 'Cervantes', 'equivap@prodigy.net.mx', true, '15531060');
INSERT INTO INFRA.REL_PYMES_TRACTORAS ( ID_USUARIO_TRACTORA, ID_USUARIO_PYME) VALUES( (SELECT ID_USUARIO FROM INFRA.TRACTORAS WHERE EMPRESA = 'Grupo Lala'), (SELECT ID_USUARIO FROM INFRA.USUARIOS WHERE CVE_USUARIO = 'equivap@prodigy.net.mx') );
INSERT INTO INFRA.CLIENTES ( ID_USUARIO, CLIENTE) VALUES( (SELECT ID_USUARIO FROM INFRA.USUARIOS WHERE CVE_USUARIO = 'equivap@prodigy.net.mx'), 'Grupo Lala' );

--Refacciones Mixtas Automotrices, S.A. de C.V.
INSERT INTO INFRA.USUARIOS ( CVE_USUARIO, PASSWORD ) VALUES( 'mixtasr@yahoo.com.mx', 'ccmx1234' );
INSERT INTO INFRA.REL_ROLES ( CVE_ROL, CVE_USUARIO ) VALUES( 'PyME', 'mixtasr@yahoo.com.mx' );
INSERT INTO INFRA.PYMES ( ID_USUARIO, ID_USUARIO_PADRE, CORREO_ELECTRONICO, NOMBRE_COMERCIAL ) VALUES( (SELECT ID_USUARIO FROM INFRA.USUARIOS WHERE CVE_USUARIO = 'mixtasr@yahoo.com.mx'), '1', 'mixtasr@yahoo.com.mx', 'Refacciones Mixtas Automotrices, S.A. de C.V.' );
INSERT INTO INFRA.CONTACTOS (ID_USUARIO, TIPO, NOMBRE, APELLIDO_PATERNO, APELLIDO_MATERNO, CORREO_ELECTRONICO, B_PRINCIPAL, TELEFONO) VALUES ( (SELECT ID_USUARIO FROM INFRA.USUARIOS WHERE CVE_USUARIO = 'mixtasr@yahoo.com.mx'), 'Ventas', 'Arturo', 'Mercado', '', 'mixtasr@yahoo.com.mx', true, '5255771895');
INSERT INTO INFRA.REL_PYMES_TRACTORAS ( ID_USUARIO_TRACTORA, ID_USUARIO_PYME) VALUES( (SELECT ID_USUARIO FROM INFRA.TRACTORAS WHERE EMPRESA = 'Grupo Lala'), (SELECT ID_USUARIO FROM INFRA.USUARIOS WHERE CVE_USUARIO = 'mixtasr@yahoo.com.mx') );
INSERT INTO INFRA.CLIENTES ( ID_USUARIO, CLIENTE) VALUES( (SELECT ID_USUARIO FROM INFRA.USUARIOS WHERE CVE_USUARIO = 'mixtasr@yahoo.com.mx'), 'Grupo Lala' );

--Farte, S.A. de C.V.
INSERT INTO INFRA.USUARIOS ( CVE_USUARIO, PASSWORD ) VALUES( 'cecilia@farte.com.mx', 'ccmx1234' );
INSERT INTO INFRA.REL_ROLES ( CVE_ROL, CVE_USUARIO ) VALUES( 'PyME', 'cecilia@farte.com.mx' );
INSERT INTO INFRA.PYMES ( ID_USUARIO, ID_USUARIO_PADRE, CORREO_ELECTRONICO, NOMBRE_COMERCIAL ) VALUES( (SELECT ID_USUARIO FROM INFRA.USUARIOS WHERE CVE_USUARIO = 'cecilia@farte.com.mx'), '1', 'cecilia@farte.com.mx', 'Farte, S.A. de C.V.' );
INSERT INTO INFRA.CONTACTOS (ID_USUARIO, TIPO, NOMBRE, APELLIDO_PATERNO, APELLIDO_MATERNO, CORREO_ELECTRONICO, B_PRINCIPAL, TELEFONO) VALUES ( (SELECT ID_USUARIO FROM INFRA.USUARIOS WHERE CVE_USUARIO = 'cecilia@farte.com.mx'), 'Ventas', 'Cecilia', 'Familiar', 'Arteaga', 'cecilia@farte.com.mx', true, '55902721');
INSERT INTO INFRA.REL_PYMES_TRACTORAS ( ID_USUARIO_TRACTORA, ID_USUARIO_PYME) VALUES( (SELECT ID_USUARIO FROM INFRA.TRACTORAS WHERE EMPRESA = 'Grupo Lala'), (SELECT ID_USUARIO FROM INFRA.USUARIOS WHERE CVE_USUARIO = 'cecilia@farte.com.mx') );
INSERT INTO INFRA.CLIENTES ( ID_USUARIO, CLIENTE) VALUES( (SELECT ID_USUARIO FROM INFRA.USUARIOS WHERE CVE_USUARIO = 'cecilia@farte.com.mx'), 'Grupo Lala' );

--Gerardo Exiga Mares.
INSERT INTO INFRA.USUARIOS ( CVE_USUARIO, PASSWORD ) VALUES( 'exiga@terra.com', 'ccmx1234' );
INSERT INTO INFRA.REL_ROLES ( CVE_ROL, CVE_USUARIO ) VALUES( 'PyME', 'exiga@terra.com' );
INSERT INTO INFRA.PYMES ( ID_USUARIO, ID_USUARIO_PADRE, CORREO_ELECTRONICO, NOMBRE_COMERCIAL ) VALUES( (SELECT ID_USUARIO FROM INFRA.USUARIOS WHERE CVE_USUARIO = 'exiga@terra.com'), '1', 'exiga@terra.com', 'Gerardo Exiga Mares' );
INSERT INTO INFRA.CONTACTOS (ID_USUARIO, TIPO, NOMBRE, APELLIDO_PATERNO, APELLIDO_MATERNO, CORREO_ELECTRONICO, B_PRINCIPAL, TELEFONO) VALUES ( (SELECT ID_USUARIO FROM INFRA.USUARIOS WHERE CVE_USUARIO = 'exiga@terra.com'), 'Ventas', 'Gerardo', 'Exiga', 'Mares', 'exiga@terra.com', true, '21594003');
INSERT INTO INFRA.REL_PYMES_TRACTORAS ( ID_USUARIO_TRACTORA, ID_USUARIO_PYME) VALUES( (SELECT ID_USUARIO FROM INFRA.TRACTORAS WHERE EMPRESA = 'Grupo Lala'), (SELECT ID_USUARIO FROM INFRA.USUARIOS WHERE CVE_USUARIO = 'exiga@terra.com') );
INSERT INTO INFRA.CLIENTES ( ID_USUARIO, CLIENTE) VALUES( (SELECT ID_USUARIO FROM INFRA.USUARIOS WHERE CVE_USUARIO = 'exiga@terra.com'), 'Grupo Lala' );

--Distribuidora Industrial Rede, S.A. de C.V.
INSERT INTO INFRA.USUARIOS ( CVE_USUARIO, PASSWORD ) VALUES( 'Rodolfo_moctezuma@prodigy.net.mx', 'ccmx1234' );
INSERT INTO INFRA.REL_ROLES ( CVE_ROL, CVE_USUARIO ) VALUES( 'PyME', 'Rodolfo_moctezuma@prodigy.net.mx' );
INSERT INTO INFRA.PYMES ( ID_USUARIO, ID_USUARIO_PADRE, CORREO_ELECTRONICO, NOMBRE_COMERCIAL ) VALUES( (SELECT ID_USUARIO FROM INFRA.USUARIOS WHERE CVE_USUARIO = 'Rodolfo_moctezuma@prodigy.net.mx'), '1', 'Rodolfo_moctezuma@prodigy.net.mx', 'Distribuidora Industrial Rede, S.A. de C.V.' );
INSERT INTO INFRA.CONTACTOS (ID_USUARIO, TIPO, NOMBRE, APELLIDO_PATERNO, APELLIDO_MATERNO, CORREO_ELECTRONICO, B_PRINCIPAL, TELEFONO) VALUES ( (SELECT ID_USUARIO FROM INFRA.USUARIOS WHERE CVE_USUARIO = 'Rodolfo_moctezuma@prodigy.net.mx'), 'Ventas', 'Rodolfo', 'Moctezuma', 'Reyes', 'Rodolfo_moctezuma@prodigy.net.mx', true, '53671312');
INSERT INTO INFRA.REL_PYMES_TRACTORAS ( ID_USUARIO_TRACTORA, ID_USUARIO_PYME) VALUES( (SELECT ID_USUARIO FROM INFRA.TRACTORAS WHERE EMPRESA = 'Grupo Lala'), (SELECT ID_USUARIO FROM INFRA.USUARIOS WHERE CVE_USUARIO = 'Rodolfo_moctezuma@prodigy.net.mx') );
INSERT INTO INFRA.CLIENTES ( ID_USUARIO, CLIENTE) VALUES( (SELECT ID_USUARIO FROM INFRA.USUARIOS WHERE CVE_USUARIO = 'Rodolfo_moctezuma@prodigy.net.mx'), 'Grupo Lala' );

--Candy Yulianela Ramírez Pineda.
INSERT INTO INFRA.USUARIOS ( CVE_USUARIO, PASSWORD ) VALUES( 'yered.buzoiano@jasystem.com.mx', 'ccmx1234' );
INSERT INTO INFRA.REL_ROLES ( CVE_ROL, CVE_USUARIO ) VALUES( 'PyME', 'yered.buzoiano@jasystem.com.mx' );
INSERT INTO INFRA.PYMES ( ID_USUARIO, ID_USUARIO_PADRE, CORREO_ELECTRONICO, NOMBRE_COMERCIAL ) VALUES( (SELECT ID_USUARIO FROM INFRA.USUARIOS WHERE CVE_USUARIO = 'yered.buzoiano@jasystem.com.mx'), '1', 'yered.buzoiano@jasystem.com.mx', 'Candy Yulianela Ramírez Pineda' );
INSERT INTO INFRA.CONTACTOS (ID_USUARIO, TIPO, NOMBRE, APELLIDO_PATERNO, APELLIDO_MATERNO, CORREO_ELECTRONICO, B_PRINCIPAL, TELEFONO) VALUES ( (SELECT ID_USUARIO FROM INFRA.USUARIOS WHERE CVE_USUARIO = 'yered.buzoiano@jasystem.com.mx'), 'Ventas', 'Yared J.', 'Buzoiano', '', 'yered.buzoiano@jasystem.com.mx', true, '5557830263');
INSERT INTO INFRA.REL_PYMES_TRACTORAS ( ID_USUARIO_TRACTORA, ID_USUARIO_PYME) VALUES( (SELECT ID_USUARIO FROM INFRA.TRACTORAS WHERE EMPRESA = 'Grupo Lala'), (SELECT ID_USUARIO FROM INFRA.USUARIOS WHERE CVE_USUARIO = 'yered.buzoiano@jasystem.com.mx') );
INSERT INTO INFRA.CLIENTES ( ID_USUARIO, CLIENTE) VALUES( (SELECT ID_USUARIO FROM INFRA.USUARIOS WHERE CVE_USUARIO = 'yered.buzoiano@jasystem.com.mx'), 'Grupo Lala' );

--Resortes y Productos Pirámides, S.A. de C.V.
INSERT INTO INFRA.USUARIOS ( CVE_USUARIO, PASSWORD ) VALUES( 'rpiramides@hotmail.com', 'ccmx1234' );
INSERT INTO INFRA.REL_ROLES ( CVE_ROL, CVE_USUARIO ) VALUES( 'PyME', 'rpiramides@hotmail.com' );
INSERT INTO INFRA.PYMES ( ID_USUARIO, ID_USUARIO_PADRE, CORREO_ELECTRONICO, NOMBRE_COMERCIAL ) VALUES( (SELECT ID_USUARIO FROM INFRA.USUARIOS WHERE CVE_USUARIO = 'rpiramides@hotmail.com'), '1', 'rpiramides@hotmail.com', 'Resortes y Productos Pirámides, S.A. de C.V.' );
INSERT INTO INFRA.CONTACTOS (ID_USUARIO, TIPO, NOMBRE, APELLIDO_PATERNO, APELLIDO_MATERNO, CORREO_ELECTRONICO, B_PRINCIPAL, TELEFONO) VALUES ( (SELECT ID_USUARIO FROM INFRA.USUARIOS WHERE CVE_USUARIO = 'rpiramides@hotmail.com'), 'Ventas', 'Pablo', 'Jimenez', 'Soto', 'rpiramides@hotmail.com', true, '5949572240');
INSERT INTO INFRA.REL_PYMES_TRACTORAS ( ID_USUARIO_TRACTORA, ID_USUARIO_PYME) VALUES( (SELECT ID_USUARIO FROM INFRA.TRACTORAS WHERE EMPRESA = 'Grupo Lala'), (SELECT ID_USUARIO FROM INFRA.USUARIOS WHERE CVE_USUARIO = 'rpiramides@hotmail.com') );
INSERT INTO INFRA.CLIENTES ( ID_USUARIO, CLIENTE) VALUES( (SELECT ID_USUARIO FROM INFRA.USUARIOS WHERE CVE_USUARIO = 'rpiramides@hotmail.com'), 'Grupo Lala' );

--Isabel Ortega Retana. / Instrucontrol.
INSERT INTO INFRA.USUARIOS ( CVE_USUARIO, PASSWORD ) VALUES( 'instrucontrol@live.com', 'ccmx1234' );
INSERT INTO INFRA.REL_ROLES ( CVE_ROL, CVE_USUARIO ) VALUES( 'PyME', 'instrucontrol@live.com' );
INSERT INTO INFRA.PYMES ( ID_USUARIO, ID_USUARIO_PADRE, CORREO_ELECTRONICO, NOMBRE_COMERCIAL ) VALUES( (SELECT ID_USUARIO FROM INFRA.USUARIOS WHERE CVE_USUARIO = 'instrucontrol@live.com'), '1', 'instrucontrol@live.com', 'Isabel Ortega Retana. / Instrucontrol.' );
INSERT INTO INFRA.CONTACTOS (ID_USUARIO, TIPO, NOMBRE, APELLIDO_PATERNO, APELLIDO_MATERNO, CORREO_ELECTRONICO, B_PRINCIPAL, TELEFONO) VALUES ( (SELECT ID_USUARIO FROM INFRA.USUARIOS WHERE CVE_USUARIO = 'instrucontrol@live.com'), 'Ventas', 'Miguel', 'Zavala', 'Velazquez', 'instrucontrol@live.com', true, '5553005246');
INSERT INTO INFRA.REL_PYMES_TRACTORAS ( ID_USUARIO_TRACTORA, ID_USUARIO_PYME) VALUES( (SELECT ID_USUARIO FROM INFRA.TRACTORAS WHERE EMPRESA = 'Grupo Lala'), (SELECT ID_USUARIO FROM INFRA.USUARIOS WHERE CVE_USUARIO = 'instrucontrol@live.com') );
INSERT INTO INFRA.CLIENTES ( ID_USUARIO, CLIENTE) VALUES( (SELECT ID_USUARIO FROM INFRA.USUARIOS WHERE CVE_USUARIO = 'instrucontrol@live.com'), 'Grupo Lala' );

--Partes Diesel Vallejo, S.A. de C.V.
INSERT INTO INFRA.USUARIOS ( CVE_USUARIO, PASSWORD ) VALUES( 'alfolmos@live.com.mx', 'ccmx1234' );
INSERT INTO INFRA.REL_ROLES ( CVE_ROL, CVE_USUARIO ) VALUES( 'PyME', 'alfolmos@live.com.mx' );
INSERT INTO INFRA.PYMES ( ID_USUARIO, ID_USUARIO_PADRE, CORREO_ELECTRONICO, NOMBRE_COMERCIAL ) VALUES( (SELECT ID_USUARIO FROM INFRA.USUARIOS WHERE CVE_USUARIO = 'alfolmos@live.com.mx'), '1', 'alfolmos@live.com.mx', 'Partes Diesel Vallejo, S.A. de C.V.' );
INSERT INTO INFRA.CONTACTOS (ID_USUARIO, TIPO, NOMBRE, APELLIDO_PATERNO, APELLIDO_MATERNO, CORREO_ELECTRONICO, B_PRINCIPAL, TELEFONO) VALUES ( (SELECT ID_USUARIO FROM INFRA.USUARIOS WHERE CVE_USUARIO = 'alfolmos@live.com.mx'), 'Ventas', 'Alfredo', 'Ramirez', 'Olmos', 'alfolmos@live.com.mx', true, '5528108210');
INSERT INTO INFRA.REL_PYMES_TRACTORAS ( ID_USUARIO_TRACTORA, ID_USUARIO_PYME) VALUES( (SELECT ID_USUARIO FROM INFRA.TRACTORAS WHERE EMPRESA = 'Grupo Lala'), (SELECT ID_USUARIO FROM INFRA.USUARIOS WHERE CVE_USUARIO = 'alfolmos@live.com.mx') );
INSERT INTO INFRA.CLIENTES ( ID_USUARIO, CLIENTE) VALUES( (SELECT ID_USUARIO FROM INFRA.USUARIOS WHERE CVE_USUARIO = 'alfolmos@live.com.mx'), 'Grupo Lala' );

--COMERCIAL ALOBAL OFFICE
INSERT INTO INFRA.USUARIOS ( CVE_USUARIO, PASSWORD ) VALUES( 'jbonilla@globaloffice.com.mx', 'ccmx1234' );
INSERT INTO INFRA.REL_ROLES ( CVE_ROL, CVE_USUARIO ) VALUES( 'PyME', 'jbonilla@globaloffice.com.mx' );
INSERT INTO INFRA.PYMES ( ID_USUARIO, ID_USUARIO_PADRE, CORREO_ELECTRONICO, NOMBRE_COMERCIAL ) VALUES( (SELECT ID_USUARIO FROM INFRA.USUARIOS WHERE CVE_USUARIO = 'jbonilla@globaloffice.com.mx'), '1', 'jbonilla@globaloffice.com.mx', 'COMERCIAL ALOBAL OFFICE' );
INSERT INTO INFRA.CONTACTOS (ID_USUARIO, TIPO, NOMBRE, APELLIDO_PATERNO, APELLIDO_MATERNO, CORREO_ELECTRONICO, B_PRINCIPAL, TELEFONO) VALUES ( (SELECT ID_USUARIO FROM INFRA.USUARIOS WHERE CVE_USUARIO = 'jbonilla@globaloffice.com.mx'), 'Ventas', 'JUAN JORGE', 'BONILLA', 'VILLA', 'jbonilla@globaloffice.com.mx', true, '');
INSERT INTO INFRA.REL_PYMES_TRACTORAS ( ID_USUARIO_TRACTORA, ID_USUARIO_PYME) VALUES( (SELECT ID_USUARIO FROM INFRA.TRACTORAS WHERE EMPRESA = 'Grupo Lala'), (SELECT ID_USUARIO FROM INFRA.USUARIOS WHERE CVE_USUARIO = 'jbonilla@globaloffice.com.mx') );
INSERT INTO INFRA.CLIENTES ( ID_USUARIO, CLIENTE) VALUES( (SELECT ID_USUARIO FROM INFRA.USUARIOS WHERE CVE_USUARIO = 'jbonilla@globaloffice.com.mx'), 'Grupo Lala' );


--Grupo Peñoles

--ASESORIAS Y MANTENIMIENTO INDUSTRIAL
INSERT INTO INFRA.USUARIOS ( CVE_USUARIO, PASSWORD ) VALUES( 'amisa@telmexmail.com', 'ccmx1234' );
INSERT INTO INFRA.REL_ROLES ( CVE_ROL, CVE_USUARIO ) VALUES( 'PyME', 'amisa@telmexmail.com' );
INSERT INTO INFRA.PYMES ( ID_USUARIO, ID_USUARIO_PADRE, CORREO_ELECTRONICO, NOMBRE_COMERCIAL ) VALUES( (SELECT ID_USUARIO FROM INFRA.USUARIOS WHERE CVE_USUARIO = 'amisa@telmexmail.com'), '1', 'amisa@telmexmail.com', 'ASESORIAS Y MANTENIMIENTO INDUSTRIAL' );
INSERT INTO INFRA.CONTACTOS (ID_USUARIO, TIPO, NOMBRE, APELLIDO_PATERNO, APELLIDO_MATERNO, CORREO_ELECTRONICO, B_PRINCIPAL, TELEFONO) VALUES ( (SELECT ID_USUARIO FROM INFRA.USUARIOS WHERE CVE_USUARIO = 'amisa@telmexmail.com'), 'Ventas', 'Armando', 'Siller', 'Villalobos', 'amisa@telmexmail.com', true, '7336060');
INSERT INTO INFRA.REL_PYMES_TRACTORAS ( ID_USUARIO_TRACTORA, ID_USUARIO_PYME) VALUES( (SELECT ID_USUARIO FROM INFRA.TRACTORAS WHERE EMPRESA = 'Grupo Peñoles'), (SELECT ID_USUARIO FROM INFRA.USUARIOS WHERE CVE_USUARIO = 'amisa@telmexmail.com') );
INSERT INTO INFRA.CLIENTES ( ID_USUARIO, CLIENTE) VALUES( (SELECT ID_USUARIO FROM INFRA.USUARIOS WHERE CVE_USUARIO = 'amisa@telmexmail.com'), 'Grupo Peñoles' );

--AVILA ROBLES RAFAEL
INSERT INTO INFRA.USUARIOS ( CVE_USUARIO, PASSWORD ) VALUES( 'RAFAEL-AVILA@HOTMAIL.COM', 'ccmx1234' );
INSERT INTO INFRA.REL_ROLES ( CVE_ROL, CVE_USUARIO ) VALUES( 'PyME', 'RAFAEL-AVILA@HOTMAIL.COM' );
INSERT INTO INFRA.PYMES ( ID_USUARIO, ID_USUARIO_PADRE, CORREO_ELECTRONICO, NOMBRE_COMERCIAL ) VALUES( (SELECT ID_USUARIO FROM INFRA.USUARIOS WHERE CVE_USUARIO = 'RAFAEL-AVILA@HOTMAIL.COM'), '1', 'RAFAEL-AVILA@HOTMAIL.COM', 'SELLCOM SOLUTIONS MEXICO, S.A. DE CV' );
INSERT INTO INFRA.CONTACTOS (ID_USUARIO, TIPO, NOMBRE, APELLIDO_PATERNO, APELLIDO_MATERNO, CORREO_ELECTRONICO, B_PRINCIPAL, TELEFONO) VALUES ( (SELECT ID_USUARIO FROM INFRA.USUARIOS WHERE CVE_USUARIO = 'RAFAEL-AVILA@HOTMAIL.COM'), 'Ventas', 'Rafael', 'Avila', 'Robles', 'RAFAEL-AVILA@HOTMAIL.COM', true, '7633738');
INSERT INTO INFRA.REL_PYMES_TRACTORAS ( ID_USUARIO_TRACTORA, ID_USUARIO_PYME) VALUES( (SELECT ID_USUARIO FROM INFRA.TRACTORAS WHERE EMPRESA = 'Grupo Peñoles'), (SELECT ID_USUARIO FROM INFRA.USUARIOS WHERE CVE_USUARIO = 'RAFAEL-AVILA@HOTMAIL.COM') );
INSERT INTO INFRA.CLIENTES ( ID_USUARIO, CLIENTE) VALUES( (SELECT ID_USUARIO FROM INFRA.USUARIOS WHERE CVE_USUARIO = 'RAFAEL-AVILA@HOTMAIL.COM'), 'Grupo Peñoles' );

--CONTROL DE CORROSION DE LA LAGUNA
INSERT INTO INFRA.USUARIOS ( CVE_USUARIO, PASSWORD ) VALUES( 'controldecorrosion@prodigy.net.mx', 'ccmx1234' );
INSERT INTO INFRA.REL_ROLES ( CVE_ROL, CVE_USUARIO ) VALUES( 'PyME', 'controldecorrosion@prodigy.net.mx' );
INSERT INTO INFRA.PYMES ( ID_USUARIO, ID_USUARIO_PADRE, CORREO_ELECTRONICO, NOMBRE_COMERCIAL ) VALUES( (SELECT ID_USUARIO FROM INFRA.USUARIOS WHERE CVE_USUARIO = 'controldecorrosion@prodigy.net.mx'), '1', 'controldecorrosion@prodigy.net.mx', 'CONTROL DE CORROSION DE LA LAGUNA' );
INSERT INTO INFRA.CONTACTOS (ID_USUARIO, TIPO, NOMBRE, APELLIDO_PATERNO, APELLIDO_MATERNO, CORREO_ELECTRONICO, B_PRINCIPAL, TELEFONO) VALUES ( (SELECT ID_USUARIO FROM INFRA.USUARIOS WHERE CVE_USUARIO = 'controldecorrosion@prodigy.net.mx'), 'Ventas', 'Victor Manuel', 'Soto', 'Romero', 'controldecorrosion@prodigy.net.mx', true, '8717189764');
INSERT INTO INFRA.REL_PYMES_TRACTORAS ( ID_USUARIO_TRACTORA, ID_USUARIO_PYME) VALUES( (SELECT ID_USUARIO FROM INFRA.TRACTORAS WHERE EMPRESA = 'Grupo Peñoles'), (SELECT ID_USUARIO FROM INFRA.USUARIOS WHERE CVE_USUARIO = 'controldecorrosion@prodigy.net.mx') );
INSERT INTO INFRA.CLIENTES ( ID_USUARIO, CLIENTE) VALUES( (SELECT ID_USUARIO FROM INFRA.USUARIOS WHERE CVE_USUARIO = 'controldecorrosion@prodigy.net.mx'), 'Grupo Peñoles' );

--DITESCOR  SA DE CV
INSERT INTO INFRA.USUARIOS ( CVE_USUARIO, PASSWORD ) VALUES( 'S.MEZA@DITESCOR.COM.MX', 'ccmx1234' );
INSERT INTO INFRA.REL_ROLES ( CVE_ROL, CVE_USUARIO ) VALUES( 'PyME', 'S.MEZA@DITESCOR.COM.MX' );
INSERT INTO INFRA.PYMES ( ID_USUARIO, ID_USUARIO_PADRE, CORREO_ELECTRONICO, NOMBRE_COMERCIAL ) VALUES( (SELECT ID_USUARIO FROM INFRA.USUARIOS WHERE CVE_USUARIO = 'S.MEZA@DITESCOR.COM.MX'), '1', 'S.MEZA@DITESCOR.COM.MX', 'DITESCOR  SA DE CV' );
INSERT INTO INFRA.CONTACTOS (ID_USUARIO, TIPO, NOMBRE, APELLIDO_PATERNO, APELLIDO_MATERNO, CORREO_ELECTRONICO, B_PRINCIPAL, TELEFONO) VALUES ( (SELECT ID_USUARIO FROM INFRA.USUARIOS WHERE CVE_USUARIO = 'S.MEZA@DITESCOR.COM.MX'), 'Ventas', 'Silverio Isaac', 'Meza', 'Muñiz', 'S.MEZA@DITESCOR.COM.MX', true, '7931983');
INSERT INTO INFRA.REL_PYMES_TRACTORAS ( ID_USUARIO_TRACTORA, ID_USUARIO_PYME) VALUES( (SELECT ID_USUARIO FROM INFRA.TRACTORAS WHERE EMPRESA = 'Grupo Peñoles'), (SELECT ID_USUARIO FROM INFRA.USUARIOS WHERE CVE_USUARIO = 'S.MEZA@DITESCOR.COM.MX') );
INSERT INTO INFRA.CLIENTES ( ID_USUARIO, CLIENTE) VALUES( (SELECT ID_USUARIO FROM INFRA.USUARIOS WHERE CVE_USUARIO = 'S.MEZA@DITESCOR.COM.MX'), 'Grupo Peñoles' );

--ESTRUCTURAS LAGUNA SA DE CV
INSERT INTO INFRA.USUARIOS ( CVE_USUARIO, PASSWORD ) VALUES( 'estructuras_laguna@yahoo.com.mx', 'ccmx1234' );
INSERT INTO INFRA.REL_ROLES ( CVE_ROL, CVE_USUARIO ) VALUES( 'PyME', 'estructuras_laguna@yahoo.com.mx' );
INSERT INTO INFRA.PYMES ( ID_USUARIO, ID_USUARIO_PADRE, CORREO_ELECTRONICO, NOMBRE_COMERCIAL ) VALUES( (SELECT ID_USUARIO FROM INFRA.USUARIOS WHERE CVE_USUARIO = 'estructuras_laguna@yahoo.com.mx'), '1', 'estructuras_laguna@yahoo.com.mx', 'ESTRUCTURAS LAGUNA SA DE CV' );
INSERT INTO INFRA.CONTACTOS (ID_USUARIO, TIPO, NOMBRE, APELLIDO_PATERNO, APELLIDO_MATERNO, CORREO_ELECTRONICO, B_PRINCIPAL, TELEFONO) VALUES ( (SELECT ID_USUARIO FROM INFRA.USUARIOS WHERE CVE_USUARIO = 'estructuras_laguna@yahoo.com.mx'), 'Ventas', 'Moises', 'Canales', 'Sanchez', 'estructuras_laguna@yahoo.com.mx', true, '8717500200');
INSERT INTO INFRA.REL_PYMES_TRACTORAS ( ID_USUARIO_TRACTORA, ID_USUARIO_PYME) VALUES( (SELECT ID_USUARIO FROM INFRA.TRACTORAS WHERE EMPRESA = 'Grupo Peñoles'), (SELECT ID_USUARIO FROM INFRA.USUARIOS WHERE CVE_USUARIO = 'estructuras_laguna@yahoo.com.mx') );
INSERT INTO INFRA.CLIENTES ( ID_USUARIO, CLIENTE) VALUES( (SELECT ID_USUARIO FROM INFRA.USUARIOS WHERE CVE_USUARIO = 'estructuras_laguna@yahoo.com.mx'), 'Grupo Peñoles' );

--GAMHERSA  SA DE CV
INSERT INTO INFRA.USUARIOS ( CVE_USUARIO, PASSWORD ) VALUES( 'GAMHERSA@HOTMAIL.COM', 'ccmx1234' );
INSERT INTO INFRA.REL_ROLES ( CVE_ROL, CVE_USUARIO ) VALUES( 'PyME', 'GAMHERSA@HOTMAIL.COM' );
INSERT INTO INFRA.PYMES ( ID_USUARIO, ID_USUARIO_PADRE, CORREO_ELECTRONICO, NOMBRE_COMERCIAL ) VALUES( (SELECT ID_USUARIO FROM INFRA.USUARIOS WHERE CVE_USUARIO = 'GAMHERSA@HOTMAIL.COM'), '1', 'GAMHERSA@HOTMAIL.COM', 'GAMHERSA  SA DE CV' );
INSERT INTO INFRA.CONTACTOS (ID_USUARIO, TIPO, NOMBRE, APELLIDO_PATERNO, APELLIDO_MATERNO, CORREO_ELECTRONICO, B_PRINCIPAL, TELEFONO) VALUES ( (SELECT ID_USUARIO FROM INFRA.USUARIOS WHERE CVE_USUARIO = 'GAMHERSA@HOTMAIL.COM'), 'Ventas', 'Jose Luis', 'Gamez', 'Chavez', 'GAMHERSA@HOTMAIL.COM', true, '7171936');
INSERT INTO INFRA.REL_PYMES_TRACTORAS ( ID_USUARIO_TRACTORA, ID_USUARIO_PYME) VALUES( (SELECT ID_USUARIO FROM INFRA.TRACTORAS WHERE EMPRESA = 'Grupo Peñoles'), (SELECT ID_USUARIO FROM INFRA.USUARIOS WHERE CVE_USUARIO = 'GAMHERSA@HOTMAIL.COM') );
INSERT INTO INFRA.CLIENTES ( ID_USUARIO, CLIENTE) VALUES( (SELECT ID_USUARIO FROM INFRA.USUARIOS WHERE CVE_USUARIO = 'GAMHERSA@HOTMAIL.COM'), 'Grupo Peñoles' );

--INTEGRADORA DE SERVICIOS Y OBRAS INDUSTRIALES
INSERT INTO INFRA.USUARIOS ( CVE_USUARIO, PASSWORD ) VALUES( 'LSORIA@GRUPOINEGRADORA.COM', 'ccmx1234' );
INSERT INTO INFRA.REL_ROLES ( CVE_ROL, CVE_USUARIO ) VALUES( 'PyME', 'LSORIA@GRUPOINEGRADORA.COM' );
INSERT INTO INFRA.PYMES ( ID_USUARIO, ID_USUARIO_PADRE, CORREO_ELECTRONICO, NOMBRE_COMERCIAL ) VALUES( (SELECT ID_USUARIO FROM INFRA.USUARIOS WHERE CVE_USUARIO = 'LSORIA@GRUPOINEGRADORA.COM'), '1', 'LSORIA@GRUPOINEGRADORA.COM', 'INTEGRADORA DE SERVICIOS Y OBRAS INDUSTRIALES' );
INSERT INTO INFRA.CONTACTOS (ID_USUARIO, TIPO, NOMBRE, APELLIDO_PATERNO, APELLIDO_MATERNO, CORREO_ELECTRONICO, B_PRINCIPAL, TELEFONO) VALUES ( (SELECT ID_USUARIO FROM INFRA.USUARIOS WHERE CVE_USUARIO = 'LSORIA@GRUPOINEGRADORA.COM'), 'Ventas', 'Leticia', 'Soria', 'Bando', 'LSORIA@GRUPOINEGRADORA.COM', true, '8717185546');
INSERT INTO INFRA.REL_PYMES_TRACTORAS ( ID_USUARIO_TRACTORA, ID_USUARIO_PYME) VALUES( (SELECT ID_USUARIO FROM INFRA.TRACTORAS WHERE EMPRESA = 'Grupo Peñoles'), (SELECT ID_USUARIO FROM INFRA.USUARIOS WHERE CVE_USUARIO = 'LSORIA@GRUPOINEGRADORA.COM') );
INSERT INTO INFRA.CLIENTES ( ID_USUARIO, CLIENTE) VALUES( (SELECT ID_USUARIO FROM INFRA.USUARIOS WHERE CVE_USUARIO = 'LSORIA@GRUPOINEGRADORA.COM'), 'Grupo Peñoles' );

--OBRAS Y RECUBRIMIENTOS  SA DE CV
INSERT INTO INFRA.USUARIOS ( CVE_USUARIO, PASSWORD ) VALUES( 'oresatorreon@prodigy.net.mx', 'ccmx1234' );
INSERT INTO INFRA.REL_ROLES ( CVE_ROL, CVE_USUARIO ) VALUES( 'PyME', 'oresatorreon@prodigy.net.mx' );
INSERT INTO INFRA.PYMES ( ID_USUARIO, ID_USUARIO_PADRE, CORREO_ELECTRONICO, NOMBRE_COMERCIAL ) VALUES( (SELECT ID_USUARIO FROM INFRA.USUARIOS WHERE CVE_USUARIO = 'oresatorreon@prodigy.net.mx'), '1', 'oresatorreon@prodigy.net.mx', 'OBRAS Y RECUBRIMIENTOS SA DE CV' );
INSERT INTO INFRA.CONTACTOS (ID_USUARIO, TIPO, NOMBRE, APELLIDO_PATERNO, APELLIDO_MATERNO, CORREO_ELECTRONICO, B_PRINCIPAL, TELEFONO) VALUES ( (SELECT ID_USUARIO FROM INFRA.USUARIOS WHERE CVE_USUARIO = 'oresatorreon@prodigy.net.mx'), 'Ventas', 'Sergio', 'Garcia', 'Lopez', 'oresatorreon@prodigy.net.mx', true, '7122998');
INSERT INTO INFRA.REL_PYMES_TRACTORAS ( ID_USUARIO_TRACTORA, ID_USUARIO_PYME) VALUES( (SELECT ID_USUARIO FROM INFRA.TRACTORAS WHERE EMPRESA = 'Grupo Peñoles'), (SELECT ID_USUARIO FROM INFRA.USUARIOS WHERE CVE_USUARIO = 'oresatorreon@prodigy.net.mx') );
INSERT INTO INFRA.CLIENTES ( ID_USUARIO, CLIENTE) VALUES( (SELECT ID_USUARIO FROM INFRA.USUARIOS WHERE CVE_USUARIO = 'oresatorreon@prodigy.net.mx'), 'Grupo Peñoles' );

--REFRACTARIOS LAGUNA SA DE CV
INSERT INTO INFRA.USUARIOS ( CVE_USUARIO, PASSWORD ) VALUES( 'refractarioslaguna@hotmail.com', 'ccmx1234' );
INSERT INTO INFRA.REL_ROLES ( CVE_ROL, CVE_USUARIO ) VALUES( 'PyME', 'refractarioslaguna@hotmail.com' );
INSERT INTO INFRA.PYMES ( ID_USUARIO, ID_USUARIO_PADRE, CORREO_ELECTRONICO, NOMBRE_COMERCIAL ) VALUES( (SELECT ID_USUARIO FROM INFRA.USUARIOS WHERE CVE_USUARIO = 'refractarioslaguna@hotmail.com'), '1', 'refractarioslaguna@hotmail.com', 'CONTROL DE CORROSION DE LA LAGUNA' );
INSERT INTO INFRA.CONTACTOS (ID_USUARIO, TIPO, NOMBRE, APELLIDO_PATERNO, APELLIDO_MATERNO, CORREO_ELECTRONICO, B_PRINCIPAL, TELEFONO) VALUES ( (SELECT ID_USUARIO FROM INFRA.USUARIOS WHERE CVE_USUARIO = 'refractarioslaguna@hotmail.com'), 'Ventas', 'Francisco', 'Arreola', 'Alcay', 'refractarioslaguna@hotmail.com', true, '7939151');
INSERT INTO INFRA.REL_PYMES_TRACTORAS ( ID_USUARIO_TRACTORA, ID_USUARIO_PYME) VALUES( (SELECT ID_USUARIO FROM INFRA.TRACTORAS WHERE EMPRESA = 'Grupo Peñoles'), (SELECT ID_USUARIO FROM INFRA.USUARIOS WHERE CVE_USUARIO = 'refractarioslaguna@hotmail.com') );
INSERT INTO INFRA.CLIENTES ( ID_USUARIO, CLIENTE) VALUES( (SELECT ID_USUARIO FROM INFRA.USUARIOS WHERE CVE_USUARIO = 'refractarioslaguna@hotmail.com'), 'Grupo Peñoles' );

--SERVICIOS ELECTRICOS MINEROS SA DE CV
INSERT INTO INFRA.USUARIOS ( CVE_USUARIO, PASSWORD ) VALUES( 'marco_polo_semsa@hotmail.com', 'ccmx1234' );
INSERT INTO INFRA.REL_ROLES ( CVE_ROL, CVE_USUARIO ) VALUES( 'PyME', 'marco_polo_semsa@hotmail.com' );
INSERT INTO INFRA.PYMES ( ID_USUARIO, ID_USUARIO_PADRE, CORREO_ELECTRONICO, NOMBRE_COMERCIAL ) VALUES( (SELECT ID_USUARIO FROM INFRA.USUARIOS WHERE CVE_USUARIO = 'marco_polo_semsa@hotmail.com'), '1', 'marco_polo_semsa@hotmail.com', 'SERVICIOS ELECTRICOS MINEROS SA DE CV' );
INSERT INTO INFRA.CONTACTOS (ID_USUARIO, TIPO, NOMBRE, APELLIDO_PATERNO, APELLIDO_MATERNO, CORREO_ELECTRONICO, B_PRINCIPAL, TELEFONO) VALUES ( (SELECT ID_USUARIO FROM INFRA.USUARIOS WHERE CVE_USUARIO = 'marco_polo_semsa@hotmail.com'), 'Ventas', 'Hector Hipolito', 'Ibarra', 'Garcia', 'marco_polo_semsa@hotmail.com', true, '7487110');
INSERT INTO INFRA.REL_PYMES_TRACTORAS ( ID_USUARIO_TRACTORA, ID_USUARIO_PYME) VALUES( (SELECT ID_USUARIO FROM INFRA.TRACTORAS WHERE EMPRESA = 'Grupo Peñoles'), (SELECT ID_USUARIO FROM INFRA.USUARIOS WHERE CVE_USUARIO = 'marco_polo_semsa@hotmail.com') );
INSERT INTO INFRA.CLIENTES ( ID_USUARIO, CLIENTE) VALUES( (SELECT ID_USUARIO FROM INFRA.USUARIOS WHERE CVE_USUARIO = 'marco_polo_semsa@hotmail.com'), 'Grupo Peñoles' );

--SERVICIOS INDUSTRIALES FAFACI  SA DE CV
INSERT INTO INFRA.USUARIOS ( CVE_USUARIO, PASSWORD ) VALUES( 'felipeduronfafaci@hotmail.com', 'ccmx1234' );
INSERT INTO INFRA.REL_ROLES ( CVE_ROL, CVE_USUARIO ) VALUES( 'PyME', 'felipeduronfafaci@hotmail.com' );
INSERT INTO INFRA.PYMES ( ID_USUARIO, ID_USUARIO_PADRE, CORREO_ELECTRONICO, NOMBRE_COMERCIAL ) VALUES( (SELECT ID_USUARIO FROM INFRA.USUARIOS WHERE CVE_USUARIO = 'felipeduronfafaci@hotmail.com'), '1', 'felipeduronfafaci@hotmail.com', 'SERVICIOS INDUSTRIALES FAFACI  SA DE CV' );
INSERT INTO INFRA.CONTACTOS (ID_USUARIO, TIPO, NOMBRE, APELLIDO_PATERNO, APELLIDO_MATERNO, CORREO_ELECTRONICO, B_PRINCIPAL, TELEFONO) VALUES ( (SELECT ID_USUARIO FROM INFRA.USUARIOS WHERE CVE_USUARIO = 'felipeduronfafaci@hotmail.com'), 'Ventas', 'Ana Cristina', 'Atayde', 'Resendiz', 'felipeduronfafaci@hotmail.com', true, '1698109');
INSERT INTO INFRA.REL_PYMES_TRACTORAS ( ID_USUARIO_TRACTORA, ID_USUARIO_PYME) VALUES( (SELECT ID_USUARIO FROM INFRA.TRACTORAS WHERE EMPRESA = 'Grupo Peñoles'), (SELECT ID_USUARIO FROM INFRA.USUARIOS WHERE CVE_USUARIO = 'felipeduronfafaci@hotmail.com') );
INSERT INTO INFRA.CLIENTES ( ID_USUARIO, CLIENTE) VALUES( (SELECT ID_USUARIO FROM INFRA.USUARIOS WHERE CVE_USUARIO = 'felipeduronfafaci@hotmail.com'), 'Grupo Peñoles' );

--SERVICIOS INDUSTRIALES PADILLA SA DE CV
INSERT INTO INFRA.USUARIOS ( CVE_USUARIO, PASSWORD ) VALUES( 'serv_padilla@yahoo.com.mx', 'ccmx1234' );
INSERT INTO INFRA.REL_ROLES ( CVE_ROL, CVE_USUARIO ) VALUES( 'PyME', 'serv_padilla@yahoo.com.mx' );
INSERT INTO INFRA.PYMES ( ID_USUARIO, ID_USUARIO_PADRE, CORREO_ELECTRONICO, NOMBRE_COMERCIAL ) VALUES( (SELECT ID_USUARIO FROM INFRA.USUARIOS WHERE CVE_USUARIO = 'serv_padilla@yahoo.com.mx'), '1', 'serv_padilla@yahoo.com.mx', 'SERVICIOS INDUSTRIALES PADILLA SA DE CV' );
INSERT INTO INFRA.CONTACTOS (ID_USUARIO, TIPO, NOMBRE, APELLIDO_PATERNO, APELLIDO_MATERNO, CORREO_ELECTRONICO, B_PRINCIPAL, TELEFONO) VALUES ( (SELECT ID_USUARIO FROM INFRA.USUARIOS WHERE CVE_USUARIO = 'serv_padilla@yahoo.com.mx'), 'Ventas', 'Victor', 'Padilla', 'Sanchez', 'serv_padilla@yahoo.com.mx', true, '8717930214');
INSERT INTO INFRA.REL_PYMES_TRACTORAS ( ID_USUARIO_TRACTORA, ID_USUARIO_PYME) VALUES( (SELECT ID_USUARIO FROM INFRA.TRACTORAS WHERE EMPRESA = 'Grupo Peñoles'), (SELECT ID_USUARIO FROM INFRA.USUARIOS WHERE CVE_USUARIO = 'serv_padilla@yahoo.com.mx') );
INSERT INTO INFRA.CLIENTES ( ID_USUARIO, CLIENTE) VALUES( (SELECT ID_USUARIO FROM INFRA.USUARIOS WHERE CVE_USUARIO = 'serv_padilla@yahoo.com.mx'), 'Grupo Peñoles' );

--TABLEROS INDUSTRIALES MAYRAN SA DE CV
INSERT INTO INFRA.USUARIOS ( CVE_USUARIO, PASSWORD ) VALUES( 'tablerosind@yahoo.com', 'ccmx1234' );
INSERT INTO INFRA.REL_ROLES ( CVE_ROL, CVE_USUARIO ) VALUES( 'PyME', 'tablerosind@yahoo.com' );
INSERT INTO INFRA.PYMES ( ID_USUARIO, ID_USUARIO_PADRE, CORREO_ELECTRONICO, NOMBRE_COMERCIAL ) VALUES( (SELECT ID_USUARIO FROM INFRA.USUARIOS WHERE CVE_USUARIO = 'tablerosind@yahoo.com'), '1', 'tablerosind@yahoo.com', 'TABLEROS INDUSTRIALES MAYRAN SA DE CV' );
INSERT INTO INFRA.CONTACTOS (ID_USUARIO, TIPO, NOMBRE, APELLIDO_PATERNO, APELLIDO_MATERNO, CORREO_ELECTRONICO, B_PRINCIPAL, TELEFONO) VALUES ( (SELECT ID_USUARIO FROM INFRA.USUARIOS WHERE CVE_USUARIO = 'tablerosind@yahoo.com'), 'Ventas', 'Marcos Alfonso', 'Ruiz', '', 'tablerosind@yahoo.com', true, '8717179726');
INSERT INTO INFRA.REL_PYMES_TRACTORAS ( ID_USUARIO_TRACTORA, ID_USUARIO_PYME) VALUES( (SELECT ID_USUARIO FROM INFRA.TRACTORAS WHERE EMPRESA = 'Grupo Peñoles'), (SELECT ID_USUARIO FROM INFRA.USUARIOS WHERE CVE_USUARIO = 'tablerosind@yahoo.com') );
INSERT INTO INFRA.CLIENTES ( ID_USUARIO, CLIENTE) VALUES( (SELECT ID_USUARIO FROM INFRA.USUARIOS WHERE CVE_USUARIO = 'tablerosind@yahoo.com'), 'Grupo Peñoles' );

--TUBERIA Y MONTAJES DE LA LAGUNA SA DE CV
INSERT INTO INFRA.USUARIOS ( CVE_USUARIO, PASSWORD ) VALUES( 'TYMSA1@HOTMAIL.COM', 'ccmx1234' );
INSERT INTO INFRA.REL_ROLES ( CVE_ROL, CVE_USUARIO ) VALUES( 'PyME', 'TYMSA1@HOTMAIL.COM' );
INSERT INTO INFRA.PYMES ( ID_USUARIO, ID_USUARIO_PADRE, CORREO_ELECTRONICO, NOMBRE_COMERCIAL ) VALUES( (SELECT ID_USUARIO FROM INFRA.USUARIOS WHERE CVE_USUARIO = 'TYMSA1@HOTMAIL.COM'), '1', 'TYMSA1@HOTMAIL.COM', 'TUBERIA Y MONTAJES DE LA LAGUNA SA DE CV' );
INSERT INTO INFRA.CONTACTOS (ID_USUARIO, TIPO, NOMBRE, APELLIDO_PATERNO, APELLIDO_MATERNO, CORREO_ELECTRONICO, B_PRINCIPAL, TELEFONO) VALUES ( (SELECT ID_USUARIO FROM INFRA.USUARIOS WHERE CVE_USUARIO = 'TYMSA1@HOTMAIL.COM'), 'Ventas', 'Francisco', 'Zapata', 'Soto', 'TYMSA1@HOTMAIL.COM', true, '8717131663');
INSERT INTO INFRA.REL_PYMES_TRACTORAS ( ID_USUARIO_TRACTORA, ID_USUARIO_PYME) VALUES( (SELECT ID_USUARIO FROM INFRA.TRACTORAS WHERE EMPRESA = 'Grupo Peñoles'), (SELECT ID_USUARIO FROM INFRA.USUARIOS WHERE CVE_USUARIO = 'TYMSA1@HOTMAIL.COM') );
INSERT INTO INFRA.CLIENTES ( ID_USUARIO, CLIENTE) VALUES( (SELECT ID_USUARIO FROM INFRA.USUARIOS WHERE CVE_USUARIO = 'TYMSA1@HOTMAIL.COM'), 'Grupo Peñoles' );

--GONZALEZ CASTRO GONZALO
INSERT INTO INFRA.USUARIOS ( CVE_USUARIO, PASSWORD ) VALUES( 'gonzalo@eplasticas.com', 'ccmx1234' );
INSERT INTO INFRA.REL_ROLES ( CVE_ROL, CVE_USUARIO ) VALUES( 'PyME', 'gonzalo@eplasticas.com' );
INSERT INTO INFRA.PYMES ( ID_USUARIO, ID_USUARIO_PADRE, CORREO_ELECTRONICO, NOMBRE_COMERCIAL ) VALUES( (SELECT ID_USUARIO FROM INFRA.USUARIOS WHERE CVE_USUARIO = 'gonzalo@eplasticas.com'), '1', 'gonzalo@eplasticas.com', 'GONZALEZ CASTRO GONZALO' );
INSERT INTO INFRA.CONTACTOS (ID_USUARIO, TIPO, NOMBRE, APELLIDO_PATERNO, APELLIDO_MATERNO, CORREO_ELECTRONICO, B_PRINCIPAL, TELEFONO) VALUES ( (SELECT ID_USUARIO FROM INFRA.USUARIOS WHERE CVE_USUARIO = 'gonzalo@eplasticas.com'), 'Ventas', 'Gonzalo', 'Gonzalez', 'Castro', 'gonzalo@eplasticas.com', true, '7172051');
INSERT INTO INFRA.REL_PYMES_TRACTORAS ( ID_USUARIO_TRACTORA, ID_USUARIO_PYME) VALUES( (SELECT ID_USUARIO FROM INFRA.TRACTORAS WHERE EMPRESA = 'Grupo Peñoles'), (SELECT ID_USUARIO FROM INFRA.USUARIOS WHERE CVE_USUARIO = 'gonzalo@eplasticas.com') );
INSERT INTO INFRA.CLIENTES ( ID_USUARIO, CLIENTE) VALUES( (SELECT ID_USUARIO FROM INFRA.USUARIOS WHERE CVE_USUARIO = 'gonzalo@eplasticas.com'), 'Grupo Peñoles' );


--Ica

--CONCRETOS ASFALTICOS PIRAMIDE, S.A. DE C.V.
INSERT INTO INFRA.USUARIOS ( CVE_USUARIO, PASSWORD ) VALUES( 'miguel@asfaltosgcp.com', 'ccmx1234' );
INSERT INTO INFRA.REL_ROLES ( CVE_ROL, CVE_USUARIO ) VALUES( 'PyME', 'miguel@asfaltosgcp.com' );
INSERT INTO INFRA.PYMES ( ID_USUARIO, ID_USUARIO_PADRE, CORREO_ELECTRONICO, NOMBRE_COMERCIAL ) VALUES( (SELECT ID_USUARIO FROM INFRA.USUARIOS WHERE CVE_USUARIO = 'miguel@asfaltosgcp.com'), '1', 'miguel@asfaltosgcp.com', 'CONCRETOS ASFALTICOS PIRAMIDE, S.A. DE C.V.' );
INSERT INTO INFRA.CONTACTOS (ID_USUARIO, TIPO, NOMBRE, APELLIDO_PATERNO, APELLIDO_MATERNO, CORREO_ELECTRONICO, B_PRINCIPAL, TELEFONO) VALUES ( (SELECT ID_USUARIO FROM INFRA.USUARIOS WHERE CVE_USUARIO = 'miguel@asfaltosgcp.com'), 'Ventas', 'Rocio', 'Serrano', 'Garcia', 'miguel@asfaltosgcp.com', true, '57525180');
INSERT INTO INFRA.REL_PYMES_TRACTORAS ( ID_USUARIO_TRACTORA, ID_USUARIO_PYME) VALUES( (SELECT ID_USUARIO FROM INFRA.TRACTORAS WHERE EMPRESA = 'Ica'), (SELECT ID_USUARIO FROM INFRA.USUARIOS WHERE CVE_USUARIO = 'miguel@asfaltosgcp.com') );
INSERT INTO INFRA.CLIENTES ( ID_USUARIO, CLIENTE) VALUES( (SELECT ID_USUARIO FROM INFRA.USUARIOS WHERE CVE_USUARIO = 'miguel@asfaltosgcp.com'), 'Ica' );

--ETSA CONSTRUCCIONES, S.A. DE C.V.
INSERT INTO INFRA.USUARIOS ( CVE_USUARIO, PASSWORD ) VALUES( 'etsa0812@hotmail.com', 'ccmx1234' );
INSERT INTO INFRA.REL_ROLES ( CVE_ROL, CVE_USUARIO ) VALUES( 'PyME', 'etsa0812@hotmail.com' );
INSERT INTO INFRA.PYMES ( ID_USUARIO, ID_USUARIO_PADRE, CORREO_ELECTRONICO, NOMBRE_COMERCIAL ) VALUES( (SELECT ID_USUARIO FROM INFRA.USUARIOS WHERE CVE_USUARIO = 'etsa0812@hotmail.com'), '1', 'etsa0812@hotmail.com', 'ETSA CONSTRUCCIONES, S.A. DE C.V.' );
INSERT INTO INFRA.CONTACTOS (ID_USUARIO, TIPO, NOMBRE, APELLIDO_PATERNO, APELLIDO_MATERNO, CORREO_ELECTRONICO, B_PRINCIPAL, TELEFONO) VALUES ( (SELECT ID_USUARIO FROM INFRA.USUARIOS WHERE CVE_USUARIO = 'etsa0812@hotmail.com'), 'Ventas', 'Emma', 'Texis', 'Sanchez', 'etsa0812@hotmail.com', true, '2464617580');
INSERT INTO INFRA.REL_PYMES_TRACTORAS ( ID_USUARIO_TRACTORA, ID_USUARIO_PYME) VALUES( (SELECT ID_USUARIO FROM INFRA.TRACTORAS WHERE EMPRESA = 'Ica'), (SELECT ID_USUARIO FROM INFRA.USUARIOS WHERE CVE_USUARIO = 'etsa0812@hotmail.com') );
INSERT INTO INFRA.CLIENTES ( ID_USUARIO, CLIENTE) VALUES( (SELECT ID_USUARIO FROM INFRA.USUARIOS WHERE CVE_USUARIO = 'etsa0812@hotmail.com'), 'Ica' );

--ARQUITECTURA PREFABRICADA DE CONCRETO, S.A. DE C.V.
INSERT INTO INFRA.USUARIOS ( CVE_USUARIO, PASSWORD ) VALUES( 'rdelgado@aprec.com.mx', 'ccmx1234' );
INSERT INTO INFRA.REL_ROLES ( CVE_ROL, CVE_USUARIO ) VALUES( 'PyME', 'rdelgado@aprec.com.mx' );
INSERT INTO INFRA.PYMES ( ID_USUARIO, ID_USUARIO_PADRE, CORREO_ELECTRONICO, NOMBRE_COMERCIAL ) VALUES( (SELECT ID_USUARIO FROM INFRA.USUARIOS WHERE CVE_USUARIO = 'rdelgado@aprec.com.mx'), '1', 'rdelgado@aprec.com.mx', 'ARQUITECTURA PREFABRICADA DE CONCRETO, S.A. DE C.V.' );
INSERT INTO INFRA.CONTACTOS (ID_USUARIO, TIPO, NOMBRE, APELLIDO_PATERNO, APELLIDO_MATERNO, CORREO_ELECTRONICO, B_PRINCIPAL, TELEFONO) VALUES ( (SELECT ID_USUARIO FROM INFRA.USUARIOS WHERE CVE_USUARIO = 'rdelgado@aprec.com.mx'), 'Ventas', 'Ricardo', 'Delgado', 'Gonzalez', 'rdelgado@aprec.com.mx', true, '53633473');
INSERT INTO INFRA.REL_PYMES_TRACTORAS ( ID_USUARIO_TRACTORA, ID_USUARIO_PYME) VALUES( (SELECT ID_USUARIO FROM INFRA.TRACTORAS WHERE EMPRESA = 'Ica'), (SELECT ID_USUARIO FROM INFRA.USUARIOS WHERE CVE_USUARIO = 'rdelgado@aprec.com.mx') );
INSERT INTO INFRA.CLIENTES ( ID_USUARIO, CLIENTE) VALUES( (SELECT ID_USUARIO FROM INFRA.USUARIOS WHERE CVE_USUARIO = 'rdelgado@aprec.com.mx'), 'Ica' );

--EADS TELECOM MEXICO, S.A. DE C.V.
INSERT INTO INFRA.USUARIOS ( CVE_USUARIO, PASSWORD ) VALUES( 'hector.dominguez@cassidian.com', 'ccmx1234' );
INSERT INTO INFRA.REL_ROLES ( CVE_ROL, CVE_USUARIO ) VALUES( 'PyME', 'hector.dominguez@cassidian.com' );
INSERT INTO INFRA.PYMES ( ID_USUARIO, ID_USUARIO_PADRE, CORREO_ELECTRONICO, NOMBRE_COMERCIAL ) VALUES( (SELECT ID_USUARIO FROM INFRA.USUARIOS WHERE CVE_USUARIO = 'hector.dominguez@cassidian.com'), '1', 'hector.dominguez@cassidian.com', 'EADS TELECOM MEXICO, S.A. DE C.V.' );
INSERT INTO INFRA.CONTACTOS (ID_USUARIO, TIPO, NOMBRE, APELLIDO_PATERNO, APELLIDO_MATERNO, CORREO_ELECTRONICO, B_PRINCIPAL, TELEFONO) VALUES ( (SELECT ID_USUARIO FROM INFRA.USUARIOS WHERE CVE_USUARIO = 'hector.dominguez@cassidian.com'), 'Ventas', 'Hector', 'Dominguez', 'De la Sierra', 'hector.dominguez@cassidian.com', true, '54888340');
INSERT INTO INFRA.REL_PYMES_TRACTORAS ( ID_USUARIO_TRACTORA, ID_USUARIO_PYME) VALUES( (SELECT ID_USUARIO FROM INFRA.TRACTORAS WHERE EMPRESA = 'Ica'), (SELECT ID_USUARIO FROM INFRA.USUARIOS WHERE CVE_USUARIO = 'hector.dominguez@cassidian.com') );
INSERT INTO INFRA.CLIENTES ( ID_USUARIO, CLIENTE) VALUES( (SELECT ID_USUARIO FROM INFRA.USUARIOS WHERE CVE_USUARIO = 'hector.dominguez@cassidian.com'), 'Ica' );

--GENERA CONSTRUCCIONES, S.A. DE C.V.
INSERT INTO INFRA.USUARIOS ( CVE_USUARIO, PASSWORD ) VALUES( 'genera.jorge@prodigy.net.mx', 'ccmx1234' );
INSERT INTO INFRA.REL_ROLES ( CVE_ROL, CVE_USUARIO ) VALUES( 'PyME', 'genera.jorge@prodigy.net.mx' );
INSERT INTO INFRA.PYMES ( ID_USUARIO, ID_USUARIO_PADRE, CORREO_ELECTRONICO, NOMBRE_COMERCIAL ) VALUES( (SELECT ID_USUARIO FROM INFRA.USUARIOS WHERE CVE_USUARIO = 'genera.jorge@prodigy.net.mx'), '1', 'genera.jorge@prodigy.net.mx', 'GENERA CONSTRUCCIONES, S.A. DE C.V.' );
INSERT INTO INFRA.CONTACTOS (ID_USUARIO, TIPO, NOMBRE, APELLIDO_PATERNO, APELLIDO_MATERNO, CORREO_ELECTRONICO, B_PRINCIPAL, TELEFONO) VALUES ( (SELECT ID_USUARIO FROM INFRA.USUARIOS WHERE CVE_USUARIO = 'genera.jorge@prodigy.net.mx'), 'Ventas', 'Jorge Alberto', 'Canales', 'Gonzalez', 'genera.jorge@prodigy.net.mx', true, '8183313400');
INSERT INTO INFRA.REL_PYMES_TRACTORAS ( ID_USUARIO_TRACTORA, ID_USUARIO_PYME) VALUES( (SELECT ID_USUARIO FROM INFRA.TRACTORAS WHERE EMPRESA = 'Ica'), (SELECT ID_USUARIO FROM INFRA.USUARIOS WHERE CVE_USUARIO = 'genera.jorge@prodigy.net.mx') );
INSERT INTO INFRA.CLIENTES ( ID_USUARIO, CLIENTE) VALUES( (SELECT ID_USUARIO FROM INFRA.USUARIOS WHERE CVE_USUARIO = 'genera.jorge@prodigy.net.mx'), 'Ica' );

--CONSORCIO CONSTRUCTOR ADOBES, S.A. DE C.V.
INSERT INTO INFRA.USUARIOS ( CVE_USUARIO, PASSWORD ) VALUES( 'adobes10@rodigy.net.mx', 'ccmx1234' );
INSERT INTO INFRA.REL_ROLES ( CVE_ROL, CVE_USUARIO ) VALUES( 'PyME', 'adobes10@rodigy.net.mx' );
INSERT INTO INFRA.PYMES ( ID_USUARIO, ID_USUARIO_PADRE, CORREO_ELECTRONICO, NOMBRE_COMERCIAL ) VALUES( (SELECT ID_USUARIO FROM INFRA.USUARIOS WHERE CVE_USUARIO = 'adobes10@rodigy.net.mx'), '1', 'adobes10@rodigy.net.mx', 'CONSORCIO CONSTRUCTOR ADOBES, S.A. DE C.V.' );
INSERT INTO INFRA.CONTACTOS (ID_USUARIO, TIPO, NOMBRE, APELLIDO_PATERNO, APELLIDO_MATERNO, CORREO_ELECTRONICO, B_PRINCIPAL, TELEFONO) VALUES ( (SELECT ID_USUARIO FROM INFRA.USUARIOS WHERE CVE_USUARIO = 'adobes10@rodigy.net.mx'), 'Ventas', 'Leobardo', 'Preciado', 'Zepeda', 'adobes10@rodigy.net.mx', true, '3338262555');
INSERT INTO INFRA.REL_PYMES_TRACTORAS ( ID_USUARIO_TRACTORA, ID_USUARIO_PYME) VALUES( (SELECT ID_USUARIO FROM INFRA.TRACTORAS WHERE EMPRESA = 'Ica'), (SELECT ID_USUARIO FROM INFRA.USUARIOS WHERE CVE_USUARIO = 'adobes10@rodigy.net.mx') );
INSERT INTO INFRA.CLIENTES ( ID_USUARIO, CLIENTE) VALUES( (SELECT ID_USUARIO FROM INFRA.USUARIOS WHERE CVE_USUARIO = 'adobes10@rodigy.net.mx'), 'Ica' );

--ASESORIA Y CONSTRUCCIONES MEXICANAS, S.A. DE C.V.
INSERT INTO INFRA.USUARIOS ( CVE_USUARIO, PASSWORD ) VALUES( 'cmycia@prodigy.net.mx', 'ccmx1234' );
INSERT INTO INFRA.REL_ROLES ( CVE_ROL, CVE_USUARIO ) VALUES( 'PyME', 'cmycia@prodigy.net.mx' );
INSERT INTO INFRA.PYMES ( ID_USUARIO, ID_USUARIO_PADRE, CORREO_ELECTRONICO, NOMBRE_COMERCIAL ) VALUES( (SELECT ID_USUARIO FROM INFRA.USUARIOS WHERE CVE_USUARIO = 'cmycia@prodigy.net.mx'), '1', 'cmycia@prodigy.net.mx', 'ASESORIA Y CONSTRUCCIONES MEXICANAS, S.A. DE C.V.' );
INSERT INTO INFRA.CONTACTOS (ID_USUARIO, TIPO, NOMBRE, APELLIDO_PATERNO, APELLIDO_MATERNO, CORREO_ELECTRONICO, B_PRINCIPAL, TELEFONO) VALUES ( (SELECT ID_USUARIO FROM INFRA.USUARIOS WHERE CVE_USUARIO = 'cmycia@prodigy.net.mx'), 'Ventas', 'Armando', 'Cifuentes', 'Rocha', 'cmycia@prodigy.net.mx', true, '58707659');
INSERT INTO INFRA.REL_PYMES_TRACTORAS ( ID_USUARIO_TRACTORA, ID_USUARIO_PYME) VALUES( (SELECT ID_USUARIO FROM INFRA.TRACTORAS WHERE EMPRESA = 'Ica'), (SELECT ID_USUARIO FROM INFRA.USUARIOS WHERE CVE_USUARIO = 'cmycia@prodigy.net.mx') );
INSERT INTO INFRA.CLIENTES ( ID_USUARIO, CLIENTE) VALUES( (SELECT ID_USUARIO FROM INFRA.USUARIOS WHERE CVE_USUARIO = 'cmycia@prodigy.net.mx'), 'Ica' );

--PLACOSA CONSTRUCCIONES, S.A. DE C.V.
INSERT INTO INFRA.USUARIOS ( CVE_USUARIO, PASSWORD ) VALUES( 'cesar@placosaconstrucciones.com.mx', 'ccmx1234' );
INSERT INTO INFRA.REL_ROLES ( CVE_ROL, CVE_USUARIO ) VALUES( 'PyME', 'cesar@placosaconstrucciones.com.mx' );
INSERT INTO INFRA.PYMES ( ID_USUARIO, ID_USUARIO_PADRE, CORREO_ELECTRONICO, NOMBRE_COMERCIAL ) VALUES( (SELECT ID_USUARIO FROM INFRA.USUARIOS WHERE CVE_USUARIO = 'cesar@placosaconstrucciones.com.mx'), '1', 'cesar@placosaconstrucciones.com.mx', 'PLACOSA CONSTRUCCIONES, S.A. DE C.V.' );
INSERT INTO INFRA.CONTACTOS (ID_USUARIO, TIPO, NOMBRE, APELLIDO_PATERNO, APELLIDO_MATERNO, CORREO_ELECTRONICO, B_PRINCIPAL, TELEFONO) VALUES ( (SELECT ID_USUARIO FROM INFRA.USUARIOS WHERE CVE_USUARIO = 'cesar@placosaconstrucciones.com.mx'), 'Ventas', 'Victor Cesar', 'Ramirez', 'De la Rosa', 'cesar@placosaconstrucciones.com.mx', true, '4773250855');
INSERT INTO INFRA.REL_PYMES_TRACTORAS ( ID_USUARIO_TRACTORA, ID_USUARIO_PYME) VALUES( (SELECT ID_USUARIO FROM INFRA.TRACTORAS WHERE EMPRESA = 'Ica'), (SELECT ID_USUARIO FROM INFRA.USUARIOS WHERE CVE_USUARIO = 'cesar@placosaconstrucciones.com.mx') );
INSERT INTO INFRA.CLIENTES ( ID_USUARIO, CLIENTE) VALUES( (SELECT ID_USUARIO FROM INFRA.USUARIOS WHERE CVE_USUARIO = 'cesar@placosaconstrucciones.com.mx'), 'Ica' );

--GRUPO INDUSTRIAL EN POLIESTIRENO, S.A. DE C.V.
INSERT INTO INFRA.USUARIOS ( CVE_USUARIO, PASSWORD ) VALUES( 'obarreto2000@hotmail.com', 'ccmx1234' );
INSERT INTO INFRA.REL_ROLES ( CVE_ROL, CVE_USUARIO ) VALUES( 'PyME', 'obarreto2000@hotmail.com' );
INSERT INTO INFRA.PYMES ( ID_USUARIO, ID_USUARIO_PADRE, CORREO_ELECTRONICO, NOMBRE_COMERCIAL ) VALUES( (SELECT ID_USUARIO FROM INFRA.USUARIOS WHERE CVE_USUARIO = 'obarreto2000@hotmail.com'), '1', 'obarreto2000@hotmail.com', 'GRUPO INDUSTRIAL EN POLIESTIRENO, S.A. DE C.V.' );
INSERT INTO INFRA.CONTACTOS (ID_USUARIO, TIPO, NOMBRE, APELLIDO_PATERNO, APELLIDO_MATERNO, CORREO_ELECTRONICO, B_PRINCIPAL, TELEFONO) VALUES ( (SELECT ID_USUARIO FROM INFRA.USUARIOS WHERE CVE_USUARIO = 'obarreto2000@hotmail.com'), 'Ventas', 'Oscar', 'Barreto', '', 'obarreto2000@hotmail.com', true, '91593150');
INSERT INTO INFRA.REL_PYMES_TRACTORAS ( ID_USUARIO_TRACTORA, ID_USUARIO_PYME) VALUES( (SELECT ID_USUARIO FROM INFRA.TRACTORAS WHERE EMPRESA = 'Ica'), (SELECT ID_USUARIO FROM INFRA.USUARIOS WHERE CVE_USUARIO = 'obarreto2000@hotmail.com') );
INSERT INTO INFRA.CLIENTES ( ID_USUARIO, CLIENTE) VALUES( (SELECT ID_USUARIO FROM INFRA.USUARIOS WHERE CVE_USUARIO = 'obarreto2000@hotmail.com'), 'Ica' );

--VIATEST, S. DE R.L. DE C.V.
INSERT INTO INFRA.USUARIOS ( CVE_USUARIO, PASSWORD ) VALUES( 'ventas@viatest.com.mx', 'ccmx1234' );
INSERT INTO INFRA.REL_ROLES ( CVE_ROL, CVE_USUARIO ) VALUES( 'PyME', 'ventas@viatest.com.mx' );
INSERT INTO INFRA.PYMES ( ID_USUARIO, ID_USUARIO_PADRE, CORREO_ELECTRONICO, NOMBRE_COMERCIAL ) VALUES( (SELECT ID_USUARIO FROM INFRA.USUARIOS WHERE CVE_USUARIO = 'ventas@viatest.com.mx'), '1', 'ventas@viatest.com.mx', 'VIATEST, S. DE R.L. DE C.V.' );
INSERT INTO INFRA.CONTACTOS (ID_USUARIO, TIPO, NOMBRE, APELLIDO_PATERNO, APELLIDO_MATERNO, CORREO_ELECTRONICO, B_PRINCIPAL, TELEFONO) VALUES ( (SELECT ID_USUARIO FROM INFRA.USUARIOS WHERE CVE_USUARIO = 'ventas@viatest.com.mx'), 'Ventas', 'Violeta Eleonora', 'Carrete', 'Rodriguez', 'ventas@viatest.com.mx', true, '3332834754');
INSERT INTO INFRA.REL_PYMES_TRACTORAS ( ID_USUARIO_TRACTORA, ID_USUARIO_PYME) VALUES( (SELECT ID_USUARIO FROM INFRA.TRACTORAS WHERE EMPRESA = 'Ica'), (SELECT ID_USUARIO FROM INFRA.USUARIOS WHERE CVE_USUARIO = 'ventas@viatest.com.mx') );
INSERT INTO INFRA.CLIENTES ( ID_USUARIO, CLIENTE) VALUES( (SELECT ID_USUARIO FROM INFRA.USUARIOS WHERE CVE_USUARIO = 'ventas@viatest.com.mx'), 'Ica' );

--LASFALTO, S. DE R.L. DE C.V.
INSERT INTO INFRA.USUARIOS ( CVE_USUARIO, PASSWORD ) VALUES( 'violeta.carrete@lasfalto.com.mx', 'ccmx1234' );
INSERT INTO INFRA.REL_ROLES ( CVE_ROL, CVE_USUARIO ) VALUES( 'PyME', 'violeta.carrete@lasfalto.com.mx' );
INSERT INTO INFRA.PYMES ( ID_USUARIO, ID_USUARIO_PADRE, CORREO_ELECTRONICO, NOMBRE_COMERCIAL ) VALUES( (SELECT ID_USUARIO FROM INFRA.USUARIOS WHERE CVE_USUARIO = 'violeta.carrete@lasfalto.com.mx'), '1', 'violeta.carrete@lasfalto.com.mx', 'LASFALTO, S. DE R.L. DE C.V.' );
INSERT INTO INFRA.CONTACTOS (ID_USUARIO, TIPO, NOMBRE, APELLIDO_PATERNO, APELLIDO_MATERNO, CORREO_ELECTRONICO, B_PRINCIPAL, TELEFONO) VALUES ( (SELECT ID_USUARIO FROM INFRA.USUARIOS WHERE CVE_USUARIO = 'violeta.carrete@lasfalto.com.mx'), 'Ventas', 'Violeta Eleonora', 'Carrete', 'Rodriguez', 'violeta.carrete@lasfalto.com.mx', true, '3336847560');
INSERT INTO INFRA.REL_PYMES_TRACTORAS ( ID_USUARIO_TRACTORA, ID_USUARIO_PYME) VALUES( (SELECT ID_USUARIO FROM INFRA.TRACTORAS WHERE EMPRESA = 'Ica'), (SELECT ID_USUARIO FROM INFRA.USUARIOS WHERE CVE_USUARIO = 'violeta.carrete@lasfalto.com.mx') );
INSERT INTO INFRA.CLIENTES ( ID_USUARIO, CLIENTE) VALUES( (SELECT ID_USUARIO FROM INFRA.USUARIOS WHERE CVE_USUARIO = 'violeta.carrete@lasfalto.com.mx'), 'Ica' );

--SISTEMAS OPTIMOS CONSTRUCTIVOS, S.A. DE C.V.
INSERT INTO INFRA.USUARIOS ( CVE_USUARIO, PASSWORD ) VALUES( 'info@socsa.com', 'ccmx1234' );
INSERT INTO INFRA.REL_ROLES ( CVE_ROL, CVE_USUARIO ) VALUES( 'PyME', 'info@socsa.com' );
INSERT INTO INFRA.PYMES ( ID_USUARIO, ID_USUARIO_PADRE, CORREO_ELECTRONICO, NOMBRE_COMERCIAL ) VALUES( (SELECT ID_USUARIO FROM INFRA.USUARIOS WHERE CVE_USUARIO = 'info@socsa.com'), '1', 'info@socsa.com', 'SISTEMAS OPTIMOS CONSTRUCTIVOS, S.A. DE C.V.' );
INSERT INTO INFRA.CONTACTOS (ID_USUARIO, TIPO, NOMBRE, APELLIDO_PATERNO, APELLIDO_MATERNO, CORREO_ELECTRONICO, B_PRINCIPAL, TELEFONO) VALUES ( (SELECT ID_USUARIO FROM INFRA.USUARIOS WHERE CVE_USUARIO = 'info@socsa.com'), 'Ventas', 'Jesus', 'Gonzalez', 'Saenz', 'info@socsa.com', true, '8183597957');
INSERT INTO INFRA.REL_PYMES_TRACTORAS ( ID_USUARIO_TRACTORA, ID_USUARIO_PYME) VALUES( (SELECT ID_USUARIO FROM INFRA.TRACTORAS WHERE EMPRESA = 'Ica'), (SELECT ID_USUARIO FROM INFRA.USUARIOS WHERE CVE_USUARIO = 'info@socsa.com') );
INSERT INTO INFRA.CLIENTES ( ID_USUARIO, CLIENTE) VALUES( (SELECT ID_USUARIO FROM INFRA.USUARIOS WHERE CVE_USUARIO = 'info@socsa.com'), 'Ica' );

--AEROTECNICA DE MEXICO S.A.
INSERT INTO INFRA.USUARIOS ( CVE_USUARIO, PASSWORD ) VALUES( 'acarstens@hotmail.com', 'ccmx1234' );
INSERT INTO INFRA.REL_ROLES ( CVE_ROL, CVE_USUARIO ) VALUES( 'PyME', 'acarstens@hotmail.com' );
INSERT INTO INFRA.PYMES ( ID_USUARIO, ID_USUARIO_PADRE, CORREO_ELECTRONICO, NOMBRE_COMERCIAL ) VALUES( (SELECT ID_USUARIO FROM INFRA.USUARIOS WHERE CVE_USUARIO = 'acarstens@hotmail.com'), '1', 'acarstens@hotmail.com', 'AEROTECNICA DE MEXICO S.A.' );
INSERT INTO INFRA.CONTACTOS (ID_USUARIO, TIPO, NOMBRE, APELLIDO_PATERNO, APELLIDO_MATERNO, CORREO_ELECTRONICO, B_PRINCIPAL, TELEFONO) VALUES ( (SELECT ID_USUARIO FROM INFRA.USUARIOS WHERE CVE_USUARIO = 'acarstens@hotmail.com'), 'Ventas', 'Alfredo Agustin Hugo', 'Carstens', 'Martinez', 'acarstens@hotmail.com', true, '55382516');
INSERT INTO INFRA.REL_PYMES_TRACTORAS ( ID_USUARIO_TRACTORA, ID_USUARIO_PYME) VALUES( (SELECT ID_USUARIO FROM INFRA.TRACTORAS WHERE EMPRESA = 'Ica'), (SELECT ID_USUARIO FROM INFRA.USUARIOS WHERE CVE_USUARIO = 'acarstens@hotmail.com') );
INSERT INTO INFRA.CLIENTES ( ID_USUARIO, CLIENTE) VALUES( (SELECT ID_USUARIO FROM INFRA.USUARIOS WHERE CVE_USUARIO = 'acarstens@hotmail.com'), 'Ica' );

--CONSTRUCTORA GORDILLO GOMEZ, S.A. DE C.V.
INSERT INTO INFRA.USUARIOS ( CVE_USUARIO, PASSWORD ) VALUES( 'italia_7a@hotmail.com', 'ccmx1234' );
INSERT INTO INFRA.REL_ROLES ( CVE_ROL, CVE_USUARIO ) VALUES( 'PyME', 'italia_7a@hotmail.com' );
INSERT INTO INFRA.PYMES ( ID_USUARIO, ID_USUARIO_PADRE, CORREO_ELECTRONICO, NOMBRE_COMERCIAL ) VALUES( (SELECT ID_USUARIO FROM INFRA.USUARIOS WHERE CVE_USUARIO = 'italia_7a@hotmail.com'), '1', 'italia_7a@hotmail.com', 'CONSTRUCTORA GORDILLO GOMEZ, S.A. DE C.V.' );
INSERT INTO INFRA.CONTACTOS (ID_USUARIO, TIPO, NOMBRE, APELLIDO_PATERNO, APELLIDO_MATERNO, CORREO_ELECTRONICO, B_PRINCIPAL, TELEFONO) VALUES ( (SELECT ID_USUARIO FROM INFRA.USUARIOS WHERE CVE_USUARIO = 'italia_7a@hotmail.com'), 'Ventas', 'Augusto', 'Gordillo', 'Gutierrez', 'italia_7a@hotmail.com', true, '9818168709');
INSERT INTO INFRA.REL_PYMES_TRACTORAS ( ID_USUARIO_TRACTORA, ID_USUARIO_PYME) VALUES( (SELECT ID_USUARIO FROM INFRA.TRACTORAS WHERE EMPRESA = 'Ica'), (SELECT ID_USUARIO FROM INFRA.USUARIOS WHERE CVE_USUARIO = 'italia_7a@hotmail.com') );
INSERT INTO INFRA.CLIENTES ( ID_USUARIO, CLIENTE) VALUES( (SELECT ID_USUARIO FROM INFRA.USUARIOS WHERE CVE_USUARIO = 'italia_7a@hotmail.com'), 'Ica' );

--CONSULTORIA INTERDISCIPLINARIA DE PROYECTOS INTEGRALES, S.C.
INSERT INTO INFRA.USUARIOS ( CVE_USUARIO, PASSWORD ) VALUES( 'shemandez@consulpro.mx', 'ccmx1234' );
INSERT INTO INFRA.REL_ROLES ( CVE_ROL, CVE_USUARIO ) VALUES( 'PyME', 'shemandez@consulpro.mx' );
INSERT INTO INFRA.PYMES ( ID_USUARIO, ID_USUARIO_PADRE, CORREO_ELECTRONICO, NOMBRE_COMERCIAL ) VALUES( (SELECT ID_USUARIO FROM INFRA.USUARIOS WHERE CVE_USUARIO = 'shemandez@consulpro.mx'), '1', 'shemandez@consulpro.mx', 'CONSULTORIA INTERDISCIPLINARIA DE PROYECTOS INTEGRALES, S.C.' );
INSERT INTO INFRA.CONTACTOS (ID_USUARIO, TIPO, NOMBRE, APELLIDO_PATERNO, APELLIDO_MATERNO, CORREO_ELECTRONICO, B_PRINCIPAL, TELEFONO) VALUES ( (SELECT ID_USUARIO FROM INFRA.USUARIOS WHERE CVE_USUARIO = 'shemandez@consulpro.mx'), 'Ventas', 'Sergio', 'Hernandez', 'Hernandez', 'shemandez@consulpro.mx', true, '55348393');
INSERT INTO INFRA.REL_PYMES_TRACTORAS ( ID_USUARIO_TRACTORA, ID_USUARIO_PYME) VALUES( (SELECT ID_USUARIO FROM INFRA.TRACTORAS WHERE EMPRESA = 'Ica'), (SELECT ID_USUARIO FROM INFRA.USUARIOS WHERE CVE_USUARIO = 'shemandez@consulpro.mx') );
INSERT INTO INFRA.CLIENTES ( ID_USUARIO, CLIENTE) VALUES( (SELECT ID_USUARIO FROM INFRA.USUARIOS WHERE CVE_USUARIO = 'shemandez@consulpro.mx'), 'Ica' );

--GEOTECNIA Y SUPERVISION TECNICA, S.A. DE C.V.
INSERT INTO INFRA.USUARIOS ( CVE_USUARIO, PASSWORD ) VALUES( 'eatzin@geotest.com.mx', 'ccmx1234' );
INSERT INTO INFRA.REL_ROLES ( CVE_ROL, CVE_USUARIO ) VALUES( 'PyME', 'eatzin@geotest.com.mx' );
INSERT INTO INFRA.PYMES ( ID_USUARIO, ID_USUARIO_PADRE, CORREO_ELECTRONICO, NOMBRE_COMERCIAL ) VALUES( (SELECT ID_USUARIO FROM INFRA.USUARIOS WHERE CVE_USUARIO = 'eatzin@geotest.com.mx'), '1', 'eatzin@geotest.com.mx', 'GEOTECNIA Y SUPERVISION TECNICA, S.A. DE C.V.' );
INSERT INTO INFRA.CONTACTOS (ID_USUARIO, TIPO, NOMBRE, APELLIDO_PATERNO, APELLIDO_MATERNO, CORREO_ELECTRONICO, B_PRINCIPAL, TELEFONO) VALUES ( (SELECT ID_USUARIO FROM INFRA.USUARIOS WHERE CVE_USUARIO = 'eatzin@geotest.com.mx'), 'Ventas', 'Luis Enrique', 'Atzin', 'Ragazzo', 'eatzin@geotest.com.mx', true, '2288152784');
INSERT INTO INFRA.REL_PYMES_TRACTORAS ( ID_USUARIO_TRACTORA, ID_USUARIO_PYME) VALUES( (SELECT ID_USUARIO FROM INFRA.TRACTORAS WHERE EMPRESA = 'Ica'), (SELECT ID_USUARIO FROM INFRA.USUARIOS WHERE CVE_USUARIO = 'eatzin@geotest.com.mx') );
INSERT INTO INFRA.CLIENTES ( ID_USUARIO, CLIENTE) VALUES( (SELECT ID_USUARIO FROM INFRA.USUARIOS WHERE CVE_USUARIO = 'eatzin@geotest.com.mx'), 'Ica' );

--WINCO, S.A. DE C.V.
INSERT INTO INFRA.USUARIOS ( CVE_USUARIO, PASSWORD ) VALUES( 'marcel.widmer@wincomx.com', 'ccmx1234' );
INSERT INTO INFRA.REL_ROLES ( CVE_ROL, CVE_USUARIO ) VALUES( 'PyME', 'marcel.widmer@wincomx.com' );
INSERT INTO INFRA.PYMES ( ID_USUARIO, ID_USUARIO_PADRE, CORREO_ELECTRONICO, NOMBRE_COMERCIAL ) VALUES( (SELECT ID_USUARIO FROM INFRA.USUARIOS WHERE CVE_USUARIO = 'marcel.widmer@wincomx.com'), '1', 'marcel.widmer@wincomx.com', 'WINCO, S.A. DE C.V.' );
INSERT INTO INFRA.CONTACTOS (ID_USUARIO, TIPO, NOMBRE, APELLIDO_PATERNO, APELLIDO_MATERNO, CORREO_ELECTRONICO, B_PRINCIPAL, TELEFONO) VALUES ( (SELECT ID_USUARIO FROM INFRA.USUARIOS WHERE CVE_USUARIO = 'marcel.widmer@wincomx.com'), 'Ventas', 'Marcel Alfons', 'Widmer', 'Frick', 'marcel.widmer@wincomx.com', true, '56601510');
INSERT INTO INFRA.REL_PYMES_TRACTORAS ( ID_USUARIO_TRACTORA, ID_USUARIO_PYME) VALUES( (SELECT ID_USUARIO FROM INFRA.TRACTORAS WHERE EMPRESA = 'Ica'), (SELECT ID_USUARIO FROM INFRA.USUARIOS WHERE CVE_USUARIO = 'marcel.widmer@wincomx.com') );
INSERT INTO INFRA.CLIENTES ( ID_USUARIO, CLIENTE) VALUES( (SELECT ID_USUARIO FROM INFRA.USUARIOS WHERE CVE_USUARIO = 'marcel.widmer@wincomx.com'), 'Ica' );

--Distribuidora Nacional de Materiales para la Industria y la Construcción, S.A. de C.V.
INSERT INTO INFRA.USUARIOS ( CVE_USUARIO, PASSWORD ) VALUES( 'DINAMICMAYO@GMAIL.COM', 'ccmx1234' );
INSERT INTO INFRA.REL_ROLES ( CVE_ROL, CVE_USUARIO ) VALUES( 'PyME', 'DINAMICMAYO@GMAIL.COM' );
INSERT INTO INFRA.PYMES ( ID_USUARIO, ID_USUARIO_PADRE, CORREO_ELECTRONICO, NOMBRE_COMERCIAL ) VALUES( (SELECT ID_USUARIO FROM INFRA.USUARIOS WHERE CVE_USUARIO = 'DINAMICMAYO@GMAIL.COM'), '1', 'DINAMICMAYO@GMAIL.COM', 'Distribuidora Nacional de Materiales para la Industria y la Construcción, S.A. de C.V.' );
INSERT INTO INFRA.CONTACTOS (ID_USUARIO, TIPO, NOMBRE, APELLIDO_PATERNO, APELLIDO_MATERNO, CORREO_ELECTRONICO, B_PRINCIPAL, TELEFONO) VALUES ( (SELECT ID_USUARIO FROM INFRA.USUARIOS WHERE CVE_USUARIO = 'DINAMICMAYO@GMAIL.COM'), 'Ventas', 'Jose Mariano', 'Alvarez', 'Guillen', 'DINAMICMAYO@GMAIL.COM', true, '51200852');
INSERT INTO INFRA.REL_PYMES_TRACTORAS ( ID_USUARIO_TRACTORA, ID_USUARIO_PYME) VALUES( (SELECT ID_USUARIO FROM INFRA.TRACTORAS WHERE EMPRESA = 'Ica'), (SELECT ID_USUARIO FROM INFRA.USUARIOS WHERE CVE_USUARIO = 'DINAMICMAYO@GMAIL.COM') );
INSERT INTO INFRA.CLIENTES ( ID_USUARIO, CLIENTE) VALUES( (SELECT ID_USUARIO FROM INFRA.USUARIOS WHERE CVE_USUARIO = 'DINAMICMAYO@GMAIL.COM'), 'Ica' );

--Multimpresores, S.A. de C.V.
INSERT INTO INFRA.USUARIOS ( CVE_USUARIO, PASSWORD ) VALUES( 'DANIEL502@HOTMAIL.COM', 'ccmx1234' );
INSERT INTO INFRA.REL_ROLES ( CVE_ROL, CVE_USUARIO ) VALUES( 'PyME', 'DANIEL502@HOTMAIL.COM' );
INSERT INTO INFRA.PYMES ( ID_USUARIO, ID_USUARIO_PADRE, CORREO_ELECTRONICO, NOMBRE_COMERCIAL ) VALUES( (SELECT ID_USUARIO FROM INFRA.USUARIOS WHERE CVE_USUARIO = 'DANIEL502@HOTMAIL.COM'), '1', 'DANIEL502@HOTMAIL.COM', 'Multimpresores, S.A. de C.V.' );
INSERT INTO INFRA.CONTACTOS (ID_USUARIO, TIPO, NOMBRE, APELLIDO_PATERNO, APELLIDO_MATERNO, CORREO_ELECTRONICO, B_PRINCIPAL, TELEFONO) VALUES ( (SELECT ID_USUARIO FROM INFRA.USUARIOS WHERE CVE_USUARIO = 'DANIEL502@HOTMAIL.COM'), 'Ventas', 'Israel', 'Solano', '', 'DANIEL502@HOTMAIL.COM', true, '56026393');
INSERT INTO INFRA.REL_PYMES_TRACTORAS ( ID_USUARIO_TRACTORA, ID_USUARIO_PYME) VALUES( (SELECT ID_USUARIO FROM INFRA.TRACTORAS WHERE EMPRESA = 'Ica'), (SELECT ID_USUARIO FROM INFRA.USUARIOS WHERE CVE_USUARIO = 'DANIEL502@HOTMAIL.COM') );
INSERT INTO INFRA.CLIENTES ( ID_USUARIO, CLIENTE) VALUES( (SELECT ID_USUARIO FROM INFRA.USUARIOS WHERE CVE_USUARIO = 'DANIEL502@HOTMAIL.COM'), 'Ica' );

--Proveedora Industrial Alfed, S.A. de C.V.
INSERT INTO INFRA.USUARIOS ( CVE_USUARIO, PASSWORD ) VALUES( 'REGARCIAALCANTAR@YAHOO.COM.MX', 'ccmx1234' );
INSERT INTO INFRA.REL_ROLES ( CVE_ROL, CVE_USUARIO ) VALUES( 'PyME', 'REGARCIAALCANTAR@YAHOO.COM.MX' );
INSERT INTO INFRA.PYMES ( ID_USUARIO, ID_USUARIO_PADRE, CORREO_ELECTRONICO, NOMBRE_COMERCIAL ) VALUES( (SELECT ID_USUARIO FROM INFRA.USUARIOS WHERE CVE_USUARIO = 'REGARCIAALCANTAR@YAHOO.COM.MX'), '1', 'REGARCIAALCANTAR@YAHOO.COM.MX', 'Proveedora Industrial Alfed, S.A. de C.V.' );
INSERT INTO INFRA.CONTACTOS (ID_USUARIO, TIPO, NOMBRE, APELLIDO_PATERNO, APELLIDO_MATERNO, CORREO_ELECTRONICO, B_PRINCIPAL, TELEFONO) VALUES ( (SELECT ID_USUARIO FROM INFRA.USUARIOS WHERE CVE_USUARIO = 'REGARCIAALCANTAR@YAHOO.COM.MX'), 'Ventas', 'Rosa Elena', 'Garcia', 'Alcantar', 'REGARCIAALCANTAR@YAHOO.COM.MX', true, '361204445');
INSERT INTO INFRA.REL_PYMES_TRACTORAS ( ID_USUARIO_TRACTORA, ID_USUARIO_PYME) VALUES( (SELECT ID_USUARIO FROM INFRA.TRACTORAS WHERE EMPRESA = 'Ica'), (SELECT ID_USUARIO FROM INFRA.USUARIOS WHERE CVE_USUARIO = 'REGARCIAALCANTAR@YAHOO.COM.MX') );
INSERT INTO INFRA.CLIENTES ( ID_USUARIO, CLIENTE) VALUES( (SELECT ID_USUARIO FROM INFRA.USUARIOS WHERE CVE_USUARIO = 'REGARCIAALCANTAR@YAHOO.COM.MX'), 'Ica' );

--Grupo Carbroc, S.A. de C.V.
INSERT INTO INFRA.USUARIOS ( CVE_USUARIO, PASSWORD ) VALUES( 'CARLOPEZMX@YAHOO.MX', 'ccmx1234' );
INSERT INTO INFRA.REL_ROLES ( CVE_ROL, CVE_USUARIO ) VALUES( 'PyME', 'CARLOPEZMX@YAHOO.MX' );
INSERT INTO INFRA.PYMES ( ID_USUARIO, ID_USUARIO_PADRE, CORREO_ELECTRONICO, NOMBRE_COMERCIAL ) VALUES( (SELECT ID_USUARIO FROM INFRA.USUARIOS WHERE CVE_USUARIO = 'CARLOPEZMX@YAHOO.MX'), '1', 'CARLOPEZMX@YAHOO.MX', 'Grupo Carbroc, S.A. de C.V.' );
INSERT INTO INFRA.CONTACTOS (ID_USUARIO, TIPO, NOMBRE, APELLIDO_PATERNO, APELLIDO_MATERNO, CORREO_ELECTRONICO, B_PRINCIPAL, TELEFONO) VALUES ( (SELECT ID_USUARIO FROM INFRA.USUARIOS WHERE CVE_USUARIO = 'CARLOPEZMX@YAHOO.MX'), 'Ventas', 'Carlos', 'Lopez', '', 'CARLOPEZMX@YAHOO.MX', true, '5866201822');
INSERT INTO INFRA.REL_PYMES_TRACTORAS ( ID_USUARIO_TRACTORA, ID_USUARIO_PYME) VALUES( (SELECT ID_USUARIO FROM INFRA.TRACTORAS WHERE EMPRESA = 'Ica'), (SELECT ID_USUARIO FROM INFRA.USUARIOS WHERE CVE_USUARIO = 'CARLOPEZMX@YAHOO.MX') );
INSERT INTO INFRA.CLIENTES ( ID_USUARIO, CLIENTE) VALUES( (SELECT ID_USUARIO FROM INFRA.USUARIOS WHERE CVE_USUARIO = 'CARLOPEZMX@YAHOO.MX'), 'Ica' );

--The Engieneered Fasteners, S.A. de C.V.
INSERT INTO INFRA.USUARIOS ( CVE_USUARIO, PASSWORD ) VALUES( 'MIRNA_FACIO@HOTMAIL.COM', 'ccmx1234' );
INSERT INTO INFRA.REL_ROLES ( CVE_ROL, CVE_USUARIO ) VALUES( 'PyME', 'MIRNA_FACIO@HOTMAIL.COM' );
INSERT INTO INFRA.PYMES ( ID_USUARIO, ID_USUARIO_PADRE, CORREO_ELECTRONICO, NOMBRE_COMERCIAL ) VALUES( (SELECT ID_USUARIO FROM INFRA.USUARIOS WHERE CVE_USUARIO = 'MIRNA_FACIO@HOTMAIL.COM'), '1', 'MIRNA_FACIO@HOTMAIL.COM', 'The Engieneered Fasteners, S.A. de C.V.' );
INSERT INTO INFRA.CONTACTOS (ID_USUARIO, TIPO, NOMBRE, APELLIDO_PATERNO, APELLIDO_MATERNO, CORREO_ELECTRONICO, B_PRINCIPAL, TELEFONO) VALUES ( (SELECT ID_USUARIO FROM INFRA.USUARIOS WHERE CVE_USUARIO = 'MIRNA_FACIO@HOTMAIL.COM'), 'Ventas', 'Mirna', 'Facio', 'Hernandez', 'MIRNA_FACIO@HOTMAIL.COM', true, '55472772');
INSERT INTO INFRA.REL_PYMES_TRACTORAS ( ID_USUARIO_TRACTORA, ID_USUARIO_PYME) VALUES( (SELECT ID_USUARIO FROM INFRA.TRACTORAS WHERE EMPRESA = 'Ica'), (SELECT ID_USUARIO FROM INFRA.USUARIOS WHERE CVE_USUARIO = 'MIRNA_FACIO@HOTMAIL.COM') );
INSERT INTO INFRA.CLIENTES ( ID_USUARIO, CLIENTE) VALUES( (SELECT ID_USUARIO FROM INFRA.USUARIOS WHERE CVE_USUARIO = 'MIRNA_FACIO@HOTMAIL.COM'), 'Ica' );

--Alejandra Martínez Galván. / Force and Steel.
INSERT INTO INFRA.USUARIOS ( CVE_USUARIO, PASSWORD ) VALUES( 'VLADIMIR.HUERTA@FORCEANDSTEEL.COM.MX', 'ccmx1234' );
INSERT INTO INFRA.REL_ROLES ( CVE_ROL, CVE_USUARIO ) VALUES( 'PyME', 'VLADIMIR.HUERTA@FORCEANDSTEEL.COM.MX' );
INSERT INTO INFRA.PYMES ( ID_USUARIO, ID_USUARIO_PADRE, CORREO_ELECTRONICO, NOMBRE_COMERCIAL ) VALUES( (SELECT ID_USUARIO FROM INFRA.USUARIOS WHERE CVE_USUARIO = 'VLADIMIR.HUERTA@FORCEANDSTEEL.COM.MX'), '1', 'VLADIMIR.HUERTA@FORCEANDSTEEL.COM.MX', 'Alejandra Martínez Galván. / Force and Steel.' );
INSERT INTO INFRA.CONTACTOS (ID_USUARIO, TIPO, NOMBRE, APELLIDO_PATERNO, APELLIDO_MATERNO, CORREO_ELECTRONICO, B_PRINCIPAL, TELEFONO) VALUES ( (SELECT ID_USUARIO FROM INFRA.USUARIOS WHERE CVE_USUARIO = 'VLADIMIR.HUERTA@FORCEANDSTEEL.COM.MX'), 'Ventas', 'Vladimir Ivan', 'Huerta', 'Ramirez', 'VLADIMIR.HUERTA@FORCEANDSTEEL.COM.MX', true, '59347696');
INSERT INTO INFRA.REL_PYMES_TRACTORAS ( ID_USUARIO_TRACTORA, ID_USUARIO_PYME) VALUES( (SELECT ID_USUARIO FROM INFRA.TRACTORAS WHERE EMPRESA = 'Ica'), (SELECT ID_USUARIO FROM INFRA.USUARIOS WHERE CVE_USUARIO = 'VLADIMIR.HUERTA@FORCEANDSTEEL.COM.MX') );
INSERT INTO INFRA.CLIENTES ( ID_USUARIO, CLIENTE) VALUES( (SELECT ID_USUARIO FROM INFRA.USUARIOS WHERE CVE_USUARIO = 'VLADIMIR.HUERTA@FORCEANDSTEEL.COM.MX'), 'Ica' );


--Iquisa Santa Clara, S.A. De C.V.

--Representaciones y Servicios Analíticos S.A. de C.V.
INSERT INTO INFRA.USUARIOS ( CVE_USUARIO, PASSWORD ) VALUES( 'jmondragonrocha@yahoo.com', 'ccmx1234' );
INSERT INTO INFRA.REL_ROLES ( CVE_ROL, CVE_USUARIO ) VALUES( 'PyME', 'jmondragonrocha@yahoo.com' );
INSERT INTO INFRA.PYMES ( ID_USUARIO, ID_USUARIO_PADRE, CORREO_ELECTRONICO, NOMBRE_COMERCIAL ) VALUES( (SELECT ID_USUARIO FROM INFRA.USUARIOS WHERE CVE_USUARIO = 'jmondragonrocha@yahoo.com'), '1', 'jmondragonrocha@yahoo.com', 'Representaciones y Servicios Analíticos S.A. de C.V.' );
INSERT INTO INFRA.CONTACTOS (ID_USUARIO, TIPO, NOMBRE, APELLIDO_PATERNO, APELLIDO_MATERNO, CORREO_ELECTRONICO, B_PRINCIPAL, TELEFONO) VALUES ( (SELECT ID_USUARIO FROM INFRA.USUARIOS WHERE CVE_USUARIO = 'jmondragonrocha@yahoo.com'), 'Ventas', 'Vladimir Juanh', 'Dragon', 'Rocha', 'jmondragonrocha@yahoo.com', true, '5557769579');
INSERT INTO INFRA.REL_PYMES_TRACTORAS ( ID_USUARIO_TRACTORA, ID_USUARIO_PYME) VALUES( (SELECT ID_USUARIO FROM INFRA.TRACTORAS WHERE EMPRESA = 'Iquisa Santa Clara, S.A. De C.V.'), (SELECT ID_USUARIO FROM INFRA.USUARIOS WHERE CVE_USUARIO = 'jmondragonrocha@yahoo.com') );
INSERT INTO INFRA.CLIENTES ( ID_USUARIO, CLIENTE) VALUES( (SELECT ID_USUARIO FROM INFRA.USUARIOS WHERE CVE_USUARIO = 'jmondragonrocha@yahoo.com'), 'Iquisa Santa Clara, S.A. De C.V.' );

--Quest Construcción Internacional, S.A. de C.V.
INSERT INTO INFRA.USUARIOS ( CVE_USUARIO, PASSWORD ) VALUES( 'ADMINISTRACION@QUEST-CONSTRUCCION.COM', 'ccmx1234' );
INSERT INTO INFRA.REL_ROLES ( CVE_ROL, CVE_USUARIO ) VALUES( 'PyME', 'ADMINISTRACION@QUEST-CONSTRUCCION.COM' );
INSERT INTO INFRA.PYMES ( ID_USUARIO, ID_USUARIO_PADRE, CORREO_ELECTRONICO, NOMBRE_COMERCIAL ) VALUES( (SELECT ID_USUARIO FROM INFRA.USUARIOS WHERE CVE_USUARIO = 'ADMINISTRACION@QUEST-CONSTRUCCION.COM'), '1', 'ADMINISTRACION@QUEST-CONSTRUCCION.COM', 'Quest Construcción Internacional, S.A. de C.V.' );
INSERT INTO INFRA.CONTACTOS (ID_USUARIO, TIPO, NOMBRE, APELLIDO_PATERNO, APELLIDO_MATERNO, CORREO_ELECTRONICO, B_PRINCIPAL, TELEFONO) VALUES ( (SELECT ID_USUARIO FROM INFRA.USUARIOS WHERE CVE_USUARIO = 'ADMINISTRACION@QUEST-CONSTRUCCION.COM'), 'Ventas', 'Alfredo', 'Medina', 'Lozano', 'ADMINISTRACION@QUEST-CONSTRUCCION.COM', true, '58408112');
INSERT INTO INFRA.REL_PYMES_TRACTORAS ( ID_USUARIO_TRACTORA, ID_USUARIO_PYME) VALUES( (SELECT ID_USUARIO FROM INFRA.TRACTORAS WHERE EMPRESA = 'Iquisa Santa Clara, S.A. De C.V.'), (SELECT ID_USUARIO FROM INFRA.USUARIOS WHERE CVE_USUARIO = 'ADMINISTRACION@QUEST-CONSTRUCCION.COM') );
INSERT INTO INFRA.CLIENTES ( ID_USUARIO, CLIENTE) VALUES( (SELECT ID_USUARIO FROM INFRA.USUARIOS WHERE CVE_USUARIO = 'ADMINISTRACION@QUEST-CONSTRUCCION.COM'), 'Iquisa Santa Clara, S.A. De C.V.' );

--Héctor Esparza Castillo.
INSERT INTO INFRA.USUARIOS ( CVE_USUARIO, PASSWORD ) VALUES( 'espatt@live.com.mx', 'ccmx1234' );
INSERT INTO INFRA.REL_ROLES ( CVE_ROL, CVE_USUARIO ) VALUES( 'PyME', 'espatt@live.com.mx' );
INSERT INTO INFRA.PYMES ( ID_USUARIO, ID_USUARIO_PADRE, CORREO_ELECTRONICO, NOMBRE_COMERCIAL ) VALUES( (SELECT ID_USUARIO FROM INFRA.USUARIOS WHERE CVE_USUARIO = 'espatt@live.com.mx'), '1', 'espatt@live.com.mx', 'Héctor Esparza Castillo.' );
INSERT INTO INFRA.CONTACTOS (ID_USUARIO, TIPO, NOMBRE, APELLIDO_PATERNO, APELLIDO_MATERNO, CORREO_ELECTRONICO, B_PRINCIPAL, TELEFONO) VALUES ( (SELECT ID_USUARIO FROM INFRA.USUARIOS WHERE CVE_USUARIO = 'espatt@live.com.mx'), 'Ventas', 'Hector', 'Esparza', 'Castillo', 'espatt@live.com.mx', true, '5542737802');
INSERT INTO INFRA.REL_PYMES_TRACTORAS ( ID_USUARIO_TRACTORA, ID_USUARIO_PYME) VALUES( (SELECT ID_USUARIO FROM INFRA.TRACTORAS WHERE EMPRESA = 'Iquisa Santa Clara, S.A. De C.V.'), (SELECT ID_USUARIO FROM INFRA.USUARIOS WHERE CVE_USUARIO = 'espatt@live.com.mx') );
INSERT INTO INFRA.CLIENTES ( ID_USUARIO, CLIENTE) VALUES( (SELECT ID_USUARIO FROM INFRA.USUARIOS WHERE CVE_USUARIO = 'espatt@live.com.mx'), 'Iquisa Santa Clara, S.A. De C.V.' );

--Representaciones y Servicios Analíticos S.A. de C.V.
INSERT INTO INFRA.USUARIOS ( CVE_USUARIO, PASSWORD ) VALUES( 'cesarlopez1978@yahoo.com.mx', 'ccmx1234' );
INSERT INTO INFRA.REL_ROLES ( CVE_ROL, CVE_USUARIO ) VALUES( 'PyME', 'cesarlopez1978@yahoo.com.mx' );
INSERT INTO INFRA.PYMES ( ID_USUARIO, ID_USUARIO_PADRE, CORREO_ELECTRONICO, NOMBRE_COMERCIAL ) VALUES( (SELECT ID_USUARIO FROM INFRA.USUARIOS WHERE CVE_USUARIO = 'cesarlopez1978@yahoo.com.mx'), '1', 'cesarlopez1978@yahoo.com.mx', 'Representaciones y Servicios Analíticos S.A. de C.V.' );
INSERT INTO INFRA.CONTACTOS (ID_USUARIO, TIPO, NOMBRE, APELLIDO_PATERNO, APELLIDO_MATERNO, CORREO_ELECTRONICO, B_PRINCIPAL, TELEFONO) VALUES ( (SELECT ID_USUARIO FROM INFRA.USUARIOS WHERE CVE_USUARIO = 'cesarlopez1978@yahoo.com.mx'), 'Ventas', 'Cesar', 'Garcia', 'Lopez', 'cesarlopez1978@yahoo.com.mx', true, '5529624731');
INSERT INTO INFRA.REL_PYMES_TRACTORAS ( ID_USUARIO_TRACTORA, ID_USUARIO_PYME) VALUES( (SELECT ID_USUARIO FROM INFRA.TRACTORAS WHERE EMPRESA = 'Iquisa Santa Clara, S.A. De C.V.'), (SELECT ID_USUARIO FROM INFRA.USUARIOS WHERE CVE_USUARIO = 'cesarlopez1978@yahoo.com.mx') );
INSERT INTO INFRA.CLIENTES ( ID_USUARIO, CLIENTE) VALUES( (SELECT ID_USUARIO FROM INFRA.USUARIOS WHERE CVE_USUARIO = 'cesarlopez1978@yahoo.com.mx'), 'Iquisa Santa Clara, S.A. De C.V.' );

--Martin Jiménez Hernández.
INSERT INTO INFRA.USUARIOS ( CVE_USUARIO, PASSWORD ) VALUES( 'martin.jimenez.hernandez@hotmail.com', 'ccmx1234' );
INSERT INTO INFRA.REL_ROLES ( CVE_ROL, CVE_USUARIO ) VALUES( 'PyME', 'martin.jimenez.hernandez@hotmail.com' );
INSERT INTO INFRA.PYMES ( ID_USUARIO, ID_USUARIO_PADRE, CORREO_ELECTRONICO, NOMBRE_COMERCIAL ) VALUES( (SELECT ID_USUARIO FROM INFRA.USUARIOS WHERE CVE_USUARIO = 'martin.jimenez.hernandez@hotmail.com'), '1', 'martin.jimenez.hernandez@hotmail.com', 'Martin Jiménez Hernández.' );
INSERT INTO INFRA.CONTACTOS (ID_USUARIO, TIPO, NOMBRE, APELLIDO_PATERNO, APELLIDO_MATERNO, CORREO_ELECTRONICO, B_PRINCIPAL, TELEFONO) VALUES ( (SELECT ID_USUARIO FROM INFRA.USUARIOS WHERE CVE_USUARIO = 'martin.jimenez.hernandez@hotmail.com'), 'Ventas', 'Martin', 'Jimenez', 'Hernandez', 'martin.jimenez.hernandez@hotmail.com', true, '5524981023');
INSERT INTO INFRA.REL_PYMES_TRACTORAS ( ID_USUARIO_TRACTORA, ID_USUARIO_PYME) VALUES( (SELECT ID_USUARIO FROM INFRA.TRACTORAS WHERE EMPRESA = 'Iquisa Santa Clara, S.A. De C.V.'), (SELECT ID_USUARIO FROM INFRA.USUARIOS WHERE CVE_USUARIO = 'martin.jimenez.hernandez@hotmail.com') );
INSERT INTO INFRA.CLIENTES ( ID_USUARIO, CLIENTE) VALUES( (SELECT ID_USUARIO FROM INFRA.USUARIOS WHERE CVE_USUARIO = 'martin.jimenez.hernandez@hotmail.com'), 'Iquisa Santa Clara, S.A. De C.V.' );

--Ingeniería en Recubrimientos de Alto Desempeño y Protección, S.A. de C.V.
INSERT INTO INFRA.USUARIOS ( CVE_USUARIO, PASSWORD ) VALUES( 'carlosinrepro@prodigy.net.mx', 'ccmx1234' );
INSERT INTO INFRA.REL_ROLES ( CVE_ROL, CVE_USUARIO ) VALUES( 'PyME', 'carlosinrepro@prodigy.net.mx' );
INSERT INTO INFRA.PYMES ( ID_USUARIO, ID_USUARIO_PADRE, CORREO_ELECTRONICO, NOMBRE_COMERCIAL ) VALUES( (SELECT ID_USUARIO FROM INFRA.USUARIOS WHERE CVE_USUARIO = 'carlosinrepro@prodigy.net.mx'), '1', 'carlosinrepro@prodigy.net.mx', 'Ingeniería en Recubrimientos de Alto Desempeño y Protección, S.A. de C.V.' );
INSERT INTO INFRA.CONTACTOS (ID_USUARIO, TIPO, NOMBRE, APELLIDO_PATERNO, APELLIDO_MATERNO, CORREO_ELECTRONICO, B_PRINCIPAL, TELEFONO) VALUES ( (SELECT ID_USUARIO FROM INFRA.USUARIOS WHERE CVE_USUARIO = 'carlosinrepro@prodigy.net.mx'), 'Ventas', 'Carlos', 'Victoria', 'Castañeda', 'carlosinrepro@prodigy.net.mx', true, '5553738376');
INSERT INTO INFRA.REL_PYMES_TRACTORAS ( ID_USUARIO_TRACTORA, ID_USUARIO_PYME) VALUES( (SELECT ID_USUARIO FROM INFRA.TRACTORAS WHERE EMPRESA = 'Iquisa Santa Clara, S.A. De C.V.'), (SELECT ID_USUARIO FROM INFRA.USUARIOS WHERE CVE_USUARIO = 'carlosinrepro@prodigy.net.mx') );
INSERT INTO INFRA.CLIENTES ( ID_USUARIO, CLIENTE) VALUES( (SELECT ID_USUARIO FROM INFRA.USUARIOS WHERE CVE_USUARIO = 'carlosinrepro@prodigy.net.mx'), 'Iquisa Santa Clara, S.A. De C.V.' );

--Manuel Romero Jiménez.
INSERT INTO INFRA.USUARIOS ( CVE_USUARIO, PASSWORD ) VALUES( 'jagoyadra@yahoo.com.mx', 'ccmx1234' );
INSERT INTO INFRA.REL_ROLES ( CVE_ROL, CVE_USUARIO ) VALUES( 'PyME', 'jagoyadra@yahoo.com.mx' );
INSERT INTO INFRA.PYMES ( ID_USUARIO, ID_USUARIO_PADRE, CORREO_ELECTRONICO, NOMBRE_COMERCIAL ) VALUES( (SELECT ID_USUARIO FROM INFRA.USUARIOS WHERE CVE_USUARIO = 'jagoyadra@yahoo.com.mx'), '1', 'jagoyadra@yahoo.com.mx', 'Manuel Romero Jiménez.' );
INSERT INTO INFRA.CONTACTOS (ID_USUARIO, TIPO, NOMBRE, APELLIDO_PATERNO, APELLIDO_MATERNO, CORREO_ELECTRONICO, B_PRINCIPAL, TELEFONO) VALUES ( (SELECT ID_USUARIO FROM INFRA.USUARIOS WHERE CVE_USUARIO = 'jagoyadra@yahoo.com.mx'), 'Ventas', 'J. Antonio', 'Garcia', 'Ortiz', 'jagoyadra@yahoo.com.mx', true, '5529719737');
INSERT INTO INFRA.REL_PYMES_TRACTORAS ( ID_USUARIO_TRACTORA, ID_USUARIO_PYME) VALUES( (SELECT ID_USUARIO FROM INFRA.TRACTORAS WHERE EMPRESA = 'Iquisa Santa Clara, S.A. De C.V.'), (SELECT ID_USUARIO FROM INFRA.USUARIOS WHERE CVE_USUARIO = 'jagoyadra@yahoo.com.mx') );
INSERT INTO INFRA.CLIENTES ( ID_USUARIO, CLIENTE) VALUES( (SELECT ID_USUARIO FROM INFRA.USUARIOS WHERE CVE_USUARIO = 'jagoyadra@yahoo.com.mx'), 'Iquisa Santa Clara, S.A. De C.V.' );

--Canalizaciones y Suministros Eléctricos Calzada, S.A. de C.V.
INSERT INTO INFRA.USUARIOS ( CVE_USUARIO, PASSWORD ) VALUES( 'casec_electric@hotmail.com', 'ccmx1234' );
INSERT INTO INFRA.REL_ROLES ( CVE_ROL, CVE_USUARIO ) VALUES( 'PyME', 'casec_electric@hotmail.com' );
INSERT INTO INFRA.PYMES ( ID_USUARIO, ID_USUARIO_PADRE, CORREO_ELECTRONICO, NOMBRE_COMERCIAL ) VALUES( (SELECT ID_USUARIO FROM INFRA.USUARIOS WHERE CVE_USUARIO = 'casec_electric@hotmail.com'), '1', 'casec_electric@hotmail.com', 'Canalizaciones y Suministros Eléctricos Calzada, S.A. de C.V.' );
INSERT INTO INFRA.CONTACTOS (ID_USUARIO, TIPO, NOMBRE, APELLIDO_PATERNO, APELLIDO_MATERNO, CORREO_ELECTRONICO, B_PRINCIPAL, TELEFONO) VALUES ( (SELECT ID_USUARIO FROM INFRA.USUARIOS WHERE CVE_USUARIO = 'casec_electric@hotmail.com'), 'Ventas', 'Alejandro', 'Calzada', 'Lopez', 'casec_electric@hotmail.com', true, '5557756933');
INSERT INTO INFRA.REL_PYMES_TRACTORAS ( ID_USUARIO_TRACTORA, ID_USUARIO_PYME) VALUES( (SELECT ID_USUARIO FROM INFRA.TRACTORAS WHERE EMPRESA = 'Iquisa Santa Clara, S.A. De C.V.'), (SELECT ID_USUARIO FROM INFRA.USUARIOS WHERE CVE_USUARIO = 'casec_electric@hotmail.com') );
INSERT INTO INFRA.CLIENTES ( ID_USUARIO, CLIENTE) VALUES( (SELECT ID_USUARIO FROM INFRA.USUARIOS WHERE CVE_USUARIO = 'casec_electric@hotmail.com'), 'Iquisa Santa Clara, S.A. De C.V.' );

--Polatecnia, S.A. de C.V.
INSERT INTO INFRA.USUARIOS ( CVE_USUARIO, PASSWORD ) VALUES( 'ghernandez@polakgrupo.com', 'ccmx1234' );
INSERT INTO INFRA.REL_ROLES ( CVE_ROL, CVE_USUARIO ) VALUES( 'PyME', 'ghernandez@polakgrupo.com' );
INSERT INTO INFRA.PYMES ( ID_USUARIO, ID_USUARIO_PADRE, CORREO_ELECTRONICO, NOMBRE_COMERCIAL ) VALUES( (SELECT ID_USUARIO FROM INFRA.USUARIOS WHERE CVE_USUARIO = 'ghernandez@polakgrupo.com'), '1', 'ghernandez@polakgrupo.com', 'Polatecnia, S.A. de C.V.' );
INSERT INTO INFRA.CONTACTOS (ID_USUARIO, TIPO, NOMBRE, APELLIDO_PATERNO, APELLIDO_MATERNO, CORREO_ELECTRONICO, B_PRINCIPAL, TELEFONO) VALUES ( (SELECT ID_USUARIO FROM INFRA.USUARIOS WHERE CVE_USUARIO = 'ghernandez@polakgrupo.com'), 'Ventas', 'J. Jesus', 'Correa', 'C.', 'ghernandez@polakgrupo.com', true, '19460500');
INSERT INTO INFRA.REL_PYMES_TRACTORAS ( ID_USUARIO_TRACTORA, ID_USUARIO_PYME) VALUES( (SELECT ID_USUARIO FROM INFRA.TRACTORAS WHERE EMPRESA = 'Iquisa Santa Clara, S.A. De C.V.'), (SELECT ID_USUARIO FROM INFRA.USUARIOS WHERE CVE_USUARIO = 'ghernandez@polakgrupo.com') );
INSERT INTO INFRA.CLIENTES ( ID_USUARIO, CLIENTE) VALUES( (SELECT ID_USUARIO FROM INFRA.USUARIOS WHERE CVE_USUARIO = 'ghernandez@polakgrupo.com'), 'Iquisa Santa Clara, S.A. De C.V.' );


--Kimberly Clark

--CABEL S.A. DE C.V.
INSERT INTO INFRA.USUARIOS ( CVE_USUARIO, PASSWORD ) VALUES( 'emartinez@cabel.com.mx', 'ccmx1234' );
INSERT INTO INFRA.REL_ROLES ( CVE_ROL, CVE_USUARIO ) VALUES( 'PyME', 'emartinez@cabel.com.mx' );
INSERT INTO INFRA.PYMES ( ID_USUARIO, ID_USUARIO_PADRE, CORREO_ELECTRONICO, NOMBRE_COMERCIAL ) VALUES( (SELECT ID_USUARIO FROM INFRA.USUARIOS WHERE CVE_USUARIO = 'emartinez@cabel.com.mx'), '1', 'emartinez@cabel.com.mx', 'CABEL S.A. DE C.V.' );
INSERT INTO INFRA.CONTACTOS (ID_USUARIO, TIPO, NOMBRE, APELLIDO_PATERNO, APELLIDO_MATERNO, CORREO_ELECTRONICO, B_PRINCIPAL, TELEFONO) VALUES ( (SELECT ID_USUARIO FROM INFRA.USUARIOS WHERE CVE_USUARIO = 'emartinez@cabel.com.mx'), 'Ventas', 'EDUARDO', 'MARTINEZ', 'LOMAS', 'emartinez@cabel.com.mx', true, '53930089');
INSERT INTO INFRA.REL_PYMES_TRACTORAS ( ID_USUARIO_TRACTORA, ID_USUARIO_PYME) VALUES( (SELECT ID_USUARIO FROM INFRA.TRACTORAS WHERE EMPRESA = 'Kimberly Clark'), (SELECT ID_USUARIO FROM INFRA.USUARIOS WHERE CVE_USUARIO = 'emartinez@cabel.com.mx') );
INSERT INTO INFRA.CLIENTES ( ID_USUARIO, CLIENTE) VALUES( (SELECT ID_USUARIO FROM INFRA.USUARIOS WHERE CVE_USUARIO = 'emartinez@cabel.com.mx'), 'Kimberly Clark' );

--Básicos y Colorantes, S.A. de C.V.
INSERT INTO INFRA.USUARIOS ( CVE_USUARIO, PASSWORD ) VALUES( 'emojaras@byc.com.mx', 'ccmx1234' );
INSERT INTO INFRA.REL_ROLES ( CVE_ROL, CVE_USUARIO ) VALUES( 'PyME', 'emojaras@byc.com.mx' );
INSERT INTO INFRA.PYMES ( ID_USUARIO, ID_USUARIO_PADRE, CORREO_ELECTRONICO, NOMBRE_COMERCIAL ) VALUES( (SELECT ID_USUARIO FROM INFRA.USUARIOS WHERE CVE_USUARIO = 'emojaras@byc.com.mx'), '1', 'emojaras@byc.com.mx', 'Básicos y Colorantes, S.A. de C.V.' );
INSERT INTO INFRA.CONTACTOS (ID_USUARIO, TIPO, NOMBRE, APELLIDO_PATERNO, APELLIDO_MATERNO, CORREO_ELECTRONICO, B_PRINCIPAL, TELEFONO) VALUES ( (SELECT ID_USUARIO FROM INFRA.USUARIOS WHERE CVE_USUARIO = 'emojaras@byc.com.mx'), 'Ventas', 'Alejandro', 'Chavez', '', 'emojaras@byc.com.mx', true, '53582011');
INSERT INTO INFRA.REL_PYMES_TRACTORAS ( ID_USUARIO_TRACTORA, ID_USUARIO_PYME) VALUES( (SELECT ID_USUARIO FROM INFRA.TRACTORAS WHERE EMPRESA = 'Kimberly Clark'), (SELECT ID_USUARIO FROM INFRA.USUARIOS WHERE CVE_USUARIO = 'emojaras@byc.com.mx') );
INSERT INTO INFRA.CLIENTES ( ID_USUARIO, CLIENTE) VALUES( (SELECT ID_USUARIO FROM INFRA.USUARIOS WHERE CVE_USUARIO = 'emojaras@byc.com.mx'), 'Kimberly Clark' );

--Soliplas, S.A. de C.V.
INSERT INTO INFRA.USUARIOS ( CVE_USUARIO, PASSWORD ) VALUES( 'julia@soliplas.com.mx', 'ccmx1234' );
INSERT INTO INFRA.REL_ROLES ( CVE_ROL, CVE_USUARIO ) VALUES( 'PyME', 'julia@soliplas.com.mx' );
INSERT INTO INFRA.PYMES ( ID_USUARIO, ID_USUARIO_PADRE, CORREO_ELECTRONICO, NOMBRE_COMERCIAL ) VALUES( (SELECT ID_USUARIO FROM INFRA.USUARIOS WHERE CVE_USUARIO = 'julia@soliplas.com.mx'), '1', 'julia@soliplas.com.mx', 'Soliplas, S.A. de C.V.' );
INSERT INTO INFRA.CONTACTOS (ID_USUARIO, TIPO, NOMBRE, APELLIDO_PATERNO, APELLIDO_MATERNO, CORREO_ELECTRONICO, B_PRINCIPAL, TELEFONO) VALUES ( (SELECT ID_USUARIO FROM INFRA.USUARIOS WHERE CVE_USUARIO = 'julia@soliplas.com.mx'), 'Ventas', 'Julia', 'Sanchez', 'Torres', 'julia@soliplas.com.mx', true, '56009566');
INSERT INTO INFRA.REL_PYMES_TRACTORAS ( ID_USUARIO_TRACTORA, ID_USUARIO_PYME) VALUES( (SELECT ID_USUARIO FROM INFRA.TRACTORAS WHERE EMPRESA = 'Kimberly Clark'), (SELECT ID_USUARIO FROM INFRA.USUARIOS WHERE CVE_USUARIO = 'julia@soliplas.com.mx') );
INSERT INTO INFRA.CLIENTES ( ID_USUARIO, CLIENTE) VALUES( (SELECT ID_USUARIO FROM INFRA.USUARIOS WHERE CVE_USUARIO = 'julia@soliplas.com.mx'), 'Kimberly Clark' );

--H G Chemical Group, S.A. de C.V.
INSERT INTO INFRA.USUARIOS ( CVE_USUARIO, PASSWORD ) VALUES( 'areli.ramos@hgchemicalgroup.com', 'ccmx1234' );
INSERT INTO INFRA.REL_ROLES ( CVE_ROL, CVE_USUARIO ) VALUES( 'PyME', 'areli.ramos@hgchemicalgroup.com' );
INSERT INTO INFRA.PYMES ( ID_USUARIO, ID_USUARIO_PADRE, CORREO_ELECTRONICO, NOMBRE_COMERCIAL ) VALUES( (SELECT ID_USUARIO FROM INFRA.USUARIOS WHERE CVE_USUARIO = 'areli.ramos@hgchemicalgroup.com'), '1', 'areli.ramos@hgchemicalgroup.com', 'H G Chemical Group, S.A. de C.V.' );
INSERT INTO INFRA.CONTACTOS (ID_USUARIO, TIPO, NOMBRE, APELLIDO_PATERNO, APELLIDO_MATERNO, CORREO_ELECTRONICO, B_PRINCIPAL, TELEFONO) VALUES ( (SELECT ID_USUARIO FROM INFRA.USUARIOS WHERE CVE_USUARIO = 'areli.ramos@hgchemicalgroup.com'), 'Ventas', 'Areli', 'Ramos', '', 'areli.ramos@hgchemicalgroup.com', true, '5520452333');
INSERT INTO INFRA.REL_PYMES_TRACTORAS ( ID_USUARIO_TRACTORA, ID_USUARIO_PYME) VALUES( (SELECT ID_USUARIO FROM INFRA.TRACTORAS WHERE EMPRESA = 'Kimberly Clark'), (SELECT ID_USUARIO FROM INFRA.USUARIOS WHERE CVE_USUARIO = 'areli.ramos@hgchemicalgroup.com') );
INSERT INTO INFRA.CLIENTES ( ID_USUARIO, CLIENTE) VALUES( (SELECT ID_USUARIO FROM INFRA.USUARIOS WHERE CVE_USUARIO = 'areli.ramos@hgchemicalgroup.com'), 'Kimberly Clark' );

--Nelly Busrztyn Kuvejwowsky.
INSERT INTO INFRA.USUARIOS ( CVE_USUARIO, PASSWORD ) VALUES( 'nbkoi@prodigy.net.mx', 'ccmx1234' );
INSERT INTO INFRA.REL_ROLES ( CVE_ROL, CVE_USUARIO ) VALUES( 'PyME', 'nbkoi@prodigy.net.mx' );
INSERT INTO INFRA.PYMES ( ID_USUARIO, ID_USUARIO_PADRE, CORREO_ELECTRONICO, NOMBRE_COMERCIAL ) VALUES( (SELECT ID_USUARIO FROM INFRA.USUARIOS WHERE CVE_USUARIO = 'nbkoi@prodigy.net.mx'), '1', 'nbkoi@prodigy.net.mx', 'Nelly Busrztyn Kuvejwowsky.' );
INSERT INTO INFRA.CONTACTOS (ID_USUARIO, TIPO, NOMBRE, APELLIDO_PATERNO, APELLIDO_MATERNO, CORREO_ELECTRONICO, B_PRINCIPAL, TELEFONO) VALUES ( (SELECT ID_USUARIO FROM INFRA.USUARIOS WHERE CVE_USUARIO = 'nbkoi@prodigy.net.mx'), 'Ventas', 'Sergio', 'Frydman', 'Bursztyn', 'nbkoi@prodigy.net.mx', true, '57587609');
INSERT INTO INFRA.REL_PYMES_TRACTORAS ( ID_USUARIO_TRACTORA, ID_USUARIO_PYME) VALUES( (SELECT ID_USUARIO FROM INFRA.TRACTORAS WHERE EMPRESA = 'Kimberly Clark'), (SELECT ID_USUARIO FROM INFRA.USUARIOS WHERE CVE_USUARIO = 'nbkoi@prodigy.net.mx') );
INSERT INTO INFRA.CLIENTES ( ID_USUARIO, CLIENTE) VALUES( (SELECT ID_USUARIO FROM INFRA.USUARIOS WHERE CVE_USUARIO = 'nbkoi@prodigy.net.mx'), 'Kimberly Clark' );

--Carol Mex S.A. de C.V.
INSERT INTO INFRA.USUARIOS ( CVE_USUARIO, PASSWORD ) VALUES( 'patricia.aguirre@carol-mex.com', 'ccmx1234' );
INSERT INTO INFRA.REL_ROLES ( CVE_ROL, CVE_USUARIO ) VALUES( 'PyME', 'patricia.aguirre@carol-mex.com' );
INSERT INTO INFRA.PYMES ( ID_USUARIO, ID_USUARIO_PADRE, CORREO_ELECTRONICO, NOMBRE_COMERCIAL ) VALUES( (SELECT ID_USUARIO FROM INFRA.USUARIOS WHERE CVE_USUARIO = 'patricia.aguirre@carol-mex.com'), '1', 'patricia.aguirre@carol-mex.com', 'Carol Mex S.A. de C.V.' );
INSERT INTO INFRA.CONTACTOS (ID_USUARIO, TIPO, NOMBRE, APELLIDO_PATERNO, APELLIDO_MATERNO, CORREO_ELECTRONICO, B_PRINCIPAL, TELEFONO) VALUES ( (SELECT ID_USUARIO FROM INFRA.USUARIOS WHERE CVE_USUARIO = 'patricia.aguirre@carol-mex.com'), 'Ventas', 'Patricia', 'Aguirre', '', 'patricia.aguirre@carol-mex.com', true, '55865924');
INSERT INTO INFRA.REL_PYMES_TRACTORAS ( ID_USUARIO_TRACTORA, ID_USUARIO_PYME) VALUES( (SELECT ID_USUARIO FROM INFRA.TRACTORAS WHERE EMPRESA = 'Kimberly Clark'), (SELECT ID_USUARIO FROM INFRA.USUARIOS WHERE CVE_USUARIO = 'patricia.aguirre@carol-mex.com') );
INSERT INTO INFRA.CLIENTES ( ID_USUARIO, CLIENTE) VALUES( (SELECT ID_USUARIO FROM INFRA.USUARIOS WHERE CVE_USUARIO = 'patricia.aguirre@carol-mex.com'), 'Kimberly Clark' );

--Soluciones Químicas Globales, S. de R.L. MI
INSERT INTO INFRA.USUARIOS ( CVE_USUARIO, PASSWORD ) VALUES( 'gloriaesp@solucionesquimicasglobales.com.mx', 'ccmx1234' );
INSERT INTO INFRA.REL_ROLES ( CVE_ROL, CVE_USUARIO ) VALUES( 'PyME', 'gloriaesp@solucionesquimicasglobales.com.mx' );
INSERT INTO INFRA.PYMES ( ID_USUARIO, ID_USUARIO_PADRE, CORREO_ELECTRONICO, NOMBRE_COMERCIAL ) VALUES( (SELECT ID_USUARIO FROM INFRA.USUARIOS WHERE CVE_USUARIO = 'gloriaesp@solucionesquimicasglobales.com.mx'), '1', 'gloriaesp@solucionesquimicasglobales.com.mx', 'Soluciones Químicas Globales, S. de R.L. MI' );
INSERT INTO INFRA.CONTACTOS (ID_USUARIO, TIPO, NOMBRE, APELLIDO_PATERNO, APELLIDO_MATERNO, CORREO_ELECTRONICO, B_PRINCIPAL, TELEFONO) VALUES ( (SELECT ID_USUARIO FROM INFRA.USUARIOS WHERE CVE_USUARIO = 'gloriaesp@solucionesquimicasglobales.com.mx'), 'Ventas', 'Baltazar', 'Martinez', 'Quiroz', 'gloriaesp@solucionesquimicasglobales.com.mx', true, '7717915106');
INSERT INTO INFRA.REL_PYMES_TRACTORAS ( ID_USUARIO_TRACTORA, ID_USUARIO_PYME) VALUES( (SELECT ID_USUARIO FROM INFRA.TRACTORAS WHERE EMPRESA = 'Kimberly Clark'), (SELECT ID_USUARIO FROM INFRA.USUARIOS WHERE CVE_USUARIO = 'gloriaesp@solucionesquimicasglobales.com.mx') );
INSERT INTO INFRA.CLIENTES ( ID_USUARIO, CLIENTE) VALUES( (SELECT ID_USUARIO FROM INFRA.USUARIOS WHERE CVE_USUARIO = 'gloriaesp@solucionesquimicasglobales.com.mx'), 'Kimberly Clark' );

--Ruhega Artes Gráficas, S.A. de C.V.
INSERT INTO INFRA.USUARIOS ( CVE_USUARIO, PASSWORD ) VALUES( 'rubenhcuevas@ruhega.com', 'ccmx1234' );
INSERT INTO INFRA.REL_ROLES ( CVE_ROL, CVE_USUARIO ) VALUES( 'PyME', 'rubenhcuevas@ruhega.com' );
INSERT INTO INFRA.PYMES ( ID_USUARIO, ID_USUARIO_PADRE, CORREO_ELECTRONICO, NOMBRE_COMERCIAL ) VALUES( (SELECT ID_USUARIO FROM INFRA.USUARIOS WHERE CVE_USUARIO = 'rubenhcuevas@ruhega.com'), '1', 'rubenhcuevas@ruhega.com', 'Ruhega Artes Gráficas, S.A. de C.V.' );
INSERT INTO INFRA.CONTACTOS (ID_USUARIO, TIPO, NOMBRE, APELLIDO_PATERNO, APELLIDO_MATERNO, CORREO_ELECTRONICO, B_PRINCIPAL, TELEFONO) VALUES ( (SELECT ID_USUARIO FROM INFRA.USUARIOS WHERE CVE_USUARIO = 'rubenhcuevas@ruhega.com'), 'Ventas', 'Ruben', 'Cuevas', '', 'rubenhcuevas@ruhega.com', true, '56971950');
INSERT INTO INFRA.REL_PYMES_TRACTORAS ( ID_USUARIO_TRACTORA, ID_USUARIO_PYME) VALUES( (SELECT ID_USUARIO FROM INFRA.TRACTORAS WHERE EMPRESA = 'Kimberly Clark'), (SELECT ID_USUARIO FROM INFRA.USUARIOS WHERE CVE_USUARIO = 'rubenhcuevas@ruhega.com') );
INSERT INTO INFRA.CLIENTES ( ID_USUARIO, CLIENTE) VALUES( (SELECT ID_USUARIO FROM INFRA.USUARIOS WHERE CVE_USUARIO = 'rubenhcuevas@ruhega.com'), 'Kimberly Clark' );

--Químicos y Colorantes, S.A. de C.V. / Manuel Cruz Macías.
INSERT INTO INFRA.USUARIOS ( CVE_USUARIO, PASSWORD ) VALUES( 'aycmex@prodigy.net.mx', 'ccmx1234' );
INSERT INTO INFRA.REL_ROLES ( CVE_ROL, CVE_USUARIO ) VALUES( 'PyME', 'aycmex@prodigy.net.mx' );
INSERT INTO INFRA.PYMES ( ID_USUARIO, ID_USUARIO_PADRE, CORREO_ELECTRONICO, NOMBRE_COMERCIAL ) VALUES( (SELECT ID_USUARIO FROM INFRA.USUARIOS WHERE CVE_USUARIO = 'aycmex@prodigy.net.mx'), '1', 'aycmex@prodigy.net.mx', 'Químicos y Colorantes, S.A. de C.V. / Manuel Cruz Macías.' );
INSERT INTO INFRA.CONTACTOS (ID_USUARIO, TIPO, NOMBRE, APELLIDO_PATERNO, APELLIDO_MATERNO, CORREO_ELECTRONICO, B_PRINCIPAL, TELEFONO) VALUES ( (SELECT ID_USUARIO FROM INFRA.USUARIOS WHERE CVE_USUARIO = 'aycmex@prodigy.net.mx'), 'Ventas', 'Luis Oscar', 'Guzman', 'Navarrete', 'aycmex@prodigy.net.mx', true, '55773235');
INSERT INTO INFRA.REL_PYMES_TRACTORAS ( ID_USUARIO_TRACTORA, ID_USUARIO_PYME) VALUES( (SELECT ID_USUARIO FROM INFRA.TRACTORAS WHERE EMPRESA = 'Kimberly Clark'), (SELECT ID_USUARIO FROM INFRA.USUARIOS WHERE CVE_USUARIO = 'aycmex@prodigy.net.mx') );
INSERT INTO INFRA.CLIENTES ( ID_USUARIO, CLIENTE) VALUES( (SELECT ID_USUARIO FROM INFRA.USUARIOS WHERE CVE_USUARIO = 'aycmex@prodigy.net.mx'), 'Kimberly Clark' );

--Pedro Gonzales Hilario. / Maderería Alex.
INSERT INTO INFRA.USUARIOS ( CVE_USUARIO, PASSWORD ) VALUES( 'madereriaalex@yahoo.com.mx', 'ccmx1234' );
INSERT INTO INFRA.REL_ROLES ( CVE_ROL, CVE_USUARIO ) VALUES( 'PyME', 'madereriaalex@yahoo.com.mx' );
INSERT INTO INFRA.PYMES ( ID_USUARIO, ID_USUARIO_PADRE, CORREO_ELECTRONICO, NOMBRE_COMERCIAL ) VALUES( (SELECT ID_USUARIO FROM INFRA.USUARIOS WHERE CVE_USUARIO = 'madereriaalex@yahoo.com.mx'), '1', 'madereriaalex@yahoo.com.mx', 'Pedro Gonzales Hilario. / Maderería Alex.' );
INSERT INTO INFRA.CONTACTOS (ID_USUARIO, TIPO, NOMBRE, APELLIDO_PATERNO, APELLIDO_MATERNO, CORREO_ELECTRONICO, B_PRINCIPAL, TELEFONO) VALUES ( (SELECT ID_USUARIO FROM INFRA.USUARIOS WHERE CVE_USUARIO = 'madereriaalex@yahoo.com.mx'), 'Ventas', 'Alejandro', 'Gz', 'Torres', 'madereriaalex@yahoo.com.mx', true, '53801656');
INSERT INTO INFRA.REL_PYMES_TRACTORAS ( ID_USUARIO_TRACTORA, ID_USUARIO_PYME) VALUES( (SELECT ID_USUARIO FROM INFRA.TRACTORAS WHERE EMPRESA = 'Kimberly Clark'), (SELECT ID_USUARIO FROM INFRA.USUARIOS WHERE CVE_USUARIO = 'madereriaalex@yahoo.com.mx') );
INSERT INTO INFRA.CLIENTES ( ID_USUARIO, CLIENTE) VALUES( (SELECT ID_USUARIO FROM INFRA.USUARIOS WHERE CVE_USUARIO = 'madereriaalex@yahoo.com.mx'), 'Kimberly Clark' );

--Platimpress, S.A. de C.V.
INSERT INTO INFRA.USUARIOS ( CVE_USUARIO, PASSWORD ) VALUES( 'salvador@platim.com', 'ccmx1234' );
INSERT INTO INFRA.REL_ROLES ( CVE_ROL, CVE_USUARIO ) VALUES( 'PyME', 'salvador@platim.com' );
INSERT INTO INFRA.PYMES ( ID_USUARIO, ID_USUARIO_PADRE, CORREO_ELECTRONICO, NOMBRE_COMERCIAL ) VALUES( (SELECT ID_USUARIO FROM INFRA.USUARIOS WHERE CVE_USUARIO = 'salvador@platim.com'), '1', 'salvador@platim.com', 'Platimpress, S.A. de C.V.' );
INSERT INTO INFRA.CONTACTOS (ID_USUARIO, TIPO, NOMBRE, APELLIDO_PATERNO, APELLIDO_MATERNO, CORREO_ELECTRONICO, B_PRINCIPAL, TELEFONO) VALUES ( (SELECT ID_USUARIO FROM INFRA.USUARIOS WHERE CVE_USUARIO = 'salvador@platim.com'), 'Ventas', 'Jair', 'Urias', 'Limon', 'salvador@platim.com', true, '53909795');
INSERT INTO INFRA.REL_PYMES_TRACTORAS ( ID_USUARIO_TRACTORA, ID_USUARIO_PYME) VALUES( (SELECT ID_USUARIO FROM INFRA.TRACTORAS WHERE EMPRESA = 'Kimberly Clark'), (SELECT ID_USUARIO FROM INFRA.USUARIOS WHERE CVE_USUARIO = 'salvador@platim.com') );
INSERT INTO INFRA.CLIENTES ( ID_USUARIO, CLIENTE) VALUES( (SELECT ID_USUARIO FROM INFRA.USUARIOS WHERE CVE_USUARIO = 'salvador@platim.com'), 'Kimberly Clark' );

--Corporativo Comercial Empresarial Ered, S.A. de C.V.
INSERT INTO INFRA.USUARIOS ( CVE_USUARIO, PASSWORD ) VALUES( 'lalurban@hotmail.com', 'ccmx1234' );
INSERT INTO INFRA.REL_ROLES ( CVE_ROL, CVE_USUARIO ) VALUES( 'PyME', 'lalurban@hotmail.com' );
INSERT INTO INFRA.PYMES ( ID_USUARIO, ID_USUARIO_PADRE, CORREO_ELECTRONICO, NOMBRE_COMERCIAL ) VALUES( (SELECT ID_USUARIO FROM INFRA.USUARIOS WHERE CVE_USUARIO = 'lalurban@hotmail.com'), '1', 'lalurban@hotmail.com', 'Corporativo Comercial Empresarial Ered, S.A. de C.V.' );
INSERT INTO INFRA.CONTACTOS (ID_USUARIO, TIPO, NOMBRE, APELLIDO_PATERNO, APELLIDO_MATERNO, CORREO_ELECTRONICO, B_PRINCIPAL, TELEFONO) VALUES ( (SELECT ID_USUARIO FROM INFRA.USUARIOS WHERE CVE_USUARIO = 'lalurban@hotmail.com'), 'Ventas', 'Gaston Eduardo', 'Sanchez', 'Urban', 'lalurban@hotmail.com', true, '51034377');
INSERT INTO INFRA.REL_PYMES_TRACTORAS ( ID_USUARIO_TRACTORA, ID_USUARIO_PYME) VALUES( (SELECT ID_USUARIO FROM INFRA.TRACTORAS WHERE EMPRESA = 'Kimberly Clark'), (SELECT ID_USUARIO FROM INFRA.USUARIOS WHERE CVE_USUARIO = 'lalurban@hotmail.com') );
INSERT INTO INFRA.CLIENTES ( ID_USUARIO, CLIENTE) VALUES( (SELECT ID_USUARIO FROM INFRA.USUARIOS WHERE CVE_USUARIO = 'lalurban@hotmail.com'), 'Kimberly Clark' );

--Excel Nobleza, S.A. de C.V.
INSERT INTO INFRA.USUARIOS ( CVE_USUARIO, PASSWORD ) VALUES( 'pgarcia@excelnobleza.com.mx', 'ccmx1234' );
INSERT INTO INFRA.REL_ROLES ( CVE_ROL, CVE_USUARIO ) VALUES( 'PyME', 'pgarcia@excelnobleza.com.mx' );
INSERT INTO INFRA.PYMES ( ID_USUARIO, ID_USUARIO_PADRE, CORREO_ELECTRONICO, NOMBRE_COMERCIAL ) VALUES( (SELECT ID_USUARIO FROM INFRA.USUARIOS WHERE CVE_USUARIO = 'pgarcia@excelnobleza.com.mx'), '1', 'pgarcia@excelnobleza.com.mx', 'Excel Nobleza, S.A. de C.V.' );
INSERT INTO INFRA.CONTACTOS (ID_USUARIO, TIPO, NOMBRE, APELLIDO_PATERNO, APELLIDO_MATERNO, CORREO_ELECTRONICO, B_PRINCIPAL, TELEFONO) VALUES ( (SELECT ID_USUARIO FROM INFRA.USUARIOS WHERE CVE_USUARIO = 'pgarcia@excelnobleza.com.mx'), 'Ventas', 'Miguel Angel', 'Herrero', '', 'pgarcia@excelnobleza.com.mx', true, '2383837433');
INSERT INTO INFRA.REL_PYMES_TRACTORAS ( ID_USUARIO_TRACTORA, ID_USUARIO_PYME) VALUES( (SELECT ID_USUARIO FROM INFRA.TRACTORAS WHERE EMPRESA = 'Kimberly Clark'), (SELECT ID_USUARIO FROM INFRA.USUARIOS WHERE CVE_USUARIO = 'pgarcia@excelnobleza.com.mx') );
INSERT INTO INFRA.CLIENTES ( ID_USUARIO, CLIENTE) VALUES( (SELECT ID_USUARIO FROM INFRA.USUARIOS WHERE CVE_USUARIO = 'pgarcia@excelnobleza.com.mx'), 'Kimberly Clark' );

--Diana Baez Ferrusca. / Servicio Automotriz los Juanes.
INSERT INTO INFRA.USUARIOS ( CVE_USUARIO, PASSWORD ) VALUES( 'losjuanes-99@hotmail.com', 'ccmx1234' );
INSERT INTO INFRA.REL_ROLES ( CVE_ROL, CVE_USUARIO ) VALUES( 'PyME', 'losjuanes-99@hotmail.com' );
INSERT INTO INFRA.PYMES ( ID_USUARIO, ID_USUARIO_PADRE, CORREO_ELECTRONICO, NOMBRE_COMERCIAL ) VALUES( (SELECT ID_USUARIO FROM INFRA.USUARIOS WHERE CVE_USUARIO = 'losjuanes-99@hotmail.com'), '1', 'losjuanes-99@hotmail.com', 'Diana Baez Ferrusca. / Servicio Automotriz los Juanes.' );
INSERT INTO INFRA.CONTACTOS (ID_USUARIO, TIPO, NOMBRE, APELLIDO_PATERNO, APELLIDO_MATERNO, CORREO_ELECTRONICO, B_PRINCIPAL, TELEFONO) VALUES ( (SELECT ID_USUARIO FROM INFRA.USUARIOS WHERE CVE_USUARIO = 'losjuanes-99@hotmail.com'), 'Ventas', 'Diana', 'Baez', 'Ferrusca', 'losjuanes-99@hotmail.com', true, '57708948');
INSERT INTO INFRA.REL_PYMES_TRACTORAS ( ID_USUARIO_TRACTORA, ID_USUARIO_PYME) VALUES( (SELECT ID_USUARIO FROM INFRA.TRACTORAS WHERE EMPRESA = 'Kimberly Clark'), (SELECT ID_USUARIO FROM INFRA.USUARIOS WHERE CVE_USUARIO = 'losjuanes-99@hotmail.com') );
INSERT INTO INFRA.CLIENTES ( ID_USUARIO, CLIENTE) VALUES( (SELECT ID_USUARIO FROM INFRA.USUARIOS WHERE CVE_USUARIO = 'losjuanes-99@hotmail.com'), 'Kimberly Clark' );

--Comercializadora Soca.
INSERT INTO INFRA.USUARIOS ( CVE_USUARIO, PASSWORD ) VALUES( 'com.soca@hotmail.com', 'ccmx1234' );
INSERT INTO INFRA.REL_ROLES ( CVE_ROL, CVE_USUARIO ) VALUES( 'PyME', 'com.soca@hotmail.com' );
INSERT INTO INFRA.PYMES ( ID_USUARIO, ID_USUARIO_PADRE, CORREO_ELECTRONICO, NOMBRE_COMERCIAL ) VALUES( (SELECT ID_USUARIO FROM INFRA.USUARIOS WHERE CVE_USUARIO = 'com.soca@hotmail.com'), '1', 'com.soca@hotmail.com', 'Comercializadora Soca.' );
INSERT INTO INFRA.CONTACTOS (ID_USUARIO, TIPO, NOMBRE, APELLIDO_PATERNO, APELLIDO_MATERNO, CORREO_ELECTRONICO, B_PRINCIPAL, TELEFONO) VALUES ( (SELECT ID_USUARIO FROM INFRA.USUARIOS WHERE CVE_USUARIO = 'com.soca@hotmail.com'), 'Ventas', 'Omar', 'Heredia', 'Perez', 'com.soca@hotmail.com', true, '5939140272');
INSERT INTO INFRA.REL_PYMES_TRACTORAS ( ID_USUARIO_TRACTORA, ID_USUARIO_PYME) VALUES( (SELECT ID_USUARIO FROM INFRA.TRACTORAS WHERE EMPRESA = 'Kimberly Clark'), (SELECT ID_USUARIO FROM INFRA.USUARIOS WHERE CVE_USUARIO = 'com.soca@hotmail.com') );
INSERT INTO INFRA.CLIENTES ( ID_USUARIO, CLIENTE) VALUES( (SELECT ID_USUARIO FROM INFRA.USUARIOS WHERE CVE_USUARIO = 'com.soca@hotmail.com'), 'Kimberly Clark' );

--Maquinados Thermaq.
INSERT INTO INFRA.USUARIOS ( CVE_USUARIO, PASSWORD ) VALUES( 'termaq1@hotmail.com', 'ccmx1234' );
INSERT INTO INFRA.REL_ROLES ( CVE_ROL, CVE_USUARIO ) VALUES( 'PyME', 'termaq1@hotmail.com' );
INSERT INTO INFRA.PYMES ( ID_USUARIO, ID_USUARIO_PADRE, CORREO_ELECTRONICO, NOMBRE_COMERCIAL ) VALUES( (SELECT ID_USUARIO FROM INFRA.USUARIOS WHERE CVE_USUARIO = 'termaq1@hotmail.com'), '1', 'termaq1@hotmail.com', 'Maquinados Thermaq.' );
INSERT INTO INFRA.CONTACTOS (ID_USUARIO, TIPO, NOMBRE, APELLIDO_PATERNO, APELLIDO_MATERNO, CORREO_ELECTRONICO, B_PRINCIPAL, TELEFONO) VALUES ( (SELECT ID_USUARIO FROM INFRA.USUARIOS WHERE CVE_USUARIO = 'termaq1@hotmail.com'), 'Ventas', 'Saturnino', 'Heredia', 'Rojas', 'termaq1@hotmail.com', true, '5939140272');
INSERT INTO INFRA.REL_PYMES_TRACTORAS ( ID_USUARIO_TRACTORA, ID_USUARIO_PYME) VALUES( (SELECT ID_USUARIO FROM INFRA.TRACTORAS WHERE EMPRESA = 'Kimberly Clark'), (SELECT ID_USUARIO FROM INFRA.USUARIOS WHERE CVE_USUARIO = 'termaq1@hotmail.com') );
INSERT INTO INFRA.CLIENTES ( ID_USUARIO, CLIENTE) VALUES( (SELECT ID_USUARIO FROM INFRA.USUARIOS WHERE CVE_USUARIO = 'termaq1@hotmail.com'), 'Kimberly Clark' );

--Luis Arnulfo Andrade Cano.
INSERT INTO INFRA.USUARIOS ( CVE_USUARIO, PASSWORD ) VALUES( 'luandca@hotmail.com', 'ccmx1234' );
INSERT INTO INFRA.REL_ROLES ( CVE_ROL, CVE_USUARIO ) VALUES( 'PyME', 'luandca@hotmail.com' );
INSERT INTO INFRA.PYMES ( ID_USUARIO, ID_USUARIO_PADRE, CORREO_ELECTRONICO, NOMBRE_COMERCIAL ) VALUES( (SELECT ID_USUARIO FROM INFRA.USUARIOS WHERE CVE_USUARIO = 'luandca@hotmail.com'), '1', 'luandca@hotmail.com', 'Luis Arnulfo Andrade Cano.' );
INSERT INTO INFRA.CONTACTOS (ID_USUARIO, TIPO, NOMBRE, APELLIDO_PATERNO, APELLIDO_MATERNO, CORREO_ELECTRONICO, B_PRINCIPAL, TELEFONO) VALUES ( (SELECT ID_USUARIO FROM INFRA.USUARIOS WHERE CVE_USUARIO = 'luandca@hotmail.com'), 'Ventas', 'Luis', 'Andrade', 'Cano', 'luandca@hotmail.com', true, '53004695');
INSERT INTO INFRA.REL_PYMES_TRACTORAS ( ID_USUARIO_TRACTORA, ID_USUARIO_PYME) VALUES( (SELECT ID_USUARIO FROM INFRA.TRACTORAS WHERE EMPRESA = 'Kimberly Clark'), (SELECT ID_USUARIO FROM INFRA.USUARIOS WHERE CVE_USUARIO = 'luandca@hotmail.com') );
INSERT INTO INFRA.CLIENTES ( ID_USUARIO, CLIENTE) VALUES( (SELECT ID_USUARIO FROM INFRA.USUARIOS WHERE CVE_USUARIO = 'luandca@hotmail.com'), 'Kimberly Clark' );

--Francisca Sánchez Castillo
INSERT INTO INFRA.USUARIOS ( CVE_USUARIO, PASSWORD ) VALUES( 'franciscasanchez@yahoo.com.mx', 'ccmx1234' );
INSERT INTO INFRA.REL_ROLES ( CVE_ROL, CVE_USUARIO ) VALUES( 'PyME', 'franciscasanchez@yahoo.com.mx' );
INSERT INTO INFRA.PYMES ( ID_USUARIO, ID_USUARIO_PADRE, CORREO_ELECTRONICO, NOMBRE_COMERCIAL ) VALUES( (SELECT ID_USUARIO FROM INFRA.USUARIOS WHERE CVE_USUARIO = 'franciscasanchez@yahoo.com.mx'), '1', 'franciscasanchez@yahoo.com.mx', 'Francisca Sánchez Castillo' );
INSERT INTO INFRA.CONTACTOS (ID_USUARIO, TIPO, NOMBRE, APELLIDO_PATERNO, APELLIDO_MATERNO, CORREO_ELECTRONICO, B_PRINCIPAL, TELEFONO) VALUES ( (SELECT ID_USUARIO FROM INFRA.USUARIOS WHERE CVE_USUARIO = 'franciscasanchez@yahoo.com.mx'), 'Ventas', 'Francisca', 'Sanchez', '', 'franciscasanchez@yahoo.com.mx', true, '58772926');
INSERT INTO INFRA.REL_PYMES_TRACTORAS ( ID_USUARIO_TRACTORA, ID_USUARIO_PYME) VALUES( (SELECT ID_USUARIO FROM INFRA.TRACTORAS WHERE EMPRESA = 'Kimberly Clark'), (SELECT ID_USUARIO FROM INFRA.USUARIOS WHERE CVE_USUARIO = 'franciscasanchez@yahoo.com.mx') );
INSERT INTO INFRA.CLIENTES ( ID_USUARIO, CLIENTE) VALUES( (SELECT ID_USUARIO FROM INFRA.USUARIOS WHERE CVE_USUARIO = 'franciscasanchez@yahoo.com.mx'), 'Kimberly Clark' );

--Oscar Jiménez Cureño. / Maquinados Industriales de Precisión MIPJ.
INSERT INTO INFRA.USUARIOS ( CVE_USUARIO, PASSWORD ) VALUES( 'oscarjimenez_mipj@hotmail.com', 'ccmx1234' );
INSERT INTO INFRA.REL_ROLES ( CVE_ROL, CVE_USUARIO ) VALUES( 'PyME', 'oscarjimenez_mipj@hotmail.com' );
INSERT INTO INFRA.PYMES ( ID_USUARIO, ID_USUARIO_PADRE, CORREO_ELECTRONICO, NOMBRE_COMERCIAL ) VALUES( (SELECT ID_USUARIO FROM INFRA.USUARIOS WHERE CVE_USUARIO = 'oscarjimenez_mipj@hotmail.com'), '1', 'oscarjimenez_mipj@hotmail.com', 'Oscar Jiménez Cureño. / Maquinados Industriales de Precisión MIPJ.' );
INSERT INTO INFRA.CONTACTOS (ID_USUARIO, TIPO, NOMBRE, APELLIDO_PATERNO, APELLIDO_MATERNO, CORREO_ELECTRONICO, B_PRINCIPAL, TELEFONO) VALUES ( (SELECT ID_USUARIO FROM INFRA.USUARIOS WHERE CVE_USUARIO = 'oscarjimenez_mipj@hotmail.com'), 'Ventas', 'Oscar', 'Jimenez', 'Cureño', 'oscarjimenez_mipj@hotmail.com', true, '26203078');
INSERT INTO INFRA.REL_PYMES_TRACTORAS ( ID_USUARIO_TRACTORA, ID_USUARIO_PYME) VALUES( (SELECT ID_USUARIO FROM INFRA.TRACTORAS WHERE EMPRESA = 'Kimberly Clark'), (SELECT ID_USUARIO FROM INFRA.USUARIOS WHERE CVE_USUARIO = 'oscarjimenez_mipj@hotmail.com') );
INSERT INTO INFRA.CLIENTES ( ID_USUARIO, CLIENTE) VALUES( (SELECT ID_USUARIO FROM INFRA.USUARIOS WHERE CVE_USUARIO = 'oscarjimenez_mipj@hotmail.com'), 'Kimberly Clark' );

--Acabados y Pintura en General.
INSERT INTO INFRA.USUARIOS ( CVE_USUARIO, PASSWORD ) VALUES( 'pinturas.mara@hotmail.com', 'ccmx1234' );
INSERT INTO INFRA.REL_ROLES ( CVE_ROL, CVE_USUARIO ) VALUES( 'PyME', 'pinturas.mara@hotmail.com' );
INSERT INTO INFRA.PYMES ( ID_USUARIO, ID_USUARIO_PADRE, CORREO_ELECTRONICO, NOMBRE_COMERCIAL ) VALUES( (SELECT ID_USUARIO FROM INFRA.USUARIOS WHERE CVE_USUARIO = 'pinturas.mara@hotmail.com'), '1', 'pinturas.mara@hotmail.com', 'Acabados y Pintura en General.' );
INSERT INTO INFRA.CONTACTOS (ID_USUARIO, TIPO, NOMBRE, APELLIDO_PATERNO, APELLIDO_MATERNO, CORREO_ELECTRONICO, B_PRINCIPAL, TELEFONO) VALUES ( (SELECT ID_USUARIO FROM INFRA.USUARIOS WHERE CVE_USUARIO = 'pinturas.mara@hotmail.com'), 'Ventas', 'Alfonso', 'Martinez', '', 'pinturas.mara@hotmail.com', true, '42269767');
INSERT INTO INFRA.REL_PYMES_TRACTORAS ( ID_USUARIO_TRACTORA, ID_USUARIO_PYME) VALUES( (SELECT ID_USUARIO FROM INFRA.TRACTORAS WHERE EMPRESA = 'Kimberly Clark'), (SELECT ID_USUARIO FROM INFRA.USUARIOS WHERE CVE_USUARIO = 'pinturas.mara@hotmail.com') );
INSERT INTO INFRA.CLIENTES ( ID_USUARIO, CLIENTE) VALUES( (SELECT ID_USUARIO FROM INFRA.USUARIOS WHERE CVE_USUARIO = 'pinturas.mara@hotmail.com'), 'Kimberly Clark' );

--Grupo Industrial y Comercial
INSERT INTO INFRA.USUARIOS ( CVE_USUARIO, PASSWORD ) VALUES( 'grupo-i@hotmail.com', 'ccmx1234' );
INSERT INTO INFRA.REL_ROLES ( CVE_ROL, CVE_USUARIO ) VALUES( 'PyME', 'grupo-i@hotmail.com' );
INSERT INTO INFRA.PYMES ( ID_USUARIO, ID_USUARIO_PADRE, CORREO_ELECTRONICO, NOMBRE_COMERCIAL ) VALUES( (SELECT ID_USUARIO FROM INFRA.USUARIOS WHERE CVE_USUARIO = 'grupo-i@hotmail.com'), '1', 'grupo-i@hotmail.com', 'Grupo Industrial y Comercial' );
INSERT INTO INFRA.CONTACTOS (ID_USUARIO, TIPO, NOMBRE, APELLIDO_PATERNO, APELLIDO_MATERNO, CORREO_ELECTRONICO, B_PRINCIPAL, TELEFONO) VALUES ( (SELECT ID_USUARIO FROM INFRA.USUARIOS WHERE CVE_USUARIO = 'grupo-i@hotmail.com'), 'Ventas', 'Martin Humberto', 'Noriega', 'Peza', 'grupo-i@hotmail.com', true, '24600844');
INSERT INTO INFRA.REL_PYMES_TRACTORAS ( ID_USUARIO_TRACTORA, ID_USUARIO_PYME) VALUES( (SELECT ID_USUARIO FROM INFRA.TRACTORAS WHERE EMPRESA = 'Kimberly Clark'), (SELECT ID_USUARIO FROM INFRA.USUARIOS WHERE CVE_USUARIO = 'grupo-i@hotmail.com') );
INSERT INTO INFRA.CLIENTES ( ID_USUARIO, CLIENTE) VALUES( (SELECT ID_USUARIO FROM INFRA.USUARIOS WHERE CVE_USUARIO = 'grupo-i@hotmail.com'), 'Kimberly Clark' );

--María Luisa Cazarín del Villar. / MD Soluciones.
INSERT INTO INFRA.USUARIOS ( CVE_USUARIO, PASSWORD ) VALUES( 'md.soluciones@hotmail.com', 'ccmx1234' );
INSERT INTO INFRA.REL_ROLES ( CVE_ROL, CVE_USUARIO ) VALUES( 'PyME', 'md.soluciones@hotmail.com' );
INSERT INTO INFRA.PYMES ( ID_USUARIO, ID_USUARIO_PADRE, CORREO_ELECTRONICO, NOMBRE_COMERCIAL ) VALUES( (SELECT ID_USUARIO FROM INFRA.USUARIOS WHERE CVE_USUARIO = 'md.soluciones@hotmail.com'), '1', 'md.soluciones@hotmail.com', 'María Luisa Cazarín del Villar. / MD Soluciones.' );
INSERT INTO INFRA.CONTACTOS (ID_USUARIO, TIPO, NOMBRE, APELLIDO_PATERNO, APELLIDO_MATERNO, CORREO_ELECTRONICO, B_PRINCIPAL, TELEFONO) VALUES ( (SELECT ID_USUARIO FROM INFRA.USUARIOS WHERE CVE_USUARIO = 'md.soluciones@hotmail.com'), 'Ventas', 'Maria Luisa', 'Cazarin', 'Del Villar', 'md.soluciones@hotmail.com', true, '58730160');
INSERT INTO INFRA.REL_PYMES_TRACTORAS ( ID_USUARIO_TRACTORA, ID_USUARIO_PYME) VALUES( (SELECT ID_USUARIO FROM INFRA.TRACTORAS WHERE EMPRESA = 'Kimberly Clark'), (SELECT ID_USUARIO FROM INFRA.USUARIOS WHERE CVE_USUARIO = 'md.soluciones@hotmail.com') );
INSERT INTO INFRA.CLIENTES ( ID_USUARIO, CLIENTE) VALUES( (SELECT ID_USUARIO FROM INFRA.USUARIOS WHERE CVE_USUARIO = 'md.soluciones@hotmail.com'), 'Kimberly Clark' );

--ISACI Ingeniería, S.A. de C.V.
INSERT INTO INFRA.USUARIOS ( CVE_USUARIO, PASSWORD ) VALUES( 'orlando-isaci@hotmail.com', 'ccmx1234' );
INSERT INTO INFRA.REL_ROLES ( CVE_ROL, CVE_USUARIO ) VALUES( 'PyME', 'orlando-isaci@hotmail.com' );
INSERT INTO INFRA.PYMES ( ID_USUARIO, ID_USUARIO_PADRE, CORREO_ELECTRONICO, NOMBRE_COMERCIAL ) VALUES( (SELECT ID_USUARIO FROM INFRA.USUARIOS WHERE CVE_USUARIO = 'orlando-isaci@hotmail.com'), '1', 'orlando-isaci@hotmail.com', 'ISACI Ingeniería, S.A. de C.V.' );
INSERT INTO INFRA.CONTACTOS (ID_USUARIO, TIPO, NOMBRE, APELLIDO_PATERNO, APELLIDO_MATERNO, CORREO_ELECTRONICO, B_PRINCIPAL, TELEFONO) VALUES ( (SELECT ID_USUARIO FROM INFRA.USUARIOS WHERE CVE_USUARIO = 'orlando-isaci@hotmail.com'), 'Ventas', 'Oriando Fabian', 'Platas', 'Ordoñez', 'orlando-isaci@hotmail.com', true, '58723838');
INSERT INTO INFRA.REL_PYMES_TRACTORAS ( ID_USUARIO_TRACTORA, ID_USUARIO_PYME) VALUES( (SELECT ID_USUARIO FROM INFRA.TRACTORAS WHERE EMPRESA = 'Kimberly Clark'), (SELECT ID_USUARIO FROM INFRA.USUARIOS WHERE CVE_USUARIO = 'orlando-isaci@hotmail.com') );
INSERT INTO INFRA.CLIENTES ( ID_USUARIO, CLIENTE) VALUES( (SELECT ID_USUARIO FROM INFRA.USUARIOS WHERE CVE_USUARIO = 'orlando-isaci@hotmail.com'), 'Kimberly Clark' );

--Alsanec  México.
INSERT INTO INFRA.USUARIOS ( CVE_USUARIO, PASSWORD ) VALUES( 'berenice.gutierrez@alsanec.mx', 'ccmx1234' );
INSERT INTO INFRA.REL_ROLES ( CVE_ROL, CVE_USUARIO ) VALUES( 'PyME', 'berenice.gutierrez@alsanec.mx' );
INSERT INTO INFRA.PYMES ( ID_USUARIO, ID_USUARIO_PADRE, CORREO_ELECTRONICO, NOMBRE_COMERCIAL ) VALUES( (SELECT ID_USUARIO FROM INFRA.USUARIOS WHERE CVE_USUARIO = 'berenice.gutierrez@alsanec.mx'), '1', 'berenice.gutierrez@alsanec.mx', 'Alsanec  México.' );
INSERT INTO INFRA.CONTACTOS (ID_USUARIO, TIPO, NOMBRE, APELLIDO_PATERNO, APELLIDO_MATERNO, CORREO_ELECTRONICO, B_PRINCIPAL, TELEFONO) VALUES ( (SELECT ID_USUARIO FROM INFRA.USUARIOS WHERE CVE_USUARIO = 'berenice.gutierrez@alsanec.mx'), 'Ventas', 'Berenice', 'Gutierrez', 'Avila', 'berenice.gutierrez@alsanec.mx', true, '35360674');
INSERT INTO INFRA.REL_PYMES_TRACTORAS ( ID_USUARIO_TRACTORA, ID_USUARIO_PYME) VALUES( (SELECT ID_USUARIO FROM INFRA.TRACTORAS WHERE EMPRESA = 'Kimberly Clark'), (SELECT ID_USUARIO FROM INFRA.USUARIOS WHERE CVE_USUARIO = 'berenice.gutierrez@alsanec.mx') );
INSERT INTO INFRA.CLIENTES ( ID_USUARIO, CLIENTE) VALUES( (SELECT ID_USUARIO FROM INFRA.USUARIOS WHERE CVE_USUARIO = 'berenice.gutierrez@alsanec.mx'), 'Kimberly Clark' );

--Distribuciones Ernesto Sierra, S.A.
INSERT INTO INFRA.USUARIOS ( CVE_USUARIO, PASSWORD ) VALUES( 'distribuciones@att.net.mx', 'ccmx1234' );
INSERT INTO INFRA.REL_ROLES ( CVE_ROL, CVE_USUARIO ) VALUES( 'PyME', 'distribuciones@att.net.mx' );
INSERT INTO INFRA.PYMES ( ID_USUARIO, ID_USUARIO_PADRE, CORREO_ELECTRONICO, NOMBRE_COMERCIAL ) VALUES( (SELECT ID_USUARIO FROM INFRA.USUARIOS WHERE CVE_USUARIO = 'distribuciones@att.net.mx'), '1', 'distribuciones@att.net.mx', 'Distribuciones Ernesto Sierra, S.A.' );
INSERT INTO INFRA.CONTACTOS (ID_USUARIO, TIPO, NOMBRE, APELLIDO_PATERNO, APELLIDO_MATERNO, CORREO_ELECTRONICO, B_PRINCIPAL, TELEFONO) VALUES ( (SELECT ID_USUARIO FROM INFRA.USUARIOS WHERE CVE_USUARIO = 'distribuciones@att.net.mx'), 'Ventas', 'Perla', 'Gonzalez', '', 'distribuciones@att.net.mx', true, '53109360');
INSERT INTO INFRA.REL_PYMES_TRACTORAS ( ID_USUARIO_TRACTORA, ID_USUARIO_PYME) VALUES( (SELECT ID_USUARIO FROM INFRA.TRACTORAS WHERE EMPRESA = 'Kimberly Clark'), (SELECT ID_USUARIO FROM INFRA.USUARIOS WHERE CVE_USUARIO = 'distribuciones@att.net.mx') );
INSERT INTO INFRA.CLIENTES ( ID_USUARIO, CLIENTE) VALUES( (SELECT ID_USUARIO FROM INFRA.USUARIOS WHERE CVE_USUARIO = 'distribuciones@att.net.mx'), 'Kimberly Clark' );

--STM Naro, S.A. de C.V.
INSERT INTO INFRA.USUARIOS ( CVE_USUARIO, PASSWORD ) VALUES( 'onara1974@prodigy.net.mx', 'ccmx1234' );
INSERT INTO INFRA.REL_ROLES ( CVE_ROL, CVE_USUARIO ) VALUES( 'PyME', 'onara1974@prodigy.net.mx' );
INSERT INTO INFRA.PYMES ( ID_USUARIO, ID_USUARIO_PADRE, CORREO_ELECTRONICO, NOMBRE_COMERCIAL ) VALUES( (SELECT ID_USUARIO FROM INFRA.USUARIOS WHERE CVE_USUARIO = 'onara1974@prodigy.net.mx'), '1', 'onara1974@prodigy.net.mx', 'STM Naro, S.A. de C.V.' );
INSERT INTO INFRA.CONTACTOS (ID_USUARIO, TIPO, NOMBRE, APELLIDO_PATERNO, APELLIDO_MATERNO, CORREO_ELECTRONICO, B_PRINCIPAL, TELEFONO) VALUES ( (SELECT ID_USUARIO FROM INFRA.USUARIOS WHERE CVE_USUARIO = 'onara1974@prodigy.net.mx'), 'Ventas', 'Omar', 'Nava', 'Ramirez', 'onara1974@prodigy.net.mx', true, '21681968');
INSERT INTO INFRA.REL_PYMES_TRACTORAS ( ID_USUARIO_TRACTORA, ID_USUARIO_PYME) VALUES( (SELECT ID_USUARIO FROM INFRA.TRACTORAS WHERE EMPRESA = 'Kimberly Clark'), (SELECT ID_USUARIO FROM INFRA.USUARIOS WHERE CVE_USUARIO = 'onara1974@prodigy.net.mx') );
INSERT INTO INFRA.CLIENTES ( ID_USUARIO, CLIENTE) VALUES( (SELECT ID_USUARIO FROM INFRA.USUARIOS WHERE CVE_USUARIO = 'onara1974@prodigy.net.mx'), 'Kimberly Clark' );

--Manuel Pantaleón California y Portillo.
INSERT INTO INFRA.USUARIOS ( CVE_USUARIO, PASSWORD ) VALUES( 'imprenta.california@hotmail.com', 'ccmx1234' );
INSERT INTO INFRA.REL_ROLES ( CVE_ROL, CVE_USUARIO ) VALUES( 'PyME', 'imprenta.california@hotmail.com' );
INSERT INTO INFRA.PYMES ( ID_USUARIO, ID_USUARIO_PADRE, CORREO_ELECTRONICO, NOMBRE_COMERCIAL ) VALUES( (SELECT ID_USUARIO FROM INFRA.USUARIOS WHERE CVE_USUARIO = 'imprenta.california@hotmail.com'), '1', 'imprenta.california@hotmail.com', 'Manuel Pantaleón California y Portillo.' );
INSERT INTO INFRA.CONTACTOS (ID_USUARIO, TIPO, NOMBRE, APELLIDO_PATERNO, APELLIDO_MATERNO, CORREO_ELECTRONICO, B_PRINCIPAL, TELEFONO) VALUES ( (SELECT ID_USUARIO FROM INFRA.USUARIOS WHERE CVE_USUARIO = 'imprenta.california@hotmail.com'), 'Ventas', 'Leticia', 'Venegas', '', 'imprenta.california@hotmail.com', true, '57045546');
INSERT INTO INFRA.REL_PYMES_TRACTORAS ( ID_USUARIO_TRACTORA, ID_USUARIO_PYME) VALUES( (SELECT ID_USUARIO FROM INFRA.TRACTORAS WHERE EMPRESA = 'Kimberly Clark'), (SELECT ID_USUARIO FROM INFRA.USUARIOS WHERE CVE_USUARIO = 'imprenta.california@hotmail.com') );
INSERT INTO INFRA.CLIENTES ( ID_USUARIO, CLIENTE) VALUES( (SELECT ID_USUARIO FROM INFRA.USUARIOS WHERE CVE_USUARIO = 'imprenta.california@hotmail.com'), 'Kimberly Clark' );

--Papelera, Distribuidora Dilar, S.A. de C.V.
INSERT INTO INFRA.USUARIOS ( CVE_USUARIO, PASSWORD ) VALUES( 'dilarsa@prodigy.net.mx', 'ccmx1234' );
INSERT INTO INFRA.REL_ROLES ( CVE_ROL, CVE_USUARIO ) VALUES( 'PyME', 'dilarsa@prodigy.net.mx' );
INSERT INTO INFRA.PYMES ( ID_USUARIO, ID_USUARIO_PADRE, CORREO_ELECTRONICO, NOMBRE_COMERCIAL ) VALUES( (SELECT ID_USUARIO FROM INFRA.USUARIOS WHERE CVE_USUARIO = 'dilarsa@prodigy.net.mx'), '1', 'dilarsa@prodigy.net.mx', 'Papelera, Distribuidora Dilar, S.A. de C.V.' );
INSERT INTO INFRA.CONTACTOS (ID_USUARIO, TIPO, NOMBRE, APELLIDO_PATERNO, APELLIDO_MATERNO, CORREO_ELECTRONICO, B_PRINCIPAL, TELEFONO) VALUES ( (SELECT ID_USUARIO FROM INFRA.USUARIOS WHERE CVE_USUARIO = 'dilarsa@prodigy.net.mx'), 'Ventas', 'Lucas', 'Abasolo', 'Rizada', 'dilarsa@prodigy.net.mx', true, '58750611');
INSERT INTO INFRA.REL_PYMES_TRACTORAS ( ID_USUARIO_TRACTORA, ID_USUARIO_PYME) VALUES( (SELECT ID_USUARIO FROM INFRA.TRACTORAS WHERE EMPRESA = 'Kimberly Clark'), (SELECT ID_USUARIO FROM INFRA.USUARIOS WHERE CVE_USUARIO = 'dilarsa@prodigy.net.mx') );
INSERT INTO INFRA.CLIENTES ( ID_USUARIO, CLIENTE) VALUES( (SELECT ID_USUARIO FROM INFRA.USUARIOS WHERE CVE_USUARIO = 'dilarsa@prodigy.net.mx'), 'Kimberly Clark' );

--Sago Maquinados.
INSERT INTO INFRA.USUARIOS ( CVE_USUARIO, PASSWORD ) VALUES( 'sagomaquinados@yahoo.com.mx', 'ccmx1234' );
INSERT INTO INFRA.REL_ROLES ( CVE_ROL, CVE_USUARIO ) VALUES( 'PyME', 'sagomaquinados@yahoo.com.mx' );
INSERT INTO INFRA.PYMES ( ID_USUARIO, ID_USUARIO_PADRE, CORREO_ELECTRONICO, NOMBRE_COMERCIAL ) VALUES( (SELECT ID_USUARIO FROM INFRA.USUARIOS WHERE CVE_USUARIO = 'sagomaquinados@yahoo.com.mx'), '1', 'sagomaquinados@yahoo.com.mx', 'Sago Maquinados.' );
INSERT INTO INFRA.CONTACTOS (ID_USUARIO, TIPO, NOMBRE, APELLIDO_PATERNO, APELLIDO_MATERNO, CORREO_ELECTRONICO, B_PRINCIPAL, TELEFONO) VALUES ( (SELECT ID_USUARIO FROM INFRA.USUARIOS WHERE CVE_USUARIO = 'sagomaquinados@yahoo.com.mx'), 'Ventas', 'Jose Luis', 'Sanchez', 'Santos', 'sagomaquinados@yahoo.com.mx', true, '58688028');
INSERT INTO INFRA.REL_PYMES_TRACTORAS ( ID_USUARIO_TRACTORA, ID_USUARIO_PYME) VALUES( (SELECT ID_USUARIO FROM INFRA.TRACTORAS WHERE EMPRESA = 'Kimberly Clark'), (SELECT ID_USUARIO FROM INFRA.USUARIOS WHERE CVE_USUARIO = 'sagomaquinados@yahoo.com.mx') );
INSERT INTO INFRA.CLIENTES ( ID_USUARIO, CLIENTE) VALUES( (SELECT ID_USUARIO FROM INFRA.USUARIOS WHERE CVE_USUARIO = 'sagomaquinados@yahoo.com.mx'), 'Kimberly Clark' );

--José Rosas Contreras.
INSERT INTO INFRA.USUARIOS ( CVE_USUARIO, PASSWORD ) VALUES( 'cjrosaspaz@hotmail.com', 'ccmx1234' );
INSERT INTO INFRA.REL_ROLES ( CVE_ROL, CVE_USUARIO ) VALUES( 'PyME', 'cjrosaspaz@hotmail.com' );
INSERT INTO INFRA.PYMES ( ID_USUARIO, ID_USUARIO_PADRE, CORREO_ELECTRONICO, NOMBRE_COMERCIAL ) VALUES( (SELECT ID_USUARIO FROM INFRA.USUARIOS WHERE CVE_USUARIO = 'cjrosaspaz@hotmail.com'), '1', 'cjrosaspaz@hotmail.com', 'José Rosas Contreras.' );
INSERT INTO INFRA.CONTACTOS (ID_USUARIO, TIPO, NOMBRE, APELLIDO_PATERNO, APELLIDO_MATERNO, CORREO_ELECTRONICO, B_PRINCIPAL, TELEFONO) VALUES ( (SELECT ID_USUARIO FROM INFRA.USUARIOS WHERE CVE_USUARIO = 'cjrosaspaz@hotmail.com'), 'Ventas', 'Jose', 'Rosas', 'Contreras', 'cjrosaspaz@hotmail.com', true, '53007273');
INSERT INTO INFRA.REL_PYMES_TRACTORAS ( ID_USUARIO_TRACTORA, ID_USUARIO_PYME) VALUES( (SELECT ID_USUARIO FROM INFRA.TRACTORAS WHERE EMPRESA = 'Kimberly Clark'), (SELECT ID_USUARIO FROM INFRA.USUARIOS WHERE CVE_USUARIO = 'cjrosaspaz@hotmail.com') );
INSERT INTO INFRA.CLIENTES ( ID_USUARIO, CLIENTE) VALUES( (SELECT ID_USUARIO FROM INFRA.USUARIOS WHERE CVE_USUARIO = 'cjrosaspaz@hotmail.com'), 'Kimberly Clark' );

--Brenda Adriana Quintero Hernández.
INSERT INTO INFRA.USUARIOS ( CVE_USUARIO, PASSWORD ) VALUES( 'spkrafa@prodigy.net.mx', 'ccmx1234' );
INSERT INTO INFRA.REL_ROLES ( CVE_ROL, CVE_USUARIO ) VALUES( 'PyME', 'spkrafa@prodigy.net.mx' );
INSERT INTO INFRA.PYMES ( ID_USUARIO, ID_USUARIO_PADRE, CORREO_ELECTRONICO, NOMBRE_COMERCIAL ) VALUES( (SELECT ID_USUARIO FROM INFRA.USUARIOS WHERE CVE_USUARIO = 'spkrafa@prodigy.net.mx'), '1', 'spkrafa@prodigy.net.mx', 'Brenda Adriana Quintero Hernández.' );
INSERT INTO INFRA.CONTACTOS (ID_USUARIO, TIPO, NOMBRE, APELLIDO_PATERNO, APELLIDO_MATERNO, CORREO_ELECTRONICO, B_PRINCIPAL, TELEFONO) VALUES ( (SELECT ID_USUARIO FROM INFRA.USUARIOS WHERE CVE_USUARIO = 'spkrafa@prodigy.net.mx'), 'Ventas', 'Rafael', 'Lagunes', '', 'spkrafa@prodigy.net.mx', true, '57682517');
INSERT INTO INFRA.REL_PYMES_TRACTORAS ( ID_USUARIO_TRACTORA, ID_USUARIO_PYME) VALUES( (SELECT ID_USUARIO FROM INFRA.TRACTORAS WHERE EMPRESA = 'Kimberly Clark'), (SELECT ID_USUARIO FROM INFRA.USUARIOS WHERE CVE_USUARIO = 'spkrafa@prodigy.net.mx') );
INSERT INTO INFRA.CLIENTES ( ID_USUARIO, CLIENTE) VALUES( (SELECT ID_USUARIO FROM INFRA.USUARIOS WHERE CVE_USUARIO = 'spkrafa@prodigy.net.mx'), 'Kimberly Clark' );

--Angélica Soraya Cazarin del Villar.
INSERT INTO INFRA.USUARIOS ( CVE_USUARIO, PASSWORD ) VALUES( 'angecazarin@gmail.com', 'ccmx1234' );
INSERT INTO INFRA.REL_ROLES ( CVE_ROL, CVE_USUARIO ) VALUES( 'PyME', 'angecazarin@gmail.com' );
INSERT INTO INFRA.PYMES ( ID_USUARIO, ID_USUARIO_PADRE, CORREO_ELECTRONICO, NOMBRE_COMERCIAL ) VALUES( (SELECT ID_USUARIO FROM INFRA.USUARIOS WHERE CVE_USUARIO = 'angecazarin@gmail.com'), '1', 'angecazarin@gmail.com', 'Angélica Soraya Cazarin del Villar.' );
INSERT INTO INFRA.CONTACTOS (ID_USUARIO, TIPO, NOMBRE, APELLIDO_PATERNO, APELLIDO_MATERNO, CORREO_ELECTRONICO, B_PRINCIPAL, TELEFONO) VALUES ( (SELECT ID_USUARIO FROM INFRA.USUARIOS WHERE CVE_USUARIO = 'angecazarin@gmail.com'), 'Ventas', 'Angelica Soraya', 'Cazarin', 'del Villar', 'angecazarin@gmail.com', true, '58706221');
INSERT INTO INFRA.REL_PYMES_TRACTORAS ( ID_USUARIO_TRACTORA, ID_USUARIO_PYME) VALUES( (SELECT ID_USUARIO FROM INFRA.TRACTORAS WHERE EMPRESA = 'Kimberly Clark'), (SELECT ID_USUARIO FROM INFRA.USUARIOS WHERE CVE_USUARIO = 'angecazarin@gmail.com') );
INSERT INTO INFRA.CLIENTES ( ID_USUARIO, CLIENTE) VALUES( (SELECT ID_USUARIO FROM INFRA.USUARIOS WHERE CVE_USUARIO = 'angecazarin@gmail.com'), 'Kimberly Clark' );

--Grupo Inland, S.A. de C.V.  / International Paper
INSERT INTO INFRA.USUARIOS ( CVE_USUARIO, PASSWORD ) VALUES( 'drojas@inland.com.mx', 'ccmx1234' );
INSERT INTO INFRA.REL_ROLES ( CVE_ROL, CVE_USUARIO ) VALUES( 'PyME', 'drojas@inland.com.mx' );
INSERT INTO INFRA.PYMES ( ID_USUARIO, ID_USUARIO_PADRE, CORREO_ELECTRONICO, NOMBRE_COMERCIAL ) VALUES( (SELECT ID_USUARIO FROM INFRA.USUARIOS WHERE CVE_USUARIO = 'drojas@inland.com.mx'), '1', 'drojas@inland.com.mx', 'Grupo Inland, S.A. de C.V.  / International Paper' );
INSERT INTO INFRA.CONTACTOS (ID_USUARIO, TIPO, NOMBRE, APELLIDO_PATERNO, APELLIDO_MATERNO, CORREO_ELECTRONICO, B_PRINCIPAL, TELEFONO) VALUES ( (SELECT ID_USUARIO FROM INFRA.USUARIOS WHERE CVE_USUARIO = 'drojas@inland.com.mx'), 'Ventas', '', '', '', 'drojas@inland.com.mx', true, '4191988800');
INSERT INTO INFRA.REL_PYMES_TRACTORAS ( ID_USUARIO_TRACTORA, ID_USUARIO_PYME) VALUES( (SELECT ID_USUARIO FROM INFRA.TRACTORAS WHERE EMPRESA = 'Kimberly Clark'), (SELECT ID_USUARIO FROM INFRA.USUARIOS WHERE CVE_USUARIO = 'drojas@inland.com.mx') );
INSERT INTO INFRA.CLIENTES ( ID_USUARIO, CLIENTE) VALUES( (SELECT ID_USUARIO FROM INFRA.USUARIOS WHERE CVE_USUARIO = 'drojas@inland.com.mx'), 'Kimberly Clark' );

--Graphic Sciences.
INSERT INTO INFRA.USUARIOS ( CVE_USUARIO, PASSWORD ) VALUES( 'victor.soler@gsm.com.mx', 'ccmx1234' );
INSERT INTO INFRA.REL_ROLES ( CVE_ROL, CVE_USUARIO ) VALUES( 'PyME', 'victor.soler@gsm.com.mx' );
INSERT INTO INFRA.PYMES ( ID_USUARIO, ID_USUARIO_PADRE, CORREO_ELECTRONICO, NOMBRE_COMERCIAL ) VALUES( (SELECT ID_USUARIO FROM INFRA.USUARIOS WHERE CVE_USUARIO = 'victor.soler@gsm.com.mx'), '1', 'victor.soler@gsm.com.mx', 'Graphic Sciences.' );
INSERT INTO INFRA.CONTACTOS (ID_USUARIO, TIPO, NOMBRE, APELLIDO_PATERNO, APELLIDO_MATERNO, CORREO_ELECTRONICO, B_PRINCIPAL, TELEFONO) VALUES ( (SELECT ID_USUARIO FROM INFRA.USUARIOS WHERE CVE_USUARIO = 'victor.soler@gsm.com.mx'), 'Ventas', '', '', '', 'victor.soler@gsm.com.mx', true, '53001173');
INSERT INTO INFRA.REL_PYMES_TRACTORAS ( ID_USUARIO_TRACTORA, ID_USUARIO_PYME) VALUES( (SELECT ID_USUARIO FROM INFRA.TRACTORAS WHERE EMPRESA = 'Kimberly Clark'), (SELECT ID_USUARIO FROM INFRA.USUARIOS WHERE CVE_USUARIO = 'victor.soler@gsm.com.mx') );
INSERT INTO INFRA.CLIENTES ( ID_USUARIO, CLIENTE) VALUES( (SELECT ID_USUARIO FROM INFRA.USUARIOS WHERE CVE_USUARIO = 'victor.soler@gsm.com.mx'), 'Kimberly Clark' );

--Seguridad y Control de Toluca.
INSERT INTO INFRA.USUARIOS ( CVE_USUARIO, PASSWORD ) VALUES( 'sct-ventas@prodigy.net.mx', 'ccmx1234' );
INSERT INTO INFRA.REL_ROLES ( CVE_ROL, CVE_USUARIO ) VALUES( 'PyME', 'sct-ventas@prodigy.net.mx' );
INSERT INTO INFRA.PYMES ( ID_USUARIO, ID_USUARIO_PADRE, CORREO_ELECTRONICO, NOMBRE_COMERCIAL ) VALUES( (SELECT ID_USUARIO FROM INFRA.USUARIOS WHERE CVE_USUARIO = 'sct-ventas@prodigy.net.mx'), '1', 'sct-ventas@prodigy.net.mx', 'Seguridad y Control de Toluca.' );
INSERT INTO INFRA.CONTACTOS (ID_USUARIO, TIPO, NOMBRE, APELLIDO_PATERNO, APELLIDO_MATERNO, CORREO_ELECTRONICO, B_PRINCIPAL, TELEFONO) VALUES ( (SELECT ID_USUARIO FROM INFRA.USUARIOS WHERE CVE_USUARIO = 'sct-ventas@prodigy.net.mx'), 'Ventas', '', '', '', 'sct-ventas@prodigy.net.mx', true, '53966771');
INSERT INTO INFRA.REL_PYMES_TRACTORAS ( ID_USUARIO_TRACTORA, ID_USUARIO_PYME) VALUES( (SELECT ID_USUARIO FROM INFRA.TRACTORAS WHERE EMPRESA = 'Kimberly Clark'), (SELECT ID_USUARIO FROM INFRA.USUARIOS WHERE CVE_USUARIO = 'sct-ventas@prodigy.net.mx') );
INSERT INTO INFRA.CLIENTES ( ID_USUARIO, CLIENTE) VALUES( (SELECT ID_USUARIO FROM INFRA.USUARIOS WHERE CVE_USUARIO = 'sct-ventas@prodigy.net.mx'), 'Kimberly Clark' );

--Multillantas y Servicios Grimaldi, S.A. de C.V.
INSERT INTO INFRA.USUARIOS ( CVE_USUARIO, PASSWORD ) VALUES( 'jaimeduarte@ms-grimaldi.com.mx', 'ccmx1234' );
INSERT INTO INFRA.REL_ROLES ( CVE_ROL, CVE_USUARIO ) VALUES( 'PyME', 'jaimeduarte@ms-grimaldi.com.mx' );
INSERT INTO INFRA.PYMES ( ID_USUARIO, ID_USUARIO_PADRE, CORREO_ELECTRONICO, NOMBRE_COMERCIAL ) VALUES( (SELECT ID_USUARIO FROM INFRA.USUARIOS WHERE CVE_USUARIO = 'jaimeduarte@ms-grimaldi.com.mx'), '1', 'jaimeduarte@ms-grimaldi.com.mx', 'Multillantas y Servicios Grimaldi, S.A. de C.V.' );
INSERT INTO INFRA.CONTACTOS (ID_USUARIO, TIPO, NOMBRE, APELLIDO_PATERNO, APELLIDO_MATERNO, CORREO_ELECTRONICO, B_PRINCIPAL, TELEFONO) VALUES ( (SELECT ID_USUARIO FROM INFRA.USUARIOS WHERE CVE_USUARIO = 'jaimeduarte@ms-grimaldi.com.mx'), 'Ventas', 'Norma', 'Monroy', 'Loperena', 'jaimeduarte@ms-grimaldi.com.mx', true, '56726161');
INSERT INTO INFRA.REL_PYMES_TRACTORAS ( ID_USUARIO_TRACTORA, ID_USUARIO_PYME) VALUES( (SELECT ID_USUARIO FROM INFRA.TRACTORAS WHERE EMPRESA = 'Kimberly Clark'), (SELECT ID_USUARIO FROM INFRA.USUARIOS WHERE CVE_USUARIO = 'jaimeduarte@ms-grimaldi.com.mx') );
INSERT INTO INFRA.CLIENTES ( ID_USUARIO, CLIENTE) VALUES( (SELECT ID_USUARIO FROM INFRA.USUARIOS WHERE CVE_USUARIO = 'jaimeduarte@ms-grimaldi.com.mx'), 'Kimberly Clark' );


--Kimberly-Clark // Cemex

--Grupo Eléctrico Cafral, S.A. de C.V.
INSERT INTO INFRA.USUARIOS ( CVE_USUARIO, PASSWORD ) VALUES( 'arturogarcia@cafral.com.mx', 'ccmx1234' );
INSERT INTO INFRA.REL_ROLES ( CVE_ROL, CVE_USUARIO ) VALUES( 'PyME', 'arturogarcia@cafral.com.mx' );
INSERT INTO INFRA.PYMES ( ID_USUARIO, ID_USUARIO_PADRE, CORREO_ELECTRONICO, NOMBRE_COMERCIAL ) VALUES( (SELECT ID_USUARIO FROM INFRA.USUARIOS WHERE CVE_USUARIO = 'arturogarcia@cafral.com.mx'), '1', 'arturogarcia@cafral.com.mx', 'Grupo Eléctrico Cafral, S.A. de C.V.' );
INSERT INTO INFRA.CONTACTOS (ID_USUARIO, TIPO, NOMBRE, APELLIDO_PATERNO, APELLIDO_MATERNO, CORREO_ELECTRONICO, B_PRINCIPAL, TELEFONO) VALUES ( (SELECT ID_USUARIO FROM INFRA.USUARIOS WHERE CVE_USUARIO = 'arturogarcia@cafral.com.mx'), 'Ventas', 'Arturo', 'Garcia', '', 'arturogarcia@cafral.com.mx', true, '58724142');
INSERT INTO INFRA.REL_PYMES_TRACTORAS ( ID_USUARIO_TRACTORA, ID_USUARIO_PYME) VALUES( (SELECT ID_USUARIO FROM INFRA.TRACTORAS WHERE EMPRESA = 'Kimberly-Clark // Cemex'), (SELECT ID_USUARIO FROM INFRA.USUARIOS WHERE CVE_USUARIO = 'arturogarcia@cafral.com.mx') );
INSERT INTO INFRA.CLIENTES ( ID_USUARIO, CLIENTE) VALUES( (SELECT ID_USUARIO FROM INFRA.USUARIOS WHERE CVE_USUARIO = 'arturogarcia@cafral.com.mx'), 'Kimberly-Clark // Cemex' );


--Kuo

--Rubber Carbon Black, S.A. de C.V.
INSERT INTO INFRA.USUARIOS ( CVE_USUARIO, PASSWORD ) VALUES( 'rubbercarbonblack@prodigy.net.mx', 'ccmx1234' );
INSERT INTO INFRA.REL_ROLES ( CVE_ROL, CVE_USUARIO ) VALUES( 'PyME', 'rubbercarbonblack@prodigy.net.mx' );
INSERT INTO INFRA.PYMES ( ID_USUARIO, ID_USUARIO_PADRE, CORREO_ELECTRONICO, NOMBRE_COMERCIAL ) VALUES( (SELECT ID_USUARIO FROM INFRA.USUARIOS WHERE CVE_USUARIO = 'rubbercarbonblack@prodigy.net.mx'), '1', 'rubbercarbonblack@prodigy.net.mx', 'Rubber Carbon Black, S.A. de C.V.' );
INSERT INTO INFRA.CONTACTOS (ID_USUARIO, TIPO, NOMBRE, APELLIDO_PATERNO, APELLIDO_MATERNO, CORREO_ELECTRONICO, B_PRINCIPAL, TELEFONO) VALUES ( (SELECT ID_USUARIO FROM INFRA.USUARIOS WHERE CVE_USUARIO = 'rubbercarbonblack@prodigy.net.mx'), 'Ventas', '', '', '', 'rubbercarbonblack@prodigy.net.mx', true, '5516629007');
INSERT INTO INFRA.REL_PYMES_TRACTORAS ( ID_USUARIO_TRACTORA, ID_USUARIO_PYME) VALUES( (SELECT ID_USUARIO FROM INFRA.TRACTORAS WHERE EMPRESA = 'Kuo'), (SELECT ID_USUARIO FROM INFRA.USUARIOS WHERE CVE_USUARIO = 'rubbercarbonblack@prodigy.net.mx') );
INSERT INTO INFRA.CLIENTES ( ID_USUARIO, CLIENTE) VALUES( (SELECT ID_USUARIO FROM INFRA.USUARIOS WHERE CVE_USUARIO = 'rubbercarbonblack@prodigy.net.mx'), 'Kuo' );

--Muv Experimento, S.C.
INSERT INTO INFRA.USUARIOS ( CVE_USUARIO, PASSWORD ) VALUES( 'gabriela@muvexperimento.com', 'ccmx1234' );
INSERT INTO INFRA.REL_ROLES ( CVE_ROL, CVE_USUARIO ) VALUES( 'PyME', 'gabriela@muvexperimento.com' );
INSERT INTO INFRA.PYMES ( ID_USUARIO, ID_USUARIO_PADRE, CORREO_ELECTRONICO, NOMBRE_COMERCIAL ) VALUES( (SELECT ID_USUARIO FROM INFRA.USUARIOS WHERE CVE_USUARIO = 'gabriela@muvexperimento.com'), '1', 'gabriela@muvexperimento.com', 'Muv Experimento, S.C.' );
INSERT INTO INFRA.CONTACTOS (ID_USUARIO, TIPO, NOMBRE, APELLIDO_PATERNO, APELLIDO_MATERNO, CORREO_ELECTRONICO, B_PRINCIPAL, TELEFONO) VALUES ( (SELECT ID_USUARIO FROM INFRA.USUARIOS WHERE CVE_USUARIO = 'gabriela@muvexperimento.com'), 'Ventas', 'Gabriela', 'Acosta', 'Gomez', 'gabriela@muvexperimento.com', true, '5510681458');
INSERT INTO INFRA.REL_PYMES_TRACTORAS ( ID_USUARIO_TRACTORA, ID_USUARIO_PYME) VALUES( (SELECT ID_USUARIO FROM INFRA.TRACTORAS WHERE EMPRESA = 'Kuo'), (SELECT ID_USUARIO FROM INFRA.USUARIOS WHERE CVE_USUARIO = 'gabriela@muvexperimento.com') );
INSERT INTO INFRA.CLIENTES ( ID_USUARIO, CLIENTE) VALUES( (SELECT ID_USUARIO FROM INFRA.USUARIOS WHERE CVE_USUARIO = 'gabriela@muvexperimento.com'), 'Kuo' );

--CDR INDUSTRIA MEXICANA S.A. DE C.V.
INSERT INTO INFRA.USUARIOS ( CVE_USUARIO, PASSWORD ) VALUES( 'resortescresa@prodigy.net.mx', 'ccmx1234' );
INSERT INTO INFRA.REL_ROLES ( CVE_ROL, CVE_USUARIO ) VALUES( 'PyME', 'resortescresa@prodigy.net.mx' );
INSERT INTO INFRA.PYMES ( ID_USUARIO, ID_USUARIO_PADRE, CORREO_ELECTRONICO, NOMBRE_COMERCIAL ) VALUES( (SELECT ID_USUARIO FROM INFRA.USUARIOS WHERE CVE_USUARIO = 'resortescresa@prodigy.net.mx'), '1', 'resortescresa@prodigy.net.mx', 'CDR INDUSTRIA MEXICANA S.A. DE C.V.' );
INSERT INTO INFRA.CONTACTOS (ID_USUARIO, TIPO, NOMBRE, APELLIDO_PATERNO, APELLIDO_MATERNO, CORREO_ELECTRONICO, B_PRINCIPAL, TELEFONO) VALUES ( (SELECT ID_USUARIO FROM INFRA.USUARIOS WHERE CVE_USUARIO = 'resortescresa@prodigy.net.mx'), 'Ventas', 'ANGELICA', 'MONTESINOS', 'LAZCANO', 'resortescresa@prodigy.net.mx', true, '');
INSERT INTO INFRA.REL_PYMES_TRACTORAS ( ID_USUARIO_TRACTORA, ID_USUARIO_PYME) VALUES( (SELECT ID_USUARIO FROM INFRA.TRACTORAS WHERE EMPRESA = 'Kuo'), (SELECT ID_USUARIO FROM INFRA.USUARIOS WHERE CVE_USUARIO = 'resortescresa@prodigy.net.mx') );
INSERT INTO INFRA.CLIENTES ( ID_USUARIO, CLIENTE) VALUES( (SELECT ID_USUARIO FROM INFRA.USUARIOS WHERE CVE_USUARIO = 'resortescresa@prodigy.net.mx'), 'Kuo' );


--Lamosa

--Delca, S.A. de C.V.
INSERT INTO INFRA.USUARIOS ( CVE_USUARIO, PASSWORD ) VALUES( 'playerasmas@yahoo.cm.mx', 'ccmx1234' );
INSERT INTO INFRA.REL_ROLES ( CVE_ROL, CVE_USUARIO ) VALUES( 'PyME', 'playerasmas@yahoo.cm.mx' );
INSERT INTO INFRA.PYMES ( ID_USUARIO, ID_USUARIO_PADRE, CORREO_ELECTRONICO, NOMBRE_COMERCIAL ) VALUES( (SELECT ID_USUARIO FROM INFRA.USUARIOS WHERE CVE_USUARIO = 'playerasmas@yahoo.cm.mx'), '1', 'playerasmas@yahoo.cm.mx', 'Delca, S.A. de C.V.' );
INSERT INTO INFRA.CONTACTOS (ID_USUARIO, TIPO, NOMBRE, APELLIDO_PATERNO, APELLIDO_MATERNO, CORREO_ELECTRONICO, B_PRINCIPAL, TELEFONO) VALUES ( (SELECT ID_USUARIO FROM INFRA.USUARIOS WHERE CVE_USUARIO = 'playerasmas@yahoo.cm.mx'), 'Ventas', 'Luis Alberto', 'Del Castillo', 'Mendoza', 'playerasmas@yahoo.cm.mx', true, '2133079');
INSERT INTO INFRA.REL_PYMES_TRACTORAS ( ID_USUARIO_TRACTORA, ID_USUARIO_PYME) VALUES( (SELECT ID_USUARIO FROM INFRA.TRACTORAS WHERE EMPRESA = 'Lamosa'), (SELECT ID_USUARIO FROM INFRA.USUARIOS WHERE CVE_USUARIO = 'playerasmas@yahoo.cm.mx') );
INSERT INTO INFRA.CLIENTES ( ID_USUARIO, CLIENTE) VALUES( (SELECT ID_USUARIO FROM INFRA.USUARIOS WHERE CVE_USUARIO = 'playerasmas@yahoo.cm.mx'), 'Lamosa' );

--Películas Plásticas, S.A. de C.V.
INSERT INTO INFRA.USUARIOS ( CVE_USUARIO, PASSWORD ) VALUES( 'servicioalcliente@pelpt.com.mx', 'ccmx1234' );
INSERT INTO INFRA.REL_ROLES ( CVE_ROL, CVE_USUARIO ) VALUES( 'PyME', 'servicioalcliente@pelpt.com.mx' );
INSERT INTO INFRA.PYMES ( ID_USUARIO, ID_USUARIO_PADRE, CORREO_ELECTRONICO, NOMBRE_COMERCIAL ) VALUES( (SELECT ID_USUARIO FROM INFRA.USUARIOS WHERE CVE_USUARIO = 'servicioalcliente@pelpt.com.mx'), '1', 'servicioalcliente@pelpt.com.mx', 'Películas Plásticas, S.A. de C.V.' );
INSERT INTO INFRA.CONTACTOS (ID_USUARIO, TIPO, NOMBRE, APELLIDO_PATERNO, APELLIDO_MATERNO, CORREO_ELECTRONICO, B_PRINCIPAL, TELEFONO) VALUES ( (SELECT ID_USUARIO FROM INFRA.USUARIOS WHERE CVE_USUARIO = 'servicioalcliente@pelpt.com.mx'), 'Ventas', 'Gerardo', 'Garza', 'Autrey', 'servicioalcliente@pelpt.com.mx', true, '4332911');
INSERT INTO INFRA.REL_PYMES_TRACTORAS ( ID_USUARIO_TRACTORA, ID_USUARIO_PYME) VALUES( (SELECT ID_USUARIO FROM INFRA.TRACTORAS WHERE EMPRESA = 'Lamosa'), (SELECT ID_USUARIO FROM INFRA.USUARIOS WHERE CVE_USUARIO = 'servicioalcliente@pelpt.com.mx') );
INSERT INTO INFRA.CLIENTES ( ID_USUARIO, CLIENTE) VALUES( (SELECT ID_USUARIO FROM INFRA.USUARIOS WHERE CVE_USUARIO = 'servicioalcliente@pelpt.com.mx'), 'Lamosa' );

--Bepa Ingeniería, S.A. de C.V.
INSERT INTO INFRA.USUARIOS ( CVE_USUARIO, PASSWORD ) VALUES( 'alberto@bepaingenieria.com.mx', 'ccmx1234' );
INSERT INTO INFRA.REL_ROLES ( CVE_ROL, CVE_USUARIO ) VALUES( 'PyME', 'alberto@bepaingenieria.com.mx' );
INSERT INTO INFRA.PYMES ( ID_USUARIO, ID_USUARIO_PADRE, CORREO_ELECTRONICO, NOMBRE_COMERCIAL ) VALUES( (SELECT ID_USUARIO FROM INFRA.USUARIOS WHERE CVE_USUARIO = 'alberto@bepaingenieria.com.mx'), '1', 'alberto@bepaingenieria.com.mx', 'Bepa Ingeniería, S.A. de C.V.' );
INSERT INTO INFRA.CONTACTOS (ID_USUARIO, TIPO, NOMBRE, APELLIDO_PATERNO, APELLIDO_MATERNO, CORREO_ELECTRONICO, B_PRINCIPAL, TELEFONO) VALUES ( (SELECT ID_USUARIO FROM INFRA.USUARIOS WHERE CVE_USUARIO = 'alberto@bepaingenieria.com.mx'), 'Ventas', 'Alberto', 'Martinez', 'Gonzalez', 'alberto@bepaingenieria.com.mx', true, '2161778');
INSERT INTO INFRA.REL_PYMES_TRACTORAS ( ID_USUARIO_TRACTORA, ID_USUARIO_PYME) VALUES( (SELECT ID_USUARIO FROM INFRA.TRACTORAS WHERE EMPRESA = 'Lamosa'), (SELECT ID_USUARIO FROM INFRA.USUARIOS WHERE CVE_USUARIO = 'alberto@bepaingenieria.com.mx') );
INSERT INTO INFRA.CLIENTES ( ID_USUARIO, CLIENTE) VALUES( (SELECT ID_USUARIO FROM INFRA.USUARIOS WHERE CVE_USUARIO = 'alberto@bepaingenieria.com.mx'), 'Lamosa' );

--Balanzas & Basculas
INSERT INTO INFRA.USUARIOS ( CVE_USUARIO, PASSWORD ) VALUES( 'oscar.arcega@balanzasybasculas', 'ccmx1234' );
INSERT INTO INFRA.REL_ROLES ( CVE_ROL, CVE_USUARIO ) VALUES( 'PyME', 'oscar.arcega@balanzasybasculas' );
INSERT INTO INFRA.PYMES ( ID_USUARIO, ID_USUARIO_PADRE, CORREO_ELECTRONICO, NOMBRE_COMERCIAL ) VALUES( (SELECT ID_USUARIO FROM INFRA.USUARIOS WHERE CVE_USUARIO = 'oscar.arcega@balanzasybasculas'), '1', 'oscar.arcega@balanzasybasculas', 'Balanzas & Basculas' );
INSERT INTO INFRA.CONTACTOS (ID_USUARIO, TIPO, NOMBRE, APELLIDO_PATERNO, APELLIDO_MATERNO, CORREO_ELECTRONICO, B_PRINCIPAL, TELEFONO) VALUES ( (SELECT ID_USUARIO FROM INFRA.USUARIOS WHERE CVE_USUARIO = 'oscar.arcega@balanzasybasculas'), 'Ventas', 'Oscar', 'Arcega', 'Perez', 'oscar.arcega@balanzasybasculas', true, '2102200');
INSERT INTO INFRA.REL_PYMES_TRACTORAS ( ID_USUARIO_TRACTORA, ID_USUARIO_PYME) VALUES( (SELECT ID_USUARIO FROM INFRA.TRACTORAS WHERE EMPRESA = 'Lamosa'), (SELECT ID_USUARIO FROM INFRA.USUARIOS WHERE CVE_USUARIO = 'oscar.arcega@balanzasybasculas') );
INSERT INTO INFRA.CLIENTES ( ID_USUARIO, CLIENTE) VALUES( (SELECT ID_USUARIO FROM INFRA.USUARIOS WHERE CVE_USUARIO = 'oscar.arcega@balanzasybasculas'), 'Lamosa' );

--Termopares y Controles Industriales S.A. de C.V.
INSERT INTO INFRA.USUARIOS ( CVE_USUARIO, PASSWORD ) VALUES( 'tcisa@prodigy.net.mx', 'ccmx1234' );
INSERT INTO INFRA.REL_ROLES ( CVE_ROL, CVE_USUARIO ) VALUES( 'PyME', 'tcisa@prodigy.net.mx' );
INSERT INTO INFRA.PYMES ( ID_USUARIO, ID_USUARIO_PADRE, CORREO_ELECTRONICO, NOMBRE_COMERCIAL ) VALUES( (SELECT ID_USUARIO FROM INFRA.USUARIOS WHERE CVE_USUARIO = 'tcisa@prodigy.net.mx'), '1', 'tcisa@prodigy.net.mx', 'Termopares y Controles Industriales S.A. de C.V.' );
INSERT INTO INFRA.CONTACTOS (ID_USUARIO, TIPO, NOMBRE, APELLIDO_PATERNO, APELLIDO_MATERNO, CORREO_ELECTRONICO, B_PRINCIPAL, TELEFONO) VALUES ( (SELECT ID_USUARIO FROM INFRA.USUARIOS WHERE CVE_USUARIO = 'tcisa@prodigy.net.mx'), 'Ventas', 'Jose Alfredo', 'Duarte', 'Rico', 'tcisa@prodigy.net.mx', true, '5558762083');
INSERT INTO INFRA.REL_PYMES_TRACTORAS ( ID_USUARIO_TRACTORA, ID_USUARIO_PYME) VALUES( (SELECT ID_USUARIO FROM INFRA.TRACTORAS WHERE EMPRESA = 'Lamosa'), (SELECT ID_USUARIO FROM INFRA.USUARIOS WHERE CVE_USUARIO = 'tcisa@prodigy.net.mx') );
INSERT INTO INFRA.CLIENTES ( ID_USUARIO, CLIENTE) VALUES( (SELECT ID_USUARIO FROM INFRA.USUARIOS WHERE CVE_USUARIO = 'tcisa@prodigy.net.mx'), 'Lamosa' );

--Industrias Navar, S. de R.L. de C.V.
INSERT INTO INFRA.USUARIOS ( CVE_USUARIO, PASSWORD ) VALUES( 'indnavar@prodigy.net.mx', 'ccmx1234' );
INSERT INTO INFRA.REL_ROLES ( CVE_ROL, CVE_USUARIO ) VALUES( 'PyME', 'indnavar@prodigy.net.mx' );
INSERT INTO INFRA.PYMES ( ID_USUARIO, ID_USUARIO_PADRE, CORREO_ELECTRONICO, NOMBRE_COMERCIAL ) VALUES( (SELECT ID_USUARIO FROM INFRA.USUARIOS WHERE CVE_USUARIO = 'indnavar@prodigy.net.mx'), '1', 'indnavar@prodigy.net.mx', 'Industrias Navar, S. de R.L. de C.V.' );
INSERT INTO INFRA.CONTACTOS (ID_USUARIO, TIPO, NOMBRE, APELLIDO_PATERNO, APELLIDO_MATERNO, CORREO_ELECTRONICO, B_PRINCIPAL, TELEFONO) VALUES ( (SELECT ID_USUARIO FROM INFRA.USUARIOS WHERE CVE_USUARIO = 'indnavar@prodigy.net.mx'), 'Ventas', 'Sandra', 'Nava', '', 'indnavar@prodigy.net.mx', true, '');
INSERT INTO INFRA.REL_PYMES_TRACTORAS ( ID_USUARIO_TRACTORA, ID_USUARIO_PYME) VALUES( (SELECT ID_USUARIO FROM INFRA.TRACTORAS WHERE EMPRESA = 'Lamosa'), (SELECT ID_USUARIO FROM INFRA.USUARIOS WHERE CVE_USUARIO = 'indnavar@prodigy.net.mx') );
INSERT INTO INFRA.CLIENTES ( ID_USUARIO, CLIENTE) VALUES( (SELECT ID_USUARIO FROM INFRA.USUARIOS WHERE CVE_USUARIO = 'indnavar@prodigy.net.mx'), 'Lamosa' );

--Prefinsa (Productos Refractarios para la industria SA de CV)
INSERT INTO INFRA.USUARIOS ( CVE_USUARIO, PASSWORD ) VALUES( 'rfernandezt@prefinsa.com.mx', 'ccmx1234' );
INSERT INTO INFRA.REL_ROLES ( CVE_ROL, CVE_USUARIO ) VALUES( 'PyME', 'rfernandezt@prefinsa.com.mx' );
INSERT INTO INFRA.PYMES ( ID_USUARIO, ID_USUARIO_PADRE, CORREO_ELECTRONICO, NOMBRE_COMERCIAL ) VALUES( (SELECT ID_USUARIO FROM INFRA.USUARIOS WHERE CVE_USUARIO = 'rfernandezt@prefinsa.com.mx'), '1', 'rfernandezt@prefinsa.com.mx', 'Prefinsa (Productos Refractarios para la industria SA de CV)' );
INSERT INTO INFRA.CONTACTOS (ID_USUARIO, TIPO, NOMBRE, APELLIDO_PATERNO, APELLIDO_MATERNO, CORREO_ELECTRONICO, B_PRINCIPAL, TELEFONO) VALUES ( (SELECT ID_USUARIO FROM INFRA.USUARIOS WHERE CVE_USUARIO = 'rfernandezt@prefinsa.com.mx'), 'Ventas', 'Rodrigo', 'Fernandez', '', 'rfernandezt@prefinsa.com.mx', true, '');
INSERT INTO INFRA.REL_PYMES_TRACTORAS ( ID_USUARIO_TRACTORA, ID_USUARIO_PYME) VALUES( (SELECT ID_USUARIO FROM INFRA.TRACTORAS WHERE EMPRESA = 'Lamosa'), (SELECT ID_USUARIO FROM INFRA.USUARIOS WHERE CVE_USUARIO = 'rfernandezt@prefinsa.com.mx') );
INSERT INTO INFRA.CLIENTES ( ID_USUARIO, CLIENTE) VALUES( (SELECT ID_USUARIO FROM INFRA.USUARIOS WHERE CVE_USUARIO = 'rfernandezt@prefinsa.com.mx'), 'Lamosa' );

--Comercializadora de Repuestos Industriales, S.A. de C.V.
INSERT INTO INFRA.USUARIOS ( CVE_USUARIO, PASSWORD ) VALUES( 'eguerrero@comrisa.com', 'ccmx1234' );
INSERT INTO INFRA.REL_ROLES ( CVE_ROL, CVE_USUARIO ) VALUES( 'PyME', 'eguerrero@comrisa.com' );
INSERT INTO INFRA.PYMES ( ID_USUARIO, ID_USUARIO_PADRE, CORREO_ELECTRONICO, NOMBRE_COMERCIAL ) VALUES( (SELECT ID_USUARIO FROM INFRA.USUARIOS WHERE CVE_USUARIO = 'eguerrero@comrisa.com'), '1', 'eguerrero@comrisa.com', 'Comercializadora de Repuestos Industriales, S.A. de C.V.' );
INSERT INTO INFRA.CONTACTOS (ID_USUARIO, TIPO, NOMBRE, APELLIDO_PATERNO, APELLIDO_MATERNO, CORREO_ELECTRONICO, B_PRINCIPAL, TELEFONO) VALUES ( (SELECT ID_USUARIO FROM INFRA.USUARIOS WHERE CVE_USUARIO = 'eguerrero@comrisa.com'), 'Ventas', 'Eloisa del Carmen', 'Guerrero', 'Villarreal', 'eguerrero@comrisa.com', true, '');
INSERT INTO INFRA.REL_PYMES_TRACTORAS ( ID_USUARIO_TRACTORA, ID_USUARIO_PYME) VALUES( (SELECT ID_USUARIO FROM INFRA.TRACTORAS WHERE EMPRESA = 'Lamosa'), (SELECT ID_USUARIO FROM INFRA.USUARIOS WHERE CVE_USUARIO = 'eguerrero@comrisa.com') );
INSERT INTO INFRA.CLIENTES ( ID_USUARIO, CLIENTE) VALUES( (SELECT ID_USUARIO FROM INFRA.USUARIOS WHERE CVE_USUARIO = 'eguerrero@comrisa.com'), 'Lamosa' );

--Arquiplanos SA de CV
INSERT INTO INFRA.USUARIOS ( CVE_USUARIO, PASSWORD ) VALUES( 'aj@arquiplanos.net', 'ccmx1234' );
INSERT INTO INFRA.REL_ROLES ( CVE_ROL, CVE_USUARIO ) VALUES( 'PyME', 'aj@arquiplanos.net' );
INSERT INTO INFRA.PYMES ( ID_USUARIO, ID_USUARIO_PADRE, CORREO_ELECTRONICO, NOMBRE_COMERCIAL ) VALUES( (SELECT ID_USUARIO FROM INFRA.USUARIOS WHERE CVE_USUARIO = 'aj@arquiplanos.net'), '1', 'aj@arquiplanos.net', 'Arquiplanos SA de CV' );
INSERT INTO INFRA.CONTACTOS (ID_USUARIO, TIPO, NOMBRE, APELLIDO_PATERNO, APELLIDO_MATERNO, CORREO_ELECTRONICO, B_PRINCIPAL, TELEFONO) VALUES ( (SELECT ID_USUARIO FROM INFRA.USUARIOS WHERE CVE_USUARIO = 'aj@arquiplanos.net'), 'Ventas', 'Alejandro', 'Rodriguez', 'Velazquez', 'aj@arquiplanos.net', true, '');
INSERT INTO INFRA.REL_PYMES_TRACTORAS ( ID_USUARIO_TRACTORA, ID_USUARIO_PYME) VALUES( (SELECT ID_USUARIO FROM INFRA.TRACTORAS WHERE EMPRESA = 'Lamosa'), (SELECT ID_USUARIO FROM INFRA.USUARIOS WHERE CVE_USUARIO = 'aj@arquiplanos.net') );
INSERT INTO INFRA.CLIENTES ( ID_USUARIO, CLIENTE) VALUES( (SELECT ID_USUARIO FROM INFRA.USUARIOS WHERE CVE_USUARIO = 'aj@arquiplanos.net'), 'Lamosa' );

--Martín y Orozco, S.A. de C.V.
INSERT INTO INFRA.USUARIOS ( CVE_USUARIO, PASSWORD ) VALUES( 'ramon.martin@maorza.com.mx', 'ccmx1234' );
INSERT INTO INFRA.REL_ROLES ( CVE_ROL, CVE_USUARIO ) VALUES( 'PyME', 'ramon.martin@maorza.com.mx' );
INSERT INTO INFRA.PYMES ( ID_USUARIO, ID_USUARIO_PADRE, CORREO_ELECTRONICO, NOMBRE_COMERCIAL ) VALUES( (SELECT ID_USUARIO FROM INFRA.USUARIOS WHERE CVE_USUARIO = 'ramon.martin@maorza.com.mx'), '1', 'ramon.martin@maorza.com.mx', 'Martín y Orozco, S.A. de C.V.' );
INSERT INTO INFRA.CONTACTOS (ID_USUARIO, TIPO, NOMBRE, APELLIDO_PATERNO, APELLIDO_MATERNO, CORREO_ELECTRONICO, B_PRINCIPAL, TELEFONO) VALUES ( (SELECT ID_USUARIO FROM INFRA.USUARIOS WHERE CVE_USUARIO = 'ramon.martin@maorza.com.mx'), 'Ventas', 'Gerardo Martin', 'Orozco', '', 'ramon.martin@maorza.com.mx', true, '2222445565');
INSERT INTO INFRA.REL_PYMES_TRACTORAS ( ID_USUARIO_TRACTORA, ID_USUARIO_PYME) VALUES( (SELECT ID_USUARIO FROM INFRA.TRACTORAS WHERE EMPRESA = 'Lamosa'), (SELECT ID_USUARIO FROM INFRA.USUARIOS WHERE CVE_USUARIO = 'ramon.martin@maorza.com.mx') );
INSERT INTO INFRA.CLIENTES ( ID_USUARIO, CLIENTE) VALUES( (SELECT ID_USUARIO FROM INFRA.USUARIOS WHERE CVE_USUARIO = 'ramon.martin@maorza.com.mx'), 'Lamosa' );

--Matex, S.A. de C.V.
INSERT INTO INFRA.USUARIOS ( CVE_USUARIO, PASSWORD ) VALUES( 'fmp@fmp.com.mx', 'ccmx1234' );
INSERT INTO INFRA.REL_ROLES ( CVE_ROL, CVE_USUARIO ) VALUES( 'PyME', 'fmp@fmp.com.mx' );
INSERT INTO INFRA.PYMES ( ID_USUARIO, ID_USUARIO_PADRE, CORREO_ELECTRONICO, NOMBRE_COMERCIAL ) VALUES( (SELECT ID_USUARIO FROM INFRA.USUARIOS WHERE CVE_USUARIO = 'fmp@fmp.com.mx'), '1', 'fmp@fmp.com.mx', 'Matex, S.A. de C.V.' );
INSERT INTO INFRA.CONTACTOS (ID_USUARIO, TIPO, NOMBRE, APELLIDO_PATERNO, APELLIDO_MATERNO, CORREO_ELECTRONICO, B_PRINCIPAL, TELEFONO) VALUES ( (SELECT ID_USUARIO FROM INFRA.USUARIOS WHERE CVE_USUARIO = 'fmp@fmp.com.mx'), 'Ventas', 'Joaquin', 'Fernandez', 'Obregon', 'fmp@fmp.com.mx', true, '2222266295');
INSERT INTO INFRA.REL_PYMES_TRACTORAS ( ID_USUARIO_TRACTORA, ID_USUARIO_PYME) VALUES( (SELECT ID_USUARIO FROM INFRA.TRACTORAS WHERE EMPRESA = 'Lamosa'), (SELECT ID_USUARIO FROM INFRA.USUARIOS WHERE CVE_USUARIO = 'fmp@fmp.com.mx') );
INSERT INTO INFRA.CLIENTES ( ID_USUARIO, CLIENTE) VALUES( (SELECT ID_USUARIO FROM INFRA.USUARIOS WHERE CVE_USUARIO = 'fmp@fmp.com.mx'), 'Lamosa' );

--Julia Solís Cid.
INSERT INTO INFRA.USUARIOS ( CVE_USUARIO, PASSWORD ) VALUES( 'simepu@hotmail.com', 'ccmx1234' );
INSERT INTO INFRA.REL_ROLES ( CVE_ROL, CVE_USUARIO ) VALUES( 'PyME', 'simepu@hotmail.com' );
INSERT INTO INFRA.PYMES ( ID_USUARIO, ID_USUARIO_PADRE, CORREO_ELECTRONICO, NOMBRE_COMERCIAL ) VALUES( (SELECT ID_USUARIO FROM INFRA.USUARIOS WHERE CVE_USUARIO = 'simepu@hotmail.com'), '1', 'simepu@hotmail.com', 'Julia Solís Cid.' );
INSERT INTO INFRA.CONTACTOS (ID_USUARIO, TIPO, NOMBRE, APELLIDO_PATERNO, APELLIDO_MATERNO, CORREO_ELECTRONICO, B_PRINCIPAL, TELEFONO) VALUES ( (SELECT ID_USUARIO FROM INFRA.USUARIOS WHERE CVE_USUARIO = 'simepu@hotmail.com'), 'Ventas', 'Julia', 'Solis', 'Cid', 'simepu@hotmail.com', true, '2222333218');
INSERT INTO INFRA.REL_PYMES_TRACTORAS ( ID_USUARIO_TRACTORA, ID_USUARIO_PYME) VALUES( (SELECT ID_USUARIO FROM INFRA.TRACTORAS WHERE EMPRESA = 'Lamosa'), (SELECT ID_USUARIO FROM INFRA.USUARIOS WHERE CVE_USUARIO = 'simepu@hotmail.com') );
INSERT INTO INFRA.CLIENTES ( ID_USUARIO, CLIENTE) VALUES( (SELECT ID_USUARIO FROM INFRA.USUARIOS WHERE CVE_USUARIO = 'simepu@hotmail.com'), 'Lamosa' );

--Ineza, S.A. de C.V.
INSERT INTO INFRA.USUARIOS ( CVE_USUARIO, PASSWORD ) VALUES( 'lencoso@ineza.com.mx', 'ccmx1234' );
INSERT INTO INFRA.REL_ROLES ( CVE_ROL, CVE_USUARIO ) VALUES( 'PyME', 'lencoso@ineza.com.mx' );
INSERT INTO INFRA.PYMES ( ID_USUARIO, ID_USUARIO_PADRE, CORREO_ELECTRONICO, NOMBRE_COMERCIAL ) VALUES( (SELECT ID_USUARIO FROM INFRA.USUARIOS WHERE CVE_USUARIO = 'lencoso@ineza.com.mx'), '1', 'lencoso@ineza.com.mx', 'Ineza, S.A. de C.V.' );
INSERT INTO INFRA.CONTACTOS (ID_USUARIO, TIPO, NOMBRE, APELLIDO_PATERNO, APELLIDO_MATERNO, CORREO_ELECTRONICO, B_PRINCIPAL, TELEFONO) VALUES ( (SELECT ID_USUARIO FROM INFRA.USUARIOS WHERE CVE_USUARIO = 'lencoso@ineza.com.mx'), 'Ventas', 'Lorena', 'Enciso', '', 'lencoso@ineza.com.mx', true, '3338253435');
INSERT INTO INFRA.REL_PYMES_TRACTORAS ( ID_USUARIO_TRACTORA, ID_USUARIO_PYME) VALUES( (SELECT ID_USUARIO FROM INFRA.TRACTORAS WHERE EMPRESA = 'Lamosa'), (SELECT ID_USUARIO FROM INFRA.USUARIOS WHERE CVE_USUARIO = 'lencoso@ineza.com.mx') );
INSERT INTO INFRA.CLIENTES ( ID_USUARIO, CLIENTE) VALUES( (SELECT ID_USUARIO FROM INFRA.USUARIOS WHERE CVE_USUARIO = 'lencoso@ineza.com.mx'), 'Lamosa' );

--OMOMM, S.A. de C.V.
INSERT INTO INFRA.USUARIOS ( CVE_USUARIO, PASSWORD ) VALUES( 'omomm@hotmail.com', 'ccmx1234' );
INSERT INTO INFRA.REL_ROLES ( CVE_ROL, CVE_USUARIO ) VALUES( 'PyME', 'omomm@hotmail.com' );
INSERT INTO INFRA.PYMES ( ID_USUARIO, ID_USUARIO_PADRE, CORREO_ELECTRONICO, NOMBRE_COMERCIAL ) VALUES( (SELECT ID_USUARIO FROM INFRA.USUARIOS WHERE CVE_USUARIO = 'omomm@hotmail.com'), '1', 'omomm@hotmail.com', 'OMOMM, S.A. de C.V.' );
INSERT INTO INFRA.CONTACTOS (ID_USUARIO, TIPO, NOMBRE, APELLIDO_PATERNO, APELLIDO_MATERNO, CORREO_ELECTRONICO, B_PRINCIPAL, TELEFONO) VALUES ( (SELECT ID_USUARIO FROM INFRA.USUARIOS WHERE CVE_USUARIO = 'omomm@hotmail.com'), 'Ventas', 'Maria de la Paz', 'Cortes', 'Islas', 'omomm@hotmail.com', true, '2484842500');
INSERT INTO INFRA.REL_PYMES_TRACTORAS ( ID_USUARIO_TRACTORA, ID_USUARIO_PYME) VALUES( (SELECT ID_USUARIO FROM INFRA.TRACTORAS WHERE EMPRESA = 'Lamosa'), (SELECT ID_USUARIO FROM INFRA.USUARIOS WHERE CVE_USUARIO = 'omomm@hotmail.com') );
INSERT INTO INFRA.CLIENTES ( ID_USUARIO, CLIENTE) VALUES( (SELECT ID_USUARIO FROM INFRA.USUARIOS WHERE CVE_USUARIO = 'omomm@hotmail.com'), 'Lamosa' );

--Tlapalería y Ferretería López.
INSERT INTO INFRA.USUARIOS ( CVE_USUARIO, PASSWORD ) VALUES( 'alejandrotecocoatzi@prodigy.net.mx', 'ccmx1234' );
INSERT INTO INFRA.REL_ROLES ( CVE_ROL, CVE_USUARIO ) VALUES( 'PyME', 'alejandrotecocoatzi@prodigy.net.mx' );
INSERT INTO INFRA.PYMES ( ID_USUARIO, ID_USUARIO_PADRE, CORREO_ELECTRONICO, NOMBRE_COMERCIAL ) VALUES( (SELECT ID_USUARIO FROM INFRA.USUARIOS WHERE CVE_USUARIO = 'alejandrotecocoatzi@prodigy.net.mx'), '1', 'alejandrotecocoatzi@prodigy.net.mx', 'Tlapalería y Ferretería López.' );
INSERT INTO INFRA.CONTACTOS (ID_USUARIO, TIPO, NOMBRE, APELLIDO_PATERNO, APELLIDO_MATERNO, CORREO_ELECTRONICO, B_PRINCIPAL, TELEFONO) VALUES ( (SELECT ID_USUARIO FROM INFRA.USUARIOS WHERE CVE_USUARIO = 'alejandrotecocoatzi@prodigy.net.mx'), 'Ventas', 'Alejandro', 'Tecocoatzi', 'Jimenez', 'alejandrotecocoatzi@prodigy.net.mx', true, '2223202221');
INSERT INTO INFRA.REL_PYMES_TRACTORAS ( ID_USUARIO_TRACTORA, ID_USUARIO_PYME) VALUES( (SELECT ID_USUARIO FROM INFRA.TRACTORAS WHERE EMPRESA = 'Lamosa'), (SELECT ID_USUARIO FROM INFRA.USUARIOS WHERE CVE_USUARIO = 'alejandrotecocoatzi@prodigy.net.mx') );
INSERT INTO INFRA.CLIENTES ( ID_USUARIO, CLIENTE) VALUES( (SELECT ID_USUARIO FROM INFRA.USUARIOS WHERE CVE_USUARIO = 'alejandrotecocoatzi@prodigy.net.mx'), 'Lamosa' );

--Salvador Vazquez Salado.
INSERT INTO INFRA.USUARIOS ( CVE_USUARIO, PASSWORD ) VALUES( 'maquinadosmip@hotmail.com', 'ccmx1234' );
INSERT INTO INFRA.REL_ROLES ( CVE_ROL, CVE_USUARIO ) VALUES( 'PyME', 'maquinadosmip@hotmail.com' );
INSERT INTO INFRA.PYMES ( ID_USUARIO, ID_USUARIO_PADRE, CORREO_ELECTRONICO, NOMBRE_COMERCIAL ) VALUES( (SELECT ID_USUARIO FROM INFRA.USUARIOS WHERE CVE_USUARIO = 'maquinadosmip@hotmail.com'), '1', 'maquinadosmip@hotmail.com', 'Salvador Vazquez Salado.' );
INSERT INTO INFRA.CONTACTOS (ID_USUARIO, TIPO, NOMBRE, APELLIDO_PATERNO, APELLIDO_MATERNO, CORREO_ELECTRONICO, B_PRINCIPAL, TELEFONO) VALUES ( (SELECT ID_USUARIO FROM INFRA.USUARIOS WHERE CVE_USUARIO = 'maquinadosmip@hotmail.com'), 'Ventas', 'Jorge', 'Grande', 'Muñoz', 'maquinadosmip@hotmail.com', true, '4612948');
INSERT INTO INFRA.REL_PYMES_TRACTORAS ( ID_USUARIO_TRACTORA, ID_USUARIO_PYME) VALUES( (SELECT ID_USUARIO FROM INFRA.TRACTORAS WHERE EMPRESA = 'Lamosa'), (SELECT ID_USUARIO FROM INFRA.USUARIOS WHERE CVE_USUARIO = 'maquinadosmip@hotmail.com') );
INSERT INTO INFRA.CLIENTES ( ID_USUARIO, CLIENTE) VALUES( (SELECT ID_USUARIO FROM INFRA.USUARIOS WHERE CVE_USUARIO = 'maquinadosmip@hotmail.com'), 'Lamosa' );

--Corporación Gráfica.
INSERT INTO INFRA.USUARIOS ( CVE_USUARIO, PASSWORD ) VALUES( 'corporacion.egrafica@hotmail.com', 'ccmx1234' );
INSERT INTO INFRA.REL_ROLES ( CVE_ROL, CVE_USUARIO ) VALUES( 'PyME', 'corporacion.egrafica@hotmail.com' );
INSERT INTO INFRA.PYMES ( ID_USUARIO, ID_USUARIO_PADRE, CORREO_ELECTRONICO, NOMBRE_COMERCIAL ) VALUES( (SELECT ID_USUARIO FROM INFRA.USUARIOS WHERE CVE_USUARIO = 'corporacion.egrafica@hotmail.com'), '1', 'corporacion.egrafica@hotmail.com', 'Corporación Gráfica.' );
INSERT INTO INFRA.CONTACTOS (ID_USUARIO, TIPO, NOMBRE, APELLIDO_PATERNO, APELLIDO_MATERNO, CORREO_ELECTRONICO, B_PRINCIPAL, TELEFONO) VALUES ( (SELECT ID_USUARIO FROM INFRA.USUARIOS WHERE CVE_USUARIO = 'corporacion.egrafica@hotmail.com'), 'Ventas', 'Antonio', 'de la Cruz', 'Sanchez', 'corporacion.egrafica@hotmail.com', true, '2224822543');
INSERT INTO INFRA.REL_PYMES_TRACTORAS ( ID_USUARIO_TRACTORA, ID_USUARIO_PYME) VALUES( (SELECT ID_USUARIO FROM INFRA.TRACTORAS WHERE EMPRESA = 'Lamosa'), (SELECT ID_USUARIO FROM INFRA.USUARIOS WHERE CVE_USUARIO = 'corporacion.egrafica@hotmail.com') );
INSERT INTO INFRA.CLIENTES ( ID_USUARIO, CLIENTE) VALUES( (SELECT ID_USUARIO FROM INFRA.USUARIOS WHERE CVE_USUARIO = 'corporacion.egrafica@hotmail.com'), 'Lamosa' );

--Lourdes Julissa Martínez Orduña.
INSERT INTO INFRA.USUARIOS ( CVE_USUARIO, PASSWORD ) VALUES( 'tornilleriacasablanca@hotmail.com.mx', 'ccmx1234' );
INSERT INTO INFRA.REL_ROLES ( CVE_ROL, CVE_USUARIO ) VALUES( 'PyME', 'tornilleriacasablanca@hotmail.com.mx' );
INSERT INTO INFRA.PYMES ( ID_USUARIO, ID_USUARIO_PADRE, CORREO_ELECTRONICO, NOMBRE_COMERCIAL ) VALUES( (SELECT ID_USUARIO FROM INFRA.USUARIOS WHERE CVE_USUARIO = 'tornilleriacasablanca@hotmail.com.mx'), '1', 'tornilleriacasablanca@hotmail.com.mx', 'Lourdes Julissa Martínez Orduña.' );
INSERT INTO INFRA.CONTACTOS (ID_USUARIO, TIPO, NOMBRE, APELLIDO_PATERNO, APELLIDO_MATERNO, CORREO_ELECTRONICO, B_PRINCIPAL, TELEFONO) VALUES ( (SELECT ID_USUARIO FROM INFRA.USUARIOS WHERE CVE_USUARIO = 'tornilleriacasablanca@hotmail.com.mx'), 'Ventas', 'Lourdes Julissa', 'Martinez', 'Orduña', 'tornilleriacasablanca@hotmail.com.mx', true, '2222688750');
INSERT INTO INFRA.REL_PYMES_TRACTORAS ( ID_USUARIO_TRACTORA, ID_USUARIO_PYME) VALUES( (SELECT ID_USUARIO FROM INFRA.TRACTORAS WHERE EMPRESA = 'Lamosa'), (SELECT ID_USUARIO FROM INFRA.USUARIOS WHERE CVE_USUARIO = 'tornilleriacasablanca@hotmail.com.mx') );
INSERT INTO INFRA.CLIENTES ( ID_USUARIO, CLIENTE) VALUES( (SELECT ID_USUARIO FROM INFRA.USUARIOS WHERE CVE_USUARIO = 'tornilleriacasablanca@hotmail.com.mx'), 'Lamosa' );

--Erika Romero Aranda.
INSERT INTO INFRA.USUARIOS ( CVE_USUARIO, PASSWORD ) VALUES( 'electrorefacciones@msn.com', 'ccmx1234' );
INSERT INTO INFRA.REL_ROLES ( CVE_ROL, CVE_USUARIO ) VALUES( 'PyME', 'electrorefacciones@msn.com' );
INSERT INTO INFRA.PYMES ( ID_USUARIO, ID_USUARIO_PADRE, CORREO_ELECTRONICO, NOMBRE_COMERCIAL ) VALUES( (SELECT ID_USUARIO FROM INFRA.USUARIOS WHERE CVE_USUARIO = 'electrorefacciones@msn.com'), '1', 'electrorefacciones@msn.com', 'Erika Romero Aranda.' );
INSERT INTO INFRA.CONTACTOS (ID_USUARIO, TIPO, NOMBRE, APELLIDO_PATERNO, APELLIDO_MATERNO, CORREO_ELECTRONICO, B_PRINCIPAL, TELEFONO) VALUES ( (SELECT ID_USUARIO FROM INFRA.USUARIOS WHERE CVE_USUARIO = 'electrorefacciones@msn.com'), 'Ventas', 'Erika', 'Romero', 'Arandas', 'electrorefacciones@msn.com', true, '2226198885');
INSERT INTO INFRA.REL_PYMES_TRACTORAS ( ID_USUARIO_TRACTORA, ID_USUARIO_PYME) VALUES( (SELECT ID_USUARIO FROM INFRA.TRACTORAS WHERE EMPRESA = 'Lamosa'), (SELECT ID_USUARIO FROM INFRA.USUARIOS WHERE CVE_USUARIO = 'electrorefacciones@msn.com') );
INSERT INTO INFRA.CLIENTES ( ID_USUARIO, CLIENTE) VALUES( (SELECT ID_USUARIO FROM INFRA.USUARIOS WHERE CVE_USUARIO = 'electrorefacciones@msn.com'), 'Lamosa' );

--Cajas y Empaques Industriales de Madera, S.A. de C.V.
INSERT INTO INFRA.USUARIOS ( CVE_USUARIO, PASSWORD ) VALUES( 'lourdesggr@yahoo.com.mx', 'ccmx1234' );
INSERT INTO INFRA.REL_ROLES ( CVE_ROL, CVE_USUARIO ) VALUES( 'PyME', 'lourdesggr@yahoo.com.mx' );
INSERT INTO INFRA.PYMES ( ID_USUARIO, ID_USUARIO_PADRE, CORREO_ELECTRONICO, NOMBRE_COMERCIAL ) VALUES( (SELECT ID_USUARIO FROM INFRA.USUARIOS WHERE CVE_USUARIO = 'lourdesggr@yahoo.com.mx'), '1', 'lourdesggr@yahoo.com.mx', 'Cajas y Empaques Industriales de Madera, S.A. de C.V.' );
INSERT INTO INFRA.CONTACTOS (ID_USUARIO, TIPO, NOMBRE, APELLIDO_PATERNO, APELLIDO_MATERNO, CORREO_ELECTRONICO, B_PRINCIPAL, TELEFONO) VALUES ( (SELECT ID_USUARIO FROM INFRA.USUARIOS WHERE CVE_USUARIO = 'lourdesggr@yahoo.com.mx'), 'Ventas', 'Lourdes', 'Guevara', 'Ramirez', 'lourdesggr@yahoo.com.mx', true, '7979719132');
INSERT INTO INFRA.REL_PYMES_TRACTORAS ( ID_USUARIO_TRACTORA, ID_USUARIO_PYME) VALUES( (SELECT ID_USUARIO FROM INFRA.TRACTORAS WHERE EMPRESA = 'Lamosa'), (SELECT ID_USUARIO FROM INFRA.USUARIOS WHERE CVE_USUARIO = 'lourdesggr@yahoo.com.mx') );
INSERT INTO INFRA.CLIENTES ( ID_USUARIO, CLIENTE) VALUES( (SELECT ID_USUARIO FROM INFRA.USUARIOS WHERE CVE_USUARIO = 'lourdesggr@yahoo.com.mx'), 'Lamosa' );

--Servicios Industriales de Puebla, S.A. de C.V.
INSERT INTO INFRA.USUARIOS ( CVE_USUARIO, PASSWORD ) VALUES( 'sipsagerencia@prodigy.net.mx', 'ccmx1234' );
INSERT INTO INFRA.REL_ROLES ( CVE_ROL, CVE_USUARIO ) VALUES( 'PyME', 'sipsagerencia@prodigy.net.mx' );
INSERT INTO INFRA.PYMES ( ID_USUARIO, ID_USUARIO_PADRE, CORREO_ELECTRONICO, NOMBRE_COMERCIAL ) VALUES( (SELECT ID_USUARIO FROM INFRA.USUARIOS WHERE CVE_USUARIO = 'sipsagerencia@prodigy.net.mx'), '1', 'sipsagerencia@prodigy.net.mx', 'Servicios Industriales de Puebla, S.A. de C.V.' );
INSERT INTO INFRA.CONTACTOS (ID_USUARIO, TIPO, NOMBRE, APELLIDO_PATERNO, APELLIDO_MATERNO, CORREO_ELECTRONICO, B_PRINCIPAL, TELEFONO) VALUES ( (SELECT ID_USUARIO FROM INFRA.USUARIOS WHERE CVE_USUARIO = 'sipsagerencia@prodigy.net.mx'), 'Ventas', 'Josefina', 'Rodriguez', 'Hormigo', 'sipsagerencia@prodigy.net.mx', true, '2432439422');
INSERT INTO INFRA.REL_PYMES_TRACTORAS ( ID_USUARIO_TRACTORA, ID_USUARIO_PYME) VALUES( (SELECT ID_USUARIO FROM INFRA.TRACTORAS WHERE EMPRESA = 'Lamosa'), (SELECT ID_USUARIO FROM INFRA.USUARIOS WHERE CVE_USUARIO = 'sipsagerencia@prodigy.net.mx') );
INSERT INTO INFRA.CLIENTES ( ID_USUARIO, CLIENTE) VALUES( (SELECT ID_USUARIO FROM INFRA.USUARIOS WHERE CVE_USUARIO = 'sipsagerencia@prodigy.net.mx'), 'Lamosa' );

--P.F. José Manuel Cerón Herrera.
INSERT INTO INFRA.USUARIOS ( CVE_USUARIO, PASSWORD ) VALUES( 'manolocamelia2010@hotmail.com', 'ccmx1234' );
INSERT INTO INFRA.REL_ROLES ( CVE_ROL, CVE_USUARIO ) VALUES( 'PyME', 'manolocamelia2010@hotmail.com' );
INSERT INTO INFRA.PYMES ( ID_USUARIO, ID_USUARIO_PADRE, CORREO_ELECTRONICO, NOMBRE_COMERCIAL ) VALUES( (SELECT ID_USUARIO FROM INFRA.USUARIOS WHERE CVE_USUARIO = 'manolocamelia2010@hotmail.com'), '1', 'manolocamelia2010@hotmail.com', 'P.F. José Manuel Cerón Herrera.' );
INSERT INTO INFRA.CONTACTOS (ID_USUARIO, TIPO, NOMBRE, APELLIDO_PATERNO, APELLIDO_MATERNO, CORREO_ELECTRONICO, B_PRINCIPAL, TELEFONO) VALUES ( (SELECT ID_USUARIO FROM INFRA.USUARIOS WHERE CVE_USUARIO = 'manolocamelia2010@hotmail.com'), 'Ventas', 'Jose Manuel', 'Ceron', 'Herrera', 'manolocamelia2010@hotmail.com', true, '7979711376');
INSERT INTO INFRA.REL_PYMES_TRACTORAS ( ID_USUARIO_TRACTORA, ID_USUARIO_PYME) VALUES( (SELECT ID_USUARIO FROM INFRA.TRACTORAS WHERE EMPRESA = 'Lamosa'), (SELECT ID_USUARIO FROM INFRA.USUARIOS WHERE CVE_USUARIO = 'manolocamelia2010@hotmail.com') );
INSERT INTO INFRA.CLIENTES ( ID_USUARIO, CLIENTE) VALUES( (SELECT ID_USUARIO FROM INFRA.USUARIOS WHERE CVE_USUARIO = 'manolocamelia2010@hotmail.com'), 'Lamosa' );

--Refaccionaria Industrial  Lamuño  Hermanos, S.A. de C.V.
INSERT INTO INFRA.USUARIOS ( CVE_USUARIO, PASSWORD ) VALUES( 'admon.asesores@lamunoshermanos.com', 'ccmx1234' );
INSERT INTO INFRA.REL_ROLES ( CVE_ROL, CVE_USUARIO ) VALUES( 'PyME', 'admon.asesores@lamunoshermanos.com' );
INSERT INTO INFRA.PYMES ( ID_USUARIO, ID_USUARIO_PADRE, CORREO_ELECTRONICO, NOMBRE_COMERCIAL ) VALUES( (SELECT ID_USUARIO FROM INFRA.USUARIOS WHERE CVE_USUARIO = 'admon.asesores@lamunoshermanos.com'), '1', 'admon.asesores@lamunoshermanos.com', 'Refaccionaria Industrial  Lamuño  Hermanos, S.A. de C.V.' );
INSERT INTO INFRA.CONTACTOS (ID_USUARIO, TIPO, NOMBRE, APELLIDO_PATERNO, APELLIDO_MATERNO, CORREO_ELECTRONICO, B_PRINCIPAL, TELEFONO) VALUES ( (SELECT ID_USUARIO FROM INFRA.USUARIOS WHERE CVE_USUARIO = 'admon.asesores@lamunoshermanos.com'), 'Ventas', 'Jose Luis', 'Orbero', 'Zepeda', 'admon.asesores@lamunoshermanos.com', true, '2222404000');
INSERT INTO INFRA.REL_PYMES_TRACTORAS ( ID_USUARIO_TRACTORA, ID_USUARIO_PYME) VALUES( (SELECT ID_USUARIO FROM INFRA.TRACTORAS WHERE EMPRESA = 'Lamosa'), (SELECT ID_USUARIO FROM INFRA.USUARIOS WHERE CVE_USUARIO = 'admon.asesores@lamunoshermanos.com') );
INSERT INTO INFRA.CLIENTES ( ID_USUARIO, CLIENTE) VALUES( (SELECT ID_USUARIO FROM INFRA.USUARIOS WHERE CVE_USUARIO = 'admon.asesores@lamunoshermanos.com'), 'Lamosa' );

--Víctor Hugo Méndez Larradilla.
INSERT INTO INFRA.USUARIOS ( CVE_USUARIO, PASSWORD ) VALUES( 'victorhugo.23@live.com.mx', 'ccmx1234' );
INSERT INTO INFRA.REL_ROLES ( CVE_ROL, CVE_USUARIO ) VALUES( 'PyME', 'victorhugo.23@live.com.mx' );
INSERT INTO INFRA.PYMES ( ID_USUARIO, ID_USUARIO_PADRE, CORREO_ELECTRONICO, NOMBRE_COMERCIAL ) VALUES( (SELECT ID_USUARIO FROM INFRA.USUARIOS WHERE CVE_USUARIO = 'victorhugo.23@live.com.mx'), '1', 'victorhugo.23@live.com.mx', 'Víctor Hugo Méndez Larradilla.' );
INSERT INTO INFRA.CONTACTOS (ID_USUARIO, TIPO, NOMBRE, APELLIDO_PATERNO, APELLIDO_MATERNO, CORREO_ELECTRONICO, B_PRINCIPAL, TELEFONO) VALUES ( (SELECT ID_USUARIO FROM INFRA.USUARIOS WHERE CVE_USUARIO = 'victorhugo.23@live.com.mx'), 'Ventas', 'Victor Hugo', 'Mendez', 'Larradilla', 'victorhugo.23@live.com.mx', true, '2411316450');
INSERT INTO INFRA.REL_PYMES_TRACTORAS ( ID_USUARIO_TRACTORA, ID_USUARIO_PYME) VALUES( (SELECT ID_USUARIO FROM INFRA.TRACTORAS WHERE EMPRESA = 'Lamosa'), (SELECT ID_USUARIO FROM INFRA.USUARIOS WHERE CVE_USUARIO = 'victorhugo.23@live.com.mx') );
INSERT INTO INFRA.CLIENTES ( ID_USUARIO, CLIENTE) VALUES( (SELECT ID_USUARIO FROM INFRA.USUARIOS WHERE CVE_USUARIO = 'victorhugo.23@live.com.mx'), 'Lamosa' );

--Blanca Hernández Salamanca.
INSERT INTO INFRA.USUARIOS ( CVE_USUARIO, PASSWORD ) VALUES( 'hernandezsalamancablanca@yahoo.com.mx', 'ccmx1234' );
INSERT INTO INFRA.REL_ROLES ( CVE_ROL, CVE_USUARIO ) VALUES( 'PyME', 'hernandezsalamancablanca@yahoo.com.mx' );
INSERT INTO INFRA.PYMES ( ID_USUARIO, ID_USUARIO_PADRE, CORREO_ELECTRONICO, NOMBRE_COMERCIAL ) VALUES( (SELECT ID_USUARIO FROM INFRA.USUARIOS WHERE CVE_USUARIO = 'hernandezsalamancablanca@yahoo.com.mx'), '1', 'hernandezsalamancablanca@yahoo.com.mx', 'Blanca Hernández Salamanca.' );
INSERT INTO INFRA.CONTACTOS (ID_USUARIO, TIPO, NOMBRE, APELLIDO_PATERNO, APELLIDO_MATERNO, CORREO_ELECTRONICO, B_PRINCIPAL, TELEFONO) VALUES ( (SELECT ID_USUARIO FROM INFRA.USUARIOS WHERE CVE_USUARIO = 'hernandezsalamancablanca@yahoo.com.mx'), 'Ventas', 'Antonio', 'Nahuatlato', '', 'hernandezsalamancablanca@yahoo.com.mx', true, '2464165041');
INSERT INTO INFRA.REL_PYMES_TRACTORAS ( ID_USUARIO_TRACTORA, ID_USUARIO_PYME) VALUES( (SELECT ID_USUARIO FROM INFRA.TRACTORAS WHERE EMPRESA = 'Lamosa'), (SELECT ID_USUARIO FROM INFRA.USUARIOS WHERE CVE_USUARIO = 'hernandezsalamancablanca@yahoo.com.mx') );
INSERT INTO INFRA.CLIENTES ( ID_USUARIO, CLIENTE) VALUES( (SELECT ID_USUARIO FROM INFRA.USUARIOS WHERE CVE_USUARIO = 'hernandezsalamancablanca@yahoo.com.mx'), 'Lamosa' );

--Empresa Díaz.
INSERT INTO INFRA.USUARIOS ( CVE_USUARIO, PASSWORD ) VALUES( 'e_ejec_por@hotmail.com', 'ccmx1234' );
INSERT INTO INFRA.REL_ROLES ( CVE_ROL, CVE_USUARIO ) VALUES( 'PyME', 'e_ejec_por@hotmail.com' );
INSERT INTO INFRA.PYMES ( ID_USUARIO, ID_USUARIO_PADRE, CORREO_ELECTRONICO, NOMBRE_COMERCIAL ) VALUES( (SELECT ID_USUARIO FROM INFRA.USUARIOS WHERE CVE_USUARIO = 'e_ejec_por@hotmail.com'), '1', 'e_ejec_por@hotmail.com', 'Empresa Díaz.' );
INSERT INTO INFRA.CONTACTOS (ID_USUARIO, TIPO, NOMBRE, APELLIDO_PATERNO, APELLIDO_MATERNO, CORREO_ELECTRONICO, B_PRINCIPAL, TELEFONO) VALUES ( (SELECT ID_USUARIO FROM INFRA.USUARIOS WHERE CVE_USUARIO = 'e_ejec_por@hotmail.com'), 'Ventas', 'Esperanza', 'Diaz', 'Dominguez', 'e_ejec_por@hotmail.com', true, '2464975075');
INSERT INTO INFRA.REL_PYMES_TRACTORAS ( ID_USUARIO_TRACTORA, ID_USUARIO_PYME) VALUES( (SELECT ID_USUARIO FROM INFRA.TRACTORAS WHERE EMPRESA = 'Lamosa'), (SELECT ID_USUARIO FROM INFRA.USUARIOS WHERE CVE_USUARIO = 'e_ejec_por@hotmail.com') );
INSERT INTO INFRA.CLIENTES ( ID_USUARIO, CLIENTE) VALUES( (SELECT ID_USUARIO FROM INFRA.USUARIOS WHERE CVE_USUARIO = 'e_ejec_por@hotmail.com'), 'Lamosa' );

--Minerva Pérez Hernández. / Confecciones Zamalita.
INSERT INTO INFRA.USUARIOS ( CVE_USUARIO, PASSWORD ) VALUES( 'confeccioneszamalita@hotmail.com', 'ccmx1234' );
INSERT INTO INFRA.REL_ROLES ( CVE_ROL, CVE_USUARIO ) VALUES( 'PyME', 'confeccioneszamalita@hotmail.com' );
INSERT INTO INFRA.PYMES ( ID_USUARIO, ID_USUARIO_PADRE, CORREO_ELECTRONICO, NOMBRE_COMERCIAL ) VALUES( (SELECT ID_USUARIO FROM INFRA.USUARIOS WHERE CVE_USUARIO = 'confeccioneszamalita@hotmail.com'), '1', 'confeccioneszamalita@hotmail.com', 'Minerva Pérez Hernández. / Confecciones Zamalita.' );
INSERT INTO INFRA.CONTACTOS (ID_USUARIO, TIPO, NOMBRE, APELLIDO_PATERNO, APELLIDO_MATERNO, CORREO_ELECTRONICO, B_PRINCIPAL, TELEFONO) VALUES ( (SELECT ID_USUARIO FROM INFRA.USUARIOS WHERE CVE_USUARIO = 'confeccioneszamalita@hotmail.com'), 'Ventas', 'Minerva', 'Perez', 'Hernandez', 'confeccioneszamalita@hotmail.com', true, '2464680311');
INSERT INTO INFRA.REL_PYMES_TRACTORAS ( ID_USUARIO_TRACTORA, ID_USUARIO_PYME) VALUES( (SELECT ID_USUARIO FROM INFRA.TRACTORAS WHERE EMPRESA = 'Lamosa'), (SELECT ID_USUARIO FROM INFRA.USUARIOS WHERE CVE_USUARIO = 'confeccioneszamalita@hotmail.com') );
INSERT INTO INFRA.CLIENTES ( ID_USUARIO, CLIENTE) VALUES( (SELECT ID_USUARIO FROM INFRA.USUARIOS WHERE CVE_USUARIO = 'confeccioneszamalita@hotmail.com'), 'Lamosa' );

--Oscar Carrasco Gasca.
INSERT INTO INFRA.USUARIOS ( CVE_USUARIO, PASSWORD ) VALUES( 'tepco98@hotmail.com', 'ccmx1234' );
INSERT INTO INFRA.REL_ROLES ( CVE_ROL, CVE_USUARIO ) VALUES( 'PyME', 'tepco98@hotmail.com' );
INSERT INTO INFRA.PYMES ( ID_USUARIO, ID_USUARIO_PADRE, CORREO_ELECTRONICO, NOMBRE_COMERCIAL ) VALUES( (SELECT ID_USUARIO FROM INFRA.USUARIOS WHERE CVE_USUARIO = 'tepco98@hotmail.com'), '1', 'tepco98@hotmail.com', 'Oscar Carrasco Gasca.' );
INSERT INTO INFRA.CONTACTOS (ID_USUARIO, TIPO, NOMBRE, APELLIDO_PATERNO, APELLIDO_MATERNO, CORREO_ELECTRONICO, B_PRINCIPAL, TELEFONO) VALUES ( (SELECT ID_USUARIO FROM INFRA.USUARIOS WHERE CVE_USUARIO = 'tepco98@hotmail.com'), 'Ventas', 'Oscar', 'Carrasco', 'Gasca', 'tepco98@hotmail.com', true, '7979712829');
INSERT INTO INFRA.REL_PYMES_TRACTORAS ( ID_USUARIO_TRACTORA, ID_USUARIO_PYME) VALUES( (SELECT ID_USUARIO FROM INFRA.TRACTORAS WHERE EMPRESA = 'Lamosa'), (SELECT ID_USUARIO FROM INFRA.USUARIOS WHERE CVE_USUARIO = 'tepco98@hotmail.com') );
INSERT INTO INFRA.CLIENTES ( ID_USUARIO, CLIENTE) VALUES( (SELECT ID_USUARIO FROM INFRA.USUARIOS WHERE CVE_USUARIO = 'tepco98@hotmail.com'), 'Lamosa' );

--SAC-Intermedia, S.A. de C.V.
INSERT INTO INFRA.USUARIOS ( CVE_USUARIO, PASSWORD ) VALUES( 'josemarianosac@aol.com', 'ccmx1234' );
INSERT INTO INFRA.REL_ROLES ( CVE_ROL, CVE_USUARIO ) VALUES( 'PyME', 'josemarianosac@aol.com' );
INSERT INTO INFRA.PYMES ( ID_USUARIO, ID_USUARIO_PADRE, CORREO_ELECTRONICO, NOMBRE_COMERCIAL ) VALUES( (SELECT ID_USUARIO FROM INFRA.USUARIOS WHERE CVE_USUARIO = 'josemarianosac@aol.com'), '1', 'josemarianosac@aol.com', 'SAC-Intermedia, S.A. de C.V.' );
INSERT INTO INFRA.CONTACTOS (ID_USUARIO, TIPO, NOMBRE, APELLIDO_PATERNO, APELLIDO_MATERNO, CORREO_ELECTRONICO, B_PRINCIPAL, TELEFONO) VALUES ( (SELECT ID_USUARIO FROM INFRA.USUARIOS WHERE CVE_USUARIO = 'josemarianosac@aol.com'), 'Ventas', 'Mariano', 'Bermudez', 'H.', 'josemarianosac@aol.com', true, '2222343823');
INSERT INTO INFRA.REL_PYMES_TRACTORAS ( ID_USUARIO_TRACTORA, ID_USUARIO_PYME) VALUES( (SELECT ID_USUARIO FROM INFRA.TRACTORAS WHERE EMPRESA = 'Lamosa'), (SELECT ID_USUARIO FROM INFRA.USUARIOS WHERE CVE_USUARIO = 'josemarianosac@aol.com') );
INSERT INTO INFRA.CLIENTES ( ID_USUARIO, CLIENTE) VALUES( (SELECT ID_USUARIO FROM INFRA.USUARIOS WHERE CVE_USUARIO = 'josemarianosac@aol.com'), 'Lamosa' );

--Limpieza Integral Mexicana, S.A. de C.V.
INSERT INTO INFRA.USUARIOS ( CVE_USUARIO, PASSWORD ) VALUES( 'limpieza_integral@prodigy.net.mx', 'ccmx1234' );
INSERT INTO INFRA.REL_ROLES ( CVE_ROL, CVE_USUARIO ) VALUES( 'PyME', 'limpieza_integral@prodigy.net.mx' );
INSERT INTO INFRA.PYMES ( ID_USUARIO, ID_USUARIO_PADRE, CORREO_ELECTRONICO, NOMBRE_COMERCIAL ) VALUES( (SELECT ID_USUARIO FROM INFRA.USUARIOS WHERE CVE_USUARIO = 'limpieza_integral@prodigy.net.mx'), '1', 'limpieza_integral@prodigy.net.mx', 'Limpieza Integral Mexicana, S.A. de C.V.' );
INSERT INTO INFRA.CONTACTOS (ID_USUARIO, TIPO, NOMBRE, APELLIDO_PATERNO, APELLIDO_MATERNO, CORREO_ELECTRONICO, B_PRINCIPAL, TELEFONO) VALUES ( (SELECT ID_USUARIO FROM INFRA.USUARIOS WHERE CVE_USUARIO = 'limpieza_integral@prodigy.net.mx'), 'Ventas', 'Susana I.', 'Hernandez', 'May', 'limpieza_integral@prodigy.net.mx', true, '2461175345');
INSERT INTO INFRA.REL_PYMES_TRACTORAS ( ID_USUARIO_TRACTORA, ID_USUARIO_PYME) VALUES( (SELECT ID_USUARIO FROM INFRA.TRACTORAS WHERE EMPRESA = 'Lamosa'), (SELECT ID_USUARIO FROM INFRA.USUARIOS WHERE CVE_USUARIO = 'limpieza_integral@prodigy.net.mx') );
INSERT INTO INFRA.CLIENTES ( ID_USUARIO, CLIENTE) VALUES( (SELECT ID_USUARIO FROM INFRA.USUARIOS WHERE CVE_USUARIO = 'limpieza_integral@prodigy.net.mx'), 'Lamosa' );

--PC Uniservicios, S.A. de C.V.
INSERT INTO INFRA.USUARIOS ( CVE_USUARIO, PASSWORD ) VALUES( 'erodriguez@pcuniservicios.com.mx', 'ccmx1234' );
INSERT INTO INFRA.REL_ROLES ( CVE_ROL, CVE_USUARIO ) VALUES( 'PyME', 'erodriguez@pcuniservicios.com.mx' );
INSERT INTO INFRA.PYMES ( ID_USUARIO, ID_USUARIO_PADRE, CORREO_ELECTRONICO, NOMBRE_COMERCIAL ) VALUES( (SELECT ID_USUARIO FROM INFRA.USUARIOS WHERE CVE_USUARIO = 'erodriguez@pcuniservicios.com.mx'), '1', 'erodriguez@pcuniservicios.com.mx', 'PC Uniservicios, S.A. de C.V.' );
INSERT INTO INFRA.CONTACTOS (ID_USUARIO, TIPO, NOMBRE, APELLIDO_PATERNO, APELLIDO_MATERNO, CORREO_ELECTRONICO, B_PRINCIPAL, TELEFONO) VALUES ( (SELECT ID_USUARIO FROM INFRA.USUARIOS WHERE CVE_USUARIO = 'erodriguez@pcuniservicios.com.mx'), 'Ventas', 'Eduardo', 'Rodriguez', 'Aguila', 'erodriguez@pcuniservicios.com.mx', true, '2222265024');
INSERT INTO INFRA.REL_PYMES_TRACTORAS ( ID_USUARIO_TRACTORA, ID_USUARIO_PYME) VALUES( (SELECT ID_USUARIO FROM INFRA.TRACTORAS WHERE EMPRESA = 'Lamosa'), (SELECT ID_USUARIO FROM INFRA.USUARIOS WHERE CVE_USUARIO = 'erodriguez@pcuniservicios.com.mx') );
INSERT INTO INFRA.CLIENTES ( ID_USUARIO, CLIENTE) VALUES( (SELECT ID_USUARIO FROM INFRA.USUARIOS WHERE CVE_USUARIO = 'erodriguez@pcuniservicios.com.mx'), 'Lamosa' );

--Empaques Plásticos Industriales, S.A. de C.V.
INSERT INTO INFRA.USUARIOS ( CVE_USUARIO, PASSWORD ) VALUES( 'apliego@episa.com.mx', 'ccmx1234' );
INSERT INTO INFRA.REL_ROLES ( CVE_ROL, CVE_USUARIO ) VALUES( 'PyME', 'apliego@episa.com.mx' );
INSERT INTO INFRA.PYMES ( ID_USUARIO, ID_USUARIO_PADRE, CORREO_ELECTRONICO, NOMBRE_COMERCIAL ) VALUES( (SELECT ID_USUARIO FROM INFRA.USUARIOS WHERE CVE_USUARIO = 'apliego@episa.com.mx'), '1', 'apliego@episa.com.mx', 'Empaques Plásticos Industriales, S.A. de C.V.' );
INSERT INTO INFRA.CONTACTOS (ID_USUARIO, TIPO, NOMBRE, APELLIDO_PATERNO, APELLIDO_MATERNO, CORREO_ELECTRONICO, B_PRINCIPAL, TELEFONO) VALUES ( (SELECT ID_USUARIO FROM INFRA.USUARIOS WHERE CVE_USUARIO = 'apliego@episa.com.mx'), 'Ventas', 'Antonio', 'Pliego', 'Cedillo', 'apliego@episa.com.mx', true, '52458646');
INSERT INTO INFRA.REL_PYMES_TRACTORAS ( ID_USUARIO_TRACTORA, ID_USUARIO_PYME) VALUES( (SELECT ID_USUARIO FROM INFRA.TRACTORAS WHERE EMPRESA = 'Lamosa'), (SELECT ID_USUARIO FROM INFRA.USUARIOS WHERE CVE_USUARIO = 'apliego@episa.com.mx') );
INSERT INTO INFRA.CLIENTES ( ID_USUARIO, CLIENTE) VALUES( (SELECT ID_USUARIO FROM INFRA.USUARIOS WHERE CVE_USUARIO = 'apliego@episa.com.mx'), 'Lamosa' );

--Ramón López Toriz. / Servicios Industriales Tlaxcala.
INSERT INTO INFRA.USUARIOS ( CVE_USUARIO, PASSWORD ) VALUES( 'rtoriza@prodigy.net', 'ccmx1234' );
INSERT INTO INFRA.REL_ROLES ( CVE_ROL, CVE_USUARIO ) VALUES( 'PyME', 'rtoriza@prodigy.net' );
INSERT INTO INFRA.PYMES ( ID_USUARIO, ID_USUARIO_PADRE, CORREO_ELECTRONICO, NOMBRE_COMERCIAL ) VALUES( (SELECT ID_USUARIO FROM INFRA.USUARIOS WHERE CVE_USUARIO = 'rtoriza@prodigy.net'), '1', 'rtoriza@prodigy.net', 'Ramón López Toriz. / Servicios Industriales Tlaxcala.' );
INSERT INTO INFRA.CONTACTOS (ID_USUARIO, TIPO, NOMBRE, APELLIDO_PATERNO, APELLIDO_MATERNO, CORREO_ELECTRONICO, B_PRINCIPAL, TELEFONO) VALUES ( (SELECT ID_USUARIO FROM INFRA.USUARIOS WHERE CVE_USUARIO = 'rtoriza@prodigy.net'), 'Ventas', 'Ramon', 'Lopez', 'Toriz', 'rtoriza@prodigy.net', true, '2464580924');
INSERT INTO INFRA.REL_PYMES_TRACTORAS ( ID_USUARIO_TRACTORA, ID_USUARIO_PYME) VALUES( (SELECT ID_USUARIO FROM INFRA.TRACTORAS WHERE EMPRESA = 'Lamosa'), (SELECT ID_USUARIO FROM INFRA.USUARIOS WHERE CVE_USUARIO = 'rtoriza@prodigy.net') );
INSERT INTO INFRA.CLIENTES ( ID_USUARIO, CLIENTE) VALUES( (SELECT ID_USUARIO FROM INFRA.USUARIOS WHERE CVE_USUARIO = 'rtoriza@prodigy.net'), 'Lamosa' );

--Sercom Active, S.A. de C.V.
INSERT INTO INFRA.USUARIOS ( CVE_USUARIO, PASSWORD ) VALUES( 'sercompue@yahoo.com.mx', 'ccmx1234' );
INSERT INTO INFRA.REL_ROLES ( CVE_ROL, CVE_USUARIO ) VALUES( 'PyME', 'sercompue@yahoo.com.mx' );
INSERT INTO INFRA.PYMES ( ID_USUARIO, ID_USUARIO_PADRE, CORREO_ELECTRONICO, NOMBRE_COMERCIAL ) VALUES( (SELECT ID_USUARIO FROM INFRA.USUARIOS WHERE CVE_USUARIO = 'sercompue@yahoo.com.mx'), '1', 'sercompue@yahoo.com.mx', 'Sercom Active, S.A. de C.V.' );
INSERT INTO INFRA.CONTACTOS (ID_USUARIO, TIPO, NOMBRE, APELLIDO_PATERNO, APELLIDO_MATERNO, CORREO_ELECTRONICO, B_PRINCIPAL, TELEFONO) VALUES ( (SELECT ID_USUARIO FROM INFRA.USUARIOS WHERE CVE_USUARIO = 'sercompue@yahoo.com.mx'), 'Ventas', 'Antonio', 'Vargas', 'Meza', 'sercompue@yahoo.com.mx', true, '2224097416');
INSERT INTO INFRA.REL_PYMES_TRACTORAS ( ID_USUARIO_TRACTORA, ID_USUARIO_PYME) VALUES( (SELECT ID_USUARIO FROM INFRA.TRACTORAS WHERE EMPRESA = 'Lamosa'), (SELECT ID_USUARIO FROM INFRA.USUARIOS WHERE CVE_USUARIO = 'sercompue@yahoo.com.mx') );
INSERT INTO INFRA.CLIENTES ( ID_USUARIO, CLIENTE) VALUES( (SELECT ID_USUARIO FROM INFRA.USUARIOS WHERE CVE_USUARIO = 'sercompue@yahoo.com.mx'), 'Lamosa' );

--ISM  Manufactura Industrial, S.A. de C.V.
INSERT INTO INFRA.USUARIOS ( CVE_USUARIO, PASSWORD ) VALUES( 'atencion@montajes-ism.com', 'ccmx1234' );
INSERT INTO INFRA.REL_ROLES ( CVE_ROL, CVE_USUARIO ) VALUES( 'PyME', 'atencion@montajes-ism.com' );
INSERT INTO INFRA.PYMES ( ID_USUARIO, ID_USUARIO_PADRE, CORREO_ELECTRONICO, NOMBRE_COMERCIAL ) VALUES( (SELECT ID_USUARIO FROM INFRA.USUARIOS WHERE CVE_USUARIO = 'atencion@montajes-ism.com'), '1', 'atencion@montajes-ism.com', 'ISM  Manufactura Industrial, S.A. de C.V.' );
INSERT INTO INFRA.CONTACTOS (ID_USUARIO, TIPO, NOMBRE, APELLIDO_PATERNO, APELLIDO_MATERNO, CORREO_ELECTRONICO, B_PRINCIPAL, TELEFONO) VALUES ( (SELECT ID_USUARIO FROM INFRA.USUARIOS WHERE CVE_USUARIO = 'atencion@montajes-ism.com'), 'Ventas', 'Noemi', 'Rangel', '', 'atencion@montajes-ism.com', true, '4191980239');
INSERT INTO INFRA.REL_PYMES_TRACTORAS ( ID_USUARIO_TRACTORA, ID_USUARIO_PYME) VALUES( (SELECT ID_USUARIO FROM INFRA.TRACTORAS WHERE EMPRESA = 'Lamosa'), (SELECT ID_USUARIO FROM INFRA.USUARIOS WHERE CVE_USUARIO = 'atencion@montajes-ism.com') );
INSERT INTO INFRA.CLIENTES ( ID_USUARIO, CLIENTE) VALUES( (SELECT ID_USUARIO FROM INFRA.USUARIOS WHERE CVE_USUARIO = 'atencion@montajes-ism.com'), 'Lamosa' );

--Balance Qualtom Company S.A. de C.V.
INSERT INTO INFRA.USUARIOS ( CVE_USUARIO, PASSWORD ) VALUES( 'balance_qualtom@prodigy.net.mx', 'ccmx1234' );
INSERT INTO INFRA.REL_ROLES ( CVE_ROL, CVE_USUARIO ) VALUES( 'PyME', 'balance_qualtom@prodigy.net.mx' );
INSERT INTO INFRA.PYMES ( ID_USUARIO, ID_USUARIO_PADRE, CORREO_ELECTRONICO, NOMBRE_COMERCIAL ) VALUES( (SELECT ID_USUARIO FROM INFRA.USUARIOS WHERE CVE_USUARIO = 'balance_qualtom@prodigy.net.mx'), '1', 'balance_qualtom@prodigy.net.mx', 'Balance Qualtom Company S.A. de C.V.' );
INSERT INTO INFRA.CONTACTOS (ID_USUARIO, TIPO, NOMBRE, APELLIDO_PATERNO, APELLIDO_MATERNO, CORREO_ELECTRONICO, B_PRINCIPAL, TELEFONO) VALUES ( (SELECT ID_USUARIO FROM INFRA.USUARIOS WHERE CVE_USUARIO = 'balance_qualtom@prodigy.net.mx'), 'Ventas', 'Veronica', 'Bermudez', 'Bravo', 'balance_qualtom@prodigy.net.mx', true, '2222713623');
INSERT INTO INFRA.REL_PYMES_TRACTORAS ( ID_USUARIO_TRACTORA, ID_USUARIO_PYME) VALUES( (SELECT ID_USUARIO FROM INFRA.TRACTORAS WHERE EMPRESA = 'Lamosa'), (SELECT ID_USUARIO FROM INFRA.USUARIOS WHERE CVE_USUARIO = 'balance_qualtom@prodigy.net.mx') );
INSERT INTO INFRA.CLIENTES ( ID_USUARIO, CLIENTE) VALUES( (SELECT ID_USUARIO FROM INFRA.USUARIOS WHERE CVE_USUARIO = 'balance_qualtom@prodigy.net.mx'), 'Lamosa' );

--Applied Mexico S.A. de C.V
INSERT INTO INFRA.USUARIOS ( CVE_USUARIO, PASSWORD ) VALUES( 'ufuentes@applied.com.mx', 'ccmx1234' );
INSERT INTO INFRA.REL_ROLES ( CVE_ROL, CVE_USUARIO ) VALUES( 'PyME', 'ufuentes@applied.com.mx' );
INSERT INTO INFRA.PYMES ( ID_USUARIO, ID_USUARIO_PADRE, CORREO_ELECTRONICO, NOMBRE_COMERCIAL ) VALUES( (SELECT ID_USUARIO FROM INFRA.USUARIOS WHERE CVE_USUARIO = 'ufuentes@applied.com.mx'), '1', 'ufuentes@applied.com.mx', 'Applied Mexico S.A. de C.V' );
INSERT INTO INFRA.CONTACTOS (ID_USUARIO, TIPO, NOMBRE, APELLIDO_PATERNO, APELLIDO_MATERNO, CORREO_ELECTRONICO, B_PRINCIPAL, TELEFONO) VALUES ( (SELECT ID_USUARIO FROM INFRA.USUARIOS WHERE CVE_USUARIO = 'ufuentes@applied.com.mx'), 'Ventas', 'Franco Uriel', 'Fuentes', 'Morales', 'ufuentes@applied.com.mx', true, '2225901834');
INSERT INTO INFRA.REL_PYMES_TRACTORAS ( ID_USUARIO_TRACTORA, ID_USUARIO_PYME) VALUES( (SELECT ID_USUARIO FROM INFRA.TRACTORAS WHERE EMPRESA = 'Lamosa'), (SELECT ID_USUARIO FROM INFRA.USUARIOS WHERE CVE_USUARIO = 'ufuentes@applied.com.mx') );
INSERT INTO INFRA.CLIENTES ( ID_USUARIO, CLIENTE) VALUES( (SELECT ID_USUARIO FROM INFRA.USUARIOS WHERE CVE_USUARIO = 'ufuentes@applied.com.mx'), 'Lamosa' );

--Vulcanizados, artículos de hule bandas transportadoras.
INSERT INTO INFRA.USUARIOS ( CVE_USUARIO, PASSWORD ) VALUES( 'helesyserviciosindustriales_epa@hotmail.com', 'ccmx1234' );
INSERT INTO INFRA.REL_ROLES ( CVE_ROL, CVE_USUARIO ) VALUES( 'PyME', 'helesyserviciosindustriales_epa@hotmail.com' );
INSERT INTO INFRA.PYMES ( ID_USUARIO, ID_USUARIO_PADRE, CORREO_ELECTRONICO, NOMBRE_COMERCIAL ) VALUES( (SELECT ID_USUARIO FROM INFRA.USUARIOS WHERE CVE_USUARIO = 'helesyserviciosindustriales_epa@hotmail.com'), '1', 'helesyserviciosindustriales_epa@hotmail.com', 'Vulcanizados, artículos de hule bandas transportadoras.' );
INSERT INTO INFRA.CONTACTOS (ID_USUARIO, TIPO, NOMBRE, APELLIDO_PATERNO, APELLIDO_MATERNO, CORREO_ELECTRONICO, B_PRINCIPAL, TELEFONO) VALUES ( (SELECT ID_USUARIO FROM INFRA.USUARIOS WHERE CVE_USUARIO = 'helesyserviciosindustriales_epa@hotmail.com'), 'Ventas', 'Oscar', 'Castillo', 'Espinoza', 'helesyserviciosindustriales_epa@hotmail.com', true, '2464162660');
INSERT INTO INFRA.REL_PYMES_TRACTORAS ( ID_USUARIO_TRACTORA, ID_USUARIO_PYME) VALUES( (SELECT ID_USUARIO FROM INFRA.TRACTORAS WHERE EMPRESA = 'Lamosa'), (SELECT ID_USUARIO FROM INFRA.USUARIOS WHERE CVE_USUARIO = 'helesyserviciosindustriales_epa@hotmail.com') );
INSERT INTO INFRA.CLIENTES ( ID_USUARIO, CLIENTE) VALUES( (SELECT ID_USUARIO FROM INFRA.USUARIOS WHERE CVE_USUARIO = 'helesyserviciosindustriales_epa@hotmail.com'), 'Lamosa' );

--Hules y Servicios Industriales.
INSERT INTO INFRA.USUARIOS ( CVE_USUARIO, PASSWORD ) VALUES( 'hulesyserviciosindustriales@hotmail.com', 'ccmx1234' );
INSERT INTO INFRA.REL_ROLES ( CVE_ROL, CVE_USUARIO ) VALUES( 'PyME', 'hulesyserviciosindustriales@hotmail.com' );
INSERT INTO INFRA.PYMES ( ID_USUARIO, ID_USUARIO_PADRE, CORREO_ELECTRONICO, NOMBRE_COMERCIAL ) VALUES( (SELECT ID_USUARIO FROM INFRA.USUARIOS WHERE CVE_USUARIO = 'hulesyserviciosindustriales@hotmail.com'), '1', 'hulesyserviciosindustriales@hotmail.com', 'Hules y Servicios Industriales.' );
INSERT INTO INFRA.CONTACTOS (ID_USUARIO, TIPO, NOMBRE, APELLIDO_PATERNO, APELLIDO_MATERNO, CORREO_ELECTRONICO, B_PRINCIPAL, TELEFONO) VALUES ( (SELECT ID_USUARIO FROM INFRA.USUARIOS WHERE CVE_USUARIO = 'hulesyserviciosindustriales@hotmail.com'), 'Ventas', 'Oscar', 'Castillo', 'Espinoza', 'hulesyserviciosindustriales@hotmail.com', true, '2464162660');
INSERT INTO INFRA.REL_PYMES_TRACTORAS ( ID_USUARIO_TRACTORA, ID_USUARIO_PYME) VALUES( (SELECT ID_USUARIO FROM INFRA.TRACTORAS WHERE EMPRESA = 'Lamosa'), (SELECT ID_USUARIO FROM INFRA.USUARIOS WHERE CVE_USUARIO = 'hulesyserviciosindustriales@hotmail.com') );
INSERT INTO INFRA.CLIENTES ( ID_USUARIO, CLIENTE) VALUES( (SELECT ID_USUARIO FROM INFRA.USUARIOS WHERE CVE_USUARIO = 'hulesyserviciosindustriales@hotmail.com'), 'Lamosa' );

--Autogema y Equipos, S.A. de C.V.
INSERT INTO INFRA.USUARIOS ( CVE_USUARIO, PASSWORD ) VALUES( 'autogemayequipos@hotmail.com', 'ccmx1234' );
INSERT INTO INFRA.REL_ROLES ( CVE_ROL, CVE_USUARIO ) VALUES( 'PyME', 'autogemayequipos@hotmail.com' );
INSERT INTO INFRA.PYMES ( ID_USUARIO, ID_USUARIO_PADRE, CORREO_ELECTRONICO, NOMBRE_COMERCIAL ) VALUES( (SELECT ID_USUARIO FROM INFRA.USUARIOS WHERE CVE_USUARIO = 'autogemayequipos@hotmail.com'), '1', 'autogemayequipos@hotmail.com', 'Autogema y Equipos, S.A. de C.V.' );
INSERT INTO INFRA.CONTACTOS (ID_USUARIO, TIPO, NOMBRE, APELLIDO_PATERNO, APELLIDO_MATERNO, CORREO_ELECTRONICO, B_PRINCIPAL, TELEFONO) VALUES ( (SELECT ID_USUARIO FROM INFRA.USUARIOS WHERE CVE_USUARIO = 'autogemayequipos@hotmail.com'), 'Ventas', 'Alberto', 'Lopez', 'Morales', 'autogemayequipos@hotmail.com', true, '2484840485');
INSERT INTO INFRA.REL_PYMES_TRACTORAS ( ID_USUARIO_TRACTORA, ID_USUARIO_PYME) VALUES( (SELECT ID_USUARIO FROM INFRA.TRACTORAS WHERE EMPRESA = 'Lamosa'), (SELECT ID_USUARIO FROM INFRA.USUARIOS WHERE CVE_USUARIO = 'autogemayequipos@hotmail.com') );
INSERT INTO INFRA.CLIENTES ( ID_USUARIO, CLIENTE) VALUES( (SELECT ID_USUARIO FROM INFRA.USUARIOS WHERE CVE_USUARIO = 'autogemayequipos@hotmail.com'), 'Lamosa' );

--Ingeniería Mecánica de Puebla, S.A. de C.V.
INSERT INTO INFRA.USUARIOS ( CVE_USUARIO, PASSWORD ) VALUES( 'rsanchez@impsa.com.mx', 'ccmx1234' );
INSERT INTO INFRA.REL_ROLES ( CVE_ROL, CVE_USUARIO ) VALUES( 'PyME', 'rsanchez@impsa.com.mx' );
INSERT INTO INFRA.PYMES ( ID_USUARIO, ID_USUARIO_PADRE, CORREO_ELECTRONICO, NOMBRE_COMERCIAL ) VALUES( (SELECT ID_USUARIO FROM INFRA.USUARIOS WHERE CVE_USUARIO = 'rsanchez@impsa.com.mx'), '1', 'rsanchez@impsa.com.mx', 'Ingeniería Mecánica de Puebla, S.A. de C.V.' );
INSERT INTO INFRA.CONTACTOS (ID_USUARIO, TIPO, NOMBRE, APELLIDO_PATERNO, APELLIDO_MATERNO, CORREO_ELECTRONICO, B_PRINCIPAL, TELEFONO) VALUES ( (SELECT ID_USUARIO FROM INFRA.USUARIOS WHERE CVE_USUARIO = 'rsanchez@impsa.com.mx'), 'Ventas', 'Jose Luis', 'Andrade', 'Rodriguez', 'rsanchez@impsa.com.mx', true, '2222310956');
INSERT INTO INFRA.REL_PYMES_TRACTORAS ( ID_USUARIO_TRACTORA, ID_USUARIO_PYME) VALUES( (SELECT ID_USUARIO FROM INFRA.TRACTORAS WHERE EMPRESA = 'Lamosa'), (SELECT ID_USUARIO FROM INFRA.USUARIOS WHERE CVE_USUARIO = 'rsanchez@impsa.com.mx') );
INSERT INTO INFRA.CLIENTES ( ID_USUARIO, CLIENTE) VALUES( (SELECT ID_USUARIO FROM INFRA.USUARIOS WHERE CVE_USUARIO = 'rsanchez@impsa.com.mx'), 'Lamosa' );

--Ameco Servicios S. de R.L. de C.V.
INSERT INTO INFRA.USUARIOS ( CVE_USUARIO, PASSWORD ) VALUES( 'juan.armas@ameco.com', 'ccmx1234' );
INSERT INTO INFRA.REL_ROLES ( CVE_ROL, CVE_USUARIO ) VALUES( 'PyME', 'juan.armas@ameco.com' );
INSERT INTO INFRA.PYMES ( ID_USUARIO, ID_USUARIO_PADRE, CORREO_ELECTRONICO, NOMBRE_COMERCIAL ) VALUES( (SELECT ID_USUARIO FROM INFRA.USUARIOS WHERE CVE_USUARIO = 'juan.armas@ameco.com'), '1', 'juan.armas@ameco.com', 'Ameco Servicios S. de R.L. de C.V.' );
INSERT INTO INFRA.CONTACTOS (ID_USUARIO, TIPO, NOMBRE, APELLIDO_PATERNO, APELLIDO_MATERNO, CORREO_ELECTRONICO, B_PRINCIPAL, TELEFONO) VALUES ( (SELECT ID_USUARIO FROM INFRA.USUARIOS WHERE CVE_USUARIO = 'juan.armas@ameco.com'), 'Ventas', 'Juan Carlos', 'Armas', '', 'juan.armas@ameco.com', true, '2223729300');
INSERT INTO INFRA.REL_PYMES_TRACTORAS ( ID_USUARIO_TRACTORA, ID_USUARIO_PYME) VALUES( (SELECT ID_USUARIO FROM INFRA.TRACTORAS WHERE EMPRESA = 'Lamosa'), (SELECT ID_USUARIO FROM INFRA.USUARIOS WHERE CVE_USUARIO = 'juan.armas@ameco.com') );
INSERT INTO INFRA.CLIENTES ( ID_USUARIO, CLIENTE) VALUES( (SELECT ID_USUARIO FROM INFRA.USUARIOS WHERE CVE_USUARIO = 'juan.armas@ameco.com'), 'Lamosa' );

--Mónica Gabriela Garrido Ortega.
INSERT INTO INFRA.USUARIOS ( CVE_USUARIO, PASSWORD ) VALUES( 'jas.comercio@yahoo.com', 'ccmx1234' );
INSERT INTO INFRA.REL_ROLES ( CVE_ROL, CVE_USUARIO ) VALUES( 'PyME', 'jas.comercio@yahoo.com' );
INSERT INTO INFRA.PYMES ( ID_USUARIO, ID_USUARIO_PADRE, CORREO_ELECTRONICO, NOMBRE_COMERCIAL ) VALUES( (SELECT ID_USUARIO FROM INFRA.USUARIOS WHERE CVE_USUARIO = 'jas.comercio@yahoo.com'), '1', 'jas.comercio@yahoo.com', 'Mónica Gabriela Garrido Ortega.' );
INSERT INTO INFRA.CONTACTOS (ID_USUARIO, TIPO, NOMBRE, APELLIDO_PATERNO, APELLIDO_MATERNO, CORREO_ELECTRONICO, B_PRINCIPAL, TELEFONO) VALUES ( (SELECT ID_USUARIO FROM INFRA.USUARIOS WHERE CVE_USUARIO = 'jas.comercio@yahoo.com'), 'Ventas', 'Jorge', 'Sanchez', '', 'jas.comercio@yahoo.com', true, '49904255');
INSERT INTO INFRA.REL_PYMES_TRACTORAS ( ID_USUARIO_TRACTORA, ID_USUARIO_PYME) VALUES( (SELECT ID_USUARIO FROM INFRA.TRACTORAS WHERE EMPRESA = 'Lamosa'), (SELECT ID_USUARIO FROM INFRA.USUARIOS WHERE CVE_USUARIO = 'jas.comercio@yahoo.com') );
INSERT INTO INFRA.CLIENTES ( ID_USUARIO, CLIENTE) VALUES( (SELECT ID_USUARIO FROM INFRA.USUARIOS WHERE CVE_USUARIO = 'jas.comercio@yahoo.com'), 'Lamosa' );

--Herramientas y Compresores de Puebla, S.A. de C.V.
INSERT INTO INFRA.USUARIOS ( CVE_USUARIO, PASSWORD ) VALUES( 'paola.soriano@hycpuebla.com', 'ccmx1234' );
INSERT INTO INFRA.REL_ROLES ( CVE_ROL, CVE_USUARIO ) VALUES( 'PyME', 'paola.soriano@hycpuebla.com' );
INSERT INTO INFRA.PYMES ( ID_USUARIO, ID_USUARIO_PADRE, CORREO_ELECTRONICO, NOMBRE_COMERCIAL ) VALUES( (SELECT ID_USUARIO FROM INFRA.USUARIOS WHERE CVE_USUARIO = 'paola.soriano@hycpuebla.com'), '1', 'paola.soriano@hycpuebla.com', 'Herramientas y Compresores de Puebla, S.A. de C.V.' );
INSERT INTO INFRA.CONTACTOS (ID_USUARIO, TIPO, NOMBRE, APELLIDO_PATERNO, APELLIDO_MATERNO, CORREO_ELECTRONICO, B_PRINCIPAL, TELEFONO) VALUES ( (SELECT ID_USUARIO FROM INFRA.USUARIOS WHERE CVE_USUARIO = 'paola.soriano@hycpuebla.com'), 'Ventas', 'Paola', 'Soriano', 'Aguilar', 'paola.soriano@hycpuebla.com', true, '2222860253');
INSERT INTO INFRA.REL_PYMES_TRACTORAS ( ID_USUARIO_TRACTORA, ID_USUARIO_PYME) VALUES( (SELECT ID_USUARIO FROM INFRA.TRACTORAS WHERE EMPRESA = 'Lamosa'), (SELECT ID_USUARIO FROM INFRA.USUARIOS WHERE CVE_USUARIO = 'paola.soriano@hycpuebla.com') );
INSERT INTO INFRA.CLIENTES ( ID_USUARIO, CLIENTE) VALUES( (SELECT ID_USUARIO FROM INFRA.USUARIOS WHERE CVE_USUARIO = 'paola.soriano@hycpuebla.com'), 'Lamosa' );

--Soluciones Mexicanas Integrales, S.A. de C.V.
INSERT INTO INFRA.USUARIOS ( CVE_USUARIO, PASSWORD ) VALUES( 'solmecint@megared.net.mx', 'ccmx1234' );
INSERT INTO INFRA.REL_ROLES ( CVE_ROL, CVE_USUARIO ) VALUES( 'PyME', 'solmecint@megared.net.mx' );
INSERT INTO INFRA.PYMES ( ID_USUARIO, ID_USUARIO_PADRE, CORREO_ELECTRONICO, NOMBRE_COMERCIAL ) VALUES( (SELECT ID_USUARIO FROM INFRA.USUARIOS WHERE CVE_USUARIO = 'solmecint@megared.net.mx'), '1', 'solmecint@megared.net.mx', 'Soluciones Mexicanas Integrales, S.A. de C.V.' );
INSERT INTO INFRA.CONTACTOS (ID_USUARIO, TIPO, NOMBRE, APELLIDO_PATERNO, APELLIDO_MATERNO, CORREO_ELECTRONICO, B_PRINCIPAL, TELEFONO) VALUES ( (SELECT ID_USUARIO FROM INFRA.USUARIOS WHERE CVE_USUARIO = 'solmecint@megared.net.mx'), 'Ventas', 'Raúl', 'García', 'Medellín', 'solmecint@megared.net.mx', true, '2224043305');
INSERT INTO INFRA.REL_PYMES_TRACTORAS ( ID_USUARIO_TRACTORA, ID_USUARIO_PYME) VALUES( (SELECT ID_USUARIO FROM INFRA.TRACTORAS WHERE EMPRESA = 'Lamosa'), (SELECT ID_USUARIO FROM INFRA.USUARIOS WHERE CVE_USUARIO = 'solmecint@megared.net.mx') );
INSERT INTO INFRA.CLIENTES ( ID_USUARIO, CLIENTE) VALUES( (SELECT ID_USUARIO FROM INFRA.USUARIOS WHERE CVE_USUARIO = 'solmecint@megared.net.mx'), 'Lamosa' );

--Vikmar Ingeniería, S.A. de C.V.
INSERT INTO INFRA.USUARIOS ( CVE_USUARIO, PASSWORD ) VALUES( 'administracion@vikmaringenieria.com', 'ccmx1234' );
INSERT INTO INFRA.REL_ROLES ( CVE_ROL, CVE_USUARIO ) VALUES( 'PyME', 'administracion@vikmaringenieria.com' );
INSERT INTO INFRA.PYMES ( ID_USUARIO, ID_USUARIO_PADRE, CORREO_ELECTRONICO, NOMBRE_COMERCIAL ) VALUES( (SELECT ID_USUARIO FROM INFRA.USUARIOS WHERE CVE_USUARIO = 'administracion@vikmaringenieria.com'), '1', 'administracion@vikmaringenieria.com', 'Vikmar Ingeniería, S.A. de C.V.' );
INSERT INTO INFRA.CONTACTOS (ID_USUARIO, TIPO, NOMBRE, APELLIDO_PATERNO, APELLIDO_MATERNO, CORREO_ELECTRONICO, B_PRINCIPAL, TELEFONO) VALUES ( (SELECT ID_USUARIO FROM INFRA.USUARIOS WHERE CVE_USUARIO = 'administracion@vikmaringenieria.com'), 'Ventas', 'Manuel', 'Moreno', 'Soto', 'administracion@vikmaringenieria.com', true, '2222853911');
INSERT INTO INFRA.REL_PYMES_TRACTORAS ( ID_USUARIO_TRACTORA, ID_USUARIO_PYME) VALUES( (SELECT ID_USUARIO FROM INFRA.TRACTORAS WHERE EMPRESA = 'Lamosa'), (SELECT ID_USUARIO FROM INFRA.USUARIOS WHERE CVE_USUARIO = 'administracion@vikmaringenieria.com') );
INSERT INTO INFRA.CLIENTES ( ID_USUARIO, CLIENTE) VALUES( (SELECT ID_USUARIO FROM INFRA.USUARIOS WHERE CVE_USUARIO = 'administracion@vikmaringenieria.com'), 'Lamosa' );

--Distribuciones Industriales de Puebla, S.A. de C.V.
INSERT INTO INFRA.USUARIOS ( CVE_USUARIO, PASSWORD ) VALUES( 'oscar@dipsa.com', 'ccmx1234' );
INSERT INTO INFRA.REL_ROLES ( CVE_ROL, CVE_USUARIO ) VALUES( 'PyME', 'oscar@dipsa.com' );
INSERT INTO INFRA.PYMES ( ID_USUARIO, ID_USUARIO_PADRE, CORREO_ELECTRONICO, NOMBRE_COMERCIAL ) VALUES( (SELECT ID_USUARIO FROM INFRA.USUARIOS WHERE CVE_USUARIO = 'oscar@dipsa.com'), '1', 'oscar@dipsa.com', 'Distribuciones Industriales de Puebla, S.A. de C.V.' );
INSERT INTO INFRA.CONTACTOS (ID_USUARIO, TIPO, NOMBRE, APELLIDO_PATERNO, APELLIDO_MATERNO, CORREO_ELECTRONICO, B_PRINCIPAL, TELEFONO) VALUES ( (SELECT ID_USUARIO FROM INFRA.USUARIOS WHERE CVE_USUARIO = 'oscar@dipsa.com'), 'Ventas', '', '', '', 'oscar@dipsa.com', true, '');
INSERT INTO INFRA.REL_PYMES_TRACTORAS ( ID_USUARIO_TRACTORA, ID_USUARIO_PYME) VALUES( (SELECT ID_USUARIO FROM INFRA.TRACTORAS WHERE EMPRESA = 'Lamosa'), (SELECT ID_USUARIO FROM INFRA.USUARIOS WHERE CVE_USUARIO = 'oscar@dipsa.com') );
INSERT INTO INFRA.CLIENTES ( ID_USUARIO, CLIENTE) VALUES( (SELECT ID_USUARIO FROM INFRA.USUARIOS WHERE CVE_USUARIO = 'oscar@dipsa.com'), 'Lamosa' );

--Alberto Pérez Sánchez.
INSERT INTO INFRA.USUARIOS ( CVE_USUARIO, PASSWORD ) VALUES( 'pesa_alberto@hotmail.com', 'ccmx1234' );
INSERT INTO INFRA.REL_ROLES ( CVE_ROL, CVE_USUARIO ) VALUES( 'PyME', 'pesa_alberto@hotmail.com' );
INSERT INTO INFRA.PYMES ( ID_USUARIO, ID_USUARIO_PADRE, CORREO_ELECTRONICO, NOMBRE_COMERCIAL ) VALUES( (SELECT ID_USUARIO FROM INFRA.USUARIOS WHERE CVE_USUARIO = 'pesa_alberto@hotmail.com'), '1', 'pesa_alberto@hotmail.com', 'Alberto Pérez Sánchez.' );
INSERT INTO INFRA.CONTACTOS (ID_USUARIO, TIPO, NOMBRE, APELLIDO_PATERNO, APELLIDO_MATERNO, CORREO_ELECTRONICO, B_PRINCIPAL, TELEFONO) VALUES ( (SELECT ID_USUARIO FROM INFRA.USUARIOS WHERE CVE_USUARIO = 'pesa_alberto@hotmail.com'), 'Ventas', 'Alberto', 'Pérez', 'Sánchez', 'pesa_alberto@hotmail.com', true, '2222717556');
INSERT INTO INFRA.REL_PYMES_TRACTORAS ( ID_USUARIO_TRACTORA, ID_USUARIO_PYME) VALUES( (SELECT ID_USUARIO FROM INFRA.TRACTORAS WHERE EMPRESA = 'Lamosa'), (SELECT ID_USUARIO FROM INFRA.USUARIOS WHERE CVE_USUARIO = 'pesa_alberto@hotmail.com') );
INSERT INTO INFRA.CLIENTES ( ID_USUARIO, CLIENTE) VALUES( (SELECT ID_USUARIO FROM INFRA.USUARIOS WHERE CVE_USUARIO = 'pesa_alberto@hotmail.com'), 'Lamosa' );

--Automatización y Control Servi Industrias, S.A. de C.V.
INSERT INTO INFRA.USUARIOS ( CVE_USUARIO, PASSWORD ) VALUES( 'servi.industrias@hotmail.com', 'ccmx1234' );
INSERT INTO INFRA.REL_ROLES ( CVE_ROL, CVE_USUARIO ) VALUES( 'PyME', 'servi.industrias@hotmail.com' );
INSERT INTO INFRA.PYMES ( ID_USUARIO, ID_USUARIO_PADRE, CORREO_ELECTRONICO, NOMBRE_COMERCIAL ) VALUES( (SELECT ID_USUARIO FROM INFRA.USUARIOS WHERE CVE_USUARIO = 'servi.industrias@hotmail.com'), '1', 'servi.industrias@hotmail.com', 'Automatización y Control Servi Industrias, S.A. de C.V.' );
INSERT INTO INFRA.CONTACTOS (ID_USUARIO, TIPO, NOMBRE, APELLIDO_PATERNO, APELLIDO_MATERNO, CORREO_ELECTRONICO, B_PRINCIPAL, TELEFONO) VALUES ( (SELECT ID_USUARIO FROM INFRA.USUARIOS WHERE CVE_USUARIO = 'servi.industrias@hotmail.com'), 'Ventas', 'Manuel', 'Garrido', '', 'servi.industrias@hotmail.com', true, '2222267978');
INSERT INTO INFRA.REL_PYMES_TRACTORAS ( ID_USUARIO_TRACTORA, ID_USUARIO_PYME) VALUES( (SELECT ID_USUARIO FROM INFRA.TRACTORAS WHERE EMPRESA = 'Lamosa'), (SELECT ID_USUARIO FROM INFRA.USUARIOS WHERE CVE_USUARIO = 'servi.industrias@hotmail.com') );
INSERT INTO INFRA.CLIENTES ( ID_USUARIO, CLIENTE) VALUES( (SELECT ID_USUARIO FROM INFRA.USUARIOS WHERE CVE_USUARIO = 'servi.industrias@hotmail.com'), 'Lamosa' );

--Productos Industriales Forestales, S.A. de C.V.
INSERT INTO INFRA.USUARIOS ( CVE_USUARIO, PASSWORD ) VALUES( 'lupitapalacios@pifsa.com.mx', 'ccmx1234' );
INSERT INTO INFRA.REL_ROLES ( CVE_ROL, CVE_USUARIO ) VALUES( 'PyME', 'lupitapalacios@pifsa.com.mx' );
INSERT INTO INFRA.PYMES ( ID_USUARIO, ID_USUARIO_PADRE, CORREO_ELECTRONICO, NOMBRE_COMERCIAL ) VALUES( (SELECT ID_USUARIO FROM INFRA.USUARIOS WHERE CVE_USUARIO = 'lupitapalacios@pifsa.com.mx'), '1', 'lupitapalacios@pifsa.com.mx', 'Productos Industriales Forestales, S.A. de C.V.' );
INSERT INTO INFRA.CONTACTOS (ID_USUARIO, TIPO, NOMBRE, APELLIDO_PATERNO, APELLIDO_MATERNO, CORREO_ELECTRONICO, B_PRINCIPAL, TELEFONO) VALUES ( (SELECT ID_USUARIO FROM INFRA.USUARIOS WHERE CVE_USUARIO = 'lupitapalacios@pifsa.com.mx'), 'Ventas', 'Guadalupe', 'Palacios', 'Leal', 'lupitapalacios@pifsa.com.mx', true, '7979710191');
INSERT INTO INFRA.REL_PYMES_TRACTORAS ( ID_USUARIO_TRACTORA, ID_USUARIO_PYME) VALUES( (SELECT ID_USUARIO FROM INFRA.TRACTORAS WHERE EMPRESA = 'Lamosa'), (SELECT ID_USUARIO FROM INFRA.USUARIOS WHERE CVE_USUARIO = 'lupitapalacios@pifsa.com.mx') );
INSERT INTO INFRA.CLIENTES ( ID_USUARIO, CLIENTE) VALUES( (SELECT ID_USUARIO FROM INFRA.USUARIOS WHERE CVE_USUARIO = 'lupitapalacios@pifsa.com.mx'), 'Lamosa' );

--Molina Flores.
INSERT INTO INFRA.USUARIOS ( CVE_USUARIO, PASSWORD ) VALUES( 'lindero_paraiso@hotmail.com', 'ccmx1234' );
INSERT INTO INFRA.REL_ROLES ( CVE_ROL, CVE_USUARIO ) VALUES( 'PyME', 'lindero_paraiso@hotmail.com' );
INSERT INTO INFRA.PYMES ( ID_USUARIO, ID_USUARIO_PADRE, CORREO_ELECTRONICO, NOMBRE_COMERCIAL ) VALUES( (SELECT ID_USUARIO FROM INFRA.USUARIOS WHERE CVE_USUARIO = 'lindero_paraiso@hotmail.com'), '1', 'lindero_paraiso@hotmail.com', 'Molina Flores.' );
INSERT INTO INFRA.CONTACTOS (ID_USUARIO, TIPO, NOMBRE, APELLIDO_PATERNO, APELLIDO_MATERNO, CORREO_ELECTRONICO, B_PRINCIPAL, TELEFONO) VALUES ( (SELECT ID_USUARIO FROM INFRA.USUARIOS WHERE CVE_USUARIO = 'lindero_paraiso@hotmail.com'), 'Ventas', 'Alejandro', 'Flores', '', 'lindero_paraiso@hotmail.com', true, '7747613167');
INSERT INTO INFRA.REL_PYMES_TRACTORAS ( ID_USUARIO_TRACTORA, ID_USUARIO_PYME) VALUES( (SELECT ID_USUARIO FROM INFRA.TRACTORAS WHERE EMPRESA = 'Lamosa'), (SELECT ID_USUARIO FROM INFRA.USUARIOS WHERE CVE_USUARIO = 'lindero_paraiso@hotmail.com') );
INSERT INTO INFRA.CLIENTES ( ID_USUARIO, CLIENTE) VALUES( (SELECT ID_USUARIO FROM INFRA.USUARIOS WHERE CVE_USUARIO = 'lindero_paraiso@hotmail.com'), 'Lamosa' );

--Sensores e Instrumentación de México, S.A. de C.V.
INSERT INTO INFRA.USUARIOS ( CVE_USUARIO, PASSWORD ) VALUES( 'finanzas@simexsa.com', 'ccmx1234' );
INSERT INTO INFRA.REL_ROLES ( CVE_ROL, CVE_USUARIO ) VALUES( 'PyME', 'finanzas@simexsa.com' );
INSERT INTO INFRA.PYMES ( ID_USUARIO, ID_USUARIO_PADRE, CORREO_ELECTRONICO, NOMBRE_COMERCIAL ) VALUES( (SELECT ID_USUARIO FROM INFRA.USUARIOS WHERE CVE_USUARIO = 'finanzas@simexsa.com'), '1', 'finanzas@simexsa.com', 'Sensores e Instrumentación de México, S.A. de C.V.' );
INSERT INTO INFRA.CONTACTOS (ID_USUARIO, TIPO, NOMBRE, APELLIDO_PATERNO, APELLIDO_MATERNO, CORREO_ELECTRONICO, B_PRINCIPAL, TELEFONO) VALUES ( (SELECT ID_USUARIO FROM INFRA.USUARIOS WHERE CVE_USUARIO = 'finanzas@simexsa.com'), 'Ventas', 'Alvaro', 'Rios', 'Sandoval', 'finanzas@simexsa.com', true, '222984647');
INSERT INTO INFRA.REL_PYMES_TRACTORAS ( ID_USUARIO_TRACTORA, ID_USUARIO_PYME) VALUES( (SELECT ID_USUARIO FROM INFRA.TRACTORAS WHERE EMPRESA = 'Lamosa'), (SELECT ID_USUARIO FROM INFRA.USUARIOS WHERE CVE_USUARIO = 'finanzas@simexsa.com') );
INSERT INTO INFRA.CLIENTES ( ID_USUARIO, CLIENTE) VALUES( (SELECT ID_USUARIO FROM INFRA.USUARIOS WHERE CVE_USUARIO = 'finanzas@simexsa.com'), 'Lamosa' );

--Pallets M3, S.A. de C.V.
INSERT INTO INFRA.USUARIOS ( CVE_USUARIO, PASSWORD ) VALUES( 'antonio.esparza@palletsm3.com.mx', 'ccmx1234' );
INSERT INTO INFRA.REL_ROLES ( CVE_ROL, CVE_USUARIO ) VALUES( 'PyME', 'antonio.esparza@palletsm3.com.mx' );
INSERT INTO INFRA.PYMES ( ID_USUARIO, ID_USUARIO_PADRE, CORREO_ELECTRONICO, NOMBRE_COMERCIAL ) VALUES( (SELECT ID_USUARIO FROM INFRA.USUARIOS WHERE CVE_USUARIO = 'antonio.esparza@palletsm3.com.mx'), '1', 'antonio.esparza@palletsm3.com.mx', 'Pallets M3, S.A. de C.V.' );
INSERT INTO INFRA.CONTACTOS (ID_USUARIO, TIPO, NOMBRE, APELLIDO_PATERNO, APELLIDO_MATERNO, CORREO_ELECTRONICO, B_PRINCIPAL, TELEFONO) VALUES ( (SELECT ID_USUARIO FROM INFRA.USUARIOS WHERE CVE_USUARIO = 'antonio.esparza@palletsm3.com.mx'), 'Ventas', 'Antonio', 'Esparza', '', 'antonio.esparza@palletsm3.com.mx', true, '15410883');
INSERT INTO INFRA.REL_PYMES_TRACTORAS ( ID_USUARIO_TRACTORA, ID_USUARIO_PYME) VALUES( (SELECT ID_USUARIO FROM INFRA.TRACTORAS WHERE EMPRESA = 'Lamosa'), (SELECT ID_USUARIO FROM INFRA.USUARIOS WHERE CVE_USUARIO = 'antonio.esparza@palletsm3.com.mx') );
INSERT INTO INFRA.CLIENTES ( ID_USUARIO, CLIENTE) VALUES( (SELECT ID_USUARIO FROM INFRA.USUARIOS WHERE CVE_USUARIO = 'antonio.esparza@palletsm3.com.mx'), 'Lamosa' );

--Provem, S.A. de C.V.
INSERT INTO INFRA.USUARIOS ( CVE_USUARIO, PASSWORD ) VALUES( 'a.padilla@provem.com', 'ccmx1234' );
INSERT INTO INFRA.REL_ROLES ( CVE_ROL, CVE_USUARIO ) VALUES( 'PyME', 'a.padilla@provem.com' );
INSERT INTO INFRA.PYMES ( ID_USUARIO, ID_USUARIO_PADRE, CORREO_ELECTRONICO, NOMBRE_COMERCIAL ) VALUES( (SELECT ID_USUARIO FROM INFRA.USUARIOS WHERE CVE_USUARIO = 'a.padilla@provem.com'), '1', 'a.padilla@provem.com', 'Provem, S.A. de C.V.' );
INSERT INTO INFRA.CONTACTOS (ID_USUARIO, TIPO, NOMBRE, APELLIDO_PATERNO, APELLIDO_MATERNO, CORREO_ELECTRONICO, B_PRINCIPAL, TELEFONO) VALUES ( (SELECT ID_USUARIO FROM INFRA.USUARIOS WHERE CVE_USUARIO = 'a.padilla@provem.com'), 'Ventas', 'Adrián', 'Padilla', 'Rivero', 'a.padilla@provem.com', true, '55760646');
INSERT INTO INFRA.REL_PYMES_TRACTORAS ( ID_USUARIO_TRACTORA, ID_USUARIO_PYME) VALUES( (SELECT ID_USUARIO FROM INFRA.TRACTORAS WHERE EMPRESA = 'Lamosa'), (SELECT ID_USUARIO FROM INFRA.USUARIOS WHERE CVE_USUARIO = 'a.padilla@provem.com') );
INSERT INTO INFRA.CLIENTES ( ID_USUARIO, CLIENTE) VALUES( (SELECT ID_USUARIO FROM INFRA.USUARIOS WHERE CVE_USUARIO = 'a.padilla@provem.com'), 'Lamosa' );

--Sonigas Puebla, S.A. de C.V.
INSERT INTO INFRA.USUARIOS ( CVE_USUARIO, PASSWORD ) VALUES( 'tetla.cxc@sonigas.com.mx', 'ccmx1234' );
INSERT INTO INFRA.REL_ROLES ( CVE_ROL, CVE_USUARIO ) VALUES( 'PyME', 'tetla.cxc@sonigas.com.mx' );
INSERT INTO INFRA.PYMES ( ID_USUARIO, ID_USUARIO_PADRE, CORREO_ELECTRONICO, NOMBRE_COMERCIAL ) VALUES( (SELECT ID_USUARIO FROM INFRA.USUARIOS WHERE CVE_USUARIO = 'tetla.cxc@sonigas.com.mx'), '1', 'tetla.cxc@sonigas.com.mx', 'Sonigas Puebla, S.A. de C.V.' );
INSERT INTO INFRA.CONTACTOS (ID_USUARIO, TIPO, NOMBRE, APELLIDO_PATERNO, APELLIDO_MATERNO, CORREO_ELECTRONICO, B_PRINCIPAL, TELEFONO) VALUES ( (SELECT ID_USUARIO FROM INFRA.USUARIOS WHERE CVE_USUARIO = 'tetla.cxc@sonigas.com.mx'), 'Ventas', 'Margarita', 'Valdés', 'González', 'tetla.cxc@sonigas.com.mx', true, '2414120026');
INSERT INTO INFRA.REL_PYMES_TRACTORAS ( ID_USUARIO_TRACTORA, ID_USUARIO_PYME) VALUES( (SELECT ID_USUARIO FROM INFRA.TRACTORAS WHERE EMPRESA = 'Lamosa'), (SELECT ID_USUARIO FROM INFRA.USUARIOS WHERE CVE_USUARIO = 'tetla.cxc@sonigas.com.mx') );
INSERT INTO INFRA.CLIENTES ( ID_USUARIO, CLIENTE) VALUES( (SELECT ID_USUARIO FROM INFRA.USUARIOS WHERE CVE_USUARIO = 'tetla.cxc@sonigas.com.mx'), 'Lamosa' );

--Hercadis.
INSERT INTO INFRA.USUARIOS ( CVE_USUARIO, PASSWORD ) VALUES( 'mihuelhs@hercadis.com', 'ccmx1234' );
INSERT INTO INFRA.REL_ROLES ( CVE_ROL, CVE_USUARIO ) VALUES( 'PyME', 'mihuelhs@hercadis.com' );
INSERT INTO INFRA.PYMES ( ID_USUARIO, ID_USUARIO_PADRE, CORREO_ELECTRONICO, NOMBRE_COMERCIAL ) VALUES( (SELECT ID_USUARIO FROM INFRA.USUARIOS WHERE CVE_USUARIO = 'mihuelhs@hercadis.com'), '1', 'mihuelhs@hercadis.com', 'Hercadis.' );
INSERT INTO INFRA.CONTACTOS (ID_USUARIO, TIPO, NOMBRE, APELLIDO_PATERNO, APELLIDO_MATERNO, CORREO_ELECTRONICO, B_PRINCIPAL, TELEFONO) VALUES ( (SELECT ID_USUARIO FROM INFRA.USUARIOS WHERE CVE_USUARIO = 'mihuelhs@hercadis.com'), 'Ventas', 'Miguel', 'Hernández', '', 'mihuelhs@hercadis.com', true, '2222853300');
INSERT INTO INFRA.REL_PYMES_TRACTORAS ( ID_USUARIO_TRACTORA, ID_USUARIO_PYME) VALUES( (SELECT ID_USUARIO FROM INFRA.TRACTORAS WHERE EMPRESA = 'Lamosa'), (SELECT ID_USUARIO FROM INFRA.USUARIOS WHERE CVE_USUARIO = 'mihuelhs@hercadis.com') );
INSERT INTO INFRA.CLIENTES ( ID_USUARIO, CLIENTE) VALUES( (SELECT ID_USUARIO FROM INFRA.USUARIOS WHERE CVE_USUARIO = 'mihuelhs@hercadis.com'), 'Lamosa' );

--Alberto Fernández López. / MIGSAN.
INSERT INTO INFRA.USUARIOS ( CVE_USUARIO, PASSWORD ) VALUES( 'albertofernandez@hotmail.com', 'ccmx1234' );
INSERT INTO INFRA.REL_ROLES ( CVE_ROL, CVE_USUARIO ) VALUES( 'PyME', 'albertofernandez@hotmail.com' );
INSERT INTO INFRA.PYMES ( ID_USUARIO, ID_USUARIO_PADRE, CORREO_ELECTRONICO, NOMBRE_COMERCIAL ) VALUES( (SELECT ID_USUARIO FROM INFRA.USUARIOS WHERE CVE_USUARIO = 'albertofernandez@hotmail.com'), '1', 'albertofernandez@hotmail.com', 'Alberto Fernández López. / MIGSAN.' );
INSERT INTO INFRA.CONTACTOS (ID_USUARIO, TIPO, NOMBRE, APELLIDO_PATERNO, APELLIDO_MATERNO, CORREO_ELECTRONICO, B_PRINCIPAL, TELEFONO) VALUES ( (SELECT ID_USUARIO FROM INFRA.USUARIOS WHERE CVE_USUARIO = 'albertofernandez@hotmail.com'), 'Ventas', 'Alberto', 'Fernández', 'López', 'albertofernandez@hotmail.com', true, '2464611462');
INSERT INTO INFRA.REL_PYMES_TRACTORAS ( ID_USUARIO_TRACTORA, ID_USUARIO_PYME) VALUES( (SELECT ID_USUARIO FROM INFRA.TRACTORAS WHERE EMPRESA = 'Lamosa'), (SELECT ID_USUARIO FROM INFRA.USUARIOS WHERE CVE_USUARIO = 'albertofernandez@hotmail.com') );
INSERT INTO INFRA.CLIENTES ( ID_USUARIO, CLIENTE) VALUES( (SELECT ID_USUARIO FROM INFRA.USUARIOS WHERE CVE_USUARIO = 'albertofernandez@hotmail.com'), 'Lamosa' );

--Soluciones Integrales con Aplicación Neumática, S.A. de C.V.
INSERT INTO INFRA.USUARIOS ( CVE_USUARIO, PASSWORD ) VALUES( 'vfarfan@sianeumatica.com', 'ccmx1234' );
INSERT INTO INFRA.REL_ROLES ( CVE_ROL, CVE_USUARIO ) VALUES( 'PyME', 'vfarfan@sianeumatica.com' );
INSERT INTO INFRA.PYMES ( ID_USUARIO, ID_USUARIO_PADRE, CORREO_ELECTRONICO, NOMBRE_COMERCIAL ) VALUES( (SELECT ID_USUARIO FROM INFRA.USUARIOS WHERE CVE_USUARIO = 'vfarfan@sianeumatica.com'), '1', 'vfarfan@sianeumatica.com', 'Soluciones Integrales con Aplicación Neumática, S.A. de C.V.' );
INSERT INTO INFRA.CONTACTOS (ID_USUARIO, TIPO, NOMBRE, APELLIDO_PATERNO, APELLIDO_MATERNO, CORREO_ELECTRONICO, B_PRINCIPAL, TELEFONO) VALUES ( (SELECT ID_USUARIO FROM INFRA.USUARIOS WHERE CVE_USUARIO = 'vfarfan@sianeumatica.com'), 'Ventas', 'Valentín', 'Farfán', 'González', 'vfarfan@sianeumatica.com', true, '2223207834');
INSERT INTO INFRA.REL_PYMES_TRACTORAS ( ID_USUARIO_TRACTORA, ID_USUARIO_PYME) VALUES( (SELECT ID_USUARIO FROM INFRA.TRACTORAS WHERE EMPRESA = 'Lamosa'), (SELECT ID_USUARIO FROM INFRA.USUARIOS WHERE CVE_USUARIO = 'vfarfan@sianeumatica.com') );
INSERT INTO INFRA.CLIENTES ( ID_USUARIO, CLIENTE) VALUES( (SELECT ID_USUARIO FROM INFRA.USUARIOS WHERE CVE_USUARIO = 'vfarfan@sianeumatica.com'), 'Lamosa' );

--Transportes Meléndez.
INSERT INTO INFRA.USUARIOS ( CVE_USUARIO, PASSWORD ) VALUES( 'gcm_construc@hotmail.com', 'ccmx1234' );
INSERT INTO INFRA.REL_ROLES ( CVE_ROL, CVE_USUARIO ) VALUES( 'PyME', 'gcm_construc@hotmail.com' );
INSERT INTO INFRA.PYMES ( ID_USUARIO, ID_USUARIO_PADRE, CORREO_ELECTRONICO, NOMBRE_COMERCIAL ) VALUES( (SELECT ID_USUARIO FROM INFRA.USUARIOS WHERE CVE_USUARIO = 'gcm_construc@hotmail.com'), '1', 'gcm_construc@hotmail.com', 'Transportes Meléndez.' );
INSERT INTO INFRA.CONTACTOS (ID_USUARIO, TIPO, NOMBRE, APELLIDO_PATERNO, APELLIDO_MATERNO, CORREO_ELECTRONICO, B_PRINCIPAL, TELEFONO) VALUES ( (SELECT ID_USUARIO FROM INFRA.USUARIOS WHERE CVE_USUARIO = 'gcm_construc@hotmail.com'), 'Ventas', 'Catalino', 'Meléndez', '', 'gcm_construc@hotmail.com', true, '2464616169');
INSERT INTO INFRA.REL_PYMES_TRACTORAS ( ID_USUARIO_TRACTORA, ID_USUARIO_PYME) VALUES( (SELECT ID_USUARIO FROM INFRA.TRACTORAS WHERE EMPRESA = 'Lamosa'), (SELECT ID_USUARIO FROM INFRA.USUARIOS WHERE CVE_USUARIO = 'gcm_construc@hotmail.com') );
INSERT INTO INFRA.CLIENTES ( ID_USUARIO, CLIENTE) VALUES( (SELECT ID_USUARIO FROM INFRA.USUARIOS WHERE CVE_USUARIO = 'gcm_construc@hotmail.com'), 'Lamosa' );

--Fernando Meléndez Pluma.
INSERT INTO INFRA.USUARIOS ( CVE_USUARIO, PASSWORD ) VALUES( 'gsm_construc@hotmail.com', 'ccmx1234' );
INSERT INTO INFRA.REL_ROLES ( CVE_ROL, CVE_USUARIO ) VALUES( 'PyME', 'gsm_construc@hotmail.com' );
INSERT INTO INFRA.PYMES ( ID_USUARIO, ID_USUARIO_PADRE, CORREO_ELECTRONICO, NOMBRE_COMERCIAL ) VALUES( (SELECT ID_USUARIO FROM INFRA.USUARIOS WHERE CVE_USUARIO = 'gsm_construc@hotmail.com'), '1', 'gsm_construc@hotmail.com', 'Fernando Meléndez Pluma.' );
INSERT INTO INFRA.CONTACTOS (ID_USUARIO, TIPO, NOMBRE, APELLIDO_PATERNO, APELLIDO_MATERNO, CORREO_ELECTRONICO, B_PRINCIPAL, TELEFONO) VALUES ( (SELECT ID_USUARIO FROM INFRA.USUARIOS WHERE CVE_USUARIO = 'gsm_construc@hotmail.com'), 'Ventas', 'Fernando', 'Meléndez', 'Pluma', 'gsm_construc@hotmail.com', true, '2461451633');
INSERT INTO INFRA.REL_PYMES_TRACTORAS ( ID_USUARIO_TRACTORA, ID_USUARIO_PYME) VALUES( (SELECT ID_USUARIO FROM INFRA.TRACTORAS WHERE EMPRESA = 'Lamosa'), (SELECT ID_USUARIO FROM INFRA.USUARIOS WHERE CVE_USUARIO = 'gsm_construc@hotmail.com') );
INSERT INTO INFRA.CLIENTES ( ID_USUARIO, CLIENTE) VALUES( (SELECT ID_USUARIO FROM INFRA.USUARIOS WHERE CVE_USUARIO = 'gsm_construc@hotmail.com'), 'Lamosa' );


--Mabe

--Mecánicos y Técnicos Asociados, S.A. de C.V.
INSERT INTO INFRA.USUARIOS ( CVE_USUARIO, PASSWORD ) VALUES( 'elaramontiel@yahoo.com.mx', 'ccmx1234' );
INSERT INTO INFRA.REL_ROLES ( CVE_ROL, CVE_USUARIO ) VALUES( 'PyME', 'elaramontiel@yahoo.com.mx' );
INSERT INTO INFRA.PYMES ( ID_USUARIO, ID_USUARIO_PADRE, CORREO_ELECTRONICO, NOMBRE_COMERCIAL ) VALUES( (SELECT ID_USUARIO FROM INFRA.USUARIOS WHERE CVE_USUARIO = 'elaramontiel@yahoo.com.mx'), '1', 'elaramontiel@yahoo.com.mx', 'Mecánicos y Técnicos Asociados, S.A. de C.V.' );
INSERT INTO INFRA.CONTACTOS (ID_USUARIO, TIPO, NOMBRE, APELLIDO_PATERNO, APELLIDO_MATERNO, CORREO_ELECTRONICO, B_PRINCIPAL, TELEFONO) VALUES ( (SELECT ID_USUARIO FROM INFRA.USUARIOS WHERE CVE_USUARIO = 'elaramontiel@yahoo.com.mx'), 'Ventas', 'Enrique', 'Lara', 'Montiel', 'elaramontiel@yahoo.com.mx', true, '57812115');
INSERT INTO INFRA.REL_PYMES_TRACTORAS ( ID_USUARIO_TRACTORA, ID_USUARIO_PYME) VALUES( (SELECT ID_USUARIO FROM INFRA.TRACTORAS WHERE EMPRESA = 'Mabe'), (SELECT ID_USUARIO FROM INFRA.USUARIOS WHERE CVE_USUARIO = 'elaramontiel@yahoo.com.mx') );
INSERT INTO INFRA.CLIENTES ( ID_USUARIO, CLIENTE) VALUES( (SELECT ID_USUARIO FROM INFRA.USUARIOS WHERE CVE_USUARIO = 'elaramontiel@yahoo.com.mx'), 'Mabe' );

--Maquinados de Precisión Aguilar y Troqueles, S.A. de C.V.
INSERT INTO INFRA.USUARIOS ( CVE_USUARIO, PASSWORD ) VALUES( 'ray.sanchez@mpaguilar.com', 'ccmx1234' );
INSERT INTO INFRA.REL_ROLES ( CVE_ROL, CVE_USUARIO ) VALUES( 'PyME', 'ray.sanchez@mpaguilar.com' );
INSERT INTO INFRA.PYMES ( ID_USUARIO, ID_USUARIO_PADRE, CORREO_ELECTRONICO, NOMBRE_COMERCIAL ) VALUES( (SELECT ID_USUARIO FROM INFRA.USUARIOS WHERE CVE_USUARIO = 'ray.sanchez@mpaguilar.com'), '1', 'ray.sanchez@mpaguilar.com', 'Maquinados de Precisión Aguilar y Troqueles, S.A. de C.V.' );
INSERT INTO INFRA.CONTACTOS (ID_USUARIO, TIPO, NOMBRE, APELLIDO_PATERNO, APELLIDO_MATERNO, CORREO_ELECTRONICO, B_PRINCIPAL, TELEFONO) VALUES ( (SELECT ID_USUARIO FROM INFRA.USUARIOS WHERE CVE_USUARIO = 'ray.sanchez@mpaguilar.com'), 'Ventas', 'Raymundo', 'Sánchez', 'Castillejos', 'ray.sanchez@mpaguilar.com', true, '57602648');
INSERT INTO INFRA.REL_PYMES_TRACTORAS ( ID_USUARIO_TRACTORA, ID_USUARIO_PYME) VALUES( (SELECT ID_USUARIO FROM INFRA.TRACTORAS WHERE EMPRESA = 'Mabe'), (SELECT ID_USUARIO FROM INFRA.USUARIOS WHERE CVE_USUARIO = 'ray.sanchez@mpaguilar.com') );
INSERT INTO INFRA.CLIENTES ( ID_USUARIO, CLIENTE) VALUES( (SELECT ID_USUARIO FROM INFRA.USUARIOS WHERE CVE_USUARIO = 'ray.sanchez@mpaguilar.com'), 'Mabe' );

--Prosoltek Internacional, S.A. de C.V.
INSERT INTO INFRA.USUARIOS ( CVE_USUARIO, PASSWORD ) VALUES( 'alejandro.bustamante@prosoltekinternacional.com', 'ccmx1234' );
INSERT INTO INFRA.REL_ROLES ( CVE_ROL, CVE_USUARIO ) VALUES( 'PyME', 'alejandro.bustamante@prosoltekinternacional.com' );
INSERT INTO INFRA.PYMES ( ID_USUARIO, ID_USUARIO_PADRE, CORREO_ELECTRONICO, NOMBRE_COMERCIAL ) VALUES( (SELECT ID_USUARIO FROM INFRA.USUARIOS WHERE CVE_USUARIO = 'alejandro.bustamante@prosoltekinternacional.com'), '1', 'alejandro.bustamante@prosoltekinternacional.com', 'Prosoltek Internacional, S.A. de C.V.' );
INSERT INTO INFRA.CONTACTOS (ID_USUARIO, TIPO, NOMBRE, APELLIDO_PATERNO, APELLIDO_MATERNO, CORREO_ELECTRONICO, B_PRINCIPAL, TELEFONO) VALUES ( (SELECT ID_USUARIO FROM INFRA.USUARIOS WHERE CVE_USUARIO = 'alejandro.bustamante@prosoltekinternacional.com'), 'Ventas', 'Alejandro Javier', 'Bustamante', 'Hernández', 'alejandro.bustamante@prosoltekinternacional.com', true, '58760213');
INSERT INTO INFRA.REL_PYMES_TRACTORAS ( ID_USUARIO_TRACTORA, ID_USUARIO_PYME) VALUES( (SELECT ID_USUARIO FROM INFRA.TRACTORAS WHERE EMPRESA = 'Mabe'), (SELECT ID_USUARIO FROM INFRA.USUARIOS WHERE CVE_USUARIO = 'alejandro.bustamante@prosoltekinternacional.com') );
INSERT INTO INFRA.CLIENTES ( ID_USUARIO, CLIENTE) VALUES( (SELECT ID_USUARIO FROM INFRA.USUARIOS WHERE CVE_USUARIO = 'alejandro.bustamante@prosoltekinternacional.com'), 'Mabe' );

--Miriam Aguilar Trujillo. / Burbupac.
INSERT INTO INFRA.USUARIOS ( CVE_USUARIO, PASSWORD ) VALUES( 'gregorio@burbupac.com', 'ccmx1234' );
INSERT INTO INFRA.REL_ROLES ( CVE_ROL, CVE_USUARIO ) VALUES( 'PyME', 'gregorio@burbupac.com' );
INSERT INTO INFRA.PYMES ( ID_USUARIO, ID_USUARIO_PADRE, CORREO_ELECTRONICO, NOMBRE_COMERCIAL ) VALUES( (SELECT ID_USUARIO FROM INFRA.USUARIOS WHERE CVE_USUARIO = 'gregorio@burbupac.com'), '1', 'gregorio@burbupac.com', 'Miriam Aguilar Trujillo. / Burbupac.' );
INSERT INTO INFRA.CONTACTOS (ID_USUARIO, TIPO, NOMBRE, APELLIDO_PATERNO, APELLIDO_MATERNO, CORREO_ELECTRONICO, B_PRINCIPAL, TELEFONO) VALUES ( (SELECT ID_USUARIO FROM INFRA.USUARIOS WHERE CVE_USUARIO = 'gregorio@burbupac.com'), 'Ventas', 'Gregorio', 'Aguilar', 'Trujillo', 'gregorio@burbupac.com', true, '4422912293');
INSERT INTO INFRA.REL_PYMES_TRACTORAS ( ID_USUARIO_TRACTORA, ID_USUARIO_PYME) VALUES( (SELECT ID_USUARIO FROM INFRA.TRACTORAS WHERE EMPRESA = 'Mabe'), (SELECT ID_USUARIO FROM INFRA.USUARIOS WHERE CVE_USUARIO = 'gregorio@burbupac.com') );
INSERT INTO INFRA.CLIENTES ( ID_USUARIO, CLIENTE) VALUES( (SELECT ID_USUARIO FROM INFRA.USUARIOS WHERE CVE_USUARIO = 'gregorio@burbupac.com'), 'Mabe' );

--Inger Pack, S.A. de C.V.
INSERT INTO INFRA.USUARIOS ( CVE_USUARIO, PASSWORD ) VALUES( 'ipcorrugados@yahoo.com.mx', 'ccmx1234' );
INSERT INTO INFRA.REL_ROLES ( CVE_ROL, CVE_USUARIO ) VALUES( 'PyME', 'ipcorrugados@yahoo.com.mx' );
INSERT INTO INFRA.PYMES ( ID_USUARIO, ID_USUARIO_PADRE, CORREO_ELECTRONICO, NOMBRE_COMERCIAL ) VALUES( (SELECT ID_USUARIO FROM INFRA.USUARIOS WHERE CVE_USUARIO = 'ipcorrugados@yahoo.com.mx'), '1', 'ipcorrugados@yahoo.com.mx', 'Inger Pack, S.A. de C.V.' );
INSERT INTO INFRA.CONTACTOS (ID_USUARIO, TIPO, NOMBRE, APELLIDO_PATERNO, APELLIDO_MATERNO, CORREO_ELECTRONICO, B_PRINCIPAL, TELEFONO) VALUES ( (SELECT ID_USUARIO FROM INFRA.USUARIOS WHERE CVE_USUARIO = 'ipcorrugados@yahoo.com.mx'), 'Ventas', 'Ricardo', 'Ávila', '', 'ipcorrugados@yahoo.com.mx', true, '4422175997');
INSERT INTO INFRA.REL_PYMES_TRACTORAS ( ID_USUARIO_TRACTORA, ID_USUARIO_PYME) VALUES( (SELECT ID_USUARIO FROM INFRA.TRACTORAS WHERE EMPRESA = 'Mabe'), (SELECT ID_USUARIO FROM INFRA.USUARIOS WHERE CVE_USUARIO = 'ipcorrugados@yahoo.com.mx') );
INSERT INTO INFRA.CLIENTES ( ID_USUARIO, CLIENTE) VALUES( (SELECT ID_USUARIO FROM INFRA.USUARIOS WHERE CVE_USUARIO = 'ipcorrugados@yahoo.com.mx'), 'Mabe' );

--Industrias Camca, S.A. de C.V.
INSERT INTO INFRA.USUARIOS ( CVE_USUARIO, PASSWORD ) VALUES( 'asistente_direccion@indcamca.com.mx', 'ccmx1234' );
INSERT INTO INFRA.REL_ROLES ( CVE_ROL, CVE_USUARIO ) VALUES( 'PyME', 'asistente_direccion@indcamca.com.mx' );
INSERT INTO INFRA.PYMES ( ID_USUARIO, ID_USUARIO_PADRE, CORREO_ELECTRONICO, NOMBRE_COMERCIAL ) VALUES( (SELECT ID_USUARIO FROM INFRA.USUARIOS WHERE CVE_USUARIO = 'asistente_direccion@indcamca.com.mx'), '1', 'asistente_direccion@indcamca.com.mx', 'Industrias Camca, S.A. de C.V.' );
INSERT INTO INFRA.CONTACTOS (ID_USUARIO, TIPO, NOMBRE, APELLIDO_PATERNO, APELLIDO_MATERNO, CORREO_ELECTRONICO, B_PRINCIPAL, TELEFONO) VALUES ( (SELECT ID_USUARIO FROM INFRA.USUARIOS WHERE CVE_USUARIO = 'asistente_direccion@indcamca.com.mx'), 'Ventas', 'Cecilia', 'Becerra', '', 'asistente_direccion@indcamca.com.mx', true, '4422137544');
INSERT INTO INFRA.REL_PYMES_TRACTORAS ( ID_USUARIO_TRACTORA, ID_USUARIO_PYME) VALUES( (SELECT ID_USUARIO FROM INFRA.TRACTORAS WHERE EMPRESA = 'Mabe'), (SELECT ID_USUARIO FROM INFRA.USUARIOS WHERE CVE_USUARIO = 'asistente_direccion@indcamca.com.mx') );
INSERT INTO INFRA.CLIENTES ( ID_USUARIO, CLIENTE) VALUES( (SELECT ID_USUARIO FROM INFRA.USUARIOS WHERE CVE_USUARIO = 'asistente_direccion@indcamca.com.mx'), 'Mabe' );

--Tarimat.
INSERT INTO INFRA.USUARIOS ( CVE_USUARIO, PASSWORD ) VALUES( 'martinarvizu1@hotmail.com', 'ccmx1234' );
INSERT INTO INFRA.REL_ROLES ( CVE_ROL, CVE_USUARIO ) VALUES( 'PyME', 'martinarvizu1@hotmail.com' );
INSERT INTO INFRA.PYMES ( ID_USUARIO, ID_USUARIO_PADRE, CORREO_ELECTRONICO, NOMBRE_COMERCIAL ) VALUES( (SELECT ID_USUARIO FROM INFRA.USUARIOS WHERE CVE_USUARIO = 'martinarvizu1@hotmail.com'), '1', 'martinarvizu1@hotmail.com', 'Tarimat.' );
INSERT INTO INFRA.CONTACTOS (ID_USUARIO, TIPO, NOMBRE, APELLIDO_PATERNO, APELLIDO_MATERNO, CORREO_ELECTRONICO, B_PRINCIPAL, TELEFONO) VALUES ( (SELECT ID_USUARIO FROM INFRA.USUARIOS WHERE CVE_USUARIO = 'martinarvizu1@hotmail.com'), 'Ventas', 'Martín', 'Arvizu', 'Orduña', 'martinarvizu1@hotmail.com', true, '');
INSERT INTO INFRA.REL_PYMES_TRACTORAS ( ID_USUARIO_TRACTORA, ID_USUARIO_PYME) VALUES( (SELECT ID_USUARIO FROM INFRA.TRACTORAS WHERE EMPRESA = 'Mabe'), (SELECT ID_USUARIO FROM INFRA.USUARIOS WHERE CVE_USUARIO = 'martinarvizu1@hotmail.com') );
INSERT INTO INFRA.CLIENTES ( ID_USUARIO, CLIENTE) VALUES( (SELECT ID_USUARIO FROM INFRA.USUARIOS WHERE CVE_USUARIO = 'martinarvizu1@hotmail.com'), 'Mabe' );

--Maximux Clean, S. de R.L. de C.V.
INSERT INTO INFRA.USUARIOS ( CVE_USUARIO, PASSWORD ) VALUES( 'hector_ortega@maximuscl.com', 'ccmx1234' );
INSERT INTO INFRA.REL_ROLES ( CVE_ROL, CVE_USUARIO ) VALUES( 'PyME', 'hector_ortega@maximuscl.com' );
INSERT INTO INFRA.PYMES ( ID_USUARIO, ID_USUARIO_PADRE, CORREO_ELECTRONICO, NOMBRE_COMERCIAL ) VALUES( (SELECT ID_USUARIO FROM INFRA.USUARIOS WHERE CVE_USUARIO = 'hector_ortega@maximuscl.com'), '1', 'hector_ortega@maximuscl.com', 'Maximux Clean, S. de R.L. de C.V.' );
INSERT INTO INFRA.CONTACTOS (ID_USUARIO, TIPO, NOMBRE, APELLIDO_PATERNO, APELLIDO_MATERNO, CORREO_ELECTRONICO, B_PRINCIPAL, TELEFONO) VALUES ( (SELECT ID_USUARIO FROM INFRA.USUARIOS WHERE CVE_USUARIO = 'hector_ortega@maximuscl.com'), 'Ventas', 'Héctor', 'Ortega', 'Mendoza', 'hector_ortega@maximuscl.com', true, '4422167724');
INSERT INTO INFRA.REL_PYMES_TRACTORAS ( ID_USUARIO_TRACTORA, ID_USUARIO_PYME) VALUES( (SELECT ID_USUARIO FROM INFRA.TRACTORAS WHERE EMPRESA = 'Mabe'), (SELECT ID_USUARIO FROM INFRA.USUARIOS WHERE CVE_USUARIO = 'hector_ortega@maximuscl.com') );
INSERT INTO INFRA.CLIENTES ( ID_USUARIO, CLIENTE) VALUES( (SELECT ID_USUARIO FROM INFRA.USUARIOS WHERE CVE_USUARIO = 'hector_ortega@maximuscl.com'), 'Mabe' );

--Productos Diaza.
INSERT INTO INFRA.USUARIOS ( CVE_USUARIO, PASSWORD ) VALUES( 'jldiaz.zamora@prodigy.net.mx', 'ccmx1234' );
INSERT INTO INFRA.REL_ROLES ( CVE_ROL, CVE_USUARIO ) VALUES( 'PyME', 'jldiaz.zamora@prodigy.net.mx' );
INSERT INTO INFRA.PYMES ( ID_USUARIO, ID_USUARIO_PADRE, CORREO_ELECTRONICO, NOMBRE_COMERCIAL ) VALUES( (SELECT ID_USUARIO FROM INFRA.USUARIOS WHERE CVE_USUARIO = 'jldiaz.zamora@prodigy.net.mx'), '1', 'jldiaz.zamora@prodigy.net.mx', 'Productos Diaza.' );
INSERT INTO INFRA.CONTACTOS (ID_USUARIO, TIPO, NOMBRE, APELLIDO_PATERNO, APELLIDO_MATERNO, CORREO_ELECTRONICO, B_PRINCIPAL, TELEFONO) VALUES ( (SELECT ID_USUARIO FROM INFRA.USUARIOS WHERE CVE_USUARIO = 'jldiaz.zamora@prodigy.net.mx'), 'Ventas', 'José Luis', 'Díaz', 'Zamora', 'jldiaz.zamora@prodigy.net.mx', true, '4422172334');
INSERT INTO INFRA.REL_PYMES_TRACTORAS ( ID_USUARIO_TRACTORA, ID_USUARIO_PYME) VALUES( (SELECT ID_USUARIO FROM INFRA.TRACTORAS WHERE EMPRESA = 'Mabe'), (SELECT ID_USUARIO FROM INFRA.USUARIOS WHERE CVE_USUARIO = 'jldiaz.zamora@prodigy.net.mx') );
INSERT INTO INFRA.CLIENTES ( ID_USUARIO, CLIENTE) VALUES( (SELECT ID_USUARIO FROM INFRA.USUARIOS WHERE CVE_USUARIO = 'jldiaz.zamora@prodigy.net.mx'), 'Mabe' );

--José Francisco Hilario Galicia Robledo. / Troquelados Galicia.
INSERT INTO INFRA.USUARIOS ( CVE_USUARIO, PASSWORD ) VALUES( 'fgaliciar@hotmail.com', 'ccmx1234' );
INSERT INTO INFRA.REL_ROLES ( CVE_ROL, CVE_USUARIO ) VALUES( 'PyME', 'fgaliciar@hotmail.com' );
INSERT INTO INFRA.PYMES ( ID_USUARIO, ID_USUARIO_PADRE, CORREO_ELECTRONICO, NOMBRE_COMERCIAL ) VALUES( (SELECT ID_USUARIO FROM INFRA.USUARIOS WHERE CVE_USUARIO = 'fgaliciar@hotmail.com'), '1', 'fgaliciar@hotmail.com', 'José Francisco Hilario Galicia Robledo. / Troquelados Galicia.' );
INSERT INTO INFRA.CONTACTOS (ID_USUARIO, TIPO, NOMBRE, APELLIDO_PATERNO, APELLIDO_MATERNO, CORREO_ELECTRONICO, B_PRINCIPAL, TELEFONO) VALUES ( (SELECT ID_USUARIO FROM INFRA.USUARIOS WHERE CVE_USUARIO = 'fgaliciar@hotmail.com'), 'Ventas', 'José Francisco', '', '', 'fgaliciar@hotmail.com', true, '4422421068');
INSERT INTO INFRA.REL_PYMES_TRACTORAS ( ID_USUARIO_TRACTORA, ID_USUARIO_PYME) VALUES( (SELECT ID_USUARIO FROM INFRA.TRACTORAS WHERE EMPRESA = 'Mabe'), (SELECT ID_USUARIO FROM INFRA.USUARIOS WHERE CVE_USUARIO = 'fgaliciar@hotmail.com') );
INSERT INTO INFRA.CLIENTES ( ID_USUARIO, CLIENTE) VALUES( (SELECT ID_USUARIO FROM INFRA.USUARIOS WHERE CVE_USUARIO = 'fgaliciar@hotmail.com'), 'Mabe' );

--María del Carmen López Franco.
INSERT INTO INFRA.USUARIOS ( CVE_USUARIO, PASSWORD ) VALUES( 'm.lopez@proavanza.com', 'ccmx1234' );
INSERT INTO INFRA.REL_ROLES ( CVE_ROL, CVE_USUARIO ) VALUES( 'PyME', 'm.lopez@proavanza.com' );
INSERT INTO INFRA.PYMES ( ID_USUARIO, ID_USUARIO_PADRE, CORREO_ELECTRONICO, NOMBRE_COMERCIAL ) VALUES( (SELECT ID_USUARIO FROM INFRA.USUARIOS WHERE CVE_USUARIO = 'm.lopez@proavanza.com'), '1', 'm.lopez@proavanza.com', 'María del Carmen López Franco.' );
INSERT INTO INFRA.CONTACTOS (ID_USUARIO, TIPO, NOMBRE, APELLIDO_PATERNO, APELLIDO_MATERNO, CORREO_ELECTRONICO, B_PRINCIPAL, TELEFONO) VALUES ( (SELECT ID_USUARIO FROM INFRA.USUARIOS WHERE CVE_USUARIO = 'm.lopez@proavanza.com'), 'Ventas', 'María del Carmen', 'López', 'Franco', 'm.lopez@proavanza.com', true, '4422570098');
INSERT INTO INFRA.REL_PYMES_TRACTORAS ( ID_USUARIO_TRACTORA, ID_USUARIO_PYME) VALUES( (SELECT ID_USUARIO FROM INFRA.TRACTORAS WHERE EMPRESA = 'Mabe'), (SELECT ID_USUARIO FROM INFRA.USUARIOS WHERE CVE_USUARIO = 'm.lopez@proavanza.com') );
INSERT INTO INFRA.CLIENTES ( ID_USUARIO, CLIENTE) VALUES( (SELECT ID_USUARIO FROM INFRA.USUARIOS WHERE CVE_USUARIO = 'm.lopez@proavanza.com'), 'Mabe' );

--Armando Rodríguez Martínez. / Hiromaplast.
INSERT INTO INFRA.USUARIOS ( CVE_USUARIO, PASSWORD ) VALUES( 'armando.rodriguez@hiromaplast.com', 'ccmx1234' );
INSERT INTO INFRA.REL_ROLES ( CVE_ROL, CVE_USUARIO ) VALUES( 'PyME', 'armando.rodriguez@hiromaplast.com' );
INSERT INTO INFRA.PYMES ( ID_USUARIO, ID_USUARIO_PADRE, CORREO_ELECTRONICO, NOMBRE_COMERCIAL ) VALUES( (SELECT ID_USUARIO FROM INFRA.USUARIOS WHERE CVE_USUARIO = 'armando.rodriguez@hiromaplast.com'), '1', 'armando.rodriguez@hiromaplast.com', 'Armando Rodríguez Martínez. / Hiromaplast.' );
INSERT INTO INFRA.CONTACTOS (ID_USUARIO, TIPO, NOMBRE, APELLIDO_PATERNO, APELLIDO_MATERNO, CORREO_ELECTRONICO, B_PRINCIPAL, TELEFONO) VALUES ( (SELECT ID_USUARIO FROM INFRA.USUARIOS WHERE CVE_USUARIO = 'armando.rodriguez@hiromaplast.com'), 'Ventas', 'Armando', 'Rodríguez', 'Martínez', 'armando.rodriguez@hiromaplast.com', true, '4424544036');
INSERT INTO INFRA.REL_PYMES_TRACTORAS ( ID_USUARIO_TRACTORA, ID_USUARIO_PYME) VALUES( (SELECT ID_USUARIO FROM INFRA.TRACTORAS WHERE EMPRESA = 'Mabe'), (SELECT ID_USUARIO FROM INFRA.USUARIOS WHERE CVE_USUARIO = 'armando.rodriguez@hiromaplast.com') );
INSERT INTO INFRA.CLIENTES ( ID_USUARIO, CLIENTE) VALUES( (SELECT ID_USUARIO FROM INFRA.USUARIOS WHERE CVE_USUARIO = 'armando.rodriguez@hiromaplast.com'), 'Mabe' );

--Enrique López Palomino.
INSERT INTO INFRA.USUARIOS ( CVE_USUARIO, PASSWORD ) VALUES( 'coe_contratista@hotmail.com', 'ccmx1234' );
INSERT INTO INFRA.REL_ROLES ( CVE_ROL, CVE_USUARIO ) VALUES( 'PyME', 'coe_contratista@hotmail.com' );
INSERT INTO INFRA.PYMES ( ID_USUARIO, ID_USUARIO_PADRE, CORREO_ELECTRONICO, NOMBRE_COMERCIAL ) VALUES( (SELECT ID_USUARIO FROM INFRA.USUARIOS WHERE CVE_USUARIO = 'coe_contratista@hotmail.com'), '1', 'coe_contratista@hotmail.com', 'Enrique López Palomino.' );
INSERT INTO INFRA.CONTACTOS (ID_USUARIO, TIPO, NOMBRE, APELLIDO_PATERNO, APELLIDO_MATERNO, CORREO_ELECTRONICO, B_PRINCIPAL, TELEFONO) VALUES ( (SELECT ID_USUARIO FROM INFRA.USUARIOS WHERE CVE_USUARIO = 'coe_contratista@hotmail.com'), 'Ventas', 'Enrique', 'López', 'Palomino', 'coe_contratista@hotmail.com', true, '4423918397');
INSERT INTO INFRA.REL_PYMES_TRACTORAS ( ID_USUARIO_TRACTORA, ID_USUARIO_PYME) VALUES( (SELECT ID_USUARIO FROM INFRA.TRACTORAS WHERE EMPRESA = 'Mabe'), (SELECT ID_USUARIO FROM INFRA.USUARIOS WHERE CVE_USUARIO = 'coe_contratista@hotmail.com') );
INSERT INTO INFRA.CLIENTES ( ID_USUARIO, CLIENTE) VALUES( (SELECT ID_USUARIO FROM INFRA.USUARIOS WHERE CVE_USUARIO = 'coe_contratista@hotmail.com'), 'Mabe' );

--Mariela Mora Carrillo. / Mayjade Industrial.
INSERT INTO INFRA.USUARIOS ( CVE_USUARIO, PASSWORD ) VALUES( 'marielamoracarrillo@hotmail.com', 'ccmx1234' );
INSERT INTO INFRA.REL_ROLES ( CVE_ROL, CVE_USUARIO ) VALUES( 'PyME', 'marielamoracarrillo@hotmail.com' );
INSERT INTO INFRA.PYMES ( ID_USUARIO, ID_USUARIO_PADRE, CORREO_ELECTRONICO, NOMBRE_COMERCIAL ) VALUES( (SELECT ID_USUARIO FROM INFRA.USUARIOS WHERE CVE_USUARIO = 'marielamoracarrillo@hotmail.com'), '1', 'marielamoracarrillo@hotmail.com', 'Mariela Mora Carrillo. / Mayjade Industrial.' );
INSERT INTO INFRA.CONTACTOS (ID_USUARIO, TIPO, NOMBRE, APELLIDO_PATERNO, APELLIDO_MATERNO, CORREO_ELECTRONICO, B_PRINCIPAL, TELEFONO) VALUES ( (SELECT ID_USUARIO FROM INFRA.USUARIOS WHERE CVE_USUARIO = 'marielamoracarrillo@hotmail.com'), 'Ventas', 'Mariela', 'Mora', 'Carrillo', 'marielamoracarrillo@hotmail.com', true, '4422611107');
INSERT INTO INFRA.REL_PYMES_TRACTORAS ( ID_USUARIO_TRACTORA, ID_USUARIO_PYME) VALUES( (SELECT ID_USUARIO FROM INFRA.TRACTORAS WHERE EMPRESA = 'Mabe'), (SELECT ID_USUARIO FROM INFRA.USUARIOS WHERE CVE_USUARIO = 'marielamoracarrillo@hotmail.com') );
INSERT INTO INFRA.CLIENTES ( ID_USUARIO, CLIENTE) VALUES( (SELECT ID_USUARIO FROM INFRA.USUARIOS WHERE CVE_USUARIO = 'marielamoracarrillo@hotmail.com'), 'Mabe' );

--Desalti, S.A. de C.V.
INSERT INTO INFRA.USUARIOS ( CVE_USUARIO, PASSWORD ) VALUES( 'desaltisa@prodigy.net.mx', 'ccmx1234' );
INSERT INTO INFRA.REL_ROLES ( CVE_ROL, CVE_USUARIO ) VALUES( 'PyME', 'desaltisa@prodigy.net.mx' );
INSERT INTO INFRA.PYMES ( ID_USUARIO, ID_USUARIO_PADRE, CORREO_ELECTRONICO, NOMBRE_COMERCIAL ) VALUES( (SELECT ID_USUARIO FROM INFRA.USUARIOS WHERE CVE_USUARIO = 'desaltisa@prodigy.net.mx'), '1', 'desaltisa@prodigy.net.mx', 'Desalti, S.A. de C.V.' );
INSERT INTO INFRA.CONTACTOS (ID_USUARIO, TIPO, NOMBRE, APELLIDO_PATERNO, APELLIDO_MATERNO, CORREO_ELECTRONICO, B_PRINCIPAL, TELEFONO) VALUES ( (SELECT ID_USUARIO FROM INFRA.USUARIOS WHERE CVE_USUARIO = 'desaltisa@prodigy.net.mx'), 'Ventas', 'Jorge', 'Díaz', 'López', 'desaltisa@prodigy.net.mx', true, '4422173210');
INSERT INTO INFRA.REL_PYMES_TRACTORAS ( ID_USUARIO_TRACTORA, ID_USUARIO_PYME) VALUES( (SELECT ID_USUARIO FROM INFRA.TRACTORAS WHERE EMPRESA = 'Mabe'), (SELECT ID_USUARIO FROM INFRA.USUARIOS WHERE CVE_USUARIO = 'desaltisa@prodigy.net.mx') );
INSERT INTO INFRA.CLIENTES ( ID_USUARIO, CLIENTE) VALUES( (SELECT ID_USUARIO FROM INFRA.USUARIOS WHERE CVE_USUARIO = 'desaltisa@prodigy.net.mx'), 'Mabe' );

--Myriam Reséndiz Salinas.
INSERT INTO INFRA.USUARIOS ( CVE_USUARIO, PASSWORD ) VALUES( 'hr_maepro@hotmail.com', 'ccmx1234' );
INSERT INTO INFRA.REL_ROLES ( CVE_ROL, CVE_USUARIO ) VALUES( 'PyME', 'hr_maepro@hotmail.com' );
INSERT INTO INFRA.PYMES ( ID_USUARIO, ID_USUARIO_PADRE, CORREO_ELECTRONICO, NOMBRE_COMERCIAL ) VALUES( (SELECT ID_USUARIO FROM INFRA.USUARIOS WHERE CVE_USUARIO = 'hr_maepro@hotmail.com'), '1', 'hr_maepro@hotmail.com', 'Myriam Reséndiz Salinas.' );
INSERT INTO INFRA.CONTACTOS (ID_USUARIO, TIPO, NOMBRE, APELLIDO_PATERNO, APELLIDO_MATERNO, CORREO_ELECTRONICO, B_PRINCIPAL, TELEFONO) VALUES ( (SELECT ID_USUARIO FROM INFRA.USUARIOS WHERE CVE_USUARIO = 'hr_maepro@hotmail.com'), 'Ventas', 'Humberto', 'Reséndiz', 'Salinas', 'hr_maepro@hotmail.com', true, '4422467365');
INSERT INTO INFRA.REL_PYMES_TRACTORAS ( ID_USUARIO_TRACTORA, ID_USUARIO_PYME) VALUES( (SELECT ID_USUARIO FROM INFRA.TRACTORAS WHERE EMPRESA = 'Mabe'), (SELECT ID_USUARIO FROM INFRA.USUARIOS WHERE CVE_USUARIO = 'hr_maepro@hotmail.com') );
INSERT INTO INFRA.CLIENTES ( ID_USUARIO, CLIENTE) VALUES( (SELECT ID_USUARIO FROM INFRA.USUARIOS WHERE CVE_USUARIO = 'hr_maepro@hotmail.com'), 'Mabe' );

--Rebeca Castañón Ramírez.
INSERT INTO INFRA.USUARIOS ( CVE_USUARIO, PASSWORD ) VALUES( 'tallerts@hotmail.com', 'ccmx1234' );
INSERT INTO INFRA.REL_ROLES ( CVE_ROL, CVE_USUARIO ) VALUES( 'PyME', 'tallerts@hotmail.com' );
INSERT INTO INFRA.PYMES ( ID_USUARIO, ID_USUARIO_PADRE, CORREO_ELECTRONICO, NOMBRE_COMERCIAL ) VALUES( (SELECT ID_USUARIO FROM INFRA.USUARIOS WHERE CVE_USUARIO = 'tallerts@hotmail.com'), '1', 'tallerts@hotmail.com', 'Rebeca Castañón Ramírez.' );
INSERT INTO INFRA.CONTACTOS (ID_USUARIO, TIPO, NOMBRE, APELLIDO_PATERNO, APELLIDO_MATERNO, CORREO_ELECTRONICO, B_PRINCIPAL, TELEFONO) VALUES ( (SELECT ID_USUARIO FROM INFRA.USUARIOS WHERE CVE_USUARIO = 'tallerts@hotmail.com'), 'Ventas', 'Rebeca', 'Castañón', 'Ramírez', 'tallerts@hotmail.com', true, '4422159776');
INSERT INTO INFRA.REL_PYMES_TRACTORAS ( ID_USUARIO_TRACTORA, ID_USUARIO_PYME) VALUES( (SELECT ID_USUARIO FROM INFRA.TRACTORAS WHERE EMPRESA = 'Mabe'), (SELECT ID_USUARIO FROM INFRA.USUARIOS WHERE CVE_USUARIO = 'tallerts@hotmail.com') );
INSERT INTO INFRA.CLIENTES ( ID_USUARIO, CLIENTE) VALUES( (SELECT ID_USUARIO FROM INFRA.USUARIOS WHERE CVE_USUARIO = 'tallerts@hotmail.com'), 'Mabe' );

--Amparo Pérez Juárez.
INSERT INTO INFRA.USUARIOS ( CVE_USUARIO, PASSWORD ) VALUES( 'ventaps3@prodigy.net.mx', 'ccmx1234' );
INSERT INTO INFRA.REL_ROLES ( CVE_ROL, CVE_USUARIO ) VALUES( 'PyME', 'ventaps3@prodigy.net.mx' );
INSERT INTO INFRA.PYMES ( ID_USUARIO, ID_USUARIO_PADRE, CORREO_ELECTRONICO, NOMBRE_COMERCIAL ) VALUES( (SELECT ID_USUARIO FROM INFRA.USUARIOS WHERE CVE_USUARIO = 'ventaps3@prodigy.net.mx'), '1', 'ventaps3@prodigy.net.mx', 'Amparo Pérez Juárez.' );
INSERT INTO INFRA.CONTACTOS (ID_USUARIO, TIPO, NOMBRE, APELLIDO_PATERNO, APELLIDO_MATERNO, CORREO_ELECTRONICO, B_PRINCIPAL, TELEFONO) VALUES ( (SELECT ID_USUARIO FROM INFRA.USUARIOS WHERE CVE_USUARIO = 'ventaps3@prodigy.net.mx'), 'Ventas', 'Humberto', 'Rodríguez', 'Ramírez', 'ventaps3@prodigy.net.mx', true, '4422222869');
INSERT INTO INFRA.REL_PYMES_TRACTORAS ( ID_USUARIO_TRACTORA, ID_USUARIO_PYME) VALUES( (SELECT ID_USUARIO FROM INFRA.TRACTORAS WHERE EMPRESA = 'Mabe'), (SELECT ID_USUARIO FROM INFRA.USUARIOS WHERE CVE_USUARIO = 'ventaps3@prodigy.net.mx') );
INSERT INTO INFRA.CLIENTES ( ID_USUARIO, CLIENTE) VALUES( (SELECT ID_USUARIO FROM INFRA.USUARIOS WHERE CVE_USUARIO = 'ventaps3@prodigy.net.mx'), 'Mabe' );

--Inyecciones y Soplados Kompalka, S.A. de C.V.
INSERT INTO INFRA.USUARIOS ( CVE_USUARIO, PASSWORD ) VALUES( 'p.kompalka@isko.com.mx', 'ccmx1234' );
INSERT INTO INFRA.REL_ROLES ( CVE_ROL, CVE_USUARIO ) VALUES( 'PyME', 'p.kompalka@isko.com.mx' );
INSERT INTO INFRA.PYMES ( ID_USUARIO, ID_USUARIO_PADRE, CORREO_ELECTRONICO, NOMBRE_COMERCIAL ) VALUES( (SELECT ID_USUARIO FROM INFRA.USUARIOS WHERE CVE_USUARIO = 'p.kompalka@isko.com.mx'), '1', 'p.kompalka@isko.com.mx', 'Inyecciones y Soplados Kompalka, S.A. de C.V.' );
INSERT INTO INFRA.CONTACTOS (ID_USUARIO, TIPO, NOMBRE, APELLIDO_PATERNO, APELLIDO_MATERNO, CORREO_ELECTRONICO, B_PRINCIPAL, TELEFONO) VALUES ( (SELECT ID_USUARIO FROM INFRA.USUARIOS WHERE CVE_USUARIO = 'p.kompalka@isko.com.mx'), 'Ventas', 'Pablo', 'Kompalka', '', 'p.kompalka@isko.com.mx', true, '4422189333');
INSERT INTO INFRA.REL_PYMES_TRACTORAS ( ID_USUARIO_TRACTORA, ID_USUARIO_PYME) VALUES( (SELECT ID_USUARIO FROM INFRA.TRACTORAS WHERE EMPRESA = 'Mabe'), (SELECT ID_USUARIO FROM INFRA.USUARIOS WHERE CVE_USUARIO = 'p.kompalka@isko.com.mx') );
INSERT INTO INFRA.CLIENTES ( ID_USUARIO, CLIENTE) VALUES( (SELECT ID_USUARIO FROM INFRA.USUARIOS WHERE CVE_USUARIO = 'p.kompalka@isko.com.mx'), 'Mabe' );

--Fernando Guadalupe Castillo de Oregel. / FERCA.
INSERT INTO INFRA.USUARIOS ( CVE_USUARIO, PASSWORD ) VALUES( 'mfernandez@grupoferca.com.mx', 'ccmx1234' );
INSERT INTO INFRA.REL_ROLES ( CVE_ROL, CVE_USUARIO ) VALUES( 'PyME', 'mfernandez@grupoferca.com.mx' );
INSERT INTO INFRA.PYMES ( ID_USUARIO, ID_USUARIO_PADRE, CORREO_ELECTRONICO, NOMBRE_COMERCIAL ) VALUES( (SELECT ID_USUARIO FROM INFRA.USUARIOS WHERE CVE_USUARIO = 'mfernandez@grupoferca.com.mx'), '1', 'mfernandez@grupoferca.com.mx', 'Fernando Guadalupe Castillo de Oregel. / FERCA.' );
INSERT INTO INFRA.CONTACTOS (ID_USUARIO, TIPO, NOMBRE, APELLIDO_PATERNO, APELLIDO_MATERNO, CORREO_ELECTRONICO, B_PRINCIPAL, TELEFONO) VALUES ( (SELECT ID_USUARIO FROM INFRA.USUARIOS WHERE CVE_USUARIO = 'mfernandez@grupoferca.com.mx'), 'Ventas', 'Mauricio', 'Fernández', 'Islas', 'mfernandez@grupoferca.com.mx', true, '4422205325');
INSERT INTO INFRA.REL_PYMES_TRACTORAS ( ID_USUARIO_TRACTORA, ID_USUARIO_PYME) VALUES( (SELECT ID_USUARIO FROM INFRA.TRACTORAS WHERE EMPRESA = 'Mabe'), (SELECT ID_USUARIO FROM INFRA.USUARIOS WHERE CVE_USUARIO = 'mfernandez@grupoferca.com.mx') );
INSERT INTO INFRA.CLIENTES ( ID_USUARIO, CLIENTE) VALUES( (SELECT ID_USUARIO FROM INFRA.USUARIOS WHERE CVE_USUARIO = 'mfernandez@grupoferca.com.mx'), 'Mabe' );

--Teresa de Jesús Pérez Delgado. / Prometal.
INSERT INTO INFRA.USUARIOS ( CVE_USUARIO, PASSWORD ) VALUES( 'arturo.rivera@prometalqro.com', 'ccmx1234' );
INSERT INTO INFRA.REL_ROLES ( CVE_ROL, CVE_USUARIO ) VALUES( 'PyME', 'arturo.rivera@prometalqro.com' );
INSERT INTO INFRA.PYMES ( ID_USUARIO, ID_USUARIO_PADRE, CORREO_ELECTRONICO, NOMBRE_COMERCIAL ) VALUES( (SELECT ID_USUARIO FROM INFRA.USUARIOS WHERE CVE_USUARIO = 'arturo.rivera@prometalqro.com'), '1', 'arturo.rivera@prometalqro.com', 'Teresa de Jesús Pérez Delgado. / Prometal.' );
INSERT INTO INFRA.CONTACTOS (ID_USUARIO, TIPO, NOMBRE, APELLIDO_PATERNO, APELLIDO_MATERNO, CORREO_ELECTRONICO, B_PRINCIPAL, TELEFONO) VALUES ( (SELECT ID_USUARIO FROM INFRA.USUARIOS WHERE CVE_USUARIO = 'arturo.rivera@prometalqro.com'), 'Ventas', 'Arturo', 'Rivera', 'López', 'arturo.rivera@prometalqro.com', true, '4421834577');
INSERT INTO INFRA.REL_PYMES_TRACTORAS ( ID_USUARIO_TRACTORA, ID_USUARIO_PYME) VALUES( (SELECT ID_USUARIO FROM INFRA.TRACTORAS WHERE EMPRESA = 'Mabe'), (SELECT ID_USUARIO FROM INFRA.USUARIOS WHERE CVE_USUARIO = 'arturo.rivera@prometalqro.com') );
INSERT INTO INFRA.CLIENTES ( ID_USUARIO, CLIENTE) VALUES( (SELECT ID_USUARIO FROM INFRA.USUARIOS WHERE CVE_USUARIO = 'arturo.rivera@prometalqro.com'), 'Mabe' );

--Color Plus Industrias, S.A. de C.V.
INSERT INTO INFRA.USUARIOS ( CVE_USUARIO, PASSWORD ) VALUES( 'sau_cendejas@hotmail.com', 'ccmx1234' );
INSERT INTO INFRA.REL_ROLES ( CVE_ROL, CVE_USUARIO ) VALUES( 'PyME', 'sau_cendejas@hotmail.com' );
INSERT INTO INFRA.PYMES ( ID_USUARIO, ID_USUARIO_PADRE, CORREO_ELECTRONICO, NOMBRE_COMERCIAL ) VALUES( (SELECT ID_USUARIO FROM INFRA.USUARIOS WHERE CVE_USUARIO = 'sau_cendejas@hotmail.com'), '1', 'sau_cendejas@hotmail.com', 'Color Plus Industrias, S.A. de C.V.' );
INSERT INTO INFRA.CONTACTOS (ID_USUARIO, TIPO, NOMBRE, APELLIDO_PATERNO, APELLIDO_MATERNO, CORREO_ELECTRONICO, B_PRINCIPAL, TELEFONO) VALUES ( (SELECT ID_USUARIO FROM INFRA.USUARIOS WHERE CVE_USUARIO = 'sau_cendejas@hotmail.com'), 'Ventas', 'Saúl', 'Cendejas', 'Sánchez', 'sau_cendejas@hotmail.com', true, '4421955086');
INSERT INTO INFRA.REL_PYMES_TRACTORAS ( ID_USUARIO_TRACTORA, ID_USUARIO_PYME) VALUES( (SELECT ID_USUARIO FROM INFRA.TRACTORAS WHERE EMPRESA = 'Mabe'), (SELECT ID_USUARIO FROM INFRA.USUARIOS WHERE CVE_USUARIO = 'sau_cendejas@hotmail.com') );
INSERT INTO INFRA.CLIENTES ( ID_USUARIO, CLIENTE) VALUES( (SELECT ID_USUARIO FROM INFRA.USUARIOS WHERE CVE_USUARIO = 'sau_cendejas@hotmail.com'), 'Mabe' );

--Ilpea, S. de R.L. de C.V.
INSERT INTO INFRA.USUARIOS ( CVE_USUARIO, PASSWORD ) VALUES( 'rmiramontes@ilpea.com', 'ccmx1234' );
INSERT INTO INFRA.REL_ROLES ( CVE_ROL, CVE_USUARIO ) VALUES( 'PyME', 'rmiramontes@ilpea.com' );
INSERT INTO INFRA.PYMES ( ID_USUARIO, ID_USUARIO_PADRE, CORREO_ELECTRONICO, NOMBRE_COMERCIAL ) VALUES( (SELECT ID_USUARIO FROM INFRA.USUARIOS WHERE CVE_USUARIO = 'rmiramontes@ilpea.com'), '1', 'rmiramontes@ilpea.com', 'Ilpea, S. de R.L. de C.V.' );
INSERT INTO INFRA.CONTACTOS (ID_USUARIO, TIPO, NOMBRE, APELLIDO_PATERNO, APELLIDO_MATERNO, CORREO_ELECTRONICO, B_PRINCIPAL, TELEFONO) VALUES ( (SELECT ID_USUARIO FROM INFRA.USUARIOS WHERE CVE_USUARIO = 'rmiramontes@ilpea.com'), 'Ventas', 'Rodolfo', 'Miramontes', '', 'rmiramontes@ilpea.com', true, '4422171542');
INSERT INTO INFRA.REL_PYMES_TRACTORAS ( ID_USUARIO_TRACTORA, ID_USUARIO_PYME) VALUES( (SELECT ID_USUARIO FROM INFRA.TRACTORAS WHERE EMPRESA = 'Mabe'), (SELECT ID_USUARIO FROM INFRA.USUARIOS WHERE CVE_USUARIO = 'rmiramontes@ilpea.com') );
INSERT INTO INFRA.CLIENTES ( ID_USUARIO, CLIENTE) VALUES( (SELECT ID_USUARIO FROM INFRA.USUARIOS WHERE CVE_USUARIO = 'rmiramontes@ilpea.com'), 'Mabe' );

--Solución Grafica.
INSERT INTO INFRA.USUARIOS ( CVE_USUARIO, PASSWORD ) VALUES( 'solucuongrafica@prodigy.net.mx', 'ccmx1234' );
INSERT INTO INFRA.REL_ROLES ( CVE_ROL, CVE_USUARIO ) VALUES( 'PyME', 'solucuongrafica@prodigy.net.mx' );
INSERT INTO INFRA.PYMES ( ID_USUARIO, ID_USUARIO_PADRE, CORREO_ELECTRONICO, NOMBRE_COMERCIAL ) VALUES( (SELECT ID_USUARIO FROM INFRA.USUARIOS WHERE CVE_USUARIO = 'solucuongrafica@prodigy.net.mx'), '1', 'solucuongrafica@prodigy.net.mx', 'Solución Grafica.' );
INSERT INTO INFRA.CONTACTOS (ID_USUARIO, TIPO, NOMBRE, APELLIDO_PATERNO, APELLIDO_MATERNO, CORREO_ELECTRONICO, B_PRINCIPAL, TELEFONO) VALUES ( (SELECT ID_USUARIO FROM INFRA.USUARIOS WHERE CVE_USUARIO = 'solucuongrafica@prodigy.net.mx'), 'Ventas', 'Oscar', 'Ramírez', '', 'solucuongrafica@prodigy.net.mx', true, '4422122842');
INSERT INTO INFRA.REL_PYMES_TRACTORAS ( ID_USUARIO_TRACTORA, ID_USUARIO_PYME) VALUES( (SELECT ID_USUARIO FROM INFRA.TRACTORAS WHERE EMPRESA = 'Mabe'), (SELECT ID_USUARIO FROM INFRA.USUARIOS WHERE CVE_USUARIO = 'solucuongrafica@prodigy.net.mx') );
INSERT INTO INFRA.CLIENTES ( ID_USUARIO, CLIENTE) VALUES( (SELECT ID_USUARIO FROM INFRA.USUARIOS WHERE CVE_USUARIO = 'solucuongrafica@prodigy.net.mx'), 'Mabe' );


--Mexichem

--Carlos Alberto Sánchez Quiroz.
INSERT INTO INFRA.USUARIOS ( CVE_USUARIO, PASSWORD ) VALUES( 'cimyc03@aol.com', 'ccmx1234' );
INSERT INTO INFRA.REL_ROLES ( CVE_ROL, CVE_USUARIO ) VALUES( 'PyME', 'cimyc03@aol.com' );
INSERT INTO INFRA.PYMES ( ID_USUARIO, ID_USUARIO_PADRE, CORREO_ELECTRONICO, NOMBRE_COMERCIAL ) VALUES( (SELECT ID_USUARIO FROM INFRA.USUARIOS WHERE CVE_USUARIO = 'cimyc03@aol.com'), '1', 'cimyc03@aol.com', 'Carlos Alberto Sánchez Quiroz.' );
INSERT INTO INFRA.CONTACTOS (ID_USUARIO, TIPO, NOMBRE, APELLIDO_PATERNO, APELLIDO_MATERNO, CORREO_ELECTRONICO, B_PRINCIPAL, TELEFONO) VALUES ( (SELECT ID_USUARIO FROM INFRA.USUARIOS WHERE CVE_USUARIO = 'cimyc03@aol.com'), 'Ventas', 'Carlos Alberto', 'Sánchez', 'Quiroz', 'cimyc03@aol.com', true, '55563730');
INSERT INTO INFRA.REL_PYMES_TRACTORAS ( ID_USUARIO_TRACTORA, ID_USUARIO_PYME) VALUES( (SELECT ID_USUARIO FROM INFRA.TRACTORAS WHERE EMPRESA = 'Mexichem'), (SELECT ID_USUARIO FROM INFRA.USUARIOS WHERE CVE_USUARIO = 'cimyc03@aol.com') );
INSERT INTO INFRA.CLIENTES ( ID_USUARIO, CLIENTE) VALUES( (SELECT ID_USUARIO FROM INFRA.USUARIOS WHERE CVE_USUARIO = 'cimyc03@aol.com'), 'Mexichem' );

--Beta Ingeniería y Mantenimiento, S.A. de C.V.
INSERT INTO INFRA.USUARIOS ( CVE_USUARIO, PASSWORD ) VALUES( 'jesustorres@betaingenieria.com', 'ccmx1234' );
INSERT INTO INFRA.REL_ROLES ( CVE_ROL, CVE_USUARIO ) VALUES( 'PyME', 'jesustorres@betaingenieria.com' );
INSERT INTO INFRA.PYMES ( ID_USUARIO, ID_USUARIO_PADRE, CORREO_ELECTRONICO, NOMBRE_COMERCIAL ) VALUES( (SELECT ID_USUARIO FROM INFRA.USUARIOS WHERE CVE_USUARIO = 'jesustorres@betaingenieria.com'), '1', 'jesustorres@betaingenieria.com', 'Beta Ingeniería y Mantenimiento, S.A. de C.V.' );
INSERT INTO INFRA.CONTACTOS (ID_USUARIO, TIPO, NOMBRE, APELLIDO_PATERNO, APELLIDO_MATERNO, CORREO_ELECTRONICO, B_PRINCIPAL, TELEFONO) VALUES ( (SELECT ID_USUARIO FROM INFRA.USUARIOS WHERE CVE_USUARIO = 'jesustorres@betaingenieria.com'), 'Ventas', 'Jesús', 'Torres', '', 'jesustorres@betaingenieria.com', true, '5553672859');
INSERT INTO INFRA.REL_PYMES_TRACTORAS ( ID_USUARIO_TRACTORA, ID_USUARIO_PYME) VALUES( (SELECT ID_USUARIO FROM INFRA.TRACTORAS WHERE EMPRESA = 'Mexichem'), (SELECT ID_USUARIO FROM INFRA.USUARIOS WHERE CVE_USUARIO = 'jesustorres@betaingenieria.com') );
INSERT INTO INFRA.CLIENTES ( ID_USUARIO, CLIENTE) VALUES( (SELECT ID_USUARIO FROM INFRA.USUARIOS WHERE CVE_USUARIO = 'jesustorres@betaingenieria.com'), 'Mexichem' );

--Conexival, S.A. de C.V.
INSERT INTO INFRA.USUARIOS ( CVE_USUARIO, PASSWORD ) VALUES( 'tberenice@conexival.com.mx', 'ccmx1234' );
INSERT INTO INFRA.REL_ROLES ( CVE_ROL, CVE_USUARIO ) VALUES( 'PyME', 'tberenice@conexival.com.mx' );
INSERT INTO INFRA.PYMES ( ID_USUARIO, ID_USUARIO_PADRE, CORREO_ELECTRONICO, NOMBRE_COMERCIAL ) VALUES( (SELECT ID_USUARIO FROM INFRA.USUARIOS WHERE CVE_USUARIO = 'tberenice@conexival.com.mx'), '1', 'tberenice@conexival.com.mx', 'Conexival, S.A. de C.V.' );
INSERT INTO INFRA.CONTACTOS (ID_USUARIO, TIPO, NOMBRE, APELLIDO_PATERNO, APELLIDO_MATERNO, CORREO_ELECTRONICO, B_PRINCIPAL, TELEFONO) VALUES ( (SELECT ID_USUARIO FROM INFRA.USUARIOS WHERE CVE_USUARIO = 'tberenice@conexival.com.mx'), 'Ventas', 'Berenice', 'Baños', '', 'tberenice@conexival.com.mx', true, '5554281220');
INSERT INTO INFRA.REL_PYMES_TRACTORAS ( ID_USUARIO_TRACTORA, ID_USUARIO_PYME) VALUES( (SELECT ID_USUARIO FROM INFRA.TRACTORAS WHERE EMPRESA = 'Mexichem'), (SELECT ID_USUARIO FROM INFRA.USUARIOS WHERE CVE_USUARIO = 'tberenice@conexival.com.mx') );
INSERT INTO INFRA.CLIENTES ( ID_USUARIO, CLIENTE) VALUES( (SELECT ID_USUARIO FROM INFRA.USUARIOS WHERE CVE_USUARIO = 'tberenice@conexival.com.mx'), 'Mexichem' );

--Envases de Papel Aventis, S.A. de C.V.
INSERT INTO INFRA.USUARIOS ( CVE_USUARIO, PASSWORD ) VALUES( 'rluna@enpasa.com.mx', 'ccmx1234' );
INSERT INTO INFRA.REL_ROLES ( CVE_ROL, CVE_USUARIO ) VALUES( 'PyME', 'rluna@enpasa.com.mx' );
INSERT INTO INFRA.PYMES ( ID_USUARIO, ID_USUARIO_PADRE, CORREO_ELECTRONICO, NOMBRE_COMERCIAL ) VALUES( (SELECT ID_USUARIO FROM INFRA.USUARIOS WHERE CVE_USUARIO = 'rluna@enpasa.com.mx'), '1', 'rluna@enpasa.com.mx', 'Envases de Papel Aventis, S.A. de C.V.' );
INSERT INTO INFRA.CONTACTOS (ID_USUARIO, TIPO, NOMBRE, APELLIDO_PATERNO, APELLIDO_MATERNO, CORREO_ELECTRONICO, B_PRINCIPAL, TELEFONO) VALUES ( (SELECT ID_USUARIO FROM INFRA.USUARIOS WHERE CVE_USUARIO = 'rluna@enpasa.com.mx'), 'Ventas', 'Ricardo', 'Luna', '', 'rluna@enpasa.com.mx', true, '26200483');
INSERT INTO INFRA.REL_PYMES_TRACTORAS ( ID_USUARIO_TRACTORA, ID_USUARIO_PYME) VALUES( (SELECT ID_USUARIO FROM INFRA.TRACTORAS WHERE EMPRESA = 'Mexichem'), (SELECT ID_USUARIO FROM INFRA.USUARIOS WHERE CVE_USUARIO = 'rluna@enpasa.com.mx') );
INSERT INTO INFRA.CLIENTES ( ID_USUARIO, CLIENTE) VALUES( (SELECT ID_USUARIO FROM INFRA.USUARIOS WHERE CVE_USUARIO = 'rluna@enpasa.com.mx'), 'Mexichem' );

--Medios Filtrantes Industriales, S.A. de C.V.
INSERT INTO INFRA.USUARIOS ( CVE_USUARIO, PASSWORD ) VALUES( 'aaltamirano@mfisa.com.mx ', 'ccmx1234' );
INSERT INTO INFRA.REL_ROLES ( CVE_ROL, CVE_USUARIO ) VALUES( 'PyME', 'aaltamirano@mfisa.com.mx ' );
INSERT INTO INFRA.PYMES ( ID_USUARIO, ID_USUARIO_PADRE, CORREO_ELECTRONICO, NOMBRE_COMERCIAL ) VALUES( (SELECT ID_USUARIO FROM INFRA.USUARIOS WHERE CVE_USUARIO = 'aaltamirano@mfisa.com.mx '), '1', 'aaltamirano@mfisa.com.mx ', 'Medios Filtrantes Industriales, S.A. de C.V.' );
INSERT INTO INFRA.CONTACTOS (ID_USUARIO, TIPO, NOMBRE, APELLIDO_PATERNO, APELLIDO_MATERNO, CORREO_ELECTRONICO, B_PRINCIPAL, TELEFONO) VALUES ( (SELECT ID_USUARIO FROM INFRA.USUARIOS WHERE CVE_USUARIO = 'aaltamirano@mfisa.com.mx '), 'Ventas', 'Ana Laura', 'Altamirano', '', 'aaltamirano@mfisa.com.mx ', true, '53590473');
INSERT INTO INFRA.REL_PYMES_TRACTORAS ( ID_USUARIO_TRACTORA, ID_USUARIO_PYME) VALUES( (SELECT ID_USUARIO FROM INFRA.TRACTORAS WHERE EMPRESA = 'Mexichem'), (SELECT ID_USUARIO FROM INFRA.USUARIOS WHERE CVE_USUARIO = 'aaltamirano@mfisa.com.mx ') );
INSERT INTO INFRA.CLIENTES ( ID_USUARIO, CLIENTE) VALUES( (SELECT ID_USUARIO FROM INFRA.USUARIOS WHERE CVE_USUARIO = 'aaltamirano@mfisa.com.mx '), 'Mexichem' );

--Be Payleria Construcción e Ingeniería S.A. de C.V.
INSERT INTO INFRA.USUARIOS ( CVE_USUARIO, PASSWORD ) VALUES( 'b.payleria@yahoo.com.mx', 'ccmx1234' );
INSERT INTO INFRA.REL_ROLES ( CVE_ROL, CVE_USUARIO ) VALUES( 'PyME', 'b.payleria@yahoo.com.mx' );
INSERT INTO INFRA.PYMES ( ID_USUARIO, ID_USUARIO_PADRE, CORREO_ELECTRONICO, NOMBRE_COMERCIAL ) VALUES( (SELECT ID_USUARIO FROM INFRA.USUARIOS WHERE CVE_USUARIO = 'b.payleria@yahoo.com.mx'), '1', 'b.payleria@yahoo.com.mx', 'Be Payleria Construcción e Ingeniería S.A. de C.V.' );
INSERT INTO INFRA.CONTACTOS (ID_USUARIO, TIPO, NOMBRE, APELLIDO_PATERNO, APELLIDO_MATERNO, CORREO_ELECTRONICO, B_PRINCIPAL, TELEFONO) VALUES ( (SELECT ID_USUARIO FROM INFRA.USUARIOS WHERE CVE_USUARIO = 'b.payleria@yahoo.com.mx'), 'Ventas', 'Luis Arturo', 'Bermúdez', '', 'b.payleria@yahoo.com.mx', true, '22250483');
INSERT INTO INFRA.REL_PYMES_TRACTORAS ( ID_USUARIO_TRACTORA, ID_USUARIO_PYME) VALUES( (SELECT ID_USUARIO FROM INFRA.TRACTORAS WHERE EMPRESA = 'Mexichem'), (SELECT ID_USUARIO FROM INFRA.USUARIOS WHERE CVE_USUARIO = 'b.payleria@yahoo.com.mx') );
INSERT INTO INFRA.CLIENTES ( ID_USUARIO, CLIENTE) VALUES( (SELECT ID_USUARIO FROM INFRA.USUARIOS WHERE CVE_USUARIO = 'b.payleria@yahoo.com.mx'), 'Mexichem' );

--Distribuidores Químicos Poblanos.
INSERT INTO INFRA.USUARIOS ( CVE_USUARIO, PASSWORD ) VALUES( 'diquiposa@diquiposa.com', 'ccmx1234' );
INSERT INTO INFRA.REL_ROLES ( CVE_ROL, CVE_USUARIO ) VALUES( 'PyME', 'diquiposa@diquiposa.com' );
INSERT INTO INFRA.PYMES ( ID_USUARIO, ID_USUARIO_PADRE, CORREO_ELECTRONICO, NOMBRE_COMERCIAL ) VALUES( (SELECT ID_USUARIO FROM INFRA.USUARIOS WHERE CVE_USUARIO = 'diquiposa@diquiposa.com'), '1', 'diquiposa@diquiposa.com', 'Distribuidores Químicos Poblanos.' );
INSERT INTO INFRA.CONTACTOS (ID_USUARIO, TIPO, NOMBRE, APELLIDO_PATERNO, APELLIDO_MATERNO, CORREO_ELECTRONICO, B_PRINCIPAL, TELEFONO) VALUES ( (SELECT ID_USUARIO FROM INFRA.USUARIOS WHERE CVE_USUARIO = 'diquiposa@diquiposa.com'), 'Ventas', 'Álvaro', 'Porta', 'López', 'diquiposa@diquiposa.com', true, '2222352438');
INSERT INTO INFRA.REL_PYMES_TRACTORAS ( ID_USUARIO_TRACTORA, ID_USUARIO_PYME) VALUES( (SELECT ID_USUARIO FROM INFRA.TRACTORAS WHERE EMPRESA = 'Mexichem'), (SELECT ID_USUARIO FROM INFRA.USUARIOS WHERE CVE_USUARIO = 'diquiposa@diquiposa.com') );
INSERT INTO INFRA.CLIENTES ( ID_USUARIO, CLIENTE) VALUES( (SELECT ID_USUARIO FROM INFRA.USUARIOS WHERE CVE_USUARIO = 'diquiposa@diquiposa.com'), 'Mexichem' );

--Líderes en Silicones.
INSERT INTO INFRA.USUARIOS ( CVE_USUARIO, PASSWORD ) VALUES( 'lidiacm16@hotmail.com', 'ccmx1234' );
INSERT INTO INFRA.REL_ROLES ( CVE_ROL, CVE_USUARIO ) VALUES( 'PyME', 'lidiacm16@hotmail.com' );
INSERT INTO INFRA.PYMES ( ID_USUARIO, ID_USUARIO_PADRE, CORREO_ELECTRONICO, NOMBRE_COMERCIAL ) VALUES( (SELECT ID_USUARIO FROM INFRA.USUARIOS WHERE CVE_USUARIO = 'lidiacm16@hotmail.com'), '1', 'lidiacm16@hotmail.com', 'Líderes en Silicones.' );
INSERT INTO INFRA.CONTACTOS (ID_USUARIO, TIPO, NOMBRE, APELLIDO_PATERNO, APELLIDO_MATERNO, CORREO_ELECTRONICO, B_PRINCIPAL, TELEFONO) VALUES ( (SELECT ID_USUARIO FROM INFRA.USUARIOS WHERE CVE_USUARIO = 'lidiacm16@hotmail.com'), 'Ventas', 'Lidia', 'Castillo', '', 'lidiacm16@hotmail.com', true, '2222370956');
INSERT INTO INFRA.REL_PYMES_TRACTORAS ( ID_USUARIO_TRACTORA, ID_USUARIO_PYME) VALUES( (SELECT ID_USUARIO FROM INFRA.TRACTORAS WHERE EMPRESA = 'Mexichem'), (SELECT ID_USUARIO FROM INFRA.USUARIOS WHERE CVE_USUARIO = 'lidiacm16@hotmail.com') );
INSERT INTO INFRA.CLIENTES ( ID_USUARIO, CLIENTE) VALUES( (SELECT ID_USUARIO FROM INFRA.USUARIOS WHERE CVE_USUARIO = 'lidiacm16@hotmail.com'), 'Mexichem' );

--Maderería Forestal.
INSERT INTO INFRA.USUARIOS ( CVE_USUARIO, PASSWORD ) VALUES( 'seleneha@hotmail.com', 'ccmx1234' );
INSERT INTO INFRA.REL_ROLES ( CVE_ROL, CVE_USUARIO ) VALUES( 'PyME', 'seleneha@hotmail.com' );
INSERT INTO INFRA.PYMES ( ID_USUARIO, ID_USUARIO_PADRE, CORREO_ELECTRONICO, NOMBRE_COMERCIAL ) VALUES( (SELECT ID_USUARIO FROM INFRA.USUARIOS WHERE CVE_USUARIO = 'seleneha@hotmail.com'), '1', 'seleneha@hotmail.com', 'Maderería Forestal.' );
INSERT INTO INFRA.CONTACTOS (ID_USUARIO, TIPO, NOMBRE, APELLIDO_PATERNO, APELLIDO_MATERNO, CORREO_ELECTRONICO, B_PRINCIPAL, TELEFONO) VALUES ( (SELECT ID_USUARIO FROM INFRA.USUARIOS WHERE CVE_USUARIO = 'seleneha@hotmail.com'), 'Ventas', 'Selene', 'Hernández', '', 'seleneha@hotmail.com', true, '');
INSERT INTO INFRA.REL_PYMES_TRACTORAS ( ID_USUARIO_TRACTORA, ID_USUARIO_PYME) VALUES( (SELECT ID_USUARIO FROM INFRA.TRACTORAS WHERE EMPRESA = 'Mexichem'), (SELECT ID_USUARIO FROM INFRA.USUARIOS WHERE CVE_USUARIO = 'seleneha@hotmail.com') );
INSERT INTO INFRA.CLIENTES ( ID_USUARIO, CLIENTE) VALUES( (SELECT ID_USUARIO FROM INFRA.USUARIOS WHERE CVE_USUARIO = 'seleneha@hotmail.com'), 'Mexichem' );

--Distribuidora de Flejes.
INSERT INTO INFRA.USUARIOS ( CVE_USUARIO, PASSWORD ) VALUES( 'flejespuebla@hotmail.com', 'ccmx1234' );
INSERT INTO INFRA.REL_ROLES ( CVE_ROL, CVE_USUARIO ) VALUES( 'PyME', 'flejespuebla@hotmail.com' );
INSERT INTO INFRA.PYMES ( ID_USUARIO, ID_USUARIO_PADRE, CORREO_ELECTRONICO, NOMBRE_COMERCIAL ) VALUES( (SELECT ID_USUARIO FROM INFRA.USUARIOS WHERE CVE_USUARIO = 'flejespuebla@hotmail.com'), '1', 'flejespuebla@hotmail.com', 'Distribuidora de Flejes.' );
INSERT INTO INFRA.CONTACTOS (ID_USUARIO, TIPO, NOMBRE, APELLIDO_PATERNO, APELLIDO_MATERNO, CORREO_ELECTRONICO, B_PRINCIPAL, TELEFONO) VALUES ( (SELECT ID_USUARIO FROM INFRA.USUARIOS WHERE CVE_USUARIO = 'flejespuebla@hotmail.com'), 'Ventas', 'Elizabeth', 'Rodríguez', '', 'flejespuebla@hotmail.com', true, '2222317608');
INSERT INTO INFRA.REL_PYMES_TRACTORAS ( ID_USUARIO_TRACTORA, ID_USUARIO_PYME) VALUES( (SELECT ID_USUARIO FROM INFRA.TRACTORAS WHERE EMPRESA = 'Mexichem'), (SELECT ID_USUARIO FROM INFRA.USUARIOS WHERE CVE_USUARIO = 'flejespuebla@hotmail.com') );
INSERT INTO INFRA.CLIENTES ( ID_USUARIO, CLIENTE) VALUES( (SELECT ID_USUARIO FROM INFRA.USUARIOS WHERE CVE_USUARIO = 'flejespuebla@hotmail.com'), 'Mexichem' );

--Ceras Universales.
INSERT INTO INFRA.USUARIOS ( CVE_USUARIO, PASSWORD ) VALUES( 'ggonzalez@cerasuniversales.com', 'ccmx1234' );
INSERT INTO INFRA.REL_ROLES ( CVE_ROL, CVE_USUARIO ) VALUES( 'PyME', 'ggonzalez@cerasuniversales.com' );
INSERT INTO INFRA.PYMES ( ID_USUARIO, ID_USUARIO_PADRE, CORREO_ELECTRONICO, NOMBRE_COMERCIAL ) VALUES( (SELECT ID_USUARIO FROM INFRA.USUARIOS WHERE CVE_USUARIO = 'ggonzalez@cerasuniversales.com'), '1', 'ggonzalez@cerasuniversales.com', 'Ceras Universales.' );
INSERT INTO INFRA.CONTACTOS (ID_USUARIO, TIPO, NOMBRE, APELLIDO_PATERNO, APELLIDO_MATERNO, CORREO_ELECTRONICO, B_PRINCIPAL, TELEFONO) VALUES ( (SELECT ID_USUARIO FROM INFRA.USUARIOS WHERE CVE_USUARIO = 'ggonzalez@cerasuniversales.com'), 'Ventas', 'Gloria', 'González', '', 'ggonzalez@cerasuniversales.com', true, '5556531975');
INSERT INTO INFRA.REL_PYMES_TRACTORAS ( ID_USUARIO_TRACTORA, ID_USUARIO_PYME) VALUES( (SELECT ID_USUARIO FROM INFRA.TRACTORAS WHERE EMPRESA = 'Mexichem'), (SELECT ID_USUARIO FROM INFRA.USUARIOS WHERE CVE_USUARIO = 'ggonzalez@cerasuniversales.com') );
INSERT INTO INFRA.CLIENTES ( ID_USUARIO, CLIENTE) VALUES( (SELECT ID_USUARIO FROM INFRA.USUARIOS WHERE CVE_USUARIO = 'ggonzalez@cerasuniversales.com'), 'Mexichem' );

--Macroquímica del Centro.
INSERT INTO INFRA.USUARIOS ( CVE_USUARIO, PASSWORD ) VALUES( 'alfredor@macroquimica.com', 'ccmx1234' );
INSERT INTO INFRA.REL_ROLES ( CVE_ROL, CVE_USUARIO ) VALUES( 'PyME', 'alfredor@macroquimica.com' );
INSERT INTO INFRA.PYMES ( ID_USUARIO, ID_USUARIO_PADRE, CORREO_ELECTRONICO, NOMBRE_COMERCIAL ) VALUES( (SELECT ID_USUARIO FROM INFRA.USUARIOS WHERE CVE_USUARIO = 'alfredor@macroquimica.com'), '1', 'alfredor@macroquimica.com', 'Macroquímica del Centro.' );
INSERT INTO INFRA.CONTACTOS (ID_USUARIO, TIPO, NOMBRE, APELLIDO_PATERNO, APELLIDO_MATERNO, CORREO_ELECTRONICO, B_PRINCIPAL, TELEFONO) VALUES ( (SELECT ID_USUARIO FROM INFRA.USUARIOS WHERE CVE_USUARIO = 'alfredor@macroquimica.com'), 'Ventas', 'Alfredo', 'Reyna', '', 'alfredor@macroquimica.com', true, '2222826143');
INSERT INTO INFRA.REL_PYMES_TRACTORAS ( ID_USUARIO_TRACTORA, ID_USUARIO_PYME) VALUES( (SELECT ID_USUARIO FROM INFRA.TRACTORAS WHERE EMPRESA = 'Mexichem'), (SELECT ID_USUARIO FROM INFRA.USUARIOS WHERE CVE_USUARIO = 'alfredor@macroquimica.com') );
INSERT INTO INFRA.CLIENTES ( ID_USUARIO, CLIENTE) VALUES( (SELECT ID_USUARIO FROM INFRA.USUARIOS WHERE CVE_USUARIO = 'alfredor@macroquimica.com'), 'Mexichem' );

--Maderas Labrador, S.A. de C.V.
INSERT INTO INFRA.USUARIOS ( CVE_USUARIO, PASSWORD ) VALUES( 'maderas_labrador@hotmail.com', 'ccmx1234' );
INSERT INTO INFRA.REL_ROLES ( CVE_ROL, CVE_USUARIO ) VALUES( 'PyME', 'maderas_labrador@hotmail.com' );
INSERT INTO INFRA.PYMES ( ID_USUARIO, ID_USUARIO_PADRE, CORREO_ELECTRONICO, NOMBRE_COMERCIAL ) VALUES( (SELECT ID_USUARIO FROM INFRA.USUARIOS WHERE CVE_USUARIO = 'maderas_labrador@hotmail.com'), '1', 'maderas_labrador@hotmail.com', 'Maderas Labrador, S.A. de C.V.' );
INSERT INTO INFRA.CONTACTOS (ID_USUARIO, TIPO, NOMBRE, APELLIDO_PATERNO, APELLIDO_MATERNO, CORREO_ELECTRONICO, B_PRINCIPAL, TELEFONO) VALUES ( (SELECT ID_USUARIO FROM INFRA.USUARIOS WHERE CVE_USUARIO = 'maderas_labrador@hotmail.com'), 'Ventas', 'Cristina', 'Carmona', 'López', 'maderas_labrador@hotmail.com', true, '7979710855');
INSERT INTO INFRA.REL_PYMES_TRACTORAS ( ID_USUARIO_TRACTORA, ID_USUARIO_PYME) VALUES( (SELECT ID_USUARIO FROM INFRA.TRACTORAS WHERE EMPRESA = 'Mexichem'), (SELECT ID_USUARIO FROM INFRA.USUARIOS WHERE CVE_USUARIO = 'maderas_labrador@hotmail.com') );
INSERT INTO INFRA.CLIENTES ( ID_USUARIO, CLIENTE) VALUES( (SELECT ID_USUARIO FROM INFRA.USUARIOS WHERE CVE_USUARIO = 'maderas_labrador@hotmail.com'), 'Mexichem' );

--Empaques San Alejandro.
INSERT INTO INFRA.USUARIOS ( CVE_USUARIO, PASSWORD ) VALUES( 'julio.alderete@empaquessanalejandro.com.mx', 'ccmx1234' );
INSERT INTO INFRA.REL_ROLES ( CVE_ROL, CVE_USUARIO ) VALUES( 'PyME', 'julio.alderete@empaquessanalejandro.com.mx' );
INSERT INTO INFRA.PYMES ( ID_USUARIO, ID_USUARIO_PADRE, CORREO_ELECTRONICO, NOMBRE_COMERCIAL ) VALUES( (SELECT ID_USUARIO FROM INFRA.USUARIOS WHERE CVE_USUARIO = 'julio.alderete@empaquessanalejandro.com.mx'), '1', 'julio.alderete@empaquessanalejandro.com.mx', 'Empaques San Alejandro.' );
INSERT INTO INFRA.CONTACTOS (ID_USUARIO, TIPO, NOMBRE, APELLIDO_PATERNO, APELLIDO_MATERNO, CORREO_ELECTRONICO, B_PRINCIPAL, TELEFONO) VALUES ( (SELECT ID_USUARIO FROM INFRA.USUARIOS WHERE CVE_USUARIO = 'julio.alderete@empaquessanalejandro.com.mx'), 'Ventas', 'Julio', 'Alderete', '', 'julio.alderete@empaquessanalejandro.com.mx', true, '222 2494180');
INSERT INTO INFRA.REL_PYMES_TRACTORAS ( ID_USUARIO_TRACTORA, ID_USUARIO_PYME) VALUES( (SELECT ID_USUARIO FROM INFRA.TRACTORAS WHERE EMPRESA = 'Mexichem'), (SELECT ID_USUARIO FROM INFRA.USUARIOS WHERE CVE_USUARIO = 'julio.alderete@empaquessanalejandro.com.mx') );
INSERT INTO INFRA.CLIENTES ( ID_USUARIO, CLIENTE) VALUES( (SELECT ID_USUARIO FROM INFRA.USUARIOS WHERE CVE_USUARIO = 'julio.alderete@empaquessanalejandro.com.mx'), 'Mexichem' );

--HIDROCONTROL INDUSTRIAL S.A. DE C.V.
INSERT INTO INFRA.USUARIOS ( CVE_USUARIO, PASSWORD ) VALUES( 'paul.ramirez@hydrocon.com.mx', 'ccmx1234' );
INSERT INTO INFRA.REL_ROLES ( CVE_ROL, CVE_USUARIO ) VALUES( 'PyME', 'paul.ramirez@hydrocon.com.mx' );
INSERT INTO INFRA.PYMES ( ID_USUARIO, ID_USUARIO_PADRE, CORREO_ELECTRONICO, NOMBRE_COMERCIAL ) VALUES( (SELECT ID_USUARIO FROM INFRA.USUARIOS WHERE CVE_USUARIO = 'paul.ramirez@hydrocon.com.mx'), '1', 'paul.ramirez@hydrocon.com.mx', 'HIDROCONTROL INDUSTRIAL S.A. DE C.V.' );
INSERT INTO INFRA.CONTACTOS (ID_USUARIO, TIPO, NOMBRE, APELLIDO_PATERNO, APELLIDO_MATERNO, CORREO_ELECTRONICO, B_PRINCIPAL, TELEFONO) VALUES ( (SELECT ID_USUARIO FROM INFRA.USUARIOS WHERE CVE_USUARIO = 'paul.ramirez@hydrocon.com.mx'), 'Ventas', 'PAUL', 'RAMIREZ', '', 'paul.ramirez@hydrocon.com.mx', true, '83058040');
INSERT INTO INFRA.REL_PYMES_TRACTORAS ( ID_USUARIO_TRACTORA, ID_USUARIO_PYME) VALUES( (SELECT ID_USUARIO FROM INFRA.TRACTORAS WHERE EMPRESA = 'Mexichem'), (SELECT ID_USUARIO FROM INFRA.USUARIOS WHERE CVE_USUARIO = 'paul.ramirez@hydrocon.com.mx') );
INSERT INTO INFRA.CLIENTES ( ID_USUARIO, CLIENTE) VALUES( (SELECT ID_USUARIO FROM INFRA.USUARIOS WHERE CVE_USUARIO = 'paul.ramirez@hydrocon.com.mx'), 'Mexichem' );


--Palacio De Hierro

--TEICA S.A. de C.V.
INSERT INTO INFRA.USUARIOS ( CVE_USUARIO, PASSWORD ) VALUES( 'martingil@telca.com.mx', 'ccmx1234' );
INSERT INTO INFRA.REL_ROLES ( CVE_ROL, CVE_USUARIO ) VALUES( 'PyME', 'martingil@telca.com.mx' );
INSERT INTO INFRA.PYMES ( ID_USUARIO, ID_USUARIO_PADRE, CORREO_ELECTRONICO, NOMBRE_COMERCIAL ) VALUES( (SELECT ID_USUARIO FROM INFRA.USUARIOS WHERE CVE_USUARIO = 'martingil@telca.com.mx'), '1', 'martingil@telca.com.mx', 'TEICA S.A. de C.V.' );
INSERT INTO INFRA.CONTACTOS (ID_USUARIO, TIPO, NOMBRE, APELLIDO_PATERNO, APELLIDO_MATERNO, CORREO_ELECTRONICO, B_PRINCIPAL, TELEFONO) VALUES ( (SELECT ID_USUARIO FROM INFRA.USUARIOS WHERE CVE_USUARIO = 'martingil@telca.com.mx'), 'Ventas', 'Martín', 'Gil', 'Zepeda', 'martingil@telca.com.mx', true, '56961587');
INSERT INTO INFRA.REL_PYMES_TRACTORAS ( ID_USUARIO_TRACTORA, ID_USUARIO_PYME) VALUES( (SELECT ID_USUARIO FROM INFRA.TRACTORAS WHERE EMPRESA = 'Palacio De Hierro'), (SELECT ID_USUARIO FROM INFRA.USUARIOS WHERE CVE_USUARIO = 'martingil@telca.com.mx') );
INSERT INTO INFRA.CLIENTES ( ID_USUARIO, CLIENTE) VALUES( (SELECT ID_USUARIO FROM INFRA.USUARIOS WHERE CVE_USUARIO = 'martingil@telca.com.mx'), 'Palacio De Hierro' );

--SOLUCIONES INTEGRALES DILG SA DE CV
INSERT INTO INFRA.USUARIOS ( CVE_USUARIO, PASSWORD ) VALUES( 'guillermoanguiano@dilg.com.mx', 'ccmx1234' );
INSERT INTO INFRA.REL_ROLES ( CVE_ROL, CVE_USUARIO ) VALUES( 'PyME', 'guillermoanguiano@dilg.com.mx' );
INSERT INTO INFRA.PYMES ( ID_USUARIO, ID_USUARIO_PADRE, CORREO_ELECTRONICO, NOMBRE_COMERCIAL ) VALUES( (SELECT ID_USUARIO FROM INFRA.USUARIOS WHERE CVE_USUARIO = 'guillermoanguiano@dilg.com.mx'), '1', 'guillermoanguiano@dilg.com.mx', 'SOLUCIONES INTEGRALES DILG SA DE CV' );
INSERT INTO INFRA.CONTACTOS (ID_USUARIO, TIPO, NOMBRE, APELLIDO_PATERNO, APELLIDO_MATERNO, CORREO_ELECTRONICO, B_PRINCIPAL, TELEFONO) VALUES ( (SELECT ID_USUARIO FROM INFRA.USUARIOS WHERE CVE_USUARIO = 'guillermoanguiano@dilg.com.mx'), 'Ventas', 'Guillermo', 'Anguiano', '', 'guillermoanguiano@dilg.com.mx', true, '16610680');
INSERT INTO INFRA.REL_PYMES_TRACTORAS ( ID_USUARIO_TRACTORA, ID_USUARIO_PYME) VALUES( (SELECT ID_USUARIO FROM INFRA.TRACTORAS WHERE EMPRESA = 'Palacio De Hierro'), (SELECT ID_USUARIO FROM INFRA.USUARIOS WHERE CVE_USUARIO = 'guillermoanguiano@dilg.com.mx') );
INSERT INTO INFRA.CLIENTES ( ID_USUARIO, CLIENTE) VALUES( (SELECT ID_USUARIO FROM INFRA.USUARIOS WHERE CVE_USUARIO = 'guillermoanguiano@dilg.com.mx'), 'Palacio De Hierro' );

--LUXIONA MEXICO S.A. DE C.V.
INSERT INTO INFRA.USUARIOS ( CVE_USUARIO, PASSWORD ) VALUES( 'f.miranda@luxiona.com', 'ccmx1234' );
INSERT INTO INFRA.REL_ROLES ( CVE_ROL, CVE_USUARIO ) VALUES( 'PyME', 'f.miranda@luxiona.com' );
INSERT INTO INFRA.PYMES ( ID_USUARIO, ID_USUARIO_PADRE, CORREO_ELECTRONICO, NOMBRE_COMERCIAL ) VALUES( (SELECT ID_USUARIO FROM INFRA.USUARIOS WHERE CVE_USUARIO = 'f.miranda@luxiona.com'), '1', 'f.miranda@luxiona.com', 'LUXIONA MEXICO S.A. DE C.V.' );
INSERT INTO INFRA.CONTACTOS (ID_USUARIO, TIPO, NOMBRE, APELLIDO_PATERNO, APELLIDO_MATERNO, CORREO_ELECTRONICO, B_PRINCIPAL, TELEFONO) VALUES ( (SELECT ID_USUARIO FROM INFRA.USUARIOS WHERE CVE_USUARIO = 'f.miranda@luxiona.com'), 'Ventas', 'Fernando', 'Miranda', 'Orozco', 'f.miranda@luxiona.com', true, '55361918');
INSERT INTO INFRA.REL_PYMES_TRACTORAS ( ID_USUARIO_TRACTORA, ID_USUARIO_PYME) VALUES( (SELECT ID_USUARIO FROM INFRA.TRACTORAS WHERE EMPRESA = 'Palacio De Hierro'), (SELECT ID_USUARIO FROM INFRA.USUARIOS WHERE CVE_USUARIO = 'f.miranda@luxiona.com') );
INSERT INTO INFRA.CLIENTES ( ID_USUARIO, CLIENTE) VALUES( (SELECT ID_USUARIO FROM INFRA.USUARIOS WHERE CVE_USUARIO = 'f.miranda@luxiona.com'), 'Palacio De Hierro' );

--PINTURAS LOMAS ATIZAPAN, S.A. DE C.V.
INSERT INTO INFRA.USUARIOS ( CVE_USUARIO, PASSWORD ) VALUES( 'pla10@yahoo.com', 'ccmx1234' );
INSERT INTO INFRA.REL_ROLES ( CVE_ROL, CVE_USUARIO ) VALUES( 'PyME', 'pla10@yahoo.com' );
INSERT INTO INFRA.PYMES ( ID_USUARIO, ID_USUARIO_PADRE, CORREO_ELECTRONICO, NOMBRE_COMERCIAL ) VALUES( (SELECT ID_USUARIO FROM INFRA.USUARIOS WHERE CVE_USUARIO = 'pla10@yahoo.com'), '1', 'f.miranda@luxiona.com', 'PINTURAS LOMAS ATIZAPAN, S.A. DE C.V.' );
INSERT INTO INFRA.CONTACTOS (ID_USUARIO, TIPO, NOMBRE, APELLIDO_PATERNO, APELLIDO_MATERNO, CORREO_ELECTRONICO, B_PRINCIPAL, TELEFONO) VALUES ( (SELECT ID_USUARIO FROM INFRA.USUARIOS WHERE CVE_USUARIO = 'pla10@yahoo.com'), 'Ventas', 'Davis', 'Stein', '', 'pla10@yahoo.com', true, '58245459');
INSERT INTO INFRA.REL_PYMES_TRACTORAS ( ID_USUARIO_TRACTORA, ID_USUARIO_PYME) VALUES( (SELECT ID_USUARIO FROM INFRA.TRACTORAS WHERE EMPRESA = 'Palacio De Hierro'), (SELECT ID_USUARIO FROM INFRA.USUARIOS WHERE CVE_USUARIO = 'pla10@yahoo.com') );
INSERT INTO INFRA.CLIENTES ( ID_USUARIO, CLIENTE) VALUES( (SELECT ID_USUARIO FROM INFRA.USUARIOS WHERE CVE_USUARIO = 'pla10@yahoo.com'), 'Palacio De Hierro' );

--SELLCOM SOLUTIONS MEXICO, S.A. DE CV
INSERT INTO INFRA.USUARIOS ( CVE_USUARIO, PASSWORD ) VALUES( 'julio.santamaria@sellcom-solutions.com.mx', 'ccmx1234' );
INSERT INTO INFRA.REL_ROLES ( CVE_ROL, CVE_USUARIO ) VALUES( 'PyME', 'julio.santamaria@sellcom-solutions.com.mx' );
INSERT INTO INFRA.PYMES ( ID_USUARIO, ID_USUARIO_PADRE, CORREO_ELECTRONICO, NOMBRE_COMERCIAL ) VALUES( (SELECT ID_USUARIO FROM INFRA.USUARIOS WHERE CVE_USUARIO = 'julio.santamaria@sellcom-solutions.com.mx'), '1', 'julio.santamaria@sellcom-solutions.com.mx', 'SELLCOM SOLUTIONS MEXICO, S.A. DE CV' );
INSERT INTO INFRA.CONTACTOS (ID_USUARIO, TIPO, NOMBRE, APELLIDO_PATERNO, APELLIDO_MATERNO, CORREO_ELECTRONICO, B_PRINCIPAL, TELEFONO) VALUES ( (SELECT ID_USUARIO FROM INFRA.USUARIOS WHERE CVE_USUARIO = 'julio.santamaria@sellcom-solutions.com.mx'), 'Ventas', 'Julio', 'Santamaría', '', 'julio.santamaria@sellcom-solutions.com.mx', true, '52908971');
INSERT INTO INFRA.REL_PYMES_TRACTORAS ( ID_USUARIO_TRACTORA, ID_USUARIO_PYME) VALUES( (SELECT ID_USUARIO FROM INFRA.TRACTORAS WHERE EMPRESA = 'Palacio De Hierro'), (SELECT ID_USUARIO FROM INFRA.USUARIOS WHERE CVE_USUARIO = 'julio.santamaria@sellcom-solutions.com.mx') );
INSERT INTO INFRA.CLIENTES ( ID_USUARIO, CLIENTE) VALUES( (SELECT ID_USUARIO FROM INFRA.USUARIOS WHERE CVE_USUARIO = 'julio.santamaria@sellcom-solutions.com.mx'), 'Palacio De Hierro' );

--SERVICIOS PROFESIONALES DE IMPRESIÓN
INSERT INTO INFRA.USUARIOS ( CVE_USUARIO, PASSWORD ) VALUES( 'mrodriguez@spi.com.mx', 'ccmx1234' );
INSERT INTO INFRA.REL_ROLES ( CVE_ROL, CVE_USUARIO ) VALUES( 'PyME', 'mrodriguez@spi.com.mx' );
INSERT INTO INFRA.PYMES ( ID_USUARIO, ID_USUARIO_PADRE, CORREO_ELECTRONICO, NOMBRE_COMERCIAL ) VALUES( (SELECT ID_USUARIO FROM INFRA.USUARIOS WHERE CVE_USUARIO = 'mrodriguez@spi.com.mx'), '1', 'mrodriguez@spi.com.mx', 'SERVICIOS PROFESIONALES DE IMPRESIÓN' );
INSERT INTO INFRA.CONTACTOS (ID_USUARIO, TIPO, NOMBRE, APELLIDO_PATERNO, APELLIDO_MATERNO, CORREO_ELECTRONICO, B_PRINCIPAL, TELEFONO) VALUES ( (SELECT ID_USUARIO FROM INFRA.USUARIOS WHERE CVE_USUARIO = 'mrodriguez@spi.com.mx'), 'Ventas', 'María A.', 'Rodriguez', 'Buerba', 'mrodriguez@spi.com.mx', true, '51170105');
INSERT INTO INFRA.REL_PYMES_TRACTORAS ( ID_USUARIO_TRACTORA, ID_USUARIO_PYME) VALUES( (SELECT ID_USUARIO FROM INFRA.TRACTORAS WHERE EMPRESA = 'Palacio De Hierro'), (SELECT ID_USUARIO FROM INFRA.USUARIOS WHERE CVE_USUARIO = 'mrodriguez@spi.com.mx') );
INSERT INTO INFRA.CLIENTES ( ID_USUARIO, CLIENTE) VALUES( (SELECT ID_USUARIO FROM INFRA.USUARIOS WHERE CVE_USUARIO = 'mrodriguez@spi.com.mx'), 'Palacio De Hierro' );

--OFFSET SANTIAGO, S.A. DE C.V.
INSERT INTO INFRA.USUARIOS ( CVE_USUARIO, PASSWORD ) VALUES( 'osantiagoif@yahoo.com.mx', 'ccmx1234' );
INSERT INTO INFRA.REL_ROLES ( CVE_ROL, CVE_USUARIO ) VALUES( 'PyME', 'osantiagoif@yahoo.com.mx' );
INSERT INTO INFRA.PYMES ( ID_USUARIO, ID_USUARIO_PADRE, CORREO_ELECTRONICO, NOMBRE_COMERCIAL ) VALUES( (SELECT ID_USUARIO FROM INFRA.USUARIOS WHERE CVE_USUARIO = 'osantiagoif@yahoo.com.mx'), '1', 'osantiagoif@yahoo.com.mx', 'OFFSET SANTIAGO, S.A. DE C.V.' );
INSERT INTO INFRA.CONTACTOS (ID_USUARIO, TIPO, NOMBRE, APELLIDO_PATERNO, APELLIDO_MATERNO, CORREO_ELECTRONICO, B_PRINCIPAL, TELEFONO) VALUES ( (SELECT ID_USUARIO FROM INFRA.USUARIOS WHERE CVE_USUARIO = 'osantiagoif@yahoo.com.mx'), 'Ventas', 'Ivan', 'Figueroa', '', 'osantiagoif@yahoo.com.mx', true, '55317860');
INSERT INTO INFRA.REL_PYMES_TRACTORAS ( ID_USUARIO_TRACTORA, ID_USUARIO_PYME) VALUES( (SELECT ID_USUARIO FROM INFRA.TRACTORAS WHERE EMPRESA = 'Palacio De Hierro'), (SELECT ID_USUARIO FROM INFRA.USUARIOS WHERE CVE_USUARIO = 'osantiagoif@yahoo.com.mx') );
INSERT INTO INFRA.CLIENTES ( ID_USUARIO, CLIENTE) VALUES( (SELECT ID_USUARIO FROM INFRA.USUARIOS WHERE CVE_USUARIO = 'osantiagoif@yahoo.com.mx'), 'Palacio De Hierro' );

--IMPRE GRAPHICS, S.A. DE C.V.
INSERT INTO INFRA.USUARIOS ( CVE_USUARIO, PASSWORD ) VALUES( 'pedidospalaciodehierro@impregraphics.com', 'ccmx1234' );
INSERT INTO INFRA.REL_ROLES ( CVE_ROL, CVE_USUARIO ) VALUES( 'PyME', 'pedidospalaciodehierro@impregraphics.com' );
INSERT INTO INFRA.PYMES ( ID_USUARIO, ID_USUARIO_PADRE, CORREO_ELECTRONICO, NOMBRE_COMERCIAL ) VALUES( (SELECT ID_USUARIO FROM INFRA.USUARIOS WHERE CVE_USUARIO = 'pedidospalaciodehierro@impregraphics.com'), '1', 'pedidospalaciodehierro@impregraphics.com', 'IMPRE GRAPHICS, S.A. DE C.V.' );
INSERT INTO INFRA.CONTACTOS (ID_USUARIO, TIPO, NOMBRE, APELLIDO_PATERNO, APELLIDO_MATERNO, CORREO_ELECTRONICO, B_PRINCIPAL, TELEFONO) VALUES ( (SELECT ID_USUARIO FROM INFRA.USUARIOS WHERE CVE_USUARIO = 'pedidospalaciodehierro@impregraphics.com'), 'Ventas', 'Jose Antonio', 'Navarro', '', 'pedidospalaciodehierro@impregraphics.com', true, '56127944');
INSERT INTO INFRA.REL_PYMES_TRACTORAS ( ID_USUARIO_TRACTORA, ID_USUARIO_PYME) VALUES( (SELECT ID_USUARIO FROM INFRA.TRACTORAS WHERE EMPRESA = 'Palacio De Hierro'), (SELECT ID_USUARIO FROM INFRA.USUARIOS WHERE CVE_USUARIO = 'pedidospalaciodehierro@impregraphics.com') );
INSERT INTO INFRA.CLIENTES ( ID_USUARIO, CLIENTE) VALUES( (SELECT ID_USUARIO FROM INFRA.USUARIOS WHERE CVE_USUARIO = 'pedidospalaciodehierro@impregraphics.com'), 'Palacio De Hierro' );

--TORTILLERIA EL PEDREGAL
INSERT INTO INFRA.USUARIOS ( CVE_USUARIO, PASSWORD ) VALUES( 'gloriaavilal@prodigy.net.mx', 'ccmx1234' );
INSERT INTO INFRA.REL_ROLES ( CVE_ROL, CVE_USUARIO ) VALUES( 'PyME', 'gloriaavilal@prodigy.net.mx' );
INSERT INTO INFRA.PYMES ( ID_USUARIO, ID_USUARIO_PADRE, CORREO_ELECTRONICO, NOMBRE_COMERCIAL ) VALUES( (SELECT ID_USUARIO FROM INFRA.USUARIOS WHERE CVE_USUARIO = 'gloriaavilal@prodigy.net.mx'), '1', 'gloriaavilal@prodigy.net.mx', 'TORTILLERIA EL PEDREGAL' );
INSERT INTO INFRA.CONTACTOS (ID_USUARIO, TIPO, NOMBRE, APELLIDO_PATERNO, APELLIDO_MATERNO, CORREO_ELECTRONICO, B_PRINCIPAL, TELEFONO) VALUES ( (SELECT ID_USUARIO FROM INFRA.USUARIOS WHERE CVE_USUARIO = 'gloriaavilal@prodigy.net.mx'), 'Ventas', 'GLORIA', 'AVILA', 'LORA', 'gloriaavilal@prodigy.net.mx', true, '58271033');
INSERT INTO INFRA.REL_PYMES_TRACTORAS ( ID_USUARIO_TRACTORA, ID_USUARIO_PYME) VALUES( (SELECT ID_USUARIO FROM INFRA.TRACTORAS WHERE EMPRESA = 'Palacio De Hierro'), (SELECT ID_USUARIO FROM INFRA.USUARIOS WHERE CVE_USUARIO = 'gloriaavilal@prodigy.net.mx') );
INSERT INTO INFRA.CLIENTES ( ID_USUARIO, CLIENTE) VALUES( (SELECT ID_USUARIO FROM INFRA.USUARIOS WHERE CVE_USUARIO = 'gloriaavilal@prodigy.net.mx'), 'Palacio De Hierro' );

--Impresiones Finas Escolares, S.A. de C.V.
INSERT INTO INFRA.USUARIOS ( CVE_USUARIO, PASSWORD ) VALUES( 'ifesa_sacv@yahoo.com.mx', 'ccmx1234' );
INSERT INTO INFRA.REL_ROLES ( CVE_ROL, CVE_USUARIO ) VALUES( 'PyME', 'ifesa_sacv@yahoo.com.mx' );
INSERT INTO INFRA.PYMES ( ID_USUARIO, ID_USUARIO_PADRE, CORREO_ELECTRONICO, NOMBRE_COMERCIAL ) VALUES( (SELECT ID_USUARIO FROM INFRA.USUARIOS WHERE CVE_USUARIO = 'ifesa_sacv@yahoo.com.mx'), '1', 'ifesa_sacv@yahoo.com.mx', 'Impresiones Finas Escolares, S.A. de C.V.' );
INSERT INTO INFRA.CONTACTOS (ID_USUARIO, TIPO, NOMBRE, APELLIDO_PATERNO, APELLIDO_MATERNO, CORREO_ELECTRONICO, B_PRINCIPAL, TELEFONO) VALUES ( (SELECT ID_USUARIO FROM INFRA.USUARIOS WHERE CVE_USUARIO = 'ifesa_sacv@yahoo.com.mx'), 'Ventas', 'Carlos Alberto', 'Espinoza', 'García', 'ifesa_sacv@yahoo.com.mx', true, '58395820');
INSERT INTO INFRA.REL_PYMES_TRACTORAS ( ID_USUARIO_TRACTORA, ID_USUARIO_PYME) VALUES( (SELECT ID_USUARIO FROM INFRA.TRACTORAS WHERE EMPRESA = 'Palacio De Hierro'), (SELECT ID_USUARIO FROM INFRA.USUARIOS WHERE CVE_USUARIO = 'ifesa_sacv@yahoo.com.mx') );
INSERT INTO INFRA.CLIENTES ( ID_USUARIO, CLIENTE) VALUES( (SELECT ID_USUARIO FROM INFRA.USUARIOS WHERE CVE_USUARIO = 'ifesa_sacv@yahoo.com.mx'), 'Palacio De Hierro' );

--Grupo Industrial Dos Mil, S.A. de C.V.
INSERT INTO INFRA.USUARIOS ( CVE_USUARIO, PASSWORD ) VALUES( 'm.carreon@gi2000.com.mx', 'ccmx1234' );
INSERT INTO INFRA.REL_ROLES ( CVE_ROL, CVE_USUARIO ) VALUES( 'PyME', 'm.carreon@gi2000.com.mx' );
INSERT INTO INFRA.PYMES ( ID_USUARIO, ID_USUARIO_PADRE, CORREO_ELECTRONICO, NOMBRE_COMERCIAL ) VALUES( (SELECT ID_USUARIO FROM INFRA.USUARIOS WHERE CVE_USUARIO = 'm.carreon@gi2000.com.mx'), '1', 'm.carreon@gi2000.com.mx', 'Grupo Industrial Dos Mil, S.A. de C.V.' );
INSERT INTO INFRA.CONTACTOS (ID_USUARIO, TIPO, NOMBRE, APELLIDO_PATERNO, APELLIDO_MATERNO, CORREO_ELECTRONICO, B_PRINCIPAL, TELEFONO) VALUES ( (SELECT ID_USUARIO FROM INFRA.USUARIOS WHERE CVE_USUARIO = 'm.carreon@gi2000.com.mx'), 'Ventas', 'Mario', 'Carreón', 'Cosio', 'm.carreon@gi2000.com.mx', true, '55860102');
INSERT INTO INFRA.REL_PYMES_TRACTORAS ( ID_USUARIO_TRACTORA, ID_USUARIO_PYME) VALUES( (SELECT ID_USUARIO FROM INFRA.TRACTORAS WHERE EMPRESA = 'Palacio De Hierro'), (SELECT ID_USUARIO FROM INFRA.USUARIOS WHERE CVE_USUARIO = 'm.carreon@gi2000.com.mx') );
INSERT INTO INFRA.CLIENTES ( ID_USUARIO, CLIENTE) VALUES( (SELECT ID_USUARIO FROM INFRA.USUARIOS WHERE CVE_USUARIO = 'm.carreon@gi2000.com.mx'), 'Palacio De Hierro' );

--Josafat Rodríguez Soto. / Impresos Rodríguez.
INSERT INTO INFRA.USUARIOS ( CVE_USUARIO, PASSWORD ) VALUES( 'josafat_66@hotmail.com', 'ccmx1234' );
INSERT INTO INFRA.REL_ROLES ( CVE_ROL, CVE_USUARIO ) VALUES( 'PyME', 'josafat_66@hotmail.com' );
INSERT INTO INFRA.PYMES ( ID_USUARIO, ID_USUARIO_PADRE, CORREO_ELECTRONICO, NOMBRE_COMERCIAL ) VALUES( (SELECT ID_USUARIO FROM INFRA.USUARIOS WHERE CVE_USUARIO = 'josafat_66@hotmail.com'), '1', 'josafat_66@hotmail.com', 'Josafat Rodríguez Soto. / Impresos Rodríguez.' );
INSERT INTO INFRA.CONTACTOS (ID_USUARIO, TIPO, NOMBRE, APELLIDO_PATERNO, APELLIDO_MATERNO, CORREO_ELECTRONICO, B_PRINCIPAL, TELEFONO) VALUES ( (SELECT ID_USUARIO FROM INFRA.USUARIOS WHERE CVE_USUARIO = 'josafat_66@hotmail.com'), 'Ventas', 'Josafat', 'Rodríguez', 'Soto', 'josafat_66@hotmail.com', true, '57795008');
INSERT INTO INFRA.REL_PYMES_TRACTORAS ( ID_USUARIO_TRACTORA, ID_USUARIO_PYME) VALUES( (SELECT ID_USUARIO FROM INFRA.TRACTORAS WHERE EMPRESA = 'Palacio De Hierro'), (SELECT ID_USUARIO FROM INFRA.USUARIOS WHERE CVE_USUARIO = 'josafat_66@hotmail.com') );
INSERT INTO INFRA.CLIENTES ( ID_USUARIO, CLIENTE) VALUES( (SELECT ID_USUARIO FROM INFRA.USUARIOS WHERE CVE_USUARIO = 'josafat_66@hotmail.com'), 'Palacio De Hierro' );

--Elton Promociones y Embalaje, S.A. de C.V.
INSERT INTO INFRA.USUARIOS ( CVE_USUARIO, PASSWORD ) VALUES( 'aelton@grupoelton.com.mx', 'ccmx1234' );
INSERT INTO INFRA.REL_ROLES ( CVE_ROL, CVE_USUARIO ) VALUES( 'PyME', 'aelton@grupoelton.com.mx' );
INSERT INTO INFRA.PYMES ( ID_USUARIO, ID_USUARIO_PADRE, CORREO_ELECTRONICO, NOMBRE_COMERCIAL ) VALUES( (SELECT ID_USUARIO FROM INFRA.USUARIOS WHERE CVE_USUARIO = 'aelton@grupoelton.com.mx'), '1', 'aelton@grupoelton.com.mx', 'Elton Promociones y Embalaje, S.A. de C.V.' );
INSERT INTO INFRA.CONTACTOS (ID_USUARIO, TIPO, NOMBRE, APELLIDO_PATERNO, APELLIDO_MATERNO, CORREO_ELECTRONICO, B_PRINCIPAL, TELEFONO) VALUES ( (SELECT ID_USUARIO FROM INFRA.USUARIOS WHERE CVE_USUARIO = 'aelton@grupoelton.com.mx'), 'Ventas', 'Araceli', 'Eltón', 'Alvarado', 'aelton@grupoelton.com.mx', true, '5558594937');
INSERT INTO INFRA.REL_PYMES_TRACTORAS ( ID_USUARIO_TRACTORA, ID_USUARIO_PYME) VALUES( (SELECT ID_USUARIO FROM INFRA.TRACTORAS WHERE EMPRESA = 'Palacio De Hierro'), (SELECT ID_USUARIO FROM INFRA.USUARIOS WHERE CVE_USUARIO = 'aelton@grupoelton.com.mx') );
INSERT INTO INFRA.CLIENTES ( ID_USUARIO, CLIENTE) VALUES( (SELECT ID_USUARIO FROM INFRA.USUARIOS WHERE CVE_USUARIO = 'aelton@grupoelton.com.mx'), 'Palacio De Hierro' );

--Alarm Systems Solutions, S.A. de C.V.
INSERT INTO INFRA.USUARIOS ( CVE_USUARIO, PASSWORD ) VALUES( 'isai.marure@pauta-empresarial.com', 'ccmx1234' );
INSERT INTO INFRA.REL_ROLES ( CVE_ROL, CVE_USUARIO ) VALUES( 'PyME', 'isai.marure@pauta-empresarial.com' );
INSERT INTO INFRA.PYMES ( ID_USUARIO, ID_USUARIO_PADRE, CORREO_ELECTRONICO, NOMBRE_COMERCIAL ) VALUES( (SELECT ID_USUARIO FROM INFRA.USUARIOS WHERE CVE_USUARIO = 'isai.marure@pauta-empresarial.com'), '1', 'isai.marure@pauta-empresarial.com', 'Alarm Systems Solutions, S.A. de C.V.' );
INSERT INTO INFRA.CONTACTOS (ID_USUARIO, TIPO, NOMBRE, APELLIDO_PATERNO, APELLIDO_MATERNO, CORREO_ELECTRONICO, B_PRINCIPAL, TELEFONO) VALUES ( (SELECT ID_USUARIO FROM INFRA.USUARIOS WHERE CVE_USUARIO = 'isai.marure@pauta-empresarial.com'), 'Ventas', 'Isaí', 'Marura', 'Trejo', 'isai.marure@pauta-empresarial.com', true, '55124848');
INSERT INTO INFRA.REL_PYMES_TRACTORAS ( ID_USUARIO_TRACTORA, ID_USUARIO_PYME) VALUES( (SELECT ID_USUARIO FROM INFRA.TRACTORAS WHERE EMPRESA = 'Palacio De Hierro'), (SELECT ID_USUARIO FROM INFRA.USUARIOS WHERE CVE_USUARIO = 'isai.marure@pauta-empresarial.com') );
INSERT INTO INFRA.CLIENTES ( ID_USUARIO, CLIENTE) VALUES( (SELECT ID_USUARIO FROM INFRA.USUARIOS WHERE CVE_USUARIO = 'isai.marure@pauta-empresarial.com'), 'Palacio De Hierro' );

--Unlimited Compiuter Service México, S.A. de C.V.
INSERT INTO INFRA.USUARIOS ( CVE_USUARIO, PASSWORD ) VALUES( 'marco.barrera@ucsmexico.com.mx', 'ccmx1234' );
INSERT INTO INFRA.REL_ROLES ( CVE_ROL, CVE_USUARIO ) VALUES( 'PyME', 'marco.barrera@ucsmexico.com.mx' );
INSERT INTO INFRA.PYMES ( ID_USUARIO, ID_USUARIO_PADRE, CORREO_ELECTRONICO, NOMBRE_COMERCIAL ) VALUES( (SELECT ID_USUARIO FROM INFRA.USUARIOS WHERE CVE_USUARIO = 'marco.barrera@ucsmexico.com.mx'), '1', 'marco.barrera@ucsmexico.com.mx', 'Unlimited Compiuter Service México, S.A. de C.V.' );
INSERT INTO INFRA.CONTACTOS (ID_USUARIO, TIPO, NOMBRE, APELLIDO_PATERNO, APELLIDO_MATERNO, CORREO_ELECTRONICO, B_PRINCIPAL, TELEFONO) VALUES ( (SELECT ID_USUARIO FROM INFRA.USUARIOS WHERE CVE_USUARIO = 'marco.barrera@ucsmexico.com.mx'), 'Ventas', 'Marco Antonio', 'Barrera', 'Jaramillo', 'marco.barrera@ucsmexico.com.mx', true, '55372123');
INSERT INTO INFRA.REL_PYMES_TRACTORAS ( ID_USUARIO_TRACTORA, ID_USUARIO_PYME) VALUES( (SELECT ID_USUARIO FROM INFRA.TRACTORAS WHERE EMPRESA = 'Palacio De Hierro'), (SELECT ID_USUARIO FROM INFRA.USUARIOS WHERE CVE_USUARIO = 'marco.barrera@ucsmexico.com.mx') );
INSERT INTO INFRA.CLIENTES ( ID_USUARIO, CLIENTE) VALUES( (SELECT ID_USUARIO FROM INFRA.USUARIOS WHERE CVE_USUARIO = 'marco.barrera@ucsmexico.com.mx'), 'Palacio De Hierro' );

--Francisco Bobadilla Sánchez. / RODACERO.
INSERT INTO INFRA.USUARIOS ( CVE_USUARIO, PASSWORD ) VALUES( 'rodacero05@hotmail.com', 'ccmx1234' );
INSERT INTO INFRA.REL_ROLES ( CVE_ROL, CVE_USUARIO ) VALUES( 'PyME', 'rodacero05@hotmail.com' );
INSERT INTO INFRA.PYMES ( ID_USUARIO, ID_USUARIO_PADRE, CORREO_ELECTRONICO, NOMBRE_COMERCIAL ) VALUES( (SELECT ID_USUARIO FROM INFRA.USUARIOS WHERE CVE_USUARIO = 'rodacero05@hotmail.com'), '1', 'rodacero05@hotmail.com', 'Francisco Bobadilla Sánchez. / RODACERO.' );
INSERT INTO INFRA.CONTACTOS (ID_USUARIO, TIPO, NOMBRE, APELLIDO_PATERNO, APELLIDO_MATERNO, CORREO_ELECTRONICO, B_PRINCIPAL, TELEFONO) VALUES ( (SELECT ID_USUARIO FROM INFRA.USUARIOS WHERE CVE_USUARIO = 'rodacero05@hotmail.com'), 'Ventas', 'Francisco', 'Bobadilla', 'Castillo', 'rodacero05@hotmail.com', true, '55193275');
INSERT INTO INFRA.REL_PYMES_TRACTORAS ( ID_USUARIO_TRACTORA, ID_USUARIO_PYME) VALUES( (SELECT ID_USUARIO FROM INFRA.TRACTORAS WHERE EMPRESA = 'Palacio De Hierro'), (SELECT ID_USUARIO FROM INFRA.USUARIOS WHERE CVE_USUARIO = 'rodacero05@hotmail.com') );
INSERT INTO INFRA.CLIENTES ( ID_USUARIO, CLIENTE) VALUES( (SELECT ID_USUARIO FROM INFRA.USUARIOS WHERE CVE_USUARIO = 'rodacero05@hotmail.com'), 'Palacio De Hierro' );

--Soluciones Integrales Asesoría Soporte y Desarrollo, S.A. de C.V.
INSERT INTO INFRA.USUARIOS ( CVE_USUARIO, PASSWORD ) VALUES( 'miguel.pedraza@siasd.mx', 'ccmx1234' );
INSERT INTO INFRA.REL_ROLES ( CVE_ROL, CVE_USUARIO ) VALUES( 'PyME', 'miguel.pedraza@siasd.mx' );
INSERT INTO INFRA.PYMES ( ID_USUARIO, ID_USUARIO_PADRE, CORREO_ELECTRONICO, NOMBRE_COMERCIAL ) VALUES( (SELECT ID_USUARIO FROM INFRA.USUARIOS WHERE CVE_USUARIO = 'miguel.pedraza@siasd.mx'), '1', 'miguel.pedraza@siasd.mx', 'Soluciones Integrales Asesoría Soporte y Desarrollo, S.A. de C.V.' );
INSERT INTO INFRA.CONTACTOS (ID_USUARIO, TIPO, NOMBRE, APELLIDO_PATERNO, APELLIDO_MATERNO, CORREO_ELECTRONICO, B_PRINCIPAL, TELEFONO) VALUES ( (SELECT ID_USUARIO FROM INFRA.USUARIOS WHERE CVE_USUARIO = 'miguel.pedraza@siasd.mx'), 'Ventas', 'Miguel', 'Pedraza', 'López', 'miguel.pedraza@siasd.mx', true, '44354747');
INSERT INTO INFRA.REL_PYMES_TRACTORAS ( ID_USUARIO_TRACTORA, ID_USUARIO_PYME) VALUES( (SELECT ID_USUARIO FROM INFRA.TRACTORAS WHERE EMPRESA = 'Palacio De Hierro'), (SELECT ID_USUARIO FROM INFRA.USUARIOS WHERE CVE_USUARIO = 'miguel.pedraza@siasd.mx') );
INSERT INTO INFRA.CLIENTES ( ID_USUARIO, CLIENTE) VALUES( (SELECT ID_USUARIO FROM INFRA.USUARIOS WHERE CVE_USUARIO = 'miguel.pedraza@siasd.mx'), 'Palacio De Hierro' );

--Spezialitatund Industrialliedienst, S.A. de C.V.
INSERT INTO INFRA.USUARIOS ( CVE_USUARIO, PASSWORD ) VALUES( 'suiespecialidades@prodigy.net', 'ccmx1234' );
INSERT INTO INFRA.REL_ROLES ( CVE_ROL, CVE_USUARIO ) VALUES( 'PyME', 'suiespecialidades@prodigy.net' );
INSERT INTO INFRA.PYMES ( ID_USUARIO, ID_USUARIO_PADRE, CORREO_ELECTRONICO, NOMBRE_COMERCIAL ) VALUES( (SELECT ID_USUARIO FROM INFRA.USUARIOS WHERE CVE_USUARIO = 'suiespecialidades@prodigy.net'), '1', 'suiespecialidades@prodigy.net', 'Spezialitatund Industrialliedienst, S.A. de C.V.' );
INSERT INTO INFRA.CONTACTOS (ID_USUARIO, TIPO, NOMBRE, APELLIDO_PATERNO, APELLIDO_MATERNO, CORREO_ELECTRONICO, B_PRINCIPAL, TELEFONO) VALUES ( (SELECT ID_USUARIO FROM INFRA.USUARIOS WHERE CVE_USUARIO = 'suiespecialidades@prodigy.net'), 'Ventas', 'Pedro Alfonso', 'Ortega', 'Santos', 'suiespecialidades@prodigy.net', true, '5527272128');
INSERT INTO INFRA.REL_PYMES_TRACTORAS ( ID_USUARIO_TRACTORA, ID_USUARIO_PYME) VALUES( (SELECT ID_USUARIO FROM INFRA.TRACTORAS WHERE EMPRESA = 'Palacio De Hierro'), (SELECT ID_USUARIO FROM INFRA.USUARIOS WHERE CVE_USUARIO = 'suiespecialidades@prodigy.net') );
INSERT INTO INFRA.CLIENTES ( ID_USUARIO, CLIENTE) VALUES( (SELECT ID_USUARIO FROM INFRA.USUARIOS WHERE CVE_USUARIO = 'suiespecialidades@prodigy.net'), 'Palacio De Hierro' );

--Sotfware and Networks Solutions S.A. de C.V. / Sofnet group.
INSERT INTO INFRA.USUARIOS ( CVE_USUARIO, PASSWORD ) VALUES( 'ivan_ferruzca@sofnet.com.mx', 'ccmx1234' );
INSERT INTO INFRA.REL_ROLES ( CVE_ROL, CVE_USUARIO ) VALUES( 'PyME', 'ivan_ferruzca@sofnet.com.mx' );
INSERT INTO INFRA.PYMES ( ID_USUARIO, ID_USUARIO_PADRE, CORREO_ELECTRONICO, NOMBRE_COMERCIAL ) VALUES( (SELECT ID_USUARIO FROM INFRA.USUARIOS WHERE CVE_USUARIO = 'ivan_ferruzca@sofnet.com.mx'), '1', 'ivan_ferruzca@sofnet.com.mx', 'Sotfware and Networks Solutions S.A. de C.V. / Sofnet group.' );
INSERT INTO INFRA.CONTACTOS (ID_USUARIO, TIPO, NOMBRE, APELLIDO_PATERNO, APELLIDO_MATERNO, CORREO_ELECTRONICO, B_PRINCIPAL, TELEFONO) VALUES ( (SELECT ID_USUARIO FROM INFRA.USUARIOS WHERE CVE_USUARIO = 'ivan_ferruzca@sofnet.com.mx'), 'Ventas', 'Iván Israel', 'Ferruzca', 'Navarro', 'ivan_ferruzca@sofnet.com.mx', true, '10551880');
INSERT INTO INFRA.REL_PYMES_TRACTORAS ( ID_USUARIO_TRACTORA, ID_USUARIO_PYME) VALUES( (SELECT ID_USUARIO FROM INFRA.TRACTORAS WHERE EMPRESA = 'Palacio De Hierro'), (SELECT ID_USUARIO FROM INFRA.USUARIOS WHERE CVE_USUARIO = 'ivan_ferruzca@sofnet.com.mx') );
INSERT INTO INFRA.CLIENTES ( ID_USUARIO, CLIENTE) VALUES( (SELECT ID_USUARIO FROM INFRA.USUARIOS WHERE CVE_USUARIO = 'ivan_ferruzca@sofnet.com.mx'), 'Palacio De Hierro' );

--JLF Ingeniería  y Automatización de Edificios, S.A. de C.V.
INSERT INTO INFRA.USUARIOS ( CVE_USUARIO, PASSWORD ) VALUES( 'jlf_ingenieria@hotmail.com', 'ccmx1234' );
INSERT INTO INFRA.REL_ROLES ( CVE_ROL, CVE_USUARIO ) VALUES( 'PyME', 'jlf_ingenieria@hotmail.com' );
INSERT INTO INFRA.PYMES ( ID_USUARIO, ID_USUARIO_PADRE, CORREO_ELECTRONICO, NOMBRE_COMERCIAL ) VALUES( (SELECT ID_USUARIO FROM INFRA.USUARIOS WHERE CVE_USUARIO = 'jlf_ingenieria@hotmail.com'), '1', 'jlf_ingenieria@hotmail.com', 'JLF Ingeniería  y Automatización de Edificios, S.A. de C.V.' );
INSERT INTO INFRA.CONTACTOS (ID_USUARIO, TIPO, NOMBRE, APELLIDO_PATERNO, APELLIDO_MATERNO, CORREO_ELECTRONICO, B_PRINCIPAL, TELEFONO) VALUES ( (SELECT ID_USUARIO FROM INFRA.USUARIOS WHERE CVE_USUARIO = 'jlf_ingenieria@hotmail.com'), 'Ventas', 'José', 'Lua', 'Flores', 'jlf_ingenieria@hotmail.com', true, '53970030');
INSERT INTO INFRA.REL_PYMES_TRACTORAS ( ID_USUARIO_TRACTORA, ID_USUARIO_PYME) VALUES( (SELECT ID_USUARIO FROM INFRA.TRACTORAS WHERE EMPRESA = 'Palacio De Hierro'), (SELECT ID_USUARIO FROM INFRA.USUARIOS WHERE CVE_USUARIO = 'jlf_ingenieria@hotmail.com') );
INSERT INTO INFRA.CLIENTES ( ID_USUARIO, CLIENTE) VALUES( (SELECT ID_USUARIO FROM INFRA.USUARIOS WHERE CVE_USUARIO = 'jlf_ingenieria@hotmail.com'), 'Palacio De Hierro' );

--Cesar Morales Castrejón / Impresora Macara.
INSERT INTO INFRA.USUARIOS ( CVE_USUARIO, PASSWORD ) VALUES( 'mocara5@hotmail.com', 'ccmx1234' );
INSERT INTO INFRA.REL_ROLES ( CVE_ROL, CVE_USUARIO ) VALUES( 'PyME', 'mocara5@hotmail.com' );
INSERT INTO INFRA.PYMES ( ID_USUARIO, ID_USUARIO_PADRE, CORREO_ELECTRONICO, NOMBRE_COMERCIAL ) VALUES( (SELECT ID_USUARIO FROM INFRA.USUARIOS WHERE CVE_USUARIO = 'mocara5@hotmail.com'), '1', 'mocara5@hotmail.com', 'Cesar Morales Castrejón / Impresora Macara.' );
INSERT INTO INFRA.CONTACTOS (ID_USUARIO, TIPO, NOMBRE, APELLIDO_PATERNO, APELLIDO_MATERNO, CORREO_ELECTRONICO, B_PRINCIPAL, TELEFONO) VALUES ( (SELECT ID_USUARIO FROM INFRA.USUARIOS WHERE CVE_USUARIO = 'mocara5@hotmail.com'), 'Ventas', 'Cesar', 'Morales', 'Castrejón', 'mocara5@hotmail.com', true, '5557101262');
INSERT INTO INFRA.REL_PYMES_TRACTORAS ( ID_USUARIO_TRACTORA, ID_USUARIO_PYME) VALUES( (SELECT ID_USUARIO FROM INFRA.TRACTORAS WHERE EMPRESA = 'Palacio De Hierro'), (SELECT ID_USUARIO FROM INFRA.USUARIOS WHERE CVE_USUARIO = 'mocara5@hotmail.com') );
INSERT INTO INFRA.CLIENTES ( ID_USUARIO, CLIENTE) VALUES( (SELECT ID_USUARIO FROM INFRA.USUARIOS WHERE CVE_USUARIO = 'mocara5@hotmail.com'), 'Palacio De Hierro' );

--Noriega y Asociados Consultores Industriales, S.A. de C.V.
INSERT INTO INFRA.USUARIOS ( CVE_USUARIO, PASSWORD ) VALUES( 'noriegayasociados@noriegayasoc.com', 'ccmx1234' );
INSERT INTO INFRA.REL_ROLES ( CVE_ROL, CVE_USUARIO ) VALUES( 'PyME', 'noriegayasociados@noriegayasoc.com' );
INSERT INTO INFRA.PYMES ( ID_USUARIO, ID_USUARIO_PADRE, CORREO_ELECTRONICO, NOMBRE_COMERCIAL ) VALUES( (SELECT ID_USUARIO FROM INFRA.USUARIOS WHERE CVE_USUARIO = 'noriegayasociados@noriegayasoc.com'), '1', 'noriegayasociados@noriegayasoc.com', 'Noriega y Asociados Consultores Industriales, S.A. de C.V.' );
INSERT INTO INFRA.CONTACTOS (ID_USUARIO, TIPO, NOMBRE, APELLIDO_PATERNO, APELLIDO_MATERNO, CORREO_ELECTRONICO, B_PRINCIPAL, TELEFONO) VALUES ( (SELECT ID_USUARIO FROM INFRA.USUARIOS WHERE CVE_USUARIO = 'noriegayasociados@noriegayasoc.com'), 'Ventas', 'Juan Miguel', 'Noriega', 'Soto', 'noriegayasociados@noriegayasoc.com', true, '56934028');
INSERT INTO INFRA.REL_PYMES_TRACTORAS ( ID_USUARIO_TRACTORA, ID_USUARIO_PYME) VALUES( (SELECT ID_USUARIO FROM INFRA.TRACTORAS WHERE EMPRESA = 'Palacio De Hierro'), (SELECT ID_USUARIO FROM INFRA.USUARIOS WHERE CVE_USUARIO = 'noriegayasociados@noriegayasoc.com') );
INSERT INTO INFRA.CLIENTES ( ID_USUARIO, CLIENTE) VALUES( (SELECT ID_USUARIO FROM INFRA.USUARIOS WHERE CVE_USUARIO = 'noriegayasociados@noriegayasoc.com'), 'Palacio De Hierro' );

--Maderas Diversas el Ciprés, S.A. de C.V.
INSERT INTO INFRA.USUARIOS ( CVE_USUARIO, PASSWORD ) VALUES( 'abautista@maderaselcipres.com.mx', 'ccmx1234' );
INSERT INTO INFRA.REL_ROLES ( CVE_ROL, CVE_USUARIO ) VALUES( 'PyME', 'abautista@maderaselcipres.com.mx' );
INSERT INTO INFRA.PYMES ( ID_USUARIO, ID_USUARIO_PADRE, CORREO_ELECTRONICO, NOMBRE_COMERCIAL ) VALUES( (SELECT ID_USUARIO FROM INFRA.USUARIOS WHERE CVE_USUARIO = 'abautista@maderaselcipres.com.mx'), '1', 'abautista@maderaselcipres.com.mx', 'Maderas Diversas el Ciprés, S.A. de C.V.' );
INSERT INTO INFRA.CONTACTOS (ID_USUARIO, TIPO, NOMBRE, APELLIDO_PATERNO, APELLIDO_MATERNO, CORREO_ELECTRONICO, B_PRINCIPAL, TELEFONO) VALUES ( (SELECT ID_USUARIO FROM INFRA.USUARIOS WHERE CVE_USUARIO = 'abautista@maderaselcipres.com.mx'), 'Ventas', 'Angel', 'Bautista', 'Delgado', 'abautista@maderaselcipres.com.mx', true, '57360635');
INSERT INTO INFRA.REL_PYMES_TRACTORAS ( ID_USUARIO_TRACTORA, ID_USUARIO_PYME) VALUES( (SELECT ID_USUARIO FROM INFRA.TRACTORAS WHERE EMPRESA = 'Palacio De Hierro'), (SELECT ID_USUARIO FROM INFRA.USUARIOS WHERE CVE_USUARIO = 'abautista@maderaselcipres.com.mx') );
INSERT INTO INFRA.CLIENTES ( ID_USUARIO, CLIENTE) VALUES( (SELECT ID_USUARIO FROM INFRA.USUARIOS WHERE CVE_USUARIO = 'abautista@maderaselcipres.com.mx'), 'Palacio De Hierro' );

--Diprest, S.A. de C.V.
INSERT INTO INFRA.USUARIOS ( CVE_USUARIO, PASSWORD ) VALUES( 'diprest.pedidos@gmail.com', 'ccmx1234' );
INSERT INTO INFRA.REL_ROLES ( CVE_ROL, CVE_USUARIO ) VALUES( 'PyME', 'diprest.pedidos@gmail.com' );
INSERT INTO INFRA.PYMES ( ID_USUARIO, ID_USUARIO_PADRE, CORREO_ELECTRONICO, NOMBRE_COMERCIAL ) VALUES( (SELECT ID_USUARIO FROM INFRA.USUARIOS WHERE CVE_USUARIO = 'diprest.pedidos@gmail.com'), '1', 'diprest.pedidos@gmail.com', 'Diprest, S.A. de C.V.' );
INSERT INTO INFRA.CONTACTOS (ID_USUARIO, TIPO, NOMBRE, APELLIDO_PATERNO, APELLIDO_MATERNO, CORREO_ELECTRONICO, B_PRINCIPAL, TELEFONO) VALUES ( (SELECT ID_USUARIO FROM INFRA.USUARIOS WHERE CVE_USUARIO = 'diprest.pedidos@gmail.com'), 'Ventas', 'Luis Romero', 'González', '', 'diprest.pedidos@gmail.com', true, '56005762');
INSERT INTO INFRA.REL_PYMES_TRACTORAS ( ID_USUARIO_TRACTORA, ID_USUARIO_PYME) VALUES( (SELECT ID_USUARIO FROM INFRA.TRACTORAS WHERE EMPRESA = 'Palacio De Hierro'), (SELECT ID_USUARIO FROM INFRA.USUARIOS WHERE CVE_USUARIO = 'diprest.pedidos@gmail.com') );
INSERT INTO INFRA.CLIENTES ( ID_USUARIO, CLIENTE) VALUES( (SELECT ID_USUARIO FROM INFRA.USUARIOS WHERE CVE_USUARIO = 'diprest.pedidos@gmail.com'), 'Palacio De Hierro' );

--Siproci Emergency, S. de R.L. de C.V.
INSERT INTO INFRA.USUARIOS ( CVE_USUARIO, PASSWORD ) VALUES( 'cynthia.acosta@seguridadintegral.com.mx', 'ccmx1234' );
INSERT INTO INFRA.REL_ROLES ( CVE_ROL, CVE_USUARIO ) VALUES( 'PyME', 'cynthia.acosta@seguridadintegral.com.mx' );
INSERT INTO INFRA.PYMES ( ID_USUARIO, ID_USUARIO_PADRE, CORREO_ELECTRONICO, NOMBRE_COMERCIAL ) VALUES( (SELECT ID_USUARIO FROM INFRA.USUARIOS WHERE CVE_USUARIO = 'cynthia.acosta@seguridadintegral.com.mx'), '1', 'cynthia.acosta@seguridadintegral.com.mx', 'Siproci Emergency, S. de R.L. de C.V.' );
INSERT INTO INFRA.CONTACTOS (ID_USUARIO, TIPO, NOMBRE, APELLIDO_PATERNO, APELLIDO_MATERNO, CORREO_ELECTRONICO, B_PRINCIPAL, TELEFONO) VALUES ( (SELECT ID_USUARIO FROM INFRA.USUARIOS WHERE CVE_USUARIO = 'cynthia.acosta@seguridadintegral.com.mx'), 'Ventas', 'Julián', 'Romero', 'Vargas', 'cynthia.acosta@seguridadintegral.com.mx', true, '55646904');
INSERT INTO INFRA.REL_PYMES_TRACTORAS ( ID_USUARIO_TRACTORA, ID_USUARIO_PYME) VALUES( (SELECT ID_USUARIO FROM INFRA.TRACTORAS WHERE EMPRESA = 'Palacio De Hierro'), (SELECT ID_USUARIO FROM INFRA.USUARIOS WHERE CVE_USUARIO = 'cynthia.acosta@seguridadintegral.com.mx') );
INSERT INTO INFRA.CLIENTES ( ID_USUARIO, CLIENTE) VALUES( (SELECT ID_USUARIO FROM INFRA.USUARIOS WHERE CVE_USUARIO = 'cynthia.acosta@seguridadintegral.com.mx'), 'Palacio De Hierro' );

--Corporación Garmengon, S.A. de C.V.
INSERT INTO INFRA.USUARIOS ( CVE_USUARIO, PASSWORD ) VALUES( 'jmgonzalez@cogarsa.com', 'ccmx1234' );
INSERT INTO INFRA.REL_ROLES ( CVE_ROL, CVE_USUARIO ) VALUES( 'PyME', 'jmgonzalez@cogarsa.com' );
INSERT INTO INFRA.PYMES ( ID_USUARIO, ID_USUARIO_PADRE, CORREO_ELECTRONICO, NOMBRE_COMERCIAL ) VALUES( (SELECT ID_USUARIO FROM INFRA.USUARIOS WHERE CVE_USUARIO = 'jmgonzalez@cogarsa.com'), '1', 'jmgonzalez@cogarsa.com', 'Corporación Garmengon, S.A. de C.V.' );
INSERT INTO INFRA.CONTACTOS (ID_USUARIO, TIPO, NOMBRE, APELLIDO_PATERNO, APELLIDO_MATERNO, CORREO_ELECTRONICO, B_PRINCIPAL, TELEFONO) VALUES ( (SELECT ID_USUARIO FROM INFRA.USUARIOS WHERE CVE_USUARIO = 'jmgonzalez@cogarsa.com'), 'Ventas', 'José Manuel', 'González', 'Mendoza', 'jmgonzalez@cogarsa.com', true, '53004044');
INSERT INTO INFRA.REL_PYMES_TRACTORAS ( ID_USUARIO_TRACTORA, ID_USUARIO_PYME) VALUES( (SELECT ID_USUARIO FROM INFRA.TRACTORAS WHERE EMPRESA = 'Palacio De Hierro'), (SELECT ID_USUARIO FROM INFRA.USUARIOS WHERE CVE_USUARIO = 'jmgonzalez@cogarsa.com') );
INSERT INTO INFRA.CLIENTES ( ID_USUARIO, CLIENTE) VALUES( (SELECT ID_USUARIO FROM INFRA.USUARIOS WHERE CVE_USUARIO = 'jmgonzalez@cogarsa.com'), 'Palacio De Hierro' );

--Cartoncillos.
INSERT INTO INFRA.USUARIOS ( CVE_USUARIO, PASSWORD ) VALUES( 'cartoncillos1@hotmail.com', 'ccmx1234' );
INSERT INTO INFRA.REL_ROLES ( CVE_ROL, CVE_USUARIO ) VALUES( 'PyME', 'cartoncillos1@hotmail.com' );
INSERT INTO INFRA.PYMES ( ID_USUARIO, ID_USUARIO_PADRE, CORREO_ELECTRONICO, NOMBRE_COMERCIAL ) VALUES( (SELECT ID_USUARIO FROM INFRA.USUARIOS WHERE CVE_USUARIO = 'cartoncillos1@hotmail.com'), '1', 'cartoncillos1@hotmail.com', 'Cartoncillos.' );
INSERT INTO INFRA.CONTACTOS (ID_USUARIO, TIPO, NOMBRE, APELLIDO_PATERNO, APELLIDO_MATERNO, CORREO_ELECTRONICO, B_PRINCIPAL, TELEFONO) VALUES ( (SELECT ID_USUARIO FROM INFRA.USUARIOS WHERE CVE_USUARIO = 'cartoncillos1@hotmail.com'), 'Ventas', '', '', '', 'cartoncillos1@hotmail.com', true, '57404095');
INSERT INTO INFRA.REL_PYMES_TRACTORAS ( ID_USUARIO_TRACTORA, ID_USUARIO_PYME) VALUES( (SELECT ID_USUARIO FROM INFRA.TRACTORAS WHERE EMPRESA = 'Palacio De Hierro'), (SELECT ID_USUARIO FROM INFRA.USUARIOS WHERE CVE_USUARIO = 'cartoncillos1@hotmail.com') );
INSERT INTO INFRA.CLIENTES ( ID_USUARIO, CLIENTE) VALUES( (SELECT ID_USUARIO FROM INFRA.USUARIOS WHERE CVE_USUARIO = 'cartoncillos1@hotmail.com'), 'Palacio De Hierro' );

--C. Villa Marina, S.A. de C.V. / Luz Ma. Ramírez.
INSERT INTO INFRA.USUARIOS ( CVE_USUARIO, PASSWORD ) VALUES( 'c.villamarina@hotmail.com', 'ccmx1234' );
INSERT INTO INFRA.REL_ROLES ( CVE_ROL, CVE_USUARIO ) VALUES( 'PyME', 'c.villamarina@hotmail.com' );
INSERT INTO INFRA.PYMES ( ID_USUARIO, ID_USUARIO_PADRE, CORREO_ELECTRONICO, NOMBRE_COMERCIAL ) VALUES( (SELECT ID_USUARIO FROM INFRA.USUARIOS WHERE CVE_USUARIO = 'c.villamarina@hotmail.com'), '1', 'c.villamarina@hotmail.com', 'C. Villa Marina, S.A. de C.V. / Luz Ma. Ramírez.' );
INSERT INTO INFRA.CONTACTOS (ID_USUARIO, TIPO, NOMBRE, APELLIDO_PATERNO, APELLIDO_MATERNO, CORREO_ELECTRONICO, B_PRINCIPAL, TELEFONO) VALUES ( (SELECT ID_USUARIO FROM INFRA.USUARIOS WHERE CVE_USUARIO = 'c.villamarina@hotmail.com'), 'Ventas', '', '', '', 'c.villamarina@hotmail.com', true, '56404318');
INSERT INTO INFRA.REL_PYMES_TRACTORAS ( ID_USUARIO_TRACTORA, ID_USUARIO_PYME) VALUES( (SELECT ID_USUARIO FROM INFRA.TRACTORAS WHERE EMPRESA = 'Palacio De Hierro'), (SELECT ID_USUARIO FROM INFRA.USUARIOS WHERE CVE_USUARIO = 'c.villamarina@hotmail.com') );
INSERT INTO INFRA.CLIENTES ( ID_USUARIO, CLIENTE) VALUES( (SELECT ID_USUARIO FROM INFRA.USUARIOS WHERE CVE_USUARIO = 'c.villamarina@hotmail.com'), 'Palacio De Hierro' );

--Grupo Reyfre, S.A. de C.V.
INSERT INTO INFRA.USUARIOS ( CVE_USUARIO, PASSWORD ) VALUES( 'ivanhoe_ls@yahoo.com.mx', 'ccmx1234' );
INSERT INTO INFRA.REL_ROLES ( CVE_ROL, CVE_USUARIO ) VALUES( 'PyME', 'ivanhoe_ls@yahoo.com.mx' );
INSERT INTO INFRA.PYMES ( ID_USUARIO, ID_USUARIO_PADRE, CORREO_ELECTRONICO, NOMBRE_COMERCIAL ) VALUES( (SELECT ID_USUARIO FROM INFRA.USUARIOS WHERE CVE_USUARIO = 'ivanhoe_ls@yahoo.com.mx'), '1', 'ivanhoe_ls@yahoo.com.mx', 'Grupo Reyfre, S.A. de C.V.' );
INSERT INTO INFRA.CONTACTOS (ID_USUARIO, TIPO, NOMBRE, APELLIDO_PATERNO, APELLIDO_MATERNO, CORREO_ELECTRONICO, B_PRINCIPAL, TELEFONO) VALUES ( (SELECT ID_USUARIO FROM INFRA.USUARIOS WHERE CVE_USUARIO = 'ivanhoe_ls@yahoo.com.mx'), 'Ventas', 'Ivanhoe', 'Lázaro', 'Servín', 'ivanhoe_ls@yahoo.com.mx', true, '2383823256');
INSERT INTO INFRA.REL_PYMES_TRACTORAS ( ID_USUARIO_TRACTORA, ID_USUARIO_PYME) VALUES( (SELECT ID_USUARIO FROM INFRA.TRACTORAS WHERE EMPRESA = 'Palacio De Hierro'), (SELECT ID_USUARIO FROM INFRA.USUARIOS WHERE CVE_USUARIO = 'ivanhoe_ls@yahoo.com.mx') );
INSERT INTO INFRA.CLIENTES ( ID_USUARIO, CLIENTE) VALUES( (SELECT ID_USUARIO FROM INFRA.USUARIOS WHERE CVE_USUARIO = 'ivanhoe_ls@yahoo.com.mx'), 'Palacio De Hierro' );

--Ernesto Vallet Barbosa. / Benepasta.
INSERT INTO INFRA.USUARIOS ( CVE_USUARIO, PASSWORD ) VALUES( 'evallet12@hotmail.com', 'ccmx1234' );
INSERT INTO INFRA.REL_ROLES ( CVE_ROL, CVE_USUARIO ) VALUES( 'PyME', 'evallet12@hotmail.com' );
INSERT INTO INFRA.PYMES ( ID_USUARIO, ID_USUARIO_PADRE, CORREO_ELECTRONICO, NOMBRE_COMERCIAL ) VALUES( (SELECT ID_USUARIO FROM INFRA.USUARIOS WHERE CVE_USUARIO = 'evallet12@hotmail.com'), '1', 'evallet12@hotmail.com', 'Ernesto Vallet Barbosa. / Benepasta.' );
INSERT INTO INFRA.CONTACTOS (ID_USUARIO, TIPO, NOMBRE, APELLIDO_PATERNO, APELLIDO_MATERNO, CORREO_ELECTRONICO, B_PRINCIPAL, TELEFONO) VALUES ( (SELECT ID_USUARIO FROM INFRA.USUARIOS WHERE CVE_USUARIO = 'evallet12@hotmail.com'), 'Ventas', 'Eduardo', 'Vera', 'Prendes', 'evallet12@hotmail.com', true, '53933236');
INSERT INTO INFRA.REL_PYMES_TRACTORAS ( ID_USUARIO_TRACTORA, ID_USUARIO_PYME) VALUES( (SELECT ID_USUARIO FROM INFRA.TRACTORAS WHERE EMPRESA = 'Palacio De Hierro'), (SELECT ID_USUARIO FROM INFRA.USUARIOS WHERE CVE_USUARIO = 'evallet12@hotmail.com') );
INSERT INTO INFRA.CLIENTES ( ID_USUARIO, CLIENTE) VALUES( (SELECT ID_USUARIO FROM INFRA.USUARIOS WHERE CVE_USUARIO = 'evallet12@hotmail.com'), 'Palacio De Hierro' );

--Servicios Especializados para la Construcción y la Industria, S.A. de C.V.
INSERT INTO INFRA.USUARIOS ( CVE_USUARIO, PASSWORD ) VALUES( 'g.anaya@hotmail.com', 'ccmx1234' );
INSERT INTO INFRA.REL_ROLES ( CVE_ROL, CVE_USUARIO ) VALUES( 'PyME', 'g.anaya@hotmail.com' );
INSERT INTO INFRA.PYMES ( ID_USUARIO, ID_USUARIO_PADRE, CORREO_ELECTRONICO, NOMBRE_COMERCIAL ) VALUES( (SELECT ID_USUARIO FROM INFRA.USUARIOS WHERE CVE_USUARIO = 'g.anaya@hotmail.com'), '1', 'g.anaya@hotmail.com', 'Servicios Especializados para la Construcción y la Industria, S.A. de C.V.' );
INSERT INTO INFRA.CONTACTOS (ID_USUARIO, TIPO, NOMBRE, APELLIDO_PATERNO, APELLIDO_MATERNO, CORREO_ELECTRONICO, B_PRINCIPAL, TELEFONO) VALUES ( (SELECT ID_USUARIO FROM INFRA.USUARIOS WHERE CVE_USUARIO = 'g.anaya@hotmail.com'), 'Ventas', 'Guillermo', 'Anaya', 'Zamora', 'g.anaya@hotmail.com', true, '58170142');
INSERT INTO INFRA.REL_PYMES_TRACTORAS ( ID_USUARIO_TRACTORA, ID_USUARIO_PYME) VALUES( (SELECT ID_USUARIO FROM INFRA.TRACTORAS WHERE EMPRESA = 'Palacio De Hierro'), (SELECT ID_USUARIO FROM INFRA.USUARIOS WHERE CVE_USUARIO = 'g.anaya@hotmail.com') );
INSERT INTO INFRA.CLIENTES ( ID_USUARIO, CLIENTE) VALUES( (SELECT ID_USUARIO FROM INFRA.USUARIOS WHERE CVE_USUARIO = 'g.anaya@hotmail.com'), 'Palacio De Hierro' );

--AJA Vidrios y Aluminio S.A. de C.V.
INSERT INTO INFRA.USUARIOS ( CVE_USUARIO, PASSWORD ) VALUES( 'ruben.ajavidriosyaluminio@hotmail.com', 'ccmx1234' );
INSERT INTO INFRA.REL_ROLES ( CVE_ROL, CVE_USUARIO ) VALUES( 'PyME', 'ruben.ajavidriosyaluminio@hotmail.com' );
INSERT INTO INFRA.PYMES ( ID_USUARIO, ID_USUARIO_PADRE, CORREO_ELECTRONICO, NOMBRE_COMERCIAL ) VALUES( (SELECT ID_USUARIO FROM INFRA.USUARIOS WHERE CVE_USUARIO = 'ruben.ajavidriosyaluminio@hotmail.com'), '1', 'ruben.ajavidriosyaluminio@hotmail.com', 'AJA Vidrios y Aluminio S.A. de C.V.' );
INSERT INTO INFRA.CONTACTOS (ID_USUARIO, TIPO, NOMBRE, APELLIDO_PATERNO, APELLIDO_MATERNO, CORREO_ELECTRONICO, B_PRINCIPAL, TELEFONO) VALUES ( (SELECT ID_USUARIO FROM INFRA.USUARIOS WHERE CVE_USUARIO = 'ruben.ajavidriosyaluminio@hotmail.com'), 'Ventas', 'Rubén', 'Villanueva', 'López', 'ruben.ajavidriosyaluminio@hotmail.com', true, '56971130');
INSERT INTO INFRA.REL_PYMES_TRACTORAS ( ID_USUARIO_TRACTORA, ID_USUARIO_PYME) VALUES( (SELECT ID_USUARIO FROM INFRA.TRACTORAS WHERE EMPRESA = 'Palacio De Hierro'), (SELECT ID_USUARIO FROM INFRA.USUARIOS WHERE CVE_USUARIO = 'ruben.ajavidriosyaluminio@hotmail.com') );
INSERT INTO INFRA.CLIENTES ( ID_USUARIO, CLIENTE) VALUES( (SELECT ID_USUARIO FROM INFRA.USUARIOS WHERE CVE_USUARIO = 'ruben.ajavidriosyaluminio@hotmail.com'), 'Palacio De Hierro' );

--José Alba Villagómez. / Distribuidora de Carnes Alba.
INSERT INTO INFRA.USUARIOS ( CVE_USUARIO, PASSWORD ) VALUES( 'carnes_alba@yahoo.com.mx', 'ccmx1234' );
INSERT INTO INFRA.REL_ROLES ( CVE_ROL, CVE_USUARIO ) VALUES( 'PyME', 'carnes_alba@yahoo.com.mx' );
INSERT INTO INFRA.PYMES ( ID_USUARIO, ID_USUARIO_PADRE, CORREO_ELECTRONICO, NOMBRE_COMERCIAL ) VALUES( (SELECT ID_USUARIO FROM INFRA.USUARIOS WHERE CVE_USUARIO = 'carnes_alba@yahoo.com.mx'), '1', 'carnes_alba@yahoo.com.mx', 'José Alba Villagómez. / Distribuidora de Carnes Alba.' );
INSERT INTO INFRA.CONTACTOS (ID_USUARIO, TIPO, NOMBRE, APELLIDO_PATERNO, APELLIDO_MATERNO, CORREO_ELECTRONICO, B_PRINCIPAL, TELEFONO) VALUES ( (SELECT ID_USUARIO FROM INFRA.USUARIOS WHERE CVE_USUARIO = 'carnes_alba@yahoo.com.mx'), 'Ventas', 'Mari Carmen', 'Alba', '', 'carnes_alba@yahoo.com.mx', true, '55305689');
INSERT INTO INFRA.REL_PYMES_TRACTORAS ( ID_USUARIO_TRACTORA, ID_USUARIO_PYME) VALUES( (SELECT ID_USUARIO FROM INFRA.TRACTORAS WHERE EMPRESA = 'Palacio De Hierro'), (SELECT ID_USUARIO FROM INFRA.USUARIOS WHERE CVE_USUARIO = 'carnes_alba@yahoo.com.mx') );
INSERT INTO INFRA.CLIENTES ( ID_USUARIO, CLIENTE) VALUES( (SELECT ID_USUARIO FROM INFRA.USUARIOS WHERE CVE_USUARIO = 'carnes_alba@yahoo.com.mx'), 'Palacio De Hierro' );

--Marcos Díaz Apanco. / Seguridad Industrializada Díaz Mexicana.
INSERT INTO INFRA.USUARIOS ( CVE_USUARIO, PASSWORD ) VALUES( 'diazmexicana@yahoo.com.mx', 'ccmx1234' );
INSERT INTO INFRA.REL_ROLES ( CVE_ROL, CVE_USUARIO ) VALUES( 'PyME', 'diazmexicana@yahoo.com.mx' );
INSERT INTO INFRA.PYMES ( ID_USUARIO, ID_USUARIO_PADRE, CORREO_ELECTRONICO, NOMBRE_COMERCIAL ) VALUES( (SELECT ID_USUARIO FROM INFRA.USUARIOS WHERE CVE_USUARIO = 'diazmexicana@yahoo.com.mx'), '1', 'diazmexicana@yahoo.com.mx', 'Marcos Díaz Apanco. / Seguridad Industrializada Díaz Mexicana.' );
INSERT INTO INFRA.CONTACTOS (ID_USUARIO, TIPO, NOMBRE, APELLIDO_PATERNO, APELLIDO_MATERNO, CORREO_ELECTRONICO, B_PRINCIPAL, TELEFONO) VALUES ( (SELECT ID_USUARIO FROM INFRA.USUARIOS WHERE CVE_USUARIO = 'diazmexicana@yahoo.com.mx'), 'Ventas', 'Marcos', 'Díaz', '', 'diazmexicana@yahoo.com.mx', true, '56819988');
INSERT INTO INFRA.REL_PYMES_TRACTORAS ( ID_USUARIO_TRACTORA, ID_USUARIO_PYME) VALUES( (SELECT ID_USUARIO FROM INFRA.TRACTORAS WHERE EMPRESA = 'Palacio De Hierro'), (SELECT ID_USUARIO FROM INFRA.USUARIOS WHERE CVE_USUARIO = 'diazmexicana@yahoo.com.mx') );
INSERT INTO INFRA.CLIENTES ( ID_USUARIO, CLIENTE) VALUES( (SELECT ID_USUARIO FROM INFRA.USUARIOS WHERE CVE_USUARIO = 'diazmexicana@yahoo.com.mx'), 'Palacio De Hierro' );

--Concepto Bevande, S.A. de C.V.
INSERT INTO INFRA.USUARIOS ( CVE_USUARIO, PASSWORD ) VALUES( 'jvillao@gmail.com', 'ccmx1234' );
INSERT INTO INFRA.REL_ROLES ( CVE_ROL, CVE_USUARIO ) VALUES( 'PyME', 'jvillao@gmail.com' );
INSERT INTO INFRA.PYMES ( ID_USUARIO, ID_USUARIO_PADRE, CORREO_ELECTRONICO, NOMBRE_COMERCIAL ) VALUES( (SELECT ID_USUARIO FROM INFRA.USUARIOS WHERE CVE_USUARIO = 'jvillao@gmail.com'), '1', 'jvillao@gmail.com', 'Concepto Bevande, S.A. de C.V.' );
INSERT INTO INFRA.CONTACTOS (ID_USUARIO, TIPO, NOMBRE, APELLIDO_PATERNO, APELLIDO_MATERNO, CORREO_ELECTRONICO, B_PRINCIPAL, TELEFONO) VALUES ( (SELECT ID_USUARIO FROM INFRA.USUARIOS WHERE CVE_USUARIO = 'jvillao@gmail.com'), 'Ventas', 'Jorge', 'Villa', 'Olvera', 'jvillao@gmail.com', true, '52724512');
INSERT INTO INFRA.REL_PYMES_TRACTORAS ( ID_USUARIO_TRACTORA, ID_USUARIO_PYME) VALUES( (SELECT ID_USUARIO FROM INFRA.TRACTORAS WHERE EMPRESA = 'Palacio De Hierro'), (SELECT ID_USUARIO FROM INFRA.USUARIOS WHERE CVE_USUARIO = 'jvillao@gmail.com') );
INSERT INTO INFRA.CLIENTES ( ID_USUARIO, CLIENTE) VALUES( (SELECT ID_USUARIO FROM INFRA.USUARIOS WHERE CVE_USUARIO = 'jvillao@gmail.com'), 'Palacio De Hierro' );

--Jesús Ortega Hernández.
INSERT INTO INFRA.USUARIOS ( CVE_USUARIO, PASSWORD ) VALUES( 'jesus610h@hotmail.com', 'ccmx1234' );
INSERT INTO INFRA.REL_ROLES ( CVE_ROL, CVE_USUARIO ) VALUES( 'PyME', 'jesus610h@hotmail.com' );
INSERT INTO INFRA.PYMES ( ID_USUARIO, ID_USUARIO_PADRE, CORREO_ELECTRONICO, NOMBRE_COMERCIAL ) VALUES( (SELECT ID_USUARIO FROM INFRA.USUARIOS WHERE CVE_USUARIO = 'jesus610h@hotmail.com'), '1', 'jesus610h@hotmail.com', 'Jesús Ortega Hernández.' );
INSERT INTO INFRA.CONTACTOS (ID_USUARIO, TIPO, NOMBRE, APELLIDO_PATERNO, APELLIDO_MATERNO, CORREO_ELECTRONICO, B_PRINCIPAL, TELEFONO) VALUES ( (SELECT ID_USUARIO FROM INFRA.USUARIOS WHERE CVE_USUARIO = 'jesus610h@hotmail.com'), 'Ventas', 'Tsiomara', 'García', '', 'jesus610h@hotmail.com', true, '57509411');
INSERT INTO INFRA.REL_PYMES_TRACTORAS ( ID_USUARIO_TRACTORA, ID_USUARIO_PYME) VALUES( (SELECT ID_USUARIO FROM INFRA.TRACTORAS WHERE EMPRESA = 'Palacio De Hierro'), (SELECT ID_USUARIO FROM INFRA.USUARIOS WHERE CVE_USUARIO = 'jesus610h@hotmail.com') );
INSERT INTO INFRA.CLIENTES ( ID_USUARIO, CLIENTE) VALUES( (SELECT ID_USUARIO FROM INFRA.USUARIOS WHERE CVE_USUARIO = 'jesus610h@hotmail.com'), 'Palacio De Hierro' );

--Francisco Ortiz Huerta. / Embobinado Industrial.
INSERT INTO INFRA.USUARIOS ( CVE_USUARIO, PASSWORD ) VALUES( 'franciscoohuerta12@live.com.mx', 'ccmx1234' );
INSERT INTO INFRA.REL_ROLES ( CVE_ROL, CVE_USUARIO ) VALUES( 'PyME', 'franciscoohuerta12@live.com.mx' );
INSERT INTO INFRA.PYMES ( ID_USUARIO, ID_USUARIO_PADRE, CORREO_ELECTRONICO, NOMBRE_COMERCIAL ) VALUES( (SELECT ID_USUARIO FROM INFRA.USUARIOS WHERE CVE_USUARIO = 'franciscoohuerta12@live.com.mx'), '1', 'franciscoohuerta12@live.com.mx', 'Francisco Ortiz Huerta. / Embobinado Industrial.' );
INSERT INTO INFRA.CONTACTOS (ID_USUARIO, TIPO, NOMBRE, APELLIDO_PATERNO, APELLIDO_MATERNO, CORREO_ELECTRONICO, B_PRINCIPAL, TELEFONO) VALUES ( (SELECT ID_USUARIO FROM INFRA.USUARIOS WHERE CVE_USUARIO = 'franciscoohuerta12@live.com.mx'), 'Ventas', 'Francisco', 'Ortiz', 'Huerta', 'franciscoohuerta12@live.com.mx', true, '57635539');
INSERT INTO INFRA.REL_PYMES_TRACTORAS ( ID_USUARIO_TRACTORA, ID_USUARIO_PYME) VALUES( (SELECT ID_USUARIO FROM INFRA.TRACTORAS WHERE EMPRESA = 'Palacio De Hierro'), (SELECT ID_USUARIO FROM INFRA.USUARIOS WHERE CVE_USUARIO = 'franciscoohuerta12@live.com.mx') );
INSERT INTO INFRA.CLIENTES ( ID_USUARIO, CLIENTE) VALUES( (SELECT ID_USUARIO FROM INFRA.USUARIOS WHERE CVE_USUARIO = 'franciscoohuerta12@live.com.mx'), 'Palacio De Hierro' );

--Reciclajes Correa.
INSERT INTO INFRA.USUARIOS ( CVE_USUARIO, PASSWORD ) VALUES( 'reciclajescorrea@hotmail.com', 'ccmx1234' );
INSERT INTO INFRA.REL_ROLES ( CVE_ROL, CVE_USUARIO ) VALUES( 'PyME', 'reciclajescorrea@hotmail.com' );
INSERT INTO INFRA.PYMES ( ID_USUARIO, ID_USUARIO_PADRE, CORREO_ELECTRONICO, NOMBRE_COMERCIAL ) VALUES( (SELECT ID_USUARIO FROM INFRA.USUARIOS WHERE CVE_USUARIO = 'reciclajescorrea@hotmail.com'), '1', 'reciclajescorrea@hotmail.com', 'Reciclajes Correa.' );
INSERT INTO INFRA.CONTACTOS (ID_USUARIO, TIPO, NOMBRE, APELLIDO_PATERNO, APELLIDO_MATERNO, CORREO_ELECTRONICO, B_PRINCIPAL, TELEFONO) VALUES ( (SELECT ID_USUARIO FROM INFRA.USUARIOS WHERE CVE_USUARIO = 'reciclajescorrea@hotmail.com'), 'Ventas', '', '', '', 'reciclajescorrea@hotmail.com', true, '49924646');
INSERT INTO INFRA.REL_PYMES_TRACTORAS ( ID_USUARIO_TRACTORA, ID_USUARIO_PYME) VALUES( (SELECT ID_USUARIO FROM INFRA.TRACTORAS WHERE EMPRESA = 'Palacio De Hierro'), (SELECT ID_USUARIO FROM INFRA.USUARIOS WHERE CVE_USUARIO = 'reciclajescorrea@hotmail.com') );
INSERT INTO INFRA.CLIENTES ( ID_USUARIO, CLIENTE) VALUES( (SELECT ID_USUARIO FROM INFRA.USUARIOS WHERE CVE_USUARIO = 'reciclajescorrea@hotmail.com'), 'Palacio De Hierro' );

--Marco Antonio Ontiveros Zaragoza. / Automotriz Unión.
INSERT INTO INFRA.USUARIOS ( CVE_USUARIO, PASSWORD ) VALUES( 'automotrizunion@yahoo.com.mx', 'ccmx1234' );
INSERT INTO INFRA.REL_ROLES ( CVE_ROL, CVE_USUARIO ) VALUES( 'PyME', 'automotrizunion@yahoo.com.mx' );
INSERT INTO INFRA.PYMES ( ID_USUARIO, ID_USUARIO_PADRE, CORREO_ELECTRONICO, NOMBRE_COMERCIAL ) VALUES( (SELECT ID_USUARIO FROM INFRA.USUARIOS WHERE CVE_USUARIO = 'automotrizunion@yahoo.com.mx'), '1', 'automotrizunion@yahoo.com.mx', 'Marco Antonio Ontiveros Zaragoza. / Automotriz Unión.' );
INSERT INTO INFRA.CONTACTOS (ID_USUARIO, TIPO, NOMBRE, APELLIDO_PATERNO, APELLIDO_MATERNO, CORREO_ELECTRONICO, B_PRINCIPAL, TELEFONO) VALUES ( (SELECT ID_USUARIO FROM INFRA.USUARIOS WHERE CVE_USUARIO = 'automotrizunion@yahoo.com.mx'), 'Ventas', 'Marco Antonio', 'Ontiveros', 'Zaragoza', 'automotrizunion@yahoo.com.mx', true, '16652857');
INSERT INTO INFRA.REL_PYMES_TRACTORAS ( ID_USUARIO_TRACTORA, ID_USUARIO_PYME) VALUES( (SELECT ID_USUARIO FROM INFRA.TRACTORAS WHERE EMPRESA = 'Palacio De Hierro'), (SELECT ID_USUARIO FROM INFRA.USUARIOS WHERE CVE_USUARIO = 'automotrizunion@yahoo.com.mx') );
INSERT INTO INFRA.CLIENTES ( ID_USUARIO, CLIENTE) VALUES( (SELECT ID_USUARIO FROM INFRA.USUARIOS WHERE CVE_USUARIO = 'automotrizunion@yahoo.com.mx'), 'Palacio De Hierro' );

--Azteca Comestibles, S.A. de C.V.
INSERT INTO INFRA.USUARIOS ( CVE_USUARIO, PASSWORD ) VALUES( 'fernandonava1@hotmail.com', 'ccmx1234' );
INSERT INTO INFRA.REL_ROLES ( CVE_ROL, CVE_USUARIO ) VALUES( 'PyME', 'fernandonava1@hotmail.com' );
INSERT INTO INFRA.PYMES ( ID_USUARIO, ID_USUARIO_PADRE, CORREO_ELECTRONICO, NOMBRE_COMERCIAL ) VALUES( (SELECT ID_USUARIO FROM INFRA.USUARIOS WHERE CVE_USUARIO = 'fernandonava1@hotmail.com'), '1', 'fernandonava1@hotmail.com', 'Azteca Comestibles, S.A. de C.V.' );
INSERT INTO INFRA.CONTACTOS (ID_USUARIO, TIPO, NOMBRE, APELLIDO_PATERNO, APELLIDO_MATERNO, CORREO_ELECTRONICO, B_PRINCIPAL, TELEFONO) VALUES ( (SELECT ID_USUARIO FROM INFRA.USUARIOS WHERE CVE_USUARIO = 'fernandonava1@hotmail.com'), 'Ventas', 'Fernando', 'Nava', 'Castro', 'fernandonava1@hotmail.com', true, '55428906');
INSERT INTO INFRA.REL_PYMES_TRACTORAS ( ID_USUARIO_TRACTORA, ID_USUARIO_PYME) VALUES( (SELECT ID_USUARIO FROM INFRA.TRACTORAS WHERE EMPRESA = 'Palacio De Hierro'), (SELECT ID_USUARIO FROM INFRA.USUARIOS WHERE CVE_USUARIO = 'fernandonava1@hotmail.com') );
INSERT INTO INFRA.CLIENTES ( ID_USUARIO, CLIENTE) VALUES( (SELECT ID_USUARIO FROM INFRA.USUARIOS WHERE CVE_USUARIO = 'fernandonava1@hotmail.com'), 'Palacio De Hierro' );

--Bracken Field & Gossamer, S.C.
INSERT INTO INFRA.USUARIOS ( CVE_USUARIO, PASSWORD ) VALUES( 'auditoria@brackenfield.com', 'ccmx1234' );
INSERT INTO INFRA.REL_ROLES ( CVE_ROL, CVE_USUARIO ) VALUES( 'PyME', 'auditoria@brackenfield.com' );
INSERT INTO INFRA.PYMES ( ID_USUARIO, ID_USUARIO_PADRE, CORREO_ELECTRONICO, NOMBRE_COMERCIAL ) VALUES( (SELECT ID_USUARIO FROM INFRA.USUARIOS WHERE CVE_USUARIO = 'auditoria@brackenfield.com'), '1', 'auditoria@brackenfield.com', 'Bracken Field & Gossamer, S.C.' );
INSERT INTO INFRA.CONTACTOS (ID_USUARIO, TIPO, NOMBRE, APELLIDO_PATERNO, APELLIDO_MATERNO, CORREO_ELECTRONICO, B_PRINCIPAL, TELEFONO) VALUES ( (SELECT ID_USUARIO FROM INFRA.USUARIOS WHERE CVE_USUARIO = 'auditoria@brackenfield.com'), 'Ventas', 'Gerardo', 'Yáñez', 'Orduño', 'auditoria@brackenfield.com', true, '58684233');
INSERT INTO INFRA.REL_PYMES_TRACTORAS ( ID_USUARIO_TRACTORA, ID_USUARIO_PYME) VALUES( (SELECT ID_USUARIO FROM INFRA.TRACTORAS WHERE EMPRESA = 'Palacio De Hierro'), (SELECT ID_USUARIO FROM INFRA.USUARIOS WHERE CVE_USUARIO = 'auditoria@brackenfield.com') );
INSERT INTO INFRA.CLIENTES ( ID_USUARIO, CLIENTE) VALUES( (SELECT ID_USUARIO FROM INFRA.USUARIOS WHERE CVE_USUARIO = 'auditoria@brackenfield.com'), 'Palacio De Hierro' );

--Instalaciones y Reparaciones Electricas.
INSERT INTO INFRA.USUARIOS ( CVE_USUARIO, PASSWORD ) VALUES( 'agujlc@yahoo.com', 'ccmx1234' );
INSERT INTO INFRA.REL_ROLES ( CVE_ROL, CVE_USUARIO ) VALUES( 'PyME', 'agujlc@yahoo.com' );
INSERT INTO INFRA.PYMES ( ID_USUARIO, ID_USUARIO_PADRE, CORREO_ELECTRONICO, NOMBRE_COMERCIAL ) VALUES( (SELECT ID_USUARIO FROM INFRA.USUARIOS WHERE CVE_USUARIO = 'agujlc@yahoo.com'), '1', 'agujlc@yahoo.com', 'Instalaciones y Reparaciones Electricas.' );
INSERT INTO INFRA.CONTACTOS (ID_USUARIO, TIPO, NOMBRE, APELLIDO_PATERNO, APELLIDO_MATERNO, CORREO_ELECTRONICO, B_PRINCIPAL, TELEFONO) VALUES ( (SELECT ID_USUARIO FROM INFRA.USUARIOS WHERE CVE_USUARIO = 'agujlc@yahoo.com'), 'Ventas', 'Jorge', 'Lozano', 'Cuellar', 'agujlc@yahoo.com', true, '7224075125');
INSERT INTO INFRA.REL_PYMES_TRACTORAS ( ID_USUARIO_TRACTORA, ID_USUARIO_PYME) VALUES( (SELECT ID_USUARIO FROM INFRA.TRACTORAS WHERE EMPRESA = 'Palacio De Hierro'), (SELECT ID_USUARIO FROM INFRA.USUARIOS WHERE CVE_USUARIO = 'agujlc@yahoo.com') );
INSERT INTO INFRA.CLIENTES ( ID_USUARIO, CLIENTE) VALUES( (SELECT ID_USUARIO FROM INFRA.USUARIOS WHERE CVE_USUARIO = 'agujlc@yahoo.com'), 'Palacio De Hierro' );

--Anka Sport de México, S. de R.L. de C.V.
INSERT INTO INFRA.USUARIOS ( CVE_USUARIO, PASSWORD ) VALUES( 'info@ankasport.com', 'ccmx1234' );
INSERT INTO INFRA.REL_ROLES ( CVE_ROL, CVE_USUARIO ) VALUES( 'PyME', 'info@ankasport.com' );
INSERT INTO INFRA.PYMES ( ID_USUARIO, ID_USUARIO_PADRE, CORREO_ELECTRONICO, NOMBRE_COMERCIAL ) VALUES( (SELECT ID_USUARIO FROM INFRA.USUARIOS WHERE CVE_USUARIO = 'info@ankasport.com'), '1', 'info@ankasport.com', 'Anka Sport de México, S. de R.L. de C.V.' );
INSERT INTO INFRA.CONTACTOS (ID_USUARIO, TIPO, NOMBRE, APELLIDO_PATERNO, APELLIDO_MATERNO, CORREO_ELECTRONICO, B_PRINCIPAL, TELEFONO) VALUES ( (SELECT ID_USUARIO FROM INFRA.USUARIOS WHERE CVE_USUARIO = 'info@ankasport.com'), 'Ventas', 'Gustavo', 'Vega', '', 'info@ankasport.com', true, '55949405');
INSERT INTO INFRA.REL_PYMES_TRACTORAS ( ID_USUARIO_TRACTORA, ID_USUARIO_PYME) VALUES( (SELECT ID_USUARIO FROM INFRA.TRACTORAS WHERE EMPRESA = 'Palacio De Hierro'), (SELECT ID_USUARIO FROM INFRA.USUARIOS WHERE CVE_USUARIO = 'info@ankasport.com') );
INSERT INTO INFRA.CLIENTES ( ID_USUARIO, CLIENTE) VALUES( (SELECT ID_USUARIO FROM INFRA.USUARIOS WHERE CVE_USUARIO = 'info@ankasport.com'), 'Palacio De Hierro' );

--Ingenieria Integral Internacional, S.A. de C.V.
INSERT INTO INFRA.USUARIOS ( CVE_USUARIO, PASSWORD ) VALUES( 'mhimoriyama@yahoo.com.mx', 'ccmx1234' );
INSERT INTO INFRA.REL_ROLES ( CVE_ROL, CVE_USUARIO ) VALUES( 'PyME', 'mhimoriyama@yahoo.com.mx' );
INSERT INTO INFRA.PYMES ( ID_USUARIO, ID_USUARIO_PADRE, CORREO_ELECTRONICO, NOMBRE_COMERCIAL ) VALUES( (SELECT ID_USUARIO FROM INFRA.USUARIOS WHERE CVE_USUARIO = 'mhimoriyama@yahoo.com.mx'), '1', 'mhimoriyama@yahoo.com.mx', 'Ingenieria Integral Internacional, S.A. de C.V.' );
INSERT INTO INFRA.CONTACTOS (ID_USUARIO, TIPO, NOMBRE, APELLIDO_PATERNO, APELLIDO_MATERNO, CORREO_ELECTRONICO, B_PRINCIPAL, TELEFONO) VALUES ( (SELECT ID_USUARIO FROM INFRA.USUARIOS WHERE CVE_USUARIO = 'mhimoriyama@yahoo.com.mx'), 'Ventas', 'Humberto', 'Mori', '', 'mhimoriyama@yahoo.com.mx', true, '53938440');
INSERT INTO INFRA.REL_PYMES_TRACTORAS ( ID_USUARIO_TRACTORA, ID_USUARIO_PYME) VALUES( (SELECT ID_USUARIO FROM INFRA.TRACTORAS WHERE EMPRESA = 'Palacio De Hierro'), (SELECT ID_USUARIO FROM INFRA.USUARIOS WHERE CVE_USUARIO = 'mhimoriyama@yahoo.com.mx') );
INSERT INTO INFRA.CLIENTES ( ID_USUARIO, CLIENTE) VALUES( (SELECT ID_USUARIO FROM INFRA.USUARIOS WHERE CVE_USUARIO = 'mhimoriyama@yahoo.com.mx'), 'Palacio De Hierro' );

--Visto Promocionales VPC, S.A. de C.V.
INSERT INTO INFRA.USUARIOS ( CVE_USUARIO, PASSWORD ) VALUES( 'rociohernandez.visto@gmail.com', 'ccmx1234' );
INSERT INTO INFRA.REL_ROLES ( CVE_ROL, CVE_USUARIO ) VALUES( 'PyME', 'rociohernandez.visto@gmail.com' );
INSERT INTO INFRA.PYMES ( ID_USUARIO, ID_USUARIO_PADRE, CORREO_ELECTRONICO, NOMBRE_COMERCIAL ) VALUES( (SELECT ID_USUARIO FROM INFRA.USUARIOS WHERE CVE_USUARIO = 'rociohernandez.visto@gmail.com'), '1', 'rociohernandez.visto@gmail.com', 'Visto Promocionales VPC, S.A. de C.V.' );
INSERT INTO INFRA.CONTACTOS (ID_USUARIO, TIPO, NOMBRE, APELLIDO_PATERNO, APELLIDO_MATERNO, CORREO_ELECTRONICO, B_PRINCIPAL, TELEFONO) VALUES ( (SELECT ID_USUARIO FROM INFRA.USUARIOS WHERE CVE_USUARIO = 'rociohernandez.visto@gmail.com'), 'Ventas', 'Carlos', 'Lomeli', '', 'rociohernandez.visto@gmail.com', true, '26405093');
INSERT INTO INFRA.REL_PYMES_TRACTORAS ( ID_USUARIO_TRACTORA, ID_USUARIO_PYME) VALUES( (SELECT ID_USUARIO FROM INFRA.TRACTORAS WHERE EMPRESA = 'Palacio De Hierro'), (SELECT ID_USUARIO FROM INFRA.USUARIOS WHERE CVE_USUARIO = 'rociohernandez.visto@gmail.com') );
INSERT INTO INFRA.CLIENTES ( ID_USUARIO, CLIENTE) VALUES( (SELECT ID_USUARIO FROM INFRA.USUARIOS WHERE CVE_USUARIO = 'rociohernandez.visto@gmail.com'), 'Palacio De Hierro' );

--Grupo EME Serlin
INSERT INTO INFRA.USUARIOS ( CVE_USUARIO, PASSWORD ) VALUES( 'mserlin@prodigy.net.mx', 'ccmx1234' );
INSERT INTO INFRA.REL_ROLES ( CVE_ROL, CVE_USUARIO ) VALUES( 'PyME', 'mserlin@prodigy.net.mx' );
INSERT INTO INFRA.PYMES ( ID_USUARIO, ID_USUARIO_PADRE, CORREO_ELECTRONICO, NOMBRE_COMERCIAL ) VALUES( (SELECT ID_USUARIO FROM INFRA.USUARIOS WHERE CVE_USUARIO = 'mserlin@prodigy.net.mx'), '1', 'mserlin@prodigy.net.mx', 'Grupo EME Serlin' );
INSERT INTO INFRA.CONTACTOS (ID_USUARIO, TIPO, NOMBRE, APELLIDO_PATERNO, APELLIDO_MATERNO, CORREO_ELECTRONICO, B_PRINCIPAL, TELEFONO) VALUES ( (SELECT ID_USUARIO FROM INFRA.USUARIOS WHERE CVE_USUARIO = 'mserlin@prodigy.net.mx'), 'Ventas', 'Wendy', 'Cortes', '', 'mserlin@prodigy.net.mx', true, '53673158');
INSERT INTO INFRA.REL_PYMES_TRACTORAS ( ID_USUARIO_TRACTORA, ID_USUARIO_PYME) VALUES( (SELECT ID_USUARIO FROM INFRA.TRACTORAS WHERE EMPRESA = 'Palacio De Hierro'), (SELECT ID_USUARIO FROM INFRA.USUARIOS WHERE CVE_USUARIO = 'mserlin@prodigy.net.mx') );
INSERT INTO INFRA.CLIENTES ( ID_USUARIO, CLIENTE) VALUES( (SELECT ID_USUARIO FROM INFRA.USUARIOS WHERE CVE_USUARIO = 'mserlin@prodigy.net.mx'), 'Palacio De Hierro' );

--Abasto Básico, S.A. de C.V.
INSERT INTO INFRA.USUARIOS ( CVE_USUARIO, PASSWORD ) VALUES( 'jmacias@abastobasico.com', 'ccmx1234' );
INSERT INTO INFRA.REL_ROLES ( CVE_ROL, CVE_USUARIO ) VALUES( 'PyME', 'jmacias@abastobasico.com' );
INSERT INTO INFRA.PYMES ( ID_USUARIO, ID_USUARIO_PADRE, CORREO_ELECTRONICO, NOMBRE_COMERCIAL ) VALUES( (SELECT ID_USUARIO FROM INFRA.USUARIOS WHERE CVE_USUARIO = 'jmacias@abastobasico.com'), '1', 'jmacias@abastobasico.com', 'Abasto Básico, S.A. de C.V.' );
INSERT INTO INFRA.CONTACTOS (ID_USUARIO, TIPO, NOMBRE, APELLIDO_PATERNO, APELLIDO_MATERNO, CORREO_ELECTRONICO, B_PRINCIPAL, TELEFONO) VALUES ( (SELECT ID_USUARIO FROM INFRA.USUARIOS WHERE CVE_USUARIO = 'jmacias@abastobasico.com'), 'Ventas', 'Juan Carlos', 'Martinez', 'M', 'jmacias@abastobasico.com', true, '41965000');
INSERT INTO INFRA.REL_PYMES_TRACTORAS ( ID_USUARIO_TRACTORA, ID_USUARIO_PYME) VALUES( (SELECT ID_USUARIO FROM INFRA.TRACTORAS WHERE EMPRESA = 'Palacio De Hierro'), (SELECT ID_USUARIO FROM INFRA.USUARIOS WHERE CVE_USUARIO = 'jmacias@abastobasico.com') );
INSERT INTO INFRA.CLIENTES ( ID_USUARIO, CLIENTE) VALUES( (SELECT ID_USUARIO FROM INFRA.USUARIOS WHERE CVE_USUARIO = 'jmacias@abastobasico.com'), 'Palacio De Hierro' );

--Victor Manuel Alfonso Querejeta Villagomez.
INSERT INTO INFRA.USUARIOS ( CVE_USUARIO, PASSWORD ) VALUES( 'yquerejet@hotmail.com', 'ccmx1234' );
INSERT INTO INFRA.REL_ROLES ( CVE_ROL, CVE_USUARIO ) VALUES( 'PyME', 'yquerejet@hotmail.com' );
INSERT INTO INFRA.PYMES ( ID_USUARIO, ID_USUARIO_PADRE, CORREO_ELECTRONICO, NOMBRE_COMERCIAL ) VALUES( (SELECT ID_USUARIO FROM INFRA.USUARIOS WHERE CVE_USUARIO = 'yquerejet@hotmail.com'), '1', 'yquerejet@hotmail.com', 'Victor Manuel Alfonso Querejeta Villagomez.' );
INSERT INTO INFRA.CONTACTOS (ID_USUARIO, TIPO, NOMBRE, APELLIDO_PATERNO, APELLIDO_MATERNO, CORREO_ELECTRONICO, B_PRINCIPAL, TELEFONO) VALUES ( (SELECT ID_USUARIO FROM INFRA.USUARIOS WHERE CVE_USUARIO = 'yquerejet@hotmail.com'), 'Ventas', 'Victor Manuel Alfonso', 'Querejeta', 'Villagomez', 'yquerejet@hotmail.com', true, '52712905');
INSERT INTO INFRA.REL_PYMES_TRACTORAS ( ID_USUARIO_TRACTORA, ID_USUARIO_PYME) VALUES( (SELECT ID_USUARIO FROM INFRA.TRACTORAS WHERE EMPRESA = 'Palacio De Hierro'), (SELECT ID_USUARIO FROM INFRA.USUARIOS WHERE CVE_USUARIO = 'yquerejet@hotmail.com') );
INSERT INTO INFRA.CLIENTES ( ID_USUARIO, CLIENTE) VALUES( (SELECT ID_USUARIO FROM INFRA.USUARIOS WHERE CVE_USUARIO = 'yquerejet@hotmail.com'), 'Palacio De Hierro' );

--Servicio e Instalación de Fabrica, S.A. de C.V.
INSERT INTO INFRA.USUARIOS ( CVE_USUARIO, PASSWORD ) VALUES( 'sifa.mexico@prodigy.net.mx', 'ccmx1234' );
INSERT INTO INFRA.REL_ROLES ( CVE_ROL, CVE_USUARIO ) VALUES( 'PyME', 'sifa.mexico@prodigy.net.mx' );
INSERT INTO INFRA.PYMES ( ID_USUARIO, ID_USUARIO_PADRE, CORREO_ELECTRONICO, NOMBRE_COMERCIAL ) VALUES( (SELECT ID_USUARIO FROM INFRA.USUARIOS WHERE CVE_USUARIO = 'sifa.mexico@prodigy.net.mx'), '1', 'sifa.mexico@prodigy.net.mx', 'Servicio e Instalación de Fabrica, S.A. de C.V.' );
INSERT INTO INFRA.CONTACTOS (ID_USUARIO, TIPO, NOMBRE, APELLIDO_PATERNO, APELLIDO_MATERNO, CORREO_ELECTRONICO, B_PRINCIPAL, TELEFONO) VALUES ( (SELECT ID_USUARIO FROM INFRA.USUARIOS WHERE CVE_USUARIO = 'sifa.mexico@prodigy.net.mx'), 'Ventas', 'Fernando', 'Díaz', 'Vargas', 'sifa.mexico@prodigy.net.mx', true, '5555351407');
INSERT INTO INFRA.REL_PYMES_TRACTORAS ( ID_USUARIO_TRACTORA, ID_USUARIO_PYME) VALUES( (SELECT ID_USUARIO FROM INFRA.TRACTORAS WHERE EMPRESA = 'Palacio De Hierro'), (SELECT ID_USUARIO FROM INFRA.USUARIOS WHERE CVE_USUARIO = 'sifa.mexico@prodigy.net.mx') );
INSERT INTO INFRA.CLIENTES ( ID_USUARIO, CLIENTE) VALUES( (SELECT ID_USUARIO FROM INFRA.USUARIOS WHERE CVE_USUARIO = 'sifa.mexico@prodigy.net.mx'), 'Palacio De Hierro' );

--Jomtel Telecomunicaciones, S.A. de C.V.
INSERT INTO INFRA.USUARIOS ( CVE_USUARIO, PASSWORD ) VALUES( 'jmorera@hotmail.com', 'ccmx1234' );
INSERT INTO INFRA.REL_ROLES ( CVE_ROL, CVE_USUARIO ) VALUES( 'PyME', 'jmorera@hotmail.com' );
INSERT INTO INFRA.PYMES ( ID_USUARIO, ID_USUARIO_PADRE, CORREO_ELECTRONICO, NOMBRE_COMERCIAL ) VALUES( (SELECT ID_USUARIO FROM INFRA.USUARIOS WHERE CVE_USUARIO = 'jmorera@hotmail.com'), '1', 'jmorera@hotmail.com', 'Jomtel Telecomunicaciones, S.A. de C.V.' );
INSERT INTO INFRA.CONTACTOS (ID_USUARIO, TIPO, NOMBRE, APELLIDO_PATERNO, APELLIDO_MATERNO, CORREO_ELECTRONICO, B_PRINCIPAL, TELEFONO) VALUES ( (SELECT ID_USUARIO FROM INFRA.USUARIOS WHERE CVE_USUARIO = 'jmorera@hotmail.com'), 'Ventas', 'Jorge', 'Morera', 'Angulo', 'jmorera@hotmail.com', true, '5558220222');
INSERT INTO INFRA.REL_PYMES_TRACTORAS ( ID_USUARIO_TRACTORA, ID_USUARIO_PYME) VALUES( (SELECT ID_USUARIO FROM INFRA.TRACTORAS WHERE EMPRESA = 'Palacio De Hierro'), (SELECT ID_USUARIO FROM INFRA.USUARIOS WHERE CVE_USUARIO = 'jmorera@hotmail.com') );
INSERT INTO INFRA.CLIENTES ( ID_USUARIO, CLIENTE) VALUES( (SELECT ID_USUARIO FROM INFRA.USUARIOS WHERE CVE_USUARIO = 'jmorera@hotmail.com'), 'Palacio De Hierro' );

--Alejandro Enriquez Larrondo. / T. Nutren
INSERT INTO INFRA.USUARIOS ( CVE_USUARIO, PASSWORD ) VALUES( 'claudiael@prodigy.net.mx', 'ccmx1234' );
INSERT INTO INFRA.REL_ROLES ( CVE_ROL, CVE_USUARIO ) VALUES( 'PyME', 'claudiael@prodigy.net.mx' );
INSERT INTO INFRA.PYMES ( ID_USUARIO, ID_USUARIO_PADRE, CORREO_ELECTRONICO, NOMBRE_COMERCIAL ) VALUES( (SELECT ID_USUARIO FROM INFRA.USUARIOS WHERE CVE_USUARIO = 'claudiael@prodigy.net.mx'), '1', 'claudiael@prodigy.net.mx', 'Alejandro Enriquez Larrondo. / T. Nutren' );
INSERT INTO INFRA.CONTACTOS (ID_USUARIO, TIPO, NOMBRE, APELLIDO_PATERNO, APELLIDO_MATERNO, CORREO_ELECTRONICO, B_PRINCIPAL, TELEFONO) VALUES ( (SELECT ID_USUARIO FROM INFRA.USUARIOS WHERE CVE_USUARIO = 'claudiael@prodigy.net.mx'), 'Ventas', 'Claudia', 'Enriquez', '', 'claudiael@prodigy.net.mx', true, '56604586');
INSERT INTO INFRA.REL_PYMES_TRACTORAS ( ID_USUARIO_TRACTORA, ID_USUARIO_PYME) VALUES( (SELECT ID_USUARIO FROM INFRA.TRACTORAS WHERE EMPRESA = 'Palacio De Hierro'), (SELECT ID_USUARIO FROM INFRA.USUARIOS WHERE CVE_USUARIO = 'claudiael@prodigy.net.mx') );
INSERT INTO INFRA.CLIENTES ( ID_USUARIO, CLIENTE) VALUES( (SELECT ID_USUARIO FROM INFRA.USUARIOS WHERE CVE_USUARIO = 'claudiael@prodigy.net.mx'), 'Palacio De Hierro' );

--All Thermal System, S.A. de C.V.
INSERT INTO INFRA.USUARIOS ( CVE_USUARIO, PASSWORD ) VALUES( 'ingreyes00@prodigy.net.mx', 'ccmx1234' );
INSERT INTO INFRA.REL_ROLES ( CVE_ROL, CVE_USUARIO ) VALUES( 'PyME', 'ingreyes00@prodigy.net.mx' );
INSERT INTO INFRA.PYMES ( ID_USUARIO, ID_USUARIO_PADRE, CORREO_ELECTRONICO, NOMBRE_COMERCIAL ) VALUES( (SELECT ID_USUARIO FROM INFRA.USUARIOS WHERE CVE_USUARIO = 'ingreyes00@prodigy.net.mx'), '1', 'ingreyes00@prodigy.net.mx', 'All Thermal System, S.A. de C.V.' );
INSERT INTO INFRA.CONTACTOS (ID_USUARIO, TIPO, NOMBRE, APELLIDO_PATERNO, APELLIDO_MATERNO, CORREO_ELECTRONICO, B_PRINCIPAL, TELEFONO) VALUES ( (SELECT ID_USUARIO FROM INFRA.USUARIOS WHERE CVE_USUARIO = 'ingreyes00@prodigy.net.mx'), 'Ventas', 'Martin', 'Reyes', 'García', 'ingreyes00@prodigy.net.mx', true, '5555144643');
INSERT INTO INFRA.REL_PYMES_TRACTORAS ( ID_USUARIO_TRACTORA, ID_USUARIO_PYME) VALUES( (SELECT ID_USUARIO FROM INFRA.TRACTORAS WHERE EMPRESA = 'Palacio De Hierro'), (SELECT ID_USUARIO FROM INFRA.USUARIOS WHERE CVE_USUARIO = 'ingreyes00@prodigy.net.mx') );
INSERT INTO INFRA.CLIENTES ( ID_USUARIO, CLIENTE) VALUES( (SELECT ID_USUARIO FROM INFRA.USUARIOS WHERE CVE_USUARIO = 'ingreyes00@prodigy.net.mx'), 'Palacio De Hierro' );

--Corporación Integral de Mantenimiento, S.A. de C.V.
INSERT INTO INFRA.USUARIOS ( CVE_USUARIO, PASSWORD ) VALUES( 'cimsa77@gmail.com', 'ccmx1234' );
INSERT INTO INFRA.REL_ROLES ( CVE_ROL, CVE_USUARIO ) VALUES( 'PyME', 'cimsa77@gmail.com' );
INSERT INTO INFRA.PYMES ( ID_USUARIO, ID_USUARIO_PADRE, CORREO_ELECTRONICO, NOMBRE_COMERCIAL ) VALUES( (SELECT ID_USUARIO FROM INFRA.USUARIOS WHERE CVE_USUARIO = 'cimsa77@gmail.com'), '1', 'cimsa77@gmail.com', 'Corporación Integral de Mantenimiento, S.A. de C.V.' );
INSERT INTO INFRA.CONTACTOS (ID_USUARIO, TIPO, NOMBRE, APELLIDO_PATERNO, APELLIDO_MATERNO, CORREO_ELECTRONICO, B_PRINCIPAL, TELEFONO) VALUES ( (SELECT ID_USUARIO FROM INFRA.USUARIOS WHERE CVE_USUARIO = 'cimsa77@gmail.com'), 'Ventas', 'Marcos', 'Galicia', 'Villegal', 'cimsa77@gmail.com', true, '24586096');
INSERT INTO INFRA.REL_PYMES_TRACTORAS ( ID_USUARIO_TRACTORA, ID_USUARIO_PYME) VALUES( (SELECT ID_USUARIO FROM INFRA.TRACTORAS WHERE EMPRESA = 'Palacio De Hierro'), (SELECT ID_USUARIO FROM INFRA.USUARIOS WHERE CVE_USUARIO = 'cimsa77@gmail.com') );
INSERT INTO INFRA.CLIENTES ( ID_USUARIO, CLIENTE) VALUES( (SELECT ID_USUARIO FROM INFRA.USUARIOS WHERE CVE_USUARIO = 'cimsa77@gmail.com'), 'Palacio De Hierro' );

--Miguel Ángel Velázquez Romero. / (DISTEC)
INSERT INTO INFRA.USUARIOS ( CVE_USUARIO, PASSWORD ) VALUES( 'marcobarrera80@hotmail.com', 'ccmx1234' );
INSERT INTO INFRA.REL_ROLES ( CVE_ROL, CVE_USUARIO ) VALUES( 'PyME', 'marcobarrera80@hotmail.com' );
INSERT INTO INFRA.PYMES ( ID_USUARIO, ID_USUARIO_PADRE, CORREO_ELECTRONICO, NOMBRE_COMERCIAL ) VALUES( (SELECT ID_USUARIO FROM INFRA.USUARIOS WHERE CVE_USUARIO = 'marcobarrera80@hotmail.com'), '1', 'marcobarrera80@hotmail.com', 'Miguel Ángel Velázquez Romero. / (DISTEC)' );
INSERT INTO INFRA.CONTACTOS (ID_USUARIO, TIPO, NOMBRE, APELLIDO_PATERNO, APELLIDO_MATERNO, CORREO_ELECTRONICO, B_PRINCIPAL, TELEFONO) VALUES ( (SELECT ID_USUARIO FROM INFRA.USUARIOS WHERE CVE_USUARIO = 'marcobarrera80@hotmail.com'), 'Ventas', 'Marco Antonio', 'Barrera', 'Jaramillo', 'marcobarrera80@hotmail.com', true, '50095487');
INSERT INTO INFRA.REL_PYMES_TRACTORAS ( ID_USUARIO_TRACTORA, ID_USUARIO_PYME) VALUES( (SELECT ID_USUARIO FROM INFRA.TRACTORAS WHERE EMPRESA = 'Palacio De Hierro'), (SELECT ID_USUARIO FROM INFRA.USUARIOS WHERE CVE_USUARIO = 'marcobarrera80@hotmail.com') );
INSERT INTO INFRA.CLIENTES ( ID_USUARIO, CLIENTE) VALUES( (SELECT ID_USUARIO FROM INFRA.USUARIOS WHERE CVE_USUARIO = 'marcobarrera80@hotmail.com'), 'Palacio De Hierro' );

--Sara Yánez Hernández. / (Delizia Food Service)
INSERT INTO INFRA.USUARIOS ( CVE_USUARIO, PASSWORD ) VALUES( 'deliziafoodservice@gmx.net', 'ccmx1234' );
INSERT INTO INFRA.REL_ROLES ( CVE_ROL, CVE_USUARIO ) VALUES( 'PyME', 'deliziafoodservice@gmx.net' );
INSERT INTO INFRA.PYMES ( ID_USUARIO, ID_USUARIO_PADRE, CORREO_ELECTRONICO, NOMBRE_COMERCIAL ) VALUES( (SELECT ID_USUARIO FROM INFRA.USUARIOS WHERE CVE_USUARIO = 'deliziafoodservice@gmx.net'), '1', 'deliziafoodservice@gmx.net', 'Sara Yánez Hernández. / (Delizia Food Service)' );
INSERT INTO INFRA.CONTACTOS (ID_USUARIO, TIPO, NOMBRE, APELLIDO_PATERNO, APELLIDO_MATERNO, CORREO_ELECTRONICO, B_PRINCIPAL, TELEFONO) VALUES ( (SELECT ID_USUARIO FROM INFRA.USUARIOS WHERE CVE_USUARIO = 'deliziafoodservice@gmx.net'), 'Ventas', 'Urs', 'Batzberger', '', 'deliziafoodservice@gmx.net', true, '5556857637');
INSERT INTO INFRA.REL_PYMES_TRACTORAS ( ID_USUARIO_TRACTORA, ID_USUARIO_PYME) VALUES( (SELECT ID_USUARIO FROM INFRA.TRACTORAS WHERE EMPRESA = 'Palacio De Hierro'), (SELECT ID_USUARIO FROM INFRA.USUARIOS WHERE CVE_USUARIO = 'deliziafoodservice@gmx.net') );
INSERT INTO INFRA.CLIENTES ( ID_USUARIO, CLIENTE) VALUES( (SELECT ID_USUARIO FROM INFRA.USUARIOS WHERE CVE_USUARIO = 'deliziafoodservice@gmx.net'), 'Palacio De Hierro' );

--Marisol Torres Hernández.
INSERT INTO INFRA.USUARIOS ( CVE_USUARIO, PASSWORD ) VALUES( 'ventas@gomeztagle.com', 'ccmx1234' );
INSERT INTO INFRA.REL_ROLES ( CVE_ROL, CVE_USUARIO ) VALUES( 'PyME', 'ventas@gomeztagle.com' );
INSERT INTO INFRA.PYMES ( ID_USUARIO, ID_USUARIO_PADRE, CORREO_ELECTRONICO, NOMBRE_COMERCIAL ) VALUES( (SELECT ID_USUARIO FROM INFRA.USUARIOS WHERE CVE_USUARIO = 'ventas@gomeztagle.com'), '1', 'ventas@gomeztagle.com', 'Marisol Torres Hernández.' );
INSERT INTO INFRA.CONTACTOS (ID_USUARIO, TIPO, NOMBRE, APELLIDO_PATERNO, APELLIDO_MATERNO, CORREO_ELECTRONICO, B_PRINCIPAL, TELEFONO) VALUES ( (SELECT ID_USUARIO FROM INFRA.USUARIOS WHERE CVE_USUARIO = 'ventas@gomeztagle.com'), 'Ventas', 'Lyzett Gómez', 'Tagle', 'Cañas', 'ventas@gomeztagle.com', true, '57571789');
INSERT INTO INFRA.REL_PYMES_TRACTORAS ( ID_USUARIO_TRACTORA, ID_USUARIO_PYME) VALUES( (SELECT ID_USUARIO FROM INFRA.TRACTORAS WHERE EMPRESA = 'Palacio De Hierro'), (SELECT ID_USUARIO FROM INFRA.USUARIOS WHERE CVE_USUARIO = 'ventas@gomeztagle.com') );
INSERT INTO INFRA.CLIENTES ( ID_USUARIO, CLIENTE) VALUES( (SELECT ID_USUARIO FROM INFRA.USUARIOS WHERE CVE_USUARIO = 'ventas@gomeztagle.com'), 'Palacio De Hierro' );

--Dinámica Alimenticia Profesional, S.A. de C.V.
INSERT INTO INFRA.USUARIOS ( CVE_USUARIO, PASSWORD ) VALUES( 'joper@dapsadistribucion.com.mx', 'ccmx1234' );
INSERT INTO INFRA.REL_ROLES ( CVE_ROL, CVE_USUARIO ) VALUES( 'PyME', 'joper@dapsadistribucion.com.mx' );
INSERT INTO INFRA.PYMES ( ID_USUARIO, ID_USUARIO_PADRE, CORREO_ELECTRONICO, NOMBRE_COMERCIAL ) VALUES( (SELECT ID_USUARIO FROM INFRA.USUARIOS WHERE CVE_USUARIO = 'joper@dapsadistribucion.com.mx'), '1', 'joper@dapsadistribucion.com.mx', 'Dinámica Alimenticia Profesional, S.A. de C.V.' );
INSERT INTO INFRA.CONTACTOS (ID_USUARIO, TIPO, NOMBRE, APELLIDO_PATERNO, APELLIDO_MATERNO, CORREO_ELECTRONICO, B_PRINCIPAL, TELEFONO) VALUES ( (SELECT ID_USUARIO FROM INFRA.USUARIOS WHERE CVE_USUARIO = 'joper@dapsadistribucion.com.mx'), 'Ventas', 'Ángel Gabriel', 'Peralta', 'Cruz', 'joper@dapsadistribucion.com.mx', true, '5554899192');
INSERT INTO INFRA.REL_PYMES_TRACTORAS ( ID_USUARIO_TRACTORA, ID_USUARIO_PYME) VALUES( (SELECT ID_USUARIO FROM INFRA.TRACTORAS WHERE EMPRESA = 'Palacio De Hierro'), (SELECT ID_USUARIO FROM INFRA.USUARIOS WHERE CVE_USUARIO = 'joper@dapsadistribucion.com.mx') );
INSERT INTO INFRA.CLIENTES ( ID_USUARIO, CLIENTE) VALUES( (SELECT ID_USUARIO FROM INFRA.USUARIOS WHERE CVE_USUARIO = 'joper@dapsadistribucion.com.mx'), 'Palacio De Hierro' );

--Ma. Guadalupe Martínez Hernández.
INSERT INTO INFRA.USUARIOS ( CVE_USUARIO, PASSWORD ) VALUES( 'check57@msn.com', 'ccmx1234' );
INSERT INTO INFRA.REL_ROLES ( CVE_ROL, CVE_USUARIO ) VALUES( 'PyME', 'check57@msn.com' );
INSERT INTO INFRA.PYMES ( ID_USUARIO, ID_USUARIO_PADRE, CORREO_ELECTRONICO, NOMBRE_COMERCIAL ) VALUES( (SELECT ID_USUARIO FROM INFRA.USUARIOS WHERE CVE_USUARIO = 'check57@msn.com'), '1', 'check57@msn.com', 'Ma. Guadalupe Martínez Hernández.' );
INSERT INTO INFRA.CONTACTOS (ID_USUARIO, TIPO, NOMBRE, APELLIDO_PATERNO, APELLIDO_MATERNO, CORREO_ELECTRONICO, B_PRINCIPAL, TELEFONO) VALUES ( (SELECT ID_USUARIO FROM INFRA.USUARIOS WHERE CVE_USUARIO = 'check57@msn.com'), 'Ventas', 'Ma. Guadalupe', 'Martínez', 'Hernández', 'check57@msn.com', true, '59946002');
INSERT INTO INFRA.REL_PYMES_TRACTORAS ( ID_USUARIO_TRACTORA, ID_USUARIO_PYME) VALUES( (SELECT ID_USUARIO FROM INFRA.TRACTORAS WHERE EMPRESA = 'Palacio De Hierro'), (SELECT ID_USUARIO FROM INFRA.USUARIOS WHERE CVE_USUARIO = 'check57@msn.com') );
INSERT INTO INFRA.CLIENTES ( ID_USUARIO, CLIENTE) VALUES( (SELECT ID_USUARIO FROM INFRA.USUARIOS WHERE CVE_USUARIO = 'check57@msn.com'), 'Palacio De Hierro' );

--Grupo Sedas Cataluña, S.A. de C.V. / Víctor Manuel Serrano Tello.
INSERT INTO INFRA.USUARIOS ( CVE_USUARIO, PASSWORD ) VALUES( 'vicserrano_t@yahoo.com.mx', 'ccmx1234' );
INSERT INTO INFRA.REL_ROLES ( CVE_ROL, CVE_USUARIO ) VALUES( 'PyME', 'vicserrano_t@yahoo.com.mx' );
INSERT INTO INFRA.PYMES ( ID_USUARIO, ID_USUARIO_PADRE, CORREO_ELECTRONICO, NOMBRE_COMERCIAL ) VALUES( (SELECT ID_USUARIO FROM INFRA.USUARIOS WHERE CVE_USUARIO = 'vicserrano_t@yahoo.com.mx'), '1', 'vicserrano_t@yahoo.com.mx', 'Grupo Sedas Cataluña, S.A. de C.V. / Víctor Manuel Serrano Tello.' );
INSERT INTO INFRA.CONTACTOS (ID_USUARIO, TIPO, NOMBRE, APELLIDO_PATERNO, APELLIDO_MATERNO, CORREO_ELECTRONICO, B_PRINCIPAL, TELEFONO) VALUES ( (SELECT ID_USUARIO FROM INFRA.USUARIOS WHERE CVE_USUARIO = 'vicserrano_t@yahoo.com.mx'), 'Ventas', 'Carlos', 'Kuri', 'Slim', 'vicserrano_t@yahoo.com.mx', true, '57580470');
INSERT INTO INFRA.REL_PYMES_TRACTORAS ( ID_USUARIO_TRACTORA, ID_USUARIO_PYME) VALUES( (SELECT ID_USUARIO FROM INFRA.TRACTORAS WHERE EMPRESA = 'Palacio De Hierro'), (SELECT ID_USUARIO FROM INFRA.USUARIOS WHERE CVE_USUARIO = 'vicserrano_t@yahoo.com.mx') );
INSERT INTO INFRA.CLIENTES ( ID_USUARIO, CLIENTE) VALUES( (SELECT ID_USUARIO FROM INFRA.USUARIOS WHERE CVE_USUARIO = 'vicserrano_t@yahoo.com.mx'), 'Palacio De Hierro' );

--Grupo Alpromex S.A. de C.V.
INSERT INTO INFRA.USUARIOS ( CVE_USUARIO, PASSWORD ) VALUES( 'jrm@alpromex.com', 'ccmx1234' );
INSERT INTO INFRA.REL_ROLES ( CVE_ROL, CVE_USUARIO ) VALUES( 'PyME', 'jrm@alpromex.com' );
INSERT INTO INFRA.PYMES ( ID_USUARIO, ID_USUARIO_PADRE, CORREO_ELECTRONICO, NOMBRE_COMERCIAL ) VALUES( (SELECT ID_USUARIO FROM INFRA.USUARIOS WHERE CVE_USUARIO = 'jrm@alpromex.com'), '1', 'jrm@alpromex.com', 'Grupo Alpromex S.A. de C.V.' );
INSERT INTO INFRA.CONTACTOS (ID_USUARIO, TIPO, NOMBRE, APELLIDO_PATERNO, APELLIDO_MATERNO, CORREO_ELECTRONICO, B_PRINCIPAL, TELEFONO) VALUES ( (SELECT ID_USUARIO FROM INFRA.USUARIOS WHERE CVE_USUARIO = 'jrm@alpromex.com'), 'Ventas', 'Jorge', 'Rodríguez', 'Madrid', 'jrm@alpromex.com', true, '25950170');
INSERT INTO INFRA.REL_PYMES_TRACTORAS ( ID_USUARIO_TRACTORA, ID_USUARIO_PYME) VALUES( (SELECT ID_USUARIO FROM INFRA.TRACTORAS WHERE EMPRESA = 'Palacio De Hierro'), (SELECT ID_USUARIO FROM INFRA.USUARIOS WHERE CVE_USUARIO = 'jrm@alpromex.com') );
INSERT INTO INFRA.CLIENTES ( ID_USUARIO, CLIENTE) VALUES( (SELECT ID_USUARIO FROM INFRA.USUARIOS WHERE CVE_USUARIO = 'jrm@alpromex.com'), 'Palacio De Hierro' );

--Gabriela Rojo Castro. / Diseño Display.
INSERT INTO INFRA.USUARIOS ( CVE_USUARIO, PASSWORD ) VALUES( 'gabriela.rojo@disenodisplay.com', 'ccmx1234' );
INSERT INTO INFRA.REL_ROLES ( CVE_ROL, CVE_USUARIO ) VALUES( 'PyME', 'gabriela.rojo@disenodisplay.com' );
INSERT INTO INFRA.PYMES ( ID_USUARIO, ID_USUARIO_PADRE, CORREO_ELECTRONICO, NOMBRE_COMERCIAL ) VALUES( (SELECT ID_USUARIO FROM INFRA.USUARIOS WHERE CVE_USUARIO = 'gabriela.rojo@disenodisplay.com'), '1', 'gabriela.rojo@disenodisplay.com', 'Gabriela Rojo Castro. / Diseño Display.' );
INSERT INTO INFRA.CONTACTOS (ID_USUARIO, TIPO, NOMBRE, APELLIDO_PATERNO, APELLIDO_MATERNO, CORREO_ELECTRONICO, B_PRINCIPAL, TELEFONO) VALUES ( (SELECT ID_USUARIO FROM INFRA.USUARIOS WHERE CVE_USUARIO = 'gabriela.rojo@disenodisplay.com'), 'Ventas', 'Gabriela', 'Rojo', 'Castro', 'gabriela.rojo@disenodisplay.com', true, '85009779');
INSERT INTO INFRA.REL_PYMES_TRACTORAS ( ID_USUARIO_TRACTORA, ID_USUARIO_PYME) VALUES( (SELECT ID_USUARIO FROM INFRA.TRACTORAS WHERE EMPRESA = 'Palacio De Hierro'), (SELECT ID_USUARIO FROM INFRA.USUARIOS WHERE CVE_USUARIO = 'gabriela.rojo@disenodisplay.com') );
INSERT INTO INFRA.CLIENTES ( ID_USUARIO, CLIENTE) VALUES( (SELECT ID_USUARIO FROM INFRA.USUARIOS WHERE CVE_USUARIO = 'gabriela.rojo@disenodisplay.com'), 'Palacio De Hierro' );

--Perea Rebeces Francisco Javier.
INSERT INTO INFRA.USUARIOS ( CVE_USUARIO, PASSWORD ) VALUES( 'shamedmichellecottes@yahoo.com.mx', 'ccmx1234' );
INSERT INTO INFRA.REL_ROLES ( CVE_ROL, CVE_USUARIO ) VALUES( 'PyME', 'shamedmichellecottes@yahoo.com.mx' );
INSERT INTO INFRA.PYMES ( ID_USUARIO, ID_USUARIO_PADRE, CORREO_ELECTRONICO, NOMBRE_COMERCIAL ) VALUES( (SELECT ID_USUARIO FROM INFRA.USUARIOS WHERE CVE_USUARIO = 'shamedmichellecottes@yahoo.com.mx'), '1', 'shamedmichellecottes@yahoo.com.mx', 'Perea Rebeces Francisco Javier.' );
INSERT INTO INFRA.CONTACTOS (ID_USUARIO, TIPO, NOMBRE, APELLIDO_PATERNO, APELLIDO_MATERNO, CORREO_ELECTRONICO, B_PRINCIPAL, TELEFONO) VALUES ( (SELECT ID_USUARIO FROM INFRA.USUARIOS WHERE CVE_USUARIO = 'shamedmichellecottes@yahoo.com.mx'), 'Ventas', 'Francisco Javier', 'Perea', 'Rebeces', 'shamedmichellecottes@yahoo.com.mx', true, '57511996');
INSERT INTO INFRA.REL_PYMES_TRACTORAS ( ID_USUARIO_TRACTORA, ID_USUARIO_PYME) VALUES( (SELECT ID_USUARIO FROM INFRA.TRACTORAS WHERE EMPRESA = 'Palacio De Hierro'), (SELECT ID_USUARIO FROM INFRA.USUARIOS WHERE CVE_USUARIO = 'shamedmichellecottes@yahoo.com.mx') );
INSERT INTO INFRA.CLIENTES ( ID_USUARIO, CLIENTE) VALUES( (SELECT ID_USUARIO FROM INFRA.USUARIOS WHERE CVE_USUARIO = 'shamedmichellecottes@yahoo.com.mx'), 'Palacio De Hierro' );

--Impresos Gráficos Bedón S.C. de R.L. de C.V.
INSERT INTO INFRA.USUARIOS ( CVE_USUARIO, PASSWORD ) VALUES( 'marcosremis@yahoo.com.mx', 'ccmx1234' );
INSERT INTO INFRA.REL_ROLES ( CVE_ROL, CVE_USUARIO ) VALUES( 'PyME', 'marcosremis@yahoo.com.mx' );
INSERT INTO INFRA.PYMES ( ID_USUARIO, ID_USUARIO_PADRE, CORREO_ELECTRONICO, NOMBRE_COMERCIAL ) VALUES( (SELECT ID_USUARIO FROM INFRA.USUARIOS WHERE CVE_USUARIO = 'marcosremis@yahoo.com.mx'), '1', 'marcosremis@yahoo.com.mx', 'Impresos Gráficos Bedón S.C. de R.L. de C.V.' );
INSERT INTO INFRA.CONTACTOS (ID_USUARIO, TIPO, NOMBRE, APELLIDO_PATERNO, APELLIDO_MATERNO, CORREO_ELECTRONICO, B_PRINCIPAL, TELEFONO) VALUES ( (SELECT ID_USUARIO FROM INFRA.USUARIOS WHERE CVE_USUARIO = 'marcosremis@yahoo.com.mx'), 'Ventas', 'Marcos', 'Remis', 'Vargas', 'marcosremis@yahoo.com.mx', true, '57629022');
INSERT INTO INFRA.REL_PYMES_TRACTORAS ( ID_USUARIO_TRACTORA, ID_USUARIO_PYME) VALUES( (SELECT ID_USUARIO FROM INFRA.TRACTORAS WHERE EMPRESA = 'Palacio De Hierro'), (SELECT ID_USUARIO FROM INFRA.USUARIOS WHERE CVE_USUARIO = 'marcosremis@yahoo.com.mx') );
INSERT INTO INFRA.CLIENTES ( ID_USUARIO, CLIENTE) VALUES( (SELECT ID_USUARIO FROM INFRA.USUARIOS WHERE CVE_USUARIO = 'marcosremis@yahoo.com.mx'), 'Palacio De Hierro' );


--Pendiente

--Impacto Aéreo, S.A. de C.V.
INSERT INTO INFRA.USUARIOS ( CVE_USUARIO, PASSWORD ) VALUES( 'info@impactoaereo.com', 'ccmx1234' );
INSERT INTO INFRA.REL_ROLES ( CVE_ROL, CVE_USUARIO ) VALUES( 'PyME', 'info@impactoaereo.com' );
INSERT INTO INFRA.PYMES ( ID_USUARIO, ID_USUARIO_PADRE, CORREO_ELECTRONICO, NOMBRE_COMERCIAL ) VALUES( (SELECT ID_USUARIO FROM INFRA.USUARIOS WHERE CVE_USUARIO = 'info@impactoaereo.com'), '1', 'info@impactoaereo.com', 'Impacto Aéreo, S.A. de C.V.' );
INSERT INTO INFRA.CONTACTOS (ID_USUARIO, TIPO, NOMBRE, APELLIDO_PATERNO, APELLIDO_MATERNO, CORREO_ELECTRONICO, B_PRINCIPAL, TELEFONO) VALUES ( (SELECT ID_USUARIO FROM INFRA.USUARIOS WHERE CVE_USUARIO = 'info@impactoaereo.com'), 'Ventas', 'Javier', 'Merino', 'Escamilla', 'info@impactoaereo.com', true, '1106-2571');
INSERT INTO INFRA.REL_PYMES_TRACTORAS ( ID_USUARIO_TRACTORA, ID_USUARIO_PYME) VALUES( (SELECT ID_USUARIO FROM INFRA.TRACTORAS WHERE EMPRESA = 'Pendiente'), (SELECT ID_USUARIO FROM INFRA.USUARIOS WHERE CVE_USUARIO = 'info@impactoaereo.com') );
INSERT INTO INFRA.CLIENTES ( ID_USUARIO, CLIENTE) VALUES( (SELECT ID_USUARIO FROM INFRA.USUARIOS WHERE CVE_USUARIO = 'info@impactoaereo.com'), 'Pendiente' );


--PROSEL

--MICHEL CONSTRUCCIONES Y PROYECTOS ELECTRICOS SA DE CV
INSERT INTO INFRA.USUARIOS ( CVE_USUARIO, PASSWORD ) VALUES( 'direccion@michelconstrucciones.com', 'ccmx1234' );
INSERT INTO INFRA.REL_ROLES ( CVE_ROL, CVE_USUARIO ) VALUES( 'PyME', 'direccion@michelconstrucciones.com' );
INSERT INTO INFRA.PYMES ( ID_USUARIO, ID_USUARIO_PADRE, CORREO_ELECTRONICO, NOMBRE_COMERCIAL ) VALUES( (SELECT ID_USUARIO FROM INFRA.USUARIOS WHERE CVE_USUARIO = 'direccion@michelconstrucciones.com'), '1', 'direccion@michelconstrucciones.com', 'MICHEL CONSTRUCCIONES Y PROYECTOS ELECTRICOS SA DE CV' );
INSERT INTO INFRA.CONTACTOS (ID_USUARIO, TIPO, NOMBRE, APELLIDO_PATERNO, APELLIDO_MATERNO, CORREO_ELECTRONICO, B_PRINCIPAL, TELEFONO) VALUES ( (SELECT ID_USUARIO FROM INFRA.USUARIOS WHERE CVE_USUARIO = 'direccion@michelconstrucciones.com'), 'Ventas', 'Rogelio', 'Espino', 'Juarez', 'direccion@michelconstrucciones.com', true, '');
INSERT INTO INFRA.REL_PYMES_TRACTORAS ( ID_USUARIO_TRACTORA, ID_USUARIO_PYME) VALUES( (SELECT ID_USUARIO FROM INFRA.TRACTORAS WHERE EMPRESA = 'PROSEL'), (SELECT ID_USUARIO FROM INFRA.USUARIOS WHERE CVE_USUARIO = 'direccion@michelconstrucciones.com') );
INSERT INTO INFRA.CLIENTES ( ID_USUARIO, CLIENTE) VALUES( (SELECT ID_USUARIO FROM INFRA.USUARIOS WHERE CVE_USUARIO = 'direccion@michelconstrucciones.com'), 'PROSEL' );

--ELECTROSISTEMAS GAR S. DE R.L. DE C.V.
INSERT INTO INFRA.USUARIOS ( CVE_USUARIO, PASSWORD ) VALUES( 'lilianaperez.egar@gmail.com', 'ccmx1234' );
INSERT INTO INFRA.REL_ROLES ( CVE_ROL, CVE_USUARIO ) VALUES( 'PyME', 'lilianaperez.egar@gmail.com' );
INSERT INTO INFRA.PYMES ( ID_USUARIO, ID_USUARIO_PADRE, CORREO_ELECTRONICO, NOMBRE_COMERCIAL ) VALUES( (SELECT ID_USUARIO FROM INFRA.USUARIOS WHERE CVE_USUARIO = 'lilianaperez.egar@gmail.com'), '1', 'lilianaperez.egar@gmail.com', 'ELECTROSISTEMAS GAR S. DE R.L. DE C.V.' );
INSERT INTO INFRA.CONTACTOS (ID_USUARIO, TIPO, NOMBRE, APELLIDO_PATERNO, APELLIDO_MATERNO, CORREO_ELECTRONICO, B_PRINCIPAL, TELEFONO) VALUES ( (SELECT ID_USUARIO FROM INFRA.USUARIOS WHERE CVE_USUARIO = 'lilianaperez.egar@gmail.com'), 'Ventas', 'LILIANA', 'PEREZ', 'RUIZ', 'lilianaperez.egar@gmail.com', true, '');
INSERT INTO INFRA.REL_PYMES_TRACTORAS ( ID_USUARIO_TRACTORA, ID_USUARIO_PYME) VALUES( (SELECT ID_USUARIO FROM INFRA.TRACTORAS WHERE EMPRESA = 'PROSEL'), (SELECT ID_USUARIO FROM INFRA.USUARIOS WHERE CVE_USUARIO = 'lilianaperez.egar@gmail.com') );
INSERT INTO INFRA.CLIENTES ( ID_USUARIO, CLIENTE) VALUES( (SELECT ID_USUARIO FROM INFRA.USUARIOS WHERE CVE_USUARIO = 'lilianaperez.egar@gmail.com'), 'PROSEL' );

--ELECTRICAL SUPPORT S.A. DE C.V.
INSERT INTO INFRA.USUARIOS ( CVE_USUARIO, PASSWORD ) VALUES( 'fbrizuela@electricalsupport.com.mx', 'ccmx1234' );
INSERT INTO INFRA.REL_ROLES ( CVE_ROL, CVE_USUARIO ) VALUES( 'PyME', 'fbrizuela@electricalsupport.com.mx' );
INSERT INTO INFRA.PYMES ( ID_USUARIO, ID_USUARIO_PADRE, CORREO_ELECTRONICO, NOMBRE_COMERCIAL ) VALUES( (SELECT ID_USUARIO FROM INFRA.USUARIOS WHERE CVE_USUARIO = 'fbrizuela@electricalsupport.com.mx'), '1', 'fbrizuela@electricalsupport.com.mx', 'ELECTRICAL SUPPORT S.A. DE C.V.' );
INSERT INTO INFRA.CONTACTOS (ID_USUARIO, TIPO, NOMBRE, APELLIDO_PATERNO, APELLIDO_MATERNO, CORREO_ELECTRONICO, B_PRINCIPAL, TELEFONO) VALUES ( (SELECT ID_USUARIO FROM INFRA.USUARIOS WHERE CVE_USUARIO = 'fbrizuela@electricalsupport.com.mx'), 'Ventas', 'LUIS FERNANDO', 'BRIZUELA', 'CASTILLO', 'fbrizuela@electricalsupport.com.mx', true, '');
INSERT INTO INFRA.REL_PYMES_TRACTORAS ( ID_USUARIO_TRACTORA, ID_USUARIO_PYME) VALUES( (SELECT ID_USUARIO FROM INFRA.TRACTORAS WHERE EMPRESA = 'PROSEL'), (SELECT ID_USUARIO FROM INFRA.USUARIOS WHERE CVE_USUARIO = 'fbrizuela@electricalsupport.com.mx') );
INSERT INTO INFRA.CLIENTES ( ID_USUARIO, CLIENTE) VALUES( (SELECT ID_USUARIO FROM INFRA.USUARIOS WHERE CVE_USUARIO = 'fbrizuela@electricalsupport.com.mx'), 'PROSEL' );

--SICOSA S.A. DE C.V.
INSERT INTO INFRA.USUARIOS ( CVE_USUARIO, PASSWORD ) VALUES( 'jarenas@sicosa.net', 'ccmx1234' );
INSERT INTO INFRA.REL_ROLES ( CVE_ROL, CVE_USUARIO ) VALUES( 'PyME', 'jarenas@sicosa.net' );
INSERT INTO INFRA.PYMES ( ID_USUARIO, ID_USUARIO_PADRE, CORREO_ELECTRONICO, NOMBRE_COMERCIAL ) VALUES( (SELECT ID_USUARIO FROM INFRA.USUARIOS WHERE CVE_USUARIO = 'jarenas@sicosa.net'), '1', 'jarenas@sicosa.net', 'SICOSA S.A. DE C.V.' );
INSERT INTO INFRA.CONTACTOS (ID_USUARIO, TIPO, NOMBRE, APELLIDO_PATERNO, APELLIDO_MATERNO, CORREO_ELECTRONICO, B_PRINCIPAL, TELEFONO) VALUES ( (SELECT ID_USUARIO FROM INFRA.USUARIOS WHERE CVE_USUARIO = 'jarenas@sicosa.net'), 'Ventas', 'JESUS', 'ARENAS', 'BRAVO', 'jarenas@sicosa.net', true, '');
INSERT INTO INFRA.REL_PYMES_TRACTORAS ( ID_USUARIO_TRACTORA, ID_USUARIO_PYME) VALUES( (SELECT ID_USUARIO FROM INFRA.TRACTORAS WHERE EMPRESA = 'PROSEL'), (SELECT ID_USUARIO FROM INFRA.USUARIOS WHERE CVE_USUARIO = 'jarenas@sicosa.net') );
INSERT INTO INFRA.CLIENTES ( ID_USUARIO, CLIENTE) VALUES( (SELECT ID_USUARIO FROM INFRA.USUARIOS WHERE CVE_USUARIO = 'jarenas@sicosa.net'), 'PROSEL' );

--CONTRUCTORA MACRO VOLTA S.A. DE C.V.
INSERT INTO INFRA.USUARIOS ( CVE_USUARIO, PASSWORD ) VALUES( 'macrovolta@yahoo.com.mx', 'ccmx1234' );
INSERT INTO INFRA.REL_ROLES ( CVE_ROL, CVE_USUARIO ) VALUES( 'PyME', 'macrovolta@yahoo.com.mx' );
INSERT INTO INFRA.PYMES ( ID_USUARIO, ID_USUARIO_PADRE, CORREO_ELECTRONICO, NOMBRE_COMERCIAL ) VALUES( (SELECT ID_USUARIO FROM INFRA.USUARIOS WHERE CVE_USUARIO = 'macrovolta@yahoo.com.mx'), '1', 'macrovolta@yahoo.com.mx', 'CONTRUCTORA MACRO VOLTA S.A. DE C.V.' );
INSERT INTO INFRA.CONTACTOS (ID_USUARIO, TIPO, NOMBRE, APELLIDO_PATERNO, APELLIDO_MATERNO, CORREO_ELECTRONICO, B_PRINCIPAL, TELEFONO) VALUES ( (SELECT ID_USUARIO FROM INFRA.USUARIOS WHERE CVE_USUARIO = 'macrovolta@yahoo.com.mx'), 'Ventas', 'LOEOBARDO', 'ARREOLA', '', 'macrovolta@yahoo.com.mx', true, '');
INSERT INTO INFRA.REL_PYMES_TRACTORAS ( ID_USUARIO_TRACTORA, ID_USUARIO_PYME) VALUES( (SELECT ID_USUARIO FROM INFRA.TRACTORAS WHERE EMPRESA = 'PROSEL'), (SELECT ID_USUARIO FROM INFRA.USUARIOS WHERE CVE_USUARIO = 'macrovolta@yahoo.com.mx') );
INSERT INTO INFRA.CLIENTES ( ID_USUARIO, CLIENTE) VALUES( (SELECT ID_USUARIO FROM INFRA.USUARIOS WHERE CVE_USUARIO = 'macrovolta@yahoo.com.mx'), 'PROSEL' );


--Pymes

--Las Conservas de OMA y OPA
INSERT INTO INFRA.USUARIOS ( CVE_USUARIO, PASSWORD ) VALUES( 'cvgalvarez@prodigy.net.mx', 'ccmx1234' );
INSERT INTO INFRA.REL_ROLES ( CVE_ROL, CVE_USUARIO ) VALUES( 'PyME', 'cvgalvarez@prodigy.net.mx' );
INSERT INTO INFRA.PYMES ( ID_USUARIO, ID_USUARIO_PADRE, CORREO_ELECTRONICO, NOMBRE_COMERCIAL ) VALUES( (SELECT ID_USUARIO FROM INFRA.USUARIOS WHERE CVE_USUARIO = 'cvgalvarez@prodigy.net.mx'), '1', 'cvgalvarez@prodigy.net.mx', 'Las Conservas de OMA y OPA' );
INSERT INTO INFRA.CONTACTOS (ID_USUARIO, TIPO, NOMBRE, APELLIDO_PATERNO, APELLIDO_MATERNO, CORREO_ELECTRONICO, B_PRINCIPAL, TELEFONO) VALUES ( (SELECT ID_USUARIO FROM INFRA.USUARIOS WHERE CVE_USUARIO = 'cvgalvarez@prodigy.net.mx'), 'Ventas', '', '', '', 'cvgalvarez@prodigy.net.mx', true, '56818144');
INSERT INTO INFRA.REL_PYMES_TRACTORAS ( ID_USUARIO_TRACTORA, ID_USUARIO_PYME) VALUES( (SELECT ID_USUARIO FROM INFRA.TRACTORAS WHERE EMPRESA = 'Pymes'), (SELECT ID_USUARIO FROM INFRA.USUARIOS WHERE CVE_USUARIO = 'cvgalvarez@prodigy.net.mx') );
INSERT INTO INFRA.CLIENTES ( ID_USUARIO, CLIENTE) VALUES( (SELECT ID_USUARIO FROM INFRA.USUARIOS WHERE CVE_USUARIO = 'cvgalvarez@prodigy.net.mx'), 'Pymes' );

--Inmobiliaria Xochigas, S.A. de C.V. / Grupo Iusacell.
INSERT INTO INFRA.USUARIOS ( CVE_USUARIO, PASSWORD ) VALUES( 'luisdamirl@gmail.com', 'ccmx1234' );
INSERT INTO INFRA.REL_ROLES ( CVE_ROL, CVE_USUARIO ) VALUES( 'PyME', 'luisdamirl@gmail.com' );
INSERT INTO INFRA.PYMES ( ID_USUARIO, ID_USUARIO_PADRE, CORREO_ELECTRONICO, NOMBRE_COMERCIAL ) VALUES( (SELECT ID_USUARIO FROM INFRA.USUARIOS WHERE CVE_USUARIO = 'luisdamirl@gmail.com'), '1', 'luisdamirl@gmail.com', 'Inmobiliaria Xochigas, S.A. de C.V. / Grupo Iusacell.' );
INSERT INTO INFRA.CONTACTOS (ID_USUARIO, TIPO, NOMBRE, APELLIDO_PATERNO, APELLIDO_MATERNO, CORREO_ELECTRONICO, B_PRINCIPAL, TELEFONO) VALUES ( (SELECT ID_USUARIO FROM INFRA.USUARIOS WHERE CVE_USUARIO = 'luisdamirl@gmail.com'), 'Ventas', 'Luis Damir', 'Linares', 'Tolsa', 'luisdamirl@gmail.com', true, '55544381');
INSERT INTO INFRA.REL_PYMES_TRACTORAS ( ID_USUARIO_TRACTORA, ID_USUARIO_PYME) VALUES( (SELECT ID_USUARIO FROM INFRA.TRACTORAS WHERE EMPRESA = 'Pymes'), (SELECT ID_USUARIO FROM INFRA.USUARIOS WHERE CVE_USUARIO = 'luisdamirl@gmail.com') );
INSERT INTO INFRA.CLIENTES ( ID_USUARIO, CLIENTE) VALUES( (SELECT ID_USUARIO FROM INFRA.USUARIOS WHERE CVE_USUARIO = 'luisdamirl@gmail.com'), 'Pymes' );

--Tiendas OXXO.
INSERT INTO INFRA.USUARIOS ( CVE_USUARIO, PASSWORD ) VALUES( 'lic.cuauhtemocbaldovinos@hotmail.com', 'ccmx1234' );
INSERT INTO INFRA.REL_ROLES ( CVE_ROL, CVE_USUARIO ) VALUES( 'PyME', 'lic.cuauhtemocbaldovinos@hotmail.com' );
INSERT INTO INFRA.PYMES ( ID_USUARIO, ID_USUARIO_PADRE, CORREO_ELECTRONICO, NOMBRE_COMERCIAL ) VALUES( (SELECT ID_USUARIO FROM INFRA.USUARIOS WHERE CVE_USUARIO = 'lic.cuauhtemocbaldovinos@hotmail.com'), '1', 'lic.cuauhtemocbaldovinos@hotmail.com', 'Tiendas OXXO.' );
INSERT INTO INFRA.CONTACTOS (ID_USUARIO, TIPO, NOMBRE, APELLIDO_PATERNO, APELLIDO_MATERNO, CORREO_ELECTRONICO, B_PRINCIPAL, TELEFONO) VALUES ( (SELECT ID_USUARIO FROM INFRA.USUARIOS WHERE CVE_USUARIO = 'lic.cuauhtemocbaldovinos@hotmail.com'), 'Ventas', '', '', '', 'lic.cuauhtemocbaldovinos@hotmail.com', true, '46160741');
INSERT INTO INFRA.REL_PYMES_TRACTORAS ( ID_USUARIO_TRACTORA, ID_USUARIO_PYME) VALUES( (SELECT ID_USUARIO FROM INFRA.TRACTORAS WHERE EMPRESA = 'Pymes'), (SELECT ID_USUARIO FROM INFRA.USUARIOS WHERE CVE_USUARIO = 'lic.cuauhtemocbaldovinos@hotmail.com') );
INSERT INTO INFRA.CLIENTES ( ID_USUARIO, CLIENTE) VALUES( (SELECT ID_USUARIO FROM INFRA.USUARIOS WHERE CVE_USUARIO = 'lic.cuauhtemocbaldovinos@hotmail.com'), 'Pymes' );

--Comercializadora Deportiva Emporio Sport, S.A. de C.V. / Juan Carlos Cahuem.
INSERT INTO INFRA.USUARIOS ( CVE_USUARIO, PASSWORD ) VALUES( 'jccm73@gmail.com', 'ccmx1234' );
INSERT INTO INFRA.REL_ROLES ( CVE_ROL, CVE_USUARIO ) VALUES( 'PyME', 'jccm73@gmail.com' );
INSERT INTO INFRA.PYMES ( ID_USUARIO, ID_USUARIO_PADRE, CORREO_ELECTRONICO, NOMBRE_COMERCIAL ) VALUES( (SELECT ID_USUARIO FROM INFRA.USUARIOS WHERE CVE_USUARIO = 'jccm73@gmail.com'), '1', 'jccm73@gmail.com', 'Comercializadora Deportiva Emporio Sport, S.A. de C.V. / Juan Carlos Cahuem.' );
INSERT INTO INFRA.CONTACTOS (ID_USUARIO, TIPO, NOMBRE, APELLIDO_PATERNO, APELLIDO_MATERNO, CORREO_ELECTRONICO, B_PRINCIPAL, TELEFONO) VALUES ( (SELECT ID_USUARIO FROM INFRA.USUARIOS WHERE CVE_USUARIO = 'jccm73@gmail.com'), 'Ventas', 'Juan Carlos', 'Cahuen', '', 'jccm73@gmail.com', true, '55229823');
INSERT INTO INFRA.REL_PYMES_TRACTORAS ( ID_USUARIO_TRACTORA, ID_USUARIO_PYME) VALUES( (SELECT ID_USUARIO FROM INFRA.TRACTORAS WHERE EMPRESA = 'Pymes'), (SELECT ID_USUARIO FROM INFRA.USUARIOS WHERE CVE_USUARIO = 'jccm73@gmail.com') );
INSERT INTO INFRA.CLIENTES ( ID_USUARIO, CLIENTE) VALUES( (SELECT ID_USUARIO FROM INFRA.USUARIOS WHERE CVE_USUARIO = 'jccm73@gmail.com'), 'Pymes' );


--QUALTIA

--REFRIGERACION Y PARTES PARA COMPRESORES SA DE CV
INSERT INTO INFRA.USUARIOS ( CVE_USUARIO, PASSWORD ) VALUES( 'ventasserviciosyproyectos@reypco.com', 'ccmx1234' );
INSERT INTO INFRA.REL_ROLES ( CVE_ROL, CVE_USUARIO ) VALUES( 'PyME', 'ventasserviciosyproyectos@reypco.com' );
INSERT INTO INFRA.PYMES ( ID_USUARIO, ID_USUARIO_PADRE, CORREO_ELECTRONICO, NOMBRE_COMERCIAL ) VALUES( (SELECT ID_USUARIO FROM INFRA.USUARIOS WHERE CVE_USUARIO = 'ventasserviciosyproyectos@reypco.com'), '1', 'ventasserviciosyproyectos@reypco.com', 'REFRIGERACION Y PARTES PARA COMPRESORES SA DE CV' );
INSERT INTO INFRA.CONTACTOS (ID_USUARIO, TIPO, NOMBRE, APELLIDO_PATERNO, APELLIDO_MATERNO, CORREO_ELECTRONICO, B_PRINCIPAL, TELEFONO) VALUES ( (SELECT ID_USUARIO FROM INFRA.USUARIOS WHERE CVE_USUARIO = 'ventasserviciosyproyectos@reypco.com'), 'Ventas', 'IRVING', 'MALPICA', 'CRUZ', 'ventasserviciosyproyectos@reypco.com', true, '');
INSERT INTO INFRA.REL_PYMES_TRACTORAS ( ID_USUARIO_TRACTORA, ID_USUARIO_PYME) VALUES( (SELECT ID_USUARIO FROM INFRA.TRACTORAS WHERE EMPRESA = 'QUALTIA'), (SELECT ID_USUARIO FROM INFRA.USUARIOS WHERE CVE_USUARIO = 'ventasserviciosyproyectos@reypco.com') );
INSERT INTO INFRA.CLIENTES ( ID_USUARIO, CLIENTE) VALUES( (SELECT ID_USUARIO FROM INFRA.USUARIOS WHERE CVE_USUARIO = 'ventasserviciosyproyectos@reypco.com'), 'QUALTIA' );

--IDEALEASE (CAMIONERA DE JALISCO)
INSERT INTO INFRA.USUARIOS ( CVE_USUARIO, PASSWORD ) VALUES( 'gabriela.gomez@amher.com.mx', 'ccmx1234' );
INSERT INTO INFRA.REL_ROLES ( CVE_ROL, CVE_USUARIO ) VALUES( 'PyME', 'gabriela.gomez@amher.com.mx' );
INSERT INTO INFRA.PYMES ( ID_USUARIO, ID_USUARIO_PADRE, CORREO_ELECTRONICO, NOMBRE_COMERCIAL ) VALUES( (SELECT ID_USUARIO FROM INFRA.USUARIOS WHERE CVE_USUARIO = 'gabriela.gomez@amher.com.mx'), '1', 'gabriela.gomez@amher.com.mx', 'IDEALEASE (CAMIONERA DE JALISCO)' );
INSERT INTO INFRA.CONTACTOS (ID_USUARIO, TIPO, NOMBRE, APELLIDO_PATERNO, APELLIDO_MATERNO, CORREO_ELECTRONICO, B_PRINCIPAL, TELEFONO) VALUES ( (SELECT ID_USUARIO FROM INFRA.USUARIOS WHERE CVE_USUARIO = 'gabriela.gomez@amher.com.mx'), 'Ventas', 'GABRIELA', 'GOMEZ', '', 'gabriela.gomez@amher.com.mx', true, '');
INSERT INTO INFRA.REL_PYMES_TRACTORAS ( ID_USUARIO_TRACTORA, ID_USUARIO_PYME) VALUES( (SELECT ID_USUARIO FROM INFRA.TRACTORAS WHERE EMPRESA = 'QUALTIA'), (SELECT ID_USUARIO FROM INFRA.USUARIOS WHERE CVE_USUARIO = 'gabriela.gomez@amher.com.mx') );
INSERT INTO INFRA.CLIENTES ( ID_USUARIO, CLIENTE) VALUES( (SELECT ID_USUARIO FROM INFRA.USUARIOS WHERE CVE_USUARIO = 'gabriela.gomez@amher.com.mx'), 'QUALTIA' );

--FRECUENCIA PROMOCIONAL
INSERT INTO INFRA.USUARIOS ( CVE_USUARIO, PASSWORD ) VALUES( 'ep.promociones@hotmail.com', 'ccmx1234' );
INSERT INTO INFRA.REL_ROLES ( CVE_ROL, CVE_USUARIO ) VALUES( 'PyME', 'ep.promociones@hotmail.com' );
INSERT INTO INFRA.PYMES ( ID_USUARIO, ID_USUARIO_PADRE, CORREO_ELECTRONICO, NOMBRE_COMERCIAL ) VALUES( (SELECT ID_USUARIO FROM INFRA.USUARIOS WHERE CVE_USUARIO = 'ep.promociones@hotmail.com'), '1', 'ep.promociones@hotmail.com', 'FRECUENCIA PROMOCIONAL' );
INSERT INTO INFRA.CONTACTOS (ID_USUARIO, TIPO, NOMBRE, APELLIDO_PATERNO, APELLIDO_MATERNO, CORREO_ELECTRONICO, B_PRINCIPAL, TELEFONO) VALUES ( (SELECT ID_USUARIO FROM INFRA.USUARIOS WHERE CVE_USUARIO = 'ep.promociones@hotmail.com'), 'Ventas', 'SUSANA', 'VASQUEZ', '', 'ep.promociones@hotmail.com', true, '');
INSERT INTO INFRA.REL_PYMES_TRACTORAS ( ID_USUARIO_TRACTORA, ID_USUARIO_PYME) VALUES( (SELECT ID_USUARIO FROM INFRA.TRACTORAS WHERE EMPRESA = 'QUALTIA'), (SELECT ID_USUARIO FROM INFRA.USUARIOS WHERE CVE_USUARIO = 'ep.promociones@hotmail.com') );
INSERT INTO INFRA.CLIENTES ( ID_USUARIO, CLIENTE) VALUES( (SELECT ID_USUARIO FROM INFRA.USUARIOS WHERE CVE_USUARIO = 'ep.promociones@hotmail.com'), 'QUALTIA' );


--San Luis Coroporación

--Tecnología Y Maquinados Caudillo S.A. de C.V.
INSERT INTO INFRA.USUARIOS ( CVE_USUARIO, PASSWORD ) VALUES( 'hectordiaz_5454@hotmail.com', 'ccmx1234' );
INSERT INTO INFRA.REL_ROLES ( CVE_ROL, CVE_USUARIO ) VALUES( 'PyME', 'hectordiaz_5454@hotmail.com' );
INSERT INTO INFRA.PYMES ( ID_USUARIO, ID_USUARIO_PADRE, CORREO_ELECTRONICO, NOMBRE_COMERCIAL ) VALUES( (SELECT ID_USUARIO FROM INFRA.USUARIOS WHERE CVE_USUARIO = 'hectordiaz_5454@hotmail.com'), '1', 'hectordiaz_5454@hotmail.com', 'Tecnología Y Maquinados Caudillo S.A. de C.V.' );
INSERT INTO INFRA.CONTACTOS (ID_USUARIO, TIPO, NOMBRE, APELLIDO_PATERNO, APELLIDO_MATERNO, CORREO_ELECTRONICO, B_PRINCIPAL, TELEFONO) VALUES ( (SELECT ID_USUARIO FROM INFRA.USUARIOS WHERE CVE_USUARIO = 'hectordiaz_5454@hotmail.com'), 'Ventas', 'Hector', 'Diaz', 'Sanchez', 'hectordiaz_5454@hotmail.com', true, '2484829208');
INSERT INTO INFRA.REL_PYMES_TRACTORAS ( ID_USUARIO_TRACTORA, ID_USUARIO_PYME) VALUES( (SELECT ID_USUARIO FROM INFRA.TRACTORAS WHERE EMPRESA = 'San Luis Coroporación'), (SELECT ID_USUARIO FROM INFRA.USUARIOS WHERE CVE_USUARIO = 'hectordiaz_5454@hotmail.com') );
INSERT INTO INFRA.CLIENTES ( ID_USUARIO, CLIENTE) VALUES( (SELECT ID_USUARIO FROM INFRA.USUARIOS WHERE CVE_USUARIO = 'hectordiaz_5454@hotmail.com'), 'San Luis Coroporación' );


--San Luis Rassini

--TECNOLOGIA Y MAQUINADOS CAUDILLO S.A DE C.V.
INSERT INTO INFRA.USUARIOS ( CVE_USUARIO, PASSWORD ) VALUES( 'tecmac21@hotmail.com', 'ccmx1234' );
INSERT INTO INFRA.REL_ROLES ( CVE_ROL, CVE_USUARIO ) VALUES( 'PyME', 'tecmac21@hotmail.com' );
INSERT INTO INFRA.PYMES ( ID_USUARIO, ID_USUARIO_PADRE, CORREO_ELECTRONICO, NOMBRE_COMERCIAL ) VALUES( (SELECT ID_USUARIO FROM INFRA.USUARIOS WHERE CVE_USUARIO = 'tecmac21@hotmail.com'), '1', 'tecmac21@hotmail.com', 'TECNOLOGIA Y MAQUINADOS CAUDILLO S.A DE C.V.' );
INSERT INTO INFRA.CONTACTOS (ID_USUARIO, TIPO, NOMBRE, APELLIDO_PATERNO, APELLIDO_MATERNO, CORREO_ELECTRONICO, B_PRINCIPAL, TELEFONO) VALUES ( (SELECT ID_USUARIO FROM INFRA.USUARIOS WHERE CVE_USUARIO = 'tecmac21@hotmail.com'), 'Ventas', 'ALEJANDRO', 'CAUDILLO', 'HERRERA', 'tecmac21@hotmail.com', true, '222651417');
INSERT INTO INFRA.REL_PYMES_TRACTORAS ( ID_USUARIO_TRACTORA, ID_USUARIO_PYME) VALUES( (SELECT ID_USUARIO FROM INFRA.TRACTORAS WHERE EMPRESA = 'San Luis Rassini'), (SELECT ID_USUARIO FROM INFRA.USUARIOS WHERE CVE_USUARIO = 'tecmac21@hotmail.com') );
INSERT INTO INFRA.CLIENTES ( ID_USUARIO, CLIENTE) VALUES( (SELECT ID_USUARIO FROM INFRA.USUARIOS WHERE CVE_USUARIO = 'tecmac21@hotmail.com'), 'San Luis Rassini' );

--Innovadora de Pinturas Industriales, S.A. de C.V.
INSERT INTO INFRA.USUARIOS ( CVE_USUARIO, PASSWORD ) VALUES( 'ivonne.hernandez@innovadoradepinturas.com.mx', 'ccmx1234' );
INSERT INTO INFRA.REL_ROLES ( CVE_ROL, CVE_USUARIO ) VALUES( 'PyME', 'ivonne.hernandez@innovadoradepinturas.com.mx' );
INSERT INTO INFRA.PYMES ( ID_USUARIO, ID_USUARIO_PADRE, CORREO_ELECTRONICO, NOMBRE_COMERCIAL ) VALUES( (SELECT ID_USUARIO FROM INFRA.USUARIOS WHERE CVE_USUARIO = 'ivonne.hernandez@innovadoradepinturas.com.mx'), '1', 'ivonne.hernandez@innovadoradepinturas.com.mx', 'Innovadora de Pinturas Industriales, S.A. de C.V.' );
INSERT INTO INFRA.CONTACTOS (ID_USUARIO, TIPO, NOMBRE, APELLIDO_PATERNO, APELLIDO_MATERNO, CORREO_ELECTRONICO, B_PRINCIPAL, TELEFONO) VALUES ( (SELECT ID_USUARIO FROM INFRA.USUARIOS WHERE CVE_USUARIO = 'ivonne.hernandez@innovadoradepinturas.com.mx'), 'Ventas', 'Ivonne Landi', 'Hernandez', 'Fuerte', 'ivonne.hernandez@innovadoradepinturas.com.mx', true, '58655711');
INSERT INTO INFRA.REL_PYMES_TRACTORAS ( ID_USUARIO_TRACTORA, ID_USUARIO_PYME) VALUES( (SELECT ID_USUARIO FROM INFRA.TRACTORAS WHERE EMPRESA = 'San Luis Rassini'), (SELECT ID_USUARIO FROM INFRA.USUARIOS WHERE CVE_USUARIO = 'ivonne.hernandez@innovadoradepinturas.com.mx') );
INSERT INTO INFRA.CLIENTES ( ID_USUARIO, CLIENTE) VALUES( (SELECT ID_USUARIO FROM INFRA.USUARIOS WHERE CVE_USUARIO = 'ivonne.hernandez@innovadoradepinturas.com.mx'), 'San Luis Rassini' );

--Saúl Gutiérrez Roa. / Uniformes Velrol.
INSERT INTO INFRA.USUARIOS ( CVE_USUARIO, PASSWORD ) VALUES( 'sgutierrez_ccv@prddy.net.mx', 'ccmx1234' );
INSERT INTO INFRA.REL_ROLES ( CVE_ROL, CVE_USUARIO ) VALUES( 'PyME', 'sgutierrez_ccv@prddy.net.mx' );
INSERT INTO INFRA.PYMES ( ID_USUARIO, ID_USUARIO_PADRE, CORREO_ELECTRONICO, NOMBRE_COMERCIAL ) VALUES( (SELECT ID_USUARIO FROM INFRA.USUARIOS WHERE CVE_USUARIO = 'sgutierrez_ccv@prddy.net.mx'), '1', 'sgutierrez_ccv@prddy.net.mx', 'Saúl Gutiérrez Roa. / Uniformes Velrol.' );
INSERT INTO INFRA.CONTACTOS (ID_USUARIO, TIPO, NOMBRE, APELLIDO_PATERNO, APELLIDO_MATERNO, CORREO_ELECTRONICO, B_PRINCIPAL, TELEFONO) VALUES ( (SELECT ID_USUARIO FROM INFRA.USUARIOS WHERE CVE_USUARIO = 'sgutierrez_ccv@prddy.net.mx'), 'Ventas', 'Saul', 'Gutierrez', 'R.', 'sgutierrez_ccv@prddy.net.mx', true, '57695536');
INSERT INTO INFRA.REL_PYMES_TRACTORAS ( ID_USUARIO_TRACTORA, ID_USUARIO_PYME) VALUES( (SELECT ID_USUARIO FROM INFRA.TRACTORAS WHERE EMPRESA = 'San Luis Rassini'), (SELECT ID_USUARIO FROM INFRA.USUARIOS WHERE CVE_USUARIO = 'sgutierrez_ccv@prddy.net.mx') );
INSERT INTO INFRA.CLIENTES ( ID_USUARIO, CLIENTE) VALUES( (SELECT ID_USUARIO FROM INFRA.USUARIOS WHERE CVE_USUARIO = 'sgutierrez_ccv@prddy.net.mx'), 'San Luis Rassini' );

--Wenlok Automatizaciones, S.A. de C.V.
INSERT INTO INFRA.USUARIOS ( CVE_USUARIO, PASSWORD ) VALUES( 'wenlok@prodigy.net.mx', 'ccmx1234' );
INSERT INTO INFRA.REL_ROLES ( CVE_ROL, CVE_USUARIO ) VALUES( 'PyME', 'wenlok@prodigy.net.mx' );
INSERT INTO INFRA.PYMES ( ID_USUARIO, ID_USUARIO_PADRE, CORREO_ELECTRONICO, NOMBRE_COMERCIAL ) VALUES( (SELECT ID_USUARIO FROM INFRA.USUARIOS WHERE CVE_USUARIO = 'wenlok@prodigy.net.mx'), '1', 'wenlok@prodigy.net.mx', 'Wenlok Automatizaciones, S.A. de C.V.' );
INSERT INTO INFRA.CONTACTOS (ID_USUARIO, TIPO, NOMBRE, APELLIDO_PATERNO, APELLIDO_MATERNO, CORREO_ELECTRONICO, B_PRINCIPAL, TELEFONO) VALUES ( (SELECT ID_USUARIO FROM INFRA.USUARIOS WHERE CVE_USUARIO = 'wenlok@prodigy.net.mx'), 'Ventas', 'Inocencio', 'Rivera', 'Islas', 'wenlok@prodigy.net.mx', true, '2222947504');
INSERT INTO INFRA.REL_PYMES_TRACTORAS ( ID_USUARIO_TRACTORA, ID_USUARIO_PYME) VALUES( (SELECT ID_USUARIO FROM INFRA.TRACTORAS WHERE EMPRESA = 'San Luis Rassini'), (SELECT ID_USUARIO FROM INFRA.USUARIOS WHERE CVE_USUARIO = 'wenlok@prodigy.net.mx') );
INSERT INTO INFRA.CLIENTES ( ID_USUARIO, CLIENTE) VALUES( (SELECT ID_USUARIO FROM INFRA.USUARIOS WHERE CVE_USUARIO = 'wenlok@prodigy.net.mx'), 'San Luis Rassini' );

--Distribuidora Mexicana Aj Y Compañía S.A. de C.V. / Distribuidora Mexicana Atycia.
INSERT INTO INFRA.USUARIOS ( CVE_USUARIO, PASSWORD ) VALUES( 'distmex@prodigy.net.mx', 'ccmx1234' );
INSERT INTO INFRA.REL_ROLES ( CVE_ROL, CVE_USUARIO ) VALUES( 'PyME', 'distmex@prodigy.net.mx' );
INSERT INTO INFRA.PYMES ( ID_USUARIO, ID_USUARIO_PADRE, CORREO_ELECTRONICO, NOMBRE_COMERCIAL ) VALUES( (SELECT ID_USUARIO FROM INFRA.USUARIOS WHERE CVE_USUARIO = 'distmex@prodigy.net.mx'), '1', 'distmex@prodigy.net.mx', 'Distribuidora Mexicana Aj Y Compañía S.A. de C.V. / Distribuidora Mexicana Atycia.' );
INSERT INTO INFRA.CONTACTOS (ID_USUARIO, TIPO, NOMBRE, APELLIDO_PATERNO, APELLIDO_MATERNO, CORREO_ELECTRONICO, B_PRINCIPAL, TELEFONO) VALUES ( (SELECT ID_USUARIO FROM INFRA.USUARIOS WHERE CVE_USUARIO = 'distmex@prodigy.net.mx'), 'Ventas', 'Carlos', 'Aquino', 'Juarez', 'distmex@prodigy.net.mx', true, '55615172');
INSERT INTO INFRA.REL_PYMES_TRACTORAS ( ID_USUARIO_TRACTORA, ID_USUARIO_PYME) VALUES( (SELECT ID_USUARIO FROM INFRA.TRACTORAS WHERE EMPRESA = 'San Luis Rassini'), (SELECT ID_USUARIO FROM INFRA.USUARIOS WHERE CVE_USUARIO = 'distmex@prodigy.net.mx') );
INSERT INTO INFRA.CLIENTES ( ID_USUARIO, CLIENTE) VALUES( (SELECT ID_USUARIO FROM INFRA.USUARIOS WHERE CVE_USUARIO = 'distmex@prodigy.net.mx'), 'San Luis Rassini' );

--Nancy Teresa Margarita López Bazana. / Aserradero El Sabino.
INSERT INTO INFRA.USUARIOS ( CVE_USUARIO, PASSWORD ) VALUES( 'aserraderoelsabinito@yahoo.com.mx', 'ccmx1234' );
INSERT INTO INFRA.REL_ROLES ( CVE_ROL, CVE_USUARIO ) VALUES( 'PyME', 'aserraderoelsabinito@yahoo.com.mx' );
INSERT INTO INFRA.PYMES ( ID_USUARIO, ID_USUARIO_PADRE, CORREO_ELECTRONICO, NOMBRE_COMERCIAL ) VALUES( (SELECT ID_USUARIO FROM INFRA.USUARIOS WHERE CVE_USUARIO = 'aserraderoelsabinito@yahoo.com.mx'), '1', 'aserraderoelsabinito@yahoo.com.mx', 'Nancy Teresa Margarita López Bazana. / Aserradero El Sabino.' );
INSERT INTO INFRA.CONTACTOS (ID_USUARIO, TIPO, NOMBRE, APELLIDO_PATERNO, APELLIDO_MATERNO, CORREO_ELECTRONICO, B_PRINCIPAL, TELEFONO) VALUES ( (SELECT ID_USUARIO FROM INFRA.USUARIOS WHERE CVE_USUARIO = 'aserraderoelsabinito@yahoo.com.mx'), 'Ventas', 'Nancy Teresa Margarita', 'Lopez', 'Bazana', 'aserraderoelsabinito@yahoo.com.mx', true, '2414128066');
INSERT INTO INFRA.REL_PYMES_TRACTORAS ( ID_USUARIO_TRACTORA, ID_USUARIO_PYME) VALUES( (SELECT ID_USUARIO FROM INFRA.TRACTORAS WHERE EMPRESA = 'San Luis Rassini'), (SELECT ID_USUARIO FROM INFRA.USUARIOS WHERE CVE_USUARIO = 'aserraderoelsabinito@yahoo.com.mx') );
INSERT INTO INFRA.CLIENTES ( ID_USUARIO, CLIENTE) VALUES( (SELECT ID_USUARIO FROM INFRA.USUARIOS WHERE CVE_USUARIO = 'aserraderoelsabinito@yahoo.com.mx'), 'San Luis Rassini' );

--NORTE INTEGRACIÓN E IMPLEMENTACION S.A. DE C.V.
INSERT INTO INFRA.USUARIOS ( CVE_USUARIO, PASSWORD ) VALUES( 'norberto.guadarrama@norte-ii.com', 'ccmx1234' );
INSERT INTO INFRA.REL_ROLES ( CVE_ROL, CVE_USUARIO ) VALUES( 'PyME', 'norberto.guadarrama@norte-ii.com' );
INSERT INTO INFRA.PYMES ( ID_USUARIO, ID_USUARIO_PADRE, CORREO_ELECTRONICO, NOMBRE_COMERCIAL ) VALUES( (SELECT ID_USUARIO FROM INFRA.USUARIOS WHERE CVE_USUARIO = 'norberto.guadarrama@norte-ii.com'), '1', 'norberto.guadarrama@norte-ii.com', 'NORTE INTEGRACIÓN E IMPLEMENTACION S.A. DE C.V.' );
INSERT INTO INFRA.CONTACTOS (ID_USUARIO, TIPO, NOMBRE, APELLIDO_PATERNO, APELLIDO_MATERNO, CORREO_ELECTRONICO, B_PRINCIPAL, TELEFONO) VALUES ( (SELECT ID_USUARIO FROM INFRA.USUARIOS WHERE CVE_USUARIO = 'norberto.guadarrama@norte-ii.com'), 'Ventas', 'NORBERTO DE JESUS', 'GUADARRAMA', 'OSORNIO', 'norberto.guadarrama@norte-ii.com', true, '2225917904');
INSERT INTO INFRA.REL_PYMES_TRACTORAS ( ID_USUARIO_TRACTORA, ID_USUARIO_PYME) VALUES( (SELECT ID_USUARIO FROM INFRA.TRACTORAS WHERE EMPRESA = 'San Luis Rassini'), (SELECT ID_USUARIO FROM INFRA.USUARIOS WHERE CVE_USUARIO = 'norberto.guadarrama@norte-ii.com') );
INSERT INTO INFRA.CLIENTES ( ID_USUARIO, CLIENTE) VALUES( (SELECT ID_USUARIO FROM INFRA.USUARIOS WHERE CVE_USUARIO = 'norberto.guadarrama@norte-ii.com'), 'San Luis Rassini' );


--Semana Pyme

--Ma. Guadalupe Flores Guarneros.
INSERT INTO INFRA.USUARIOS ( CVE_USUARIO, PASSWORD ) VALUES( 'oki.roki@live.com.mx', 'ccmx1234' );
INSERT INTO INFRA.REL_ROLES ( CVE_ROL, CVE_USUARIO ) VALUES( 'PyME', 'oki.roki@live.com.mx' );
INSERT INTO INFRA.PYMES ( ID_USUARIO, ID_USUARIO_PADRE, CORREO_ELECTRONICO, NOMBRE_COMERCIAL ) VALUES( (SELECT ID_USUARIO FROM INFRA.USUARIOS WHERE CVE_USUARIO = 'oki.roki@live.com.mx'), '1', 'oki.roki@live.com.mx', 'Ma. Guadalupe Flores Guarneros.' );
INSERT INTO INFRA.CONTACTOS (ID_USUARIO, TIPO, NOMBRE, APELLIDO_PATERNO, APELLIDO_MATERNO, CORREO_ELECTRONICO, B_PRINCIPAL, TELEFONO) VALUES ( (SELECT ID_USUARIO FROM INFRA.USUARIOS WHERE CVE_USUARIO = 'oki.roki@live.com.mx'), 'Ventas', 'Ma. Guadalupe', 'Flores', 'Guarneros', 'oki.roki@live.com.mx', true, '2484842500');
INSERT INTO INFRA.REL_PYMES_TRACTORAS ( ID_USUARIO_TRACTORA, ID_USUARIO_PYME) VALUES( (SELECT ID_USUARIO FROM INFRA.TRACTORAS WHERE EMPRESA = 'Semana Pyme'), (SELECT ID_USUARIO FROM INFRA.USUARIOS WHERE CVE_USUARIO = 'oki.roki@live.com.mx') );
INSERT INTO INFRA.CLIENTES ( ID_USUARIO, CLIENTE) VALUES( (SELECT ID_USUARIO FROM INFRA.USUARIOS WHERE CVE_USUARIO = 'oki.roki@live.com.mx'), 'Semana Pyme' );

--Miguel Ángel Betanzos Romero. / Creaciones Angie.
INSERT INTO INFRA.USUARIOS ( CVE_USUARIO, PASSWORD ) VALUES( 'maromero1984@hotmail.com', 'ccmx1234' );
INSERT INTO INFRA.REL_ROLES ( CVE_ROL, CVE_USUARIO ) VALUES( 'PyME', 'maromero1984@hotmail.com' );
INSERT INTO INFRA.PYMES ( ID_USUARIO, ID_USUARIO_PADRE, CORREO_ELECTRONICO, NOMBRE_COMERCIAL ) VALUES( (SELECT ID_USUARIO FROM INFRA.USUARIOS WHERE CVE_USUARIO = 'maromero1984@hotmail.com'), '1', 'maromero1984@hotmail.com', 'Miguel Ángel Betanzos Romero. / Creaciones Angie.' );
INSERT INTO INFRA.CONTACTOS (ID_USUARIO, TIPO, NOMBRE, APELLIDO_PATERNO, APELLIDO_MATERNO, CORREO_ELECTRONICO, B_PRINCIPAL, TELEFONO) VALUES ( (SELECT ID_USUARIO FROM INFRA.USUARIOS WHERE CVE_USUARIO = 'maromero1984@hotmail.com'), 'Ventas', 'Miguel Angel', 'Betanzos', 'Romero', 'maromero1984@hotmail.com', true, '47555401');
INSERT INTO INFRA.REL_PYMES_TRACTORAS ( ID_USUARIO_TRACTORA, ID_USUARIO_PYME) VALUES( (SELECT ID_USUARIO FROM INFRA.TRACTORAS WHERE EMPRESA = 'Semana Pyme'), (SELECT ID_USUARIO FROM INFRA.USUARIOS WHERE CVE_USUARIO = 'maromero1984@hotmail.com') );
INSERT INTO INFRA.CLIENTES ( ID_USUARIO, CLIENTE) VALUES( (SELECT ID_USUARIO FROM INFRA.USUARIOS WHERE CVE_USUARIO = 'maromero1984@hotmail.com'), 'Semana Pyme' );

--Calufe, S. de R.L. de M. I.
INSERT INTO INFRA.USUARIOS ( CVE_USUARIO, PASSWORD ) VALUES( 'lu@calufe.com', 'ccmx1234' );
INSERT INTO INFRA.REL_ROLES ( CVE_ROL, CVE_USUARIO ) VALUES( 'PyME', 'lu@calufe.com' );
INSERT INTO INFRA.PYMES ( ID_USUARIO, ID_USUARIO_PADRE, CORREO_ELECTRONICO, NOMBRE_COMERCIAL ) VALUES( (SELECT ID_USUARIO FROM INFRA.USUARIOS WHERE CVE_USUARIO = 'lu@calufe.com'), '1', 'lu@calufe.com', 'Calufe, S. de R.L. de M. I.' );
INSERT INTO INFRA.CONTACTOS (ID_USUARIO, TIPO, NOMBRE, APELLIDO_PATERNO, APELLIDO_MATERNO, CORREO_ELECTRONICO, B_PRINCIPAL, TELEFONO) VALUES ( (SELECT ID_USUARIO FROM INFRA.USUARIOS WHERE CVE_USUARIO = 'lu@calufe.com'), 'Ventas', 'Felipe', 'Lastiri', 'Castillo', 'lu@calufe.com', true, '2717175067');
INSERT INTO INFRA.REL_PYMES_TRACTORAS ( ID_USUARIO_TRACTORA, ID_USUARIO_PYME) VALUES( (SELECT ID_USUARIO FROM INFRA.TRACTORAS WHERE EMPRESA = 'Semana Pyme'), (SELECT ID_USUARIO FROM INFRA.USUARIOS WHERE CVE_USUARIO = 'lu@calufe.com') );
INSERT INTO INFRA.CLIENTES ( ID_USUARIO, CLIENTE) VALUES( (SELECT ID_USUARIO FROM INFRA.USUARIOS WHERE CVE_USUARIO = 'lu@calufe.com'), 'Semana Pyme' );

--Regio Color Impresores, S.A. de C.V.
INSERT INTO INFRA.USUARIOS ( CVE_USUARIO, PASSWORD ) VALUES( 'rcantu@regiocolor.com', 'ccmx1234' );
INSERT INTO INFRA.REL_ROLES ( CVE_ROL, CVE_USUARIO ) VALUES( 'PyME', 'rcantu@regiocolor.com' );
INSERT INTO INFRA.PYMES ( ID_USUARIO, ID_USUARIO_PADRE, CORREO_ELECTRONICO, NOMBRE_COMERCIAL ) VALUES( (SELECT ID_USUARIO FROM INFRA.USUARIOS WHERE CVE_USUARIO = 'rcantu@regiocolor.com'), '1', 'rcantu@regiocolor.com', 'Regio Color Impresores, S.A. de C.V.' );
INSERT INTO INFRA.CONTACTOS (ID_USUARIO, TIPO, NOMBRE, APELLIDO_PATERNO, APELLIDO_MATERNO, CORREO_ELECTRONICO, B_PRINCIPAL, TELEFONO) VALUES ( (SELECT ID_USUARIO FROM INFRA.USUARIOS WHERE CVE_USUARIO = 'rcantu@regiocolor.com'), 'Ventas', 'Edgar', 'Martinez', 'Vega', 'rcantu@regiocolor.com', true, '83984050');
INSERT INTO INFRA.REL_PYMES_TRACTORAS ( ID_USUARIO_TRACTORA, ID_USUARIO_PYME) VALUES( (SELECT ID_USUARIO FROM INFRA.TRACTORAS WHERE EMPRESA = 'Semana Pyme'), (SELECT ID_USUARIO FROM INFRA.USUARIOS WHERE CVE_USUARIO = 'rcantu@regiocolor.com') );
INSERT INTO INFRA.CLIENTES ( ID_USUARIO, CLIENTE) VALUES( (SELECT ID_USUARIO FROM INFRA.USUARIOS WHERE CVE_USUARIO = 'rcantu@regiocolor.com'), 'Semana Pyme' );

--Basculas Tapia, S.A. de C.V.
INSERT INTO INFRA.USUARIOS ( CVE_USUARIO, PASSWORD ) VALUES( 'info@basculastapia.com', 'ccmx1234' );
INSERT INTO INFRA.REL_ROLES ( CVE_ROL, CVE_USUARIO ) VALUES( 'PyME', 'info@basculastapia.com' );
INSERT INTO INFRA.PYMES ( ID_USUARIO, ID_USUARIO_PADRE, CORREO_ELECTRONICO, NOMBRE_COMERCIAL ) VALUES( (SELECT ID_USUARIO FROM INFRA.USUARIOS WHERE CVE_USUARIO = 'info@basculastapia.com'), '1', 'info@basculastapia.com', 'Basculas Tapia, S.A. de C.V.' );
INSERT INTO INFRA.CONTACTOS (ID_USUARIO, TIPO, NOMBRE, APELLIDO_PATERNO, APELLIDO_MATERNO, CORREO_ELECTRONICO, B_PRINCIPAL, TELEFONO) VALUES ( (SELECT ID_USUARIO FROM INFRA.USUARIOS WHERE CVE_USUARIO = 'info@basculastapia.com'), 'Ventas', 'Jaime', 'Tapia', 'Cruz', 'info@basculastapia.com', true, '57964599');
INSERT INTO INFRA.REL_PYMES_TRACTORAS ( ID_USUARIO_TRACTORA, ID_USUARIO_PYME) VALUES( (SELECT ID_USUARIO FROM INFRA.TRACTORAS WHERE EMPRESA = 'Semana Pyme'), (SELECT ID_USUARIO FROM INFRA.USUARIOS WHERE CVE_USUARIO = 'info@basculastapia.com') );
INSERT INTO INFRA.CLIENTES ( ID_USUARIO, CLIENTE) VALUES( (SELECT ID_USUARIO FROM INFRA.USUARIOS WHERE CVE_USUARIO = 'info@basculastapia.com'), 'Semana Pyme' );

--Susana de la Peña Villegas.
INSERT INTO INFRA.USUARIOS ( CVE_USUARIO, PASSWORD ) VALUES( 'lacentral98@hotmail.com', 'ccmx1234' );
INSERT INTO INFRA.REL_ROLES ( CVE_ROL, CVE_USUARIO ) VALUES( 'PyME', 'lacentral98@hotmail.com' );
INSERT INTO INFRA.PYMES ( ID_USUARIO, ID_USUARIO_PADRE, CORREO_ELECTRONICO, NOMBRE_COMERCIAL ) VALUES( (SELECT ID_USUARIO FROM INFRA.USUARIOS WHERE CVE_USUARIO = 'lacentral98@hotmail.com'), '1', 'lacentral98@hotmail.com', 'Susana de la Peña Villegas.' );
INSERT INTO INFRA.CONTACTOS (ID_USUARIO, TIPO, NOMBRE, APELLIDO_PATERNO, APELLIDO_MATERNO, CORREO_ELECTRONICO, B_PRINCIPAL, TELEFONO) VALUES ( (SELECT ID_USUARIO FROM INFRA.USUARIOS WHERE CVE_USUARIO = 'lacentral98@hotmail.com'), 'Ventas', 'Susana', 'de la Peña', 'Villegas', 'lacentral98@hotmail.com', true, '58210636');
INSERT INTO INFRA.REL_PYMES_TRACTORAS ( ID_USUARIO_TRACTORA, ID_USUARIO_PYME) VALUES( (SELECT ID_USUARIO FROM INFRA.TRACTORAS WHERE EMPRESA = 'Semana Pyme'), (SELECT ID_USUARIO FROM INFRA.USUARIOS WHERE CVE_USUARIO = 'lacentral98@hotmail.com') );
INSERT INTO INFRA.CLIENTES ( ID_USUARIO, CLIENTE) VALUES( (SELECT ID_USUARIO FROM INFRA.USUARIOS WHERE CVE_USUARIO = 'lacentral98@hotmail.com'), 'Semana Pyme' );

--Liderti Incorporate, S.A. de C.V.
INSERT INTO INFRA.USUARIOS ( CVE_USUARIO, PASSWORD ) VALUES( 'acardenas@lidertiinc.com', 'ccmx1234' );
INSERT INTO INFRA.REL_ROLES ( CVE_ROL, CVE_USUARIO ) VALUES( 'PyME', 'acardenas@lidertiinc.com' );
INSERT INTO INFRA.PYMES ( ID_USUARIO, ID_USUARIO_PADRE, CORREO_ELECTRONICO, NOMBRE_COMERCIAL ) VALUES( (SELECT ID_USUARIO FROM INFRA.USUARIOS WHERE CVE_USUARIO = 'acardenas@lidertiinc.com'), '1', 'acardenas@lidertiinc.com', 'Liderti Incorporate, S.A. de C.V.' );
INSERT INTO INFRA.CONTACTOS (ID_USUARIO, TIPO, NOMBRE, APELLIDO_PATERNO, APELLIDO_MATERNO, CORREO_ELECTRONICO, B_PRINCIPAL, TELEFONO) VALUES ( (SELECT ID_USUARIO FROM INFRA.USUARIOS WHERE CVE_USUARIO = 'acardenas@lidertiinc.com'), 'Ventas', 'Araceli', 'Cardenas', 'Mulgado', 'acardenas@lidertiinc.com', true, '55434938');
INSERT INTO INFRA.REL_PYMES_TRACTORAS ( ID_USUARIO_TRACTORA, ID_USUARIO_PYME) VALUES( (SELECT ID_USUARIO FROM INFRA.TRACTORAS WHERE EMPRESA = 'Semana Pyme'), (SELECT ID_USUARIO FROM INFRA.USUARIOS WHERE CVE_USUARIO = 'acardenas@lidertiinc.com') );
INSERT INTO INFRA.CLIENTES ( ID_USUARIO, CLIENTE) VALUES( (SELECT ID_USUARIO FROM INFRA.USUARIOS WHERE CVE_USUARIO = 'acardenas@lidertiinc.com'), 'Semana Pyme' );

--Seat King, S.A. de C.V.
INSERT INTO INFRA.USUARIOS ( CVE_USUARIO, PASSWORD ) VALUES( 'adancaballerodeleon@hotmail.com', 'ccmx1234' );
INSERT INTO INFRA.REL_ROLES ( CVE_ROL, CVE_USUARIO ) VALUES( 'PyME', 'adancaballerodeleon@hotmail.com' );
INSERT INTO INFRA.PYMES ( ID_USUARIO, ID_USUARIO_PADRE, CORREO_ELECTRONICO, NOMBRE_COMERCIAL ) VALUES( (SELECT ID_USUARIO FROM INFRA.USUARIOS WHERE CVE_USUARIO = 'adancaballerodeleon@hotmail.com'), '1', 'adancaballerodeleon@hotmail.com', 'Seat King, S.A. de C.V.' );
INSERT INTO INFRA.CONTACTOS (ID_USUARIO, TIPO, NOMBRE, APELLIDO_PATERNO, APELLIDO_MATERNO, CORREO_ELECTRONICO, B_PRINCIPAL, TELEFONO) VALUES ( (SELECT ID_USUARIO FROM INFRA.USUARIOS WHERE CVE_USUARIO = 'adancaballerodeleon@hotmail.com'), 'Ventas', 'Adan', 'Alvarez', 'Pozos', 'adancaballerodeleon@hotmail.com', true, '49904093');
INSERT INTO INFRA.REL_PYMES_TRACTORAS ( ID_USUARIO_TRACTORA, ID_USUARIO_PYME) VALUES( (SELECT ID_USUARIO FROM INFRA.TRACTORAS WHERE EMPRESA = 'Semana Pyme'), (SELECT ID_USUARIO FROM INFRA.USUARIOS WHERE CVE_USUARIO = 'adancaballerodeleon@hotmail.com') );
INSERT INTO INFRA.CLIENTES ( ID_USUARIO, CLIENTE) VALUES( (SELECT ID_USUARIO FROM INFRA.USUARIOS WHERE CVE_USUARIO = 'adancaballerodeleon@hotmail.com'), 'Semana Pyme' );

--Equipos y Accesorios para Cocinas Industriales, S.A. de C.V.
INSERT INTO INFRA.USUARIOS ( CVE_USUARIO, PASSWORD ) VALUES( 'equipandococinas@gmail.com', 'ccmx1234' );
INSERT INTO INFRA.REL_ROLES ( CVE_ROL, CVE_USUARIO ) VALUES( 'PyME', 'equipandococinas@gmail.com' );
INSERT INTO INFRA.PYMES ( ID_USUARIO, ID_USUARIO_PADRE, CORREO_ELECTRONICO, NOMBRE_COMERCIAL ) VALUES( (SELECT ID_USUARIO FROM INFRA.USUARIOS WHERE CVE_USUARIO = 'equipandococinas@gmail.com'), '1', 'equipandococinas@gmail.com', 'Equipos y Accesorios para Cocinas Industriales, S.A. de C.V.' );
INSERT INTO INFRA.CONTACTOS (ID_USUARIO, TIPO, NOMBRE, APELLIDO_PATERNO, APELLIDO_MATERNO, CORREO_ELECTRONICO, B_PRINCIPAL, TELEFONO) VALUES ( (SELECT ID_USUARIO FROM INFRA.USUARIOS WHERE CVE_USUARIO = 'equipandococinas@gmail.com'), 'Ventas', 'Gloria Laura', 'Soto', 'Guerrero', 'equipandococinas@gmail.com', true, '2226505979');
INSERT INTO INFRA.REL_PYMES_TRACTORAS ( ID_USUARIO_TRACTORA, ID_USUARIO_PYME) VALUES( (SELECT ID_USUARIO FROM INFRA.TRACTORAS WHERE EMPRESA = 'Semana Pyme'), (SELECT ID_USUARIO FROM INFRA.USUARIOS WHERE CVE_USUARIO = 'equipandococinas@gmail.com') );
INSERT INTO INFRA.CLIENTES ( ID_USUARIO, CLIENTE) VALUES( (SELECT ID_USUARIO FROM INFRA.USUARIOS WHERE CVE_USUARIO = 'equipandococinas@gmail.com'), 'Semana Pyme' );

--Tojol Alimentos de la Tierra, S. de R.L. de C.V.
INSERT INTO INFRA.USUARIOS ( CVE_USUARIO, PASSWORD ) VALUES( 'tojolalimentos@gmail.com', 'ccmx1234' );
INSERT INTO INFRA.REL_ROLES ( CVE_ROL, CVE_USUARIO ) VALUES( 'PyME', 'tojolalimentos@gmail.com' );
INSERT INTO INFRA.PYMES ( ID_USUARIO, ID_USUARIO_PADRE, CORREO_ELECTRONICO, NOMBRE_COMERCIAL ) VALUES( (SELECT ID_USUARIO FROM INFRA.USUARIOS WHERE CVE_USUARIO = 'tojolalimentos@gmail.com'), '1', 'tojolalimentos@gmail.com', 'Tojol Alimentos de la Tierra, S. de R.L. de C.V.' );
INSERT INTO INFRA.CONTACTOS (ID_USUARIO, TIPO, NOMBRE, APELLIDO_PATERNO, APELLIDO_MATERNO, CORREO_ELECTRONICO, B_PRINCIPAL, TELEFONO) VALUES ( (SELECT ID_USUARIO FROM INFRA.USUARIOS WHERE CVE_USUARIO = 'tojolalimentos@gmail.com'), 'Ventas', 'Viridiana', 'Acosta', '', 'tojolalimentos@gmail.com', true, '2222447361');
INSERT INTO INFRA.REL_PYMES_TRACTORAS ( ID_USUARIO_TRACTORA, ID_USUARIO_PYME) VALUES( (SELECT ID_USUARIO FROM INFRA.TRACTORAS WHERE EMPRESA = 'Semana Pyme'), (SELECT ID_USUARIO FROM INFRA.USUARIOS WHERE CVE_USUARIO = 'tojolalimentos@gmail.com') );
INSERT INTO INFRA.CLIENTES ( ID_USUARIO, CLIENTE) VALUES( (SELECT ID_USUARIO FROM INFRA.USUARIOS WHERE CVE_USUARIO = 'tojolalimentos@gmail.com'), 'Semana Pyme' );

--Yeudiel Dionisio Domínguez Pérez.
INSERT INTO INFRA.USUARIOS ( CVE_USUARIO, PASSWORD ) VALUES( 'yeudielmex@hotmail.com', 'ccmx1234' );
INSERT INTO INFRA.REL_ROLES ( CVE_ROL, CVE_USUARIO ) VALUES( 'PyME', 'yeudielmex@hotmail.com' );
INSERT INTO INFRA.PYMES ( ID_USUARIO, ID_USUARIO_PADRE, CORREO_ELECTRONICO, NOMBRE_COMERCIAL ) VALUES( (SELECT ID_USUARIO FROM INFRA.USUARIOS WHERE CVE_USUARIO = 'yeudielmex@hotmail.com'), '1', 'yeudielmex@hotmail.com', 'Yeudiel Dionisio Domínguez Pérez.' );
INSERT INTO INFRA.CONTACTOS (ID_USUARIO, TIPO, NOMBRE, APELLIDO_PATERNO, APELLIDO_MATERNO, CORREO_ELECTRONICO, B_PRINCIPAL, TELEFONO) VALUES ( (SELECT ID_USUARIO FROM INFRA.USUARIOS WHERE CVE_USUARIO = 'yeudielmex@hotmail.com'), 'Ventas', 'Yeudiel Dionisio', 'Dominguez', 'Perez', 'yeudielmex@hotmail.com', true, '2289793926');
INSERT INTO INFRA.REL_PYMES_TRACTORAS ( ID_USUARIO_TRACTORA, ID_USUARIO_PYME) VALUES( (SELECT ID_USUARIO FROM INFRA.TRACTORAS WHERE EMPRESA = 'Semana Pyme'), (SELECT ID_USUARIO FROM INFRA.USUARIOS WHERE CVE_USUARIO = 'yeudielmex@hotmail.com') );
INSERT INTO INFRA.CLIENTES ( ID_USUARIO, CLIENTE) VALUES( (SELECT ID_USUARIO FROM INFRA.USUARIOS WHERE CVE_USUARIO = 'yeudielmex@hotmail.com'), 'Semana Pyme' );

--Erika de Jesús Castillo Sánchez.
INSERT INTO INFRA.USUARIOS ( CVE_USUARIO, PASSWORD ) VALUES( 'zapatillasblueberry@hotmail.com', 'ccmx1234' );
INSERT INTO INFRA.REL_ROLES ( CVE_ROL, CVE_USUARIO ) VALUES( 'PyME', 'zapatillasblueberry@hotmail.com' );
INSERT INTO INFRA.PYMES ( ID_USUARIO, ID_USUARIO_PADRE, CORREO_ELECTRONICO, NOMBRE_COMERCIAL ) VALUES( (SELECT ID_USUARIO FROM INFRA.USUARIOS WHERE CVE_USUARIO = 'zapatillasblueberry@hotmail.com'), '1', 'zapatillasblueberry@hotmail.com', 'Erika de Jesús Castillo Sánchez.' );
INSERT INTO INFRA.CONTACTOS (ID_USUARIO, TIPO, NOMBRE, APELLIDO_PATERNO, APELLIDO_MATERNO, CORREO_ELECTRONICO, B_PRINCIPAL, TELEFONO) VALUES ( (SELECT ID_USUARIO FROM INFRA.USUARIOS WHERE CVE_USUARIO = 'zapatillasblueberry@hotmail.com'), 'Ventas', 'Erika', 'Castillo', 'Sanchez', 'zapatillasblueberry@hotmail.com', true, '2281613585');
INSERT INTO INFRA.REL_PYMES_TRACTORAS ( ID_USUARIO_TRACTORA, ID_USUARIO_PYME) VALUES( (SELECT ID_USUARIO FROM INFRA.TRACTORAS WHERE EMPRESA = 'Semana Pyme'), (SELECT ID_USUARIO FROM INFRA.USUARIOS WHERE CVE_USUARIO = 'zapatillasblueberry@hotmail.com') );
INSERT INTO INFRA.CLIENTES ( ID_USUARIO, CLIENTE) VALUES( (SELECT ID_USUARIO FROM INFRA.USUARIOS WHERE CVE_USUARIO = 'zapatillasblueberry@hotmail.com'), 'Semana Pyme' );


--Televisa

--Zikta Universal, S.A. de C.V.
INSERT INTO INFRA.USUARIOS ( CVE_USUARIO, PASSWORD ) VALUES( 'ziktauniversal@gmail.com', 'ccmx1234' );
INSERT INTO INFRA.REL_ROLES ( CVE_ROL, CVE_USUARIO ) VALUES( 'PyME', 'ziktauniversal@gmail.com' );
INSERT INTO INFRA.PYMES ( ID_USUARIO, ID_USUARIO_PADRE, CORREO_ELECTRONICO, NOMBRE_COMERCIAL ) VALUES( (SELECT ID_USUARIO FROM INFRA.USUARIOS WHERE CVE_USUARIO = 'ziktauniversal@gmail.com'), '1', 'ziktauniversal@gmail.com', 'Zikta Universal, S.A. de C.V.' );
INSERT INTO INFRA.CONTACTOS (ID_USUARIO, TIPO, NOMBRE, APELLIDO_PATERNO, APELLIDO_MATERNO, CORREO_ELECTRONICO, B_PRINCIPAL, TELEFONO) VALUES ( (SELECT ID_USUARIO FROM INFRA.USUARIOS WHERE CVE_USUARIO = 'ziktauniversal@gmail.com'), 'Ventas', 'Gerardo', 'Yañez', 'Orduño', 'ziktauniversal@gmail.com', true, '5558819550');
INSERT INTO INFRA.REL_PYMES_TRACTORAS ( ID_USUARIO_TRACTORA, ID_USUARIO_PYME) VALUES( (SELECT ID_USUARIO FROM INFRA.TRACTORAS WHERE EMPRESA = 'PROSEL'), (SELECT ID_USUARIO FROM INFRA.USUARIOS WHERE CVE_USUARIO = 'ziktauniversal@gmail.com') );
INSERT INTO INFRA.CLIENTES ( ID_USUARIO, CLIENTE) VALUES( (SELECT ID_USUARIO FROM INFRA.USUARIOS WHERE CVE_USUARIO = 'ziktauniversal@gmail.com'), 'PROSEL' );


--Vitro

--HERRAMIENTAS DE PRESICION SANDERS, S.A. DE C.V.
INSERT INTO INFRA.USUARIOS ( CVE_USUARIO, PASSWORD ) VALUES( 'paznikko@herramientassanders.com.mx', 'ccmx1234' );
INSERT INTO INFRA.REL_ROLES ( CVE_ROL, CVE_USUARIO ) VALUES( 'PyME', 'paznikko@herramientassanders.com.mx' );
INSERT INTO INFRA.PYMES ( ID_USUARIO, ID_USUARIO_PADRE, CORREO_ELECTRONICO, NOMBRE_COMERCIAL ) VALUES( (SELECT ID_USUARIO FROM INFRA.USUARIOS WHERE CVE_USUARIO = 'paznikko@herramientassanders.com.mx'), '1', 'paznikko@herramientassanders.com.mx', 'HERRAMIENTAS DE PRESICION SANDERS, S.A. DE C.V.' );
INSERT INTO INFRA.CONTACTOS (ID_USUARIO, TIPO, NOMBRE, APELLIDO_PATERNO, APELLIDO_MATERNO, CORREO_ELECTRONICO, B_PRINCIPAL, TELEFONO) VALUES ( (SELECT ID_USUARIO FROM INFRA.USUARIOS WHERE CVE_USUARIO = 'paznikko@herramientassanders.com.mx'), 'Ventas', 'PERDRO', 'ANTONIO', 'ZEPEDA', 'paznikko@herramientassanders.com.mx', true, '85959409');
INSERT INTO INFRA.REL_PYMES_TRACTORAS ( ID_USUARIO_TRACTORA, ID_USUARIO_PYME) VALUES( (SELECT ID_USUARIO FROM INFRA.TRACTORAS WHERE EMPRESA = 'Vitro'), (SELECT ID_USUARIO FROM INFRA.USUARIOS WHERE CVE_USUARIO = 'paznikko@herramientassanders.com.mx') );
INSERT INTO INFRA.CLIENTES ( ID_USUARIO, CLIENTE) VALUES( (SELECT ID_USUARIO FROM INFRA.USUARIOS WHERE CVE_USUARIO = 'paznikko@herramientassanders.com.mx'), 'Vitro' );

--MECANICA INDUSTRIAL LULE, S.A. DE C.V.
INSERT INTO INFRA.USUARIOS ( CVE_USUARIO, PASSWORD ) VALUES( 'industrial_lule@hotmail.com', 'ccmx1234' );
INSERT INTO INFRA.REL_ROLES ( CVE_ROL, CVE_USUARIO ) VALUES( 'PyME', 'industrial_lule@hotmail.com' );
INSERT INTO INFRA.PYMES ( ID_USUARIO, ID_USUARIO_PADRE, CORREO_ELECTRONICO, NOMBRE_COMERCIAL ) VALUES( (SELECT ID_USUARIO FROM INFRA.USUARIOS WHERE CVE_USUARIO = 'industrial_lule@hotmail.com'), '1', 'industrial_lule@hotmail.com', 'MECANICA INDUSTRIAL LULE, S.A. DE C.V.' );
INSERT INTO INFRA.CONTACTOS (ID_USUARIO, TIPO, NOMBRE, APELLIDO_PATERNO, APELLIDO_MATERNO, CORREO_ELECTRONICO, B_PRINCIPAL, TELEFONO) VALUES ( (SELECT ID_USUARIO FROM INFRA.USUARIOS WHERE CVE_USUARIO = 'industrial_lule@hotmail.com'), 'Ventas', 'SALVADOR', 'LULE', 'BARRERA', 'industrial_lule@hotmail.com', true, '54262694');
INSERT INTO INFRA.REL_PYMES_TRACTORAS ( ID_USUARIO_TRACTORA, ID_USUARIO_PYME) VALUES( (SELECT ID_USUARIO FROM INFRA.TRACTORAS WHERE EMPRESA = 'Vitro'), (SELECT ID_USUARIO FROM INFRA.USUARIOS WHERE CVE_USUARIO = 'industrial_lule@hotmail.com') );
INSERT INTO INFRA.CLIENTES ( ID_USUARIO, CLIENTE) VALUES( (SELECT ID_USUARIO FROM INFRA.USUARIOS WHERE CVE_USUARIO = 'industrial_lule@hotmail.com'), 'Vitro' );

--SERVICIO AUTOMOTRIZ JUNIOR PITSS/LUIS PEREZ MENDOZA
INSERT INTO INFRA.USUARIOS ( CVE_USUARIO, PASSWORD ) VALUES( 'juniorpitts@hotmail.com', 'ccmx1234' );
INSERT INTO INFRA.REL_ROLES ( CVE_ROL, CVE_USUARIO ) VALUES( 'PyME', 'juniorpitts@hotmail.com' );
INSERT INTO INFRA.PYMES ( ID_USUARIO, ID_USUARIO_PADRE, CORREO_ELECTRONICO, NOMBRE_COMERCIAL ) VALUES( (SELECT ID_USUARIO FROM INFRA.USUARIOS WHERE CVE_USUARIO = 'juniorpitts@hotmail.com'), '1', 'juniorpitts@hotmail.com', 'SERVICIO AUTOMOTRIZ JUNIOR PITSS/LUIS PEREZ MENDOZA' );
INSERT INTO INFRA.CONTACTOS (ID_USUARIO, TIPO, NOMBRE, APELLIDO_PATERNO, APELLIDO_MATERNO, CORREO_ELECTRONICO, B_PRINCIPAL, TELEFONO) VALUES ( (SELECT ID_USUARIO FROM INFRA.USUARIOS WHERE CVE_USUARIO = 'juniorpitts@hotmail.com'), 'Ventas', 'LUIS', 'PEREZ', 'MENDOZA', 'juniorpitts@hotmail.com', true, '57014260');
INSERT INTO INFRA.REL_PYMES_TRACTORAS ( ID_USUARIO_TRACTORA, ID_USUARIO_PYME) VALUES( (SELECT ID_USUARIO FROM INFRA.TRACTORAS WHERE EMPRESA = 'Vitro'), (SELECT ID_USUARIO FROM INFRA.USUARIOS WHERE CVE_USUARIO = 'juniorpitts@hotmail.com') );
INSERT INTO INFRA.CLIENTES ( ID_USUARIO, CLIENTE) VALUES( (SELECT ID_USUARIO FROM INFRA.USUARIOS WHERE CVE_USUARIO = 'juniorpitts@hotmail.com'), 'Vitro' );

--SFA HERRAMIENTAS DE CARBURO, S.A.
INSERT INTO INFRA.USUARIOS ( CVE_USUARIO, PASSWORD ) VALUES( 'sfahtas@prodigy.net.mx', 'ccmx1234' );
INSERT INTO INFRA.REL_ROLES ( CVE_ROL, CVE_USUARIO ) VALUES( 'PyME', 'sfahtas@prodigy.net.mx' );
INSERT INTO INFRA.PYMES ( ID_USUARIO, ID_USUARIO_PADRE, CORREO_ELECTRONICO, NOMBRE_COMERCIAL ) VALUES( (SELECT ID_USUARIO FROM INFRA.USUARIOS WHERE CVE_USUARIO = 'sfahtas@prodigy.net.mx'), '1', 'sfahtas@prodigy.net.mx', 'SFA HERRAMIENTAS DE CARBURO, S.A.' );
INSERT INTO INFRA.CONTACTOS (ID_USUARIO, TIPO, NOMBRE, APELLIDO_PATERNO, APELLIDO_MATERNO, CORREO_ELECTRONICO, B_PRINCIPAL, TELEFONO) VALUES ( (SELECT ID_USUARIO FROM INFRA.USUARIOS WHERE CVE_USUARIO = 'sfahtas@prodigy.net.mx'), 'Ventas', 'ALEJANDRO', 'VARGAS', '', 'sfahtas@prodigy.net.mx', true, '57043820');
INSERT INTO INFRA.REL_PYMES_TRACTORAS ( ID_USUARIO_TRACTORA, ID_USUARIO_PYME) VALUES( (SELECT ID_USUARIO FROM INFRA.TRACTORAS WHERE EMPRESA = 'Vitro'), (SELECT ID_USUARIO FROM INFRA.USUARIOS WHERE CVE_USUARIO = 'sfahtas@prodigy.net.mx') );
INSERT INTO INFRA.CLIENTES ( ID_USUARIO, CLIENTE) VALUES( (SELECT ID_USUARIO FROM INFRA.USUARIOS WHERE CVE_USUARIO = 'sfahtas@prodigy.net.mx'), 'Vitro' );

--AUTOMATIZACIÓN ESPECIALIZADA Y ELEMENTOS DE CONTROL, S.A. DE C.V.
INSERT INTO INFRA.USUARIOS ( CVE_USUARIO, PASSWORD ) VALUES( 'aeecsa@prodigy.net.mx', 'ccmx1234' );
INSERT INTO INFRA.REL_ROLES ( CVE_ROL, CVE_USUARIO ) VALUES( 'PyME', 'aeecsa@prodigy.net.mx' );
INSERT INTO INFRA.PYMES ( ID_USUARIO, ID_USUARIO_PADRE, CORREO_ELECTRONICO, NOMBRE_COMERCIAL ) VALUES( (SELECT ID_USUARIO FROM INFRA.USUARIOS WHERE CVE_USUARIO = 'aeecsa@prodigy.net.mx'), '1', 'aeecsa@prodigy.net.mx', 'AUTOMATIZACIÓN ESPECIALIZADA Y ELEMENTOS DE CONTROL, S.A. DE C.V.' );
INSERT INTO INFRA.CONTACTOS (ID_USUARIO, TIPO, NOMBRE, APELLIDO_PATERNO, APELLIDO_MATERNO, CORREO_ELECTRONICO, B_PRINCIPAL, TELEFONO) VALUES ( (SELECT ID_USUARIO FROM INFRA.USUARIOS WHERE CVE_USUARIO = 'aeecsa@prodigy.net.mx'), 'Ventas', 'LAZARO', 'HERNANDEZ', 'DOMINGUEZ', 'aeecsa@prodigy.net.mx', true, '56051772');
INSERT INTO INFRA.REL_PYMES_TRACTORAS ( ID_USUARIO_TRACTORA, ID_USUARIO_PYME) VALUES( (SELECT ID_USUARIO FROM INFRA.TRACTORAS WHERE EMPRESA = 'Vitro'), (SELECT ID_USUARIO FROM INFRA.USUARIOS WHERE CVE_USUARIO = 'aeecsa@prodigy.net.mx') );
INSERT INTO INFRA.CLIENTES ( ID_USUARIO, CLIENTE) VALUES( (SELECT ID_USUARIO FROM INFRA.USUARIOS WHERE CVE_USUARIO = 'aeecsa@prodigy.net.mx'), 'Vitro' );

--RICARDO MANCILLA MUÑOZ
INSERT INTO INFRA.USUARIOS ( CVE_USUARIO, PASSWORD ) VALUES( 'vulcanizador_tecnicos@yahoo.com.mx', 'ccmx1234' );
INSERT INTO INFRA.REL_ROLES ( CVE_ROL, CVE_USUARIO ) VALUES( 'PyME', 'vulcanizador_tecnicos@yahoo.com.mx' );
INSERT INTO INFRA.PYMES ( ID_USUARIO, ID_USUARIO_PADRE, CORREO_ELECTRONICO, NOMBRE_COMERCIAL ) VALUES( (SELECT ID_USUARIO FROM INFRA.USUARIOS WHERE CVE_USUARIO = 'vulcanizador_tecnicos@yahoo.com.mx'), '1', 'vulcanizador_tecnicos@yahoo.com.mx', 'RICARDO MANCILLA MUÑOZ' );
INSERT INTO INFRA.CONTACTOS (ID_USUARIO, TIPO, NOMBRE, APELLIDO_PATERNO, APELLIDO_MATERNO, CORREO_ELECTRONICO, B_PRINCIPAL, TELEFONO) VALUES ( (SELECT ID_USUARIO FROM INFRA.USUARIOS WHERE CVE_USUARIO = 'vulcanizador_tecnicos@yahoo.com.mx'), 'Ventas', 'RICARDO', 'MANCILLA', '', 'vulcanizador_tecnicos@yahoo.com.mx', true, '91855829');
INSERT INTO INFRA.REL_PYMES_TRACTORAS ( ID_USUARIO_TRACTORA, ID_USUARIO_PYME) VALUES( (SELECT ID_USUARIO FROM INFRA.TRACTORAS WHERE EMPRESA = 'Vitro'), (SELECT ID_USUARIO FROM INFRA.USUARIOS WHERE CVE_USUARIO = 'vulcanizador_tecnicos@yahoo.com.mx') );
INSERT INTO INFRA.CLIENTES ( ID_USUARIO, CLIENTE) VALUES( (SELECT ID_USUARIO FROM INFRA.USUARIOS WHERE CVE_USUARIO = 'vulcanizador_tecnicos@yahoo.com.mx'), 'Vitro' );

--ALIMENTACION GOCAR, S.A. DE C.V.
INSERT INTO INFRA.USUARIOS ( CVE_USUARIO, PASSWORD ) VALUES( 'eorozco@grupofiestafood.net', 'ccmx1234' );
INSERT INTO INFRA.REL_ROLES ( CVE_ROL, CVE_USUARIO ) VALUES( 'PyME', 'eorozco@grupofiestafood.net' );
INSERT INTO INFRA.PYMES ( ID_USUARIO, ID_USUARIO_PADRE, CORREO_ELECTRONICO, NOMBRE_COMERCIAL ) VALUES( (SELECT ID_USUARIO FROM INFRA.USUARIOS WHERE CVE_USUARIO = 'eorozco@grupofiestafood.net'), '1', 'eorozco@grupofiestafood.net', 'ALIMENTACION GOCAR, S.A. DE C.V.' );
INSERT INTO INFRA.CONTACTOS (ID_USUARIO, TIPO, NOMBRE, APELLIDO_PATERNO, APELLIDO_MATERNO, CORREO_ELECTRONICO, B_PRINCIPAL, TELEFONO) VALUES ( (SELECT ID_USUARIO FROM INFRA.USUARIOS WHERE CVE_USUARIO = 'eorozco@grupofiestafood.net'), 'Ventas', 'EVERARDO', 'OROZCO', 'AMBRIZ', 'eorozco@grupofiestafood.net', true, '4422140092');
INSERT INTO INFRA.REL_PYMES_TRACTORAS ( ID_USUARIO_TRACTORA, ID_USUARIO_PYME) VALUES( (SELECT ID_USUARIO FROM INFRA.TRACTORAS WHERE EMPRESA = 'Vitro'), (SELECT ID_USUARIO FROM INFRA.USUARIOS WHERE CVE_USUARIO = 'eorozco@grupofiestafood.net') );
INSERT INTO INFRA.CLIENTES ( ID_USUARIO, CLIENTE) VALUES( (SELECT ID_USUARIO FROM INFRA.USUARIOS WHERE CVE_USUARIO = 'eorozco@grupofiestafood.net'), 'Vitro' );

--RICARDO ALEJANDRO ROBLES GALINDO
INSERT INTO INFRA.USUARIOS ( CVE_USUARIO, PASSWORD ) VALUES( 'alejandro_roblesg@hotmail.com', 'ccmx1234' );
INSERT INTO INFRA.REL_ROLES ( CVE_ROL, CVE_USUARIO ) VALUES( 'PyME', 'alejandro_roblesg@hotmail.com' );
INSERT INTO INFRA.PYMES ( ID_USUARIO, ID_USUARIO_PADRE, CORREO_ELECTRONICO, NOMBRE_COMERCIAL ) VALUES( (SELECT ID_USUARIO FROM INFRA.USUARIOS WHERE CVE_USUARIO = 'alejandro_roblesg@hotmail.com'), '1', 'alejandro_roblesg@hotmail.com', 'RICARDO ALEJANDRO ROBLES GALINDO' );
INSERT INTO INFRA.CONTACTOS (ID_USUARIO, TIPO, NOMBRE, APELLIDO_PATERNO, APELLIDO_MATERNO, CORREO_ELECTRONICO, B_PRINCIPAL, TELEFONO) VALUES ( (SELECT ID_USUARIO FROM INFRA.USUARIOS WHERE CVE_USUARIO = 'alejandro_roblesg@hotmail.com'), 'Ventas', 'RICARDO ALEJANDRO', 'ROBLES', 'GALINDO', 'alejandro_roblesg@hotmail.com', true, '3338127528');
INSERT INTO INFRA.REL_PYMES_TRACTORAS ( ID_USUARIO_TRACTORA, ID_USUARIO_PYME) VALUES( (SELECT ID_USUARIO FROM INFRA.TRACTORAS WHERE EMPRESA = 'Vitro'), (SELECT ID_USUARIO FROM INFRA.USUARIOS WHERE CVE_USUARIO = 'alejandro_roblesg@hotmail.com') );
INSERT INTO INFRA.CLIENTES ( ID_USUARIO, CLIENTE) VALUES( (SELECT ID_USUARIO FROM INFRA.USUARIOS WHERE CVE_USUARIO = 'alejandro_roblesg@hotmail.com'), 'Vitro' );

--MAQUINADOS DE PRESICION EL METRO, S.A.
INSERT INTO INFRA.USUARIOS ( CVE_USUARIO, PASSWORD ) VALUES( 'elmetro@prodigy.net.mx', 'ccmx1234' );
INSERT INTO INFRA.REL_ROLES ( CVE_ROL, CVE_USUARIO ) VALUES( 'PyME', 'elmetro@prodigy.net.mx' );
INSERT INTO INFRA.PYMES ( ID_USUARIO, ID_USUARIO_PADRE, CORREO_ELECTRONICO, NOMBRE_COMERCIAL ) VALUES( (SELECT ID_USUARIO FROM INFRA.USUARIOS WHERE CVE_USUARIO = 'elmetro@prodigy.net.mx'), '1', 'elmetro@prodigy.net.mx', 'MAQUINADOS DE PRESICION EL METRO, S.A.' );
INSERT INTO INFRA.CONTACTOS (ID_USUARIO, TIPO, NOMBRE, APELLIDO_PATERNO, APELLIDO_MATERNO, CORREO_ELECTRONICO, B_PRINCIPAL, TELEFONO) VALUES ( (SELECT ID_USUARIO FROM INFRA.USUARIOS WHERE CVE_USUARIO = 'elmetro@prodigy.net.mx'), 'Ventas', 'ALFONSO', 'RAMIREZ', 'TORRES', 'elmetro@prodigy.net.mx', true, '4422171843');
INSERT INTO INFRA.REL_PYMES_TRACTORAS ( ID_USUARIO_TRACTORA, ID_USUARIO_PYME) VALUES( (SELECT ID_USUARIO FROM INFRA.TRACTORAS WHERE EMPRESA = 'Vitro'), (SELECT ID_USUARIO FROM INFRA.USUARIOS WHERE CVE_USUARIO = 'elmetro@prodigy.net.mx') );
INSERT INTO INFRA.CLIENTES ( ID_USUARIO, CLIENTE) VALUES( (SELECT ID_USUARIO FROM INFRA.USUARIOS WHERE CVE_USUARIO = 'elmetro@prodigy.net.mx'), 'Vitro' );

--IRECA/José Luna Sánchez
INSERT INTO INFRA.USUARIOS ( CVE_USUARIO, PASSWORD ) VALUES( 'ireca_@hotmail.com', 'ccmx1234' );
INSERT INTO INFRA.REL_ROLES ( CVE_ROL, CVE_USUARIO ) VALUES( 'PyME', 'ireca_@hotmail.com' );
INSERT INTO INFRA.PYMES ( ID_USUARIO, ID_USUARIO_PADRE, CORREO_ELECTRONICO, NOMBRE_COMERCIAL ) VALUES( (SELECT ID_USUARIO FROM INFRA.USUARIOS WHERE CVE_USUARIO = 'ireca_@hotmail.com'), '1', 'ireca_@hotmail.com', 'IRECA/José Luna Sánchez' );
INSERT INTO INFRA.CONTACTOS (ID_USUARIO, TIPO, NOMBRE, APELLIDO_PATERNO, APELLIDO_MATERNO, CORREO_ELECTRONICO, B_PRINCIPAL, TELEFONO) VALUES ( (SELECT ID_USUARIO FROM INFRA.USUARIOS WHERE CVE_USUARIO = 'ireca_@hotmail.com'), 'Ventas', 'JOSE LUIS', 'LUNA', 'SANCHEZ', 'ireca_@hotmail.com', true, '51260017');
INSERT INTO INFRA.REL_PYMES_TRACTORAS ( ID_USUARIO_TRACTORA, ID_USUARIO_PYME) VALUES( (SELECT ID_USUARIO FROM INFRA.TRACTORAS WHERE EMPRESA = 'Vitro'), (SELECT ID_USUARIO FROM INFRA.USUARIOS WHERE CVE_USUARIO = 'ireca_@hotmail.com') );
INSERT INTO INFRA.CLIENTES ( ID_USUARIO, CLIENTE) VALUES( (SELECT ID_USUARIO FROM INFRA.USUARIOS WHERE CVE_USUARIO = 'ireca_@hotmail.com'), 'Vitro' );

--CONTRATISTAS HUERTA Y ASOCIADOS
INSERT INTO INFRA.USUARIOS ( CVE_USUARIO, PASSWORD ) VALUES( 'chasa_huerta@live.com.mx', 'ccmx1234' );
INSERT INTO INFRA.REL_ROLES ( CVE_ROL, CVE_USUARIO ) VALUES( 'PyME', 'chasa_huerta@live.com.mx' );
INSERT INTO INFRA.PYMES ( ID_USUARIO, ID_USUARIO_PADRE, CORREO_ELECTRONICO, NOMBRE_COMERCIAL ) VALUES( (SELECT ID_USUARIO FROM INFRA.USUARIOS WHERE CVE_USUARIO = 'chasa_huerta@live.com.mx'), '1', 'chasa_huerta@live.com.mx', 'CONTRATISTAS HUERTA Y ASOCIADOS' );
INSERT INTO INFRA.CONTACTOS (ID_USUARIO, TIPO, NOMBRE, APELLIDO_PATERNO, APELLIDO_MATERNO, CORREO_ELECTRONICO, B_PRINCIPAL, TELEFONO) VALUES ( (SELECT ID_USUARIO FROM INFRA.USUARIOS WHERE CVE_USUARIO = 'chasa_huerta@live.com.mx'), 'Ventas', 'ELEAZAR', 'HUERTA', '', 'chasa_huerta@live.com.mx', true, '16602595');
INSERT INTO INFRA.REL_PYMES_TRACTORAS ( ID_USUARIO_TRACTORA, ID_USUARIO_PYME) VALUES( (SELECT ID_USUARIO FROM INFRA.TRACTORAS WHERE EMPRESA = 'Vitro'), (SELECT ID_USUARIO FROM INFRA.USUARIOS WHERE CVE_USUARIO = 'chasa_huerta@live.com.mx') );
INSERT INTO INFRA.CLIENTES ( ID_USUARIO, CLIENTE) VALUES( (SELECT ID_USUARIO FROM INFRA.USUARIOS WHERE CVE_USUARIO = 'chasa_huerta@live.com.mx'), 'Vitro' );

--GARITA MAQUINADOS, S.A. DE C.V.
INSERT INTO INFRA.USUARIOS ( CVE_USUARIO, PASSWORD ) VALUES( 'garitamaquinados@gmail.com', 'ccmx1234' );
INSERT INTO INFRA.REL_ROLES ( CVE_ROL, CVE_USUARIO ) VALUES( 'PyME', 'garitamaquinados@gmail.com' );
INSERT INTO INFRA.PYMES ( ID_USUARIO, ID_USUARIO_PADRE, CORREO_ELECTRONICO, NOMBRE_COMERCIAL ) VALUES( (SELECT ID_USUARIO FROM INFRA.USUARIOS WHERE CVE_USUARIO = 'garitamaquinados@gmail.com'), '1', 'garitamaquinados@gmail.com', 'GARITA MAQUINADOS, S.A. DE C.V.' );
INSERT INTO INFRA.CONTACTOS (ID_USUARIO, TIPO, NOMBRE, APELLIDO_PATERNO, APELLIDO_MATERNO, CORREO_ELECTRONICO, B_PRINCIPAL, TELEFONO) VALUES ( (SELECT ID_USUARIO FROM INFRA.USUARIOS WHERE CVE_USUARIO = 'garitamaquinados@gmail.com'), 'Ventas', 'VICTOR', 'GARCIA', '', 'garitamaquinados@gmail.com', true, '36174101');
INSERT INTO INFRA.REL_PYMES_TRACTORAS ( ID_USUARIO_TRACTORA, ID_USUARIO_PYME) VALUES( (SELECT ID_USUARIO FROM INFRA.TRACTORAS WHERE EMPRESA = 'Vitro'), (SELECT ID_USUARIO FROM INFRA.USUARIOS WHERE CVE_USUARIO = 'garitamaquinados@gmail.com') );
INSERT INTO INFRA.CLIENTES ( ID_USUARIO, CLIENTE) VALUES( (SELECT ID_USUARIO FROM INFRA.USUARIOS WHERE CVE_USUARIO = 'garitamaquinados@gmail.com'), 'Vitro' );

--INGENIERIA SERVICIOS Y MAQUINADOS, S.A. DE C.V.
INSERT INTO INFRA.USUARIOS ( CVE_USUARIO, PASSWORD ) VALUES( 'webmaster@gvymisa.com', 'ccmx1234' );
INSERT INTO INFRA.REL_ROLES ( CVE_ROL, CVE_USUARIO ) VALUES( 'PyME', 'webmaster@gvymisa.com' );
INSERT INTO INFRA.PYMES ( ID_USUARIO, ID_USUARIO_PADRE, CORREO_ELECTRONICO, NOMBRE_COMERCIAL ) VALUES( (SELECT ID_USUARIO FROM INFRA.USUARIOS WHERE CVE_USUARIO = 'webmaster@gvymisa.com'), '1', 'webmaster@gvymisa.com', 'INGENIERIA SERVICIOS Y MAQUINADOS, S.A. DE C.V.' );
INSERT INTO INFRA.CONTACTOS (ID_USUARIO, TIPO, NOMBRE, APELLIDO_PATERNO, APELLIDO_MATERNO, CORREO_ELECTRONICO, B_PRINCIPAL, TELEFONO) VALUES ( (SELECT ID_USUARIO FROM INFRA.USUARIOS WHERE CVE_USUARIO = 'webmaster@gvymisa.com'), 'Ventas', 'JAVIER', 'MARTINEZ', 'REYNOSO', 'webmaster@gvymisa.com', true, '58950758');
INSERT INTO INFRA.REL_PYMES_TRACTORAS ( ID_USUARIO_TRACTORA, ID_USUARIO_PYME) VALUES( (SELECT ID_USUARIO FROM INFRA.TRACTORAS WHERE EMPRESA = 'Vitro'), (SELECT ID_USUARIO FROM INFRA.USUARIOS WHERE CVE_USUARIO = 'webmaster@gvymisa.com') );
INSERT INTO INFRA.CLIENTES ( ID_USUARIO, CLIENTE) VALUES( (SELECT ID_USUARIO FROM INFRA.USUARIOS WHERE CVE_USUARIO = 'webmaster@gvymisa.com'), 'Vitro' );

--INGENIERIA EN EMPAQUE ARVISA, S.A. DE C.V.
INSERT INTO INFRA.USUARIOS ( CVE_USUARIO, PASSWORD ) VALUES( 'galcorta@grupogarze.com', 'ccmx1234' );
INSERT INTO INFRA.REL_ROLES ( CVE_ROL, CVE_USUARIO ) VALUES( 'PyME', 'galcorta@grupogarze.com' );
INSERT INTO INFRA.PYMES ( ID_USUARIO, ID_USUARIO_PADRE, CORREO_ELECTRONICO, NOMBRE_COMERCIAL ) VALUES( (SELECT ID_USUARIO FROM INFRA.USUARIOS WHERE CVE_USUARIO = 'galcorta@grupogarze.com'), '1', 'galcorta@grupogarze.com', 'INGENIERIA EN EMPAQUE ARVISA, S.A. DE C.V.' );
INSERT INTO INFRA.CONTACTOS (ID_USUARIO, TIPO, NOMBRE, APELLIDO_PATERNO, APELLIDO_MATERNO, CORREO_ELECTRONICO, B_PRINCIPAL, TELEFONO) VALUES ( (SELECT ID_USUARIO FROM INFRA.USUARIOS WHERE CVE_USUARIO = 'galcorta@grupogarze.com'), 'Ventas', 'GERARDO', 'ALCORTA', '', 'galcorta@grupogarze.com', true, '58704175');
INSERT INTO INFRA.REL_PYMES_TRACTORAS ( ID_USUARIO_TRACTORA, ID_USUARIO_PYME) VALUES( (SELECT ID_USUARIO FROM INFRA.TRACTORAS WHERE EMPRESA = 'Vitro'), (SELECT ID_USUARIO FROM INFRA.USUARIOS WHERE CVE_USUARIO = 'galcorta@grupogarze.com') );
INSERT INTO INFRA.CLIENTES ( ID_USUARIO, CLIENTE) VALUES( (SELECT ID_USUARIO FROM INFRA.USUARIOS WHERE CVE_USUARIO = 'galcorta@grupogarze.com'), 'Vitro' );

--POLICAUCHO INDUSTRIAL, S.A. DE C.V.
INSERT INTO INFRA.USUARIOS ( CVE_USUARIO, PASSWORD ) VALUES( 'hclavijo@policauchoindustrial.com.mx', 'ccmx1234' );
INSERT INTO INFRA.REL_ROLES ( CVE_ROL, CVE_USUARIO ) VALUES( 'PyME', 'hclavijo@policauchoindustrial.com.mx' );
INSERT INTO INFRA.PYMES ( ID_USUARIO, ID_USUARIO_PADRE, CORREO_ELECTRONICO, NOMBRE_COMERCIAL ) VALUES( (SELECT ID_USUARIO FROM INFRA.USUARIOS WHERE CVE_USUARIO = 'hclavijo@policauchoindustrial.com.mx'), '1', 'hclavijo@policauchoindustrial.com.mx', 'POLICAUCHO INDUSTRIAL, S.A. DE C.V.' );
INSERT INTO INFRA.CONTACTOS (ID_USUARIO, TIPO, NOMBRE, APELLIDO_PATERNO, APELLIDO_MATERNO, CORREO_ELECTRONICO, B_PRINCIPAL, TELEFONO) VALUES ( (SELECT ID_USUARIO FROM INFRA.USUARIOS WHERE CVE_USUARIO = 'hclavijo@policauchoindustrial.com.mx'), 'Ventas', 'HECTOR', 'CLAVIJO', '', 'hclavijo@policauchoindustrial.com.mx', true, '5511132856');
INSERT INTO INFRA.REL_PYMES_TRACTORAS ( ID_USUARIO_TRACTORA, ID_USUARIO_PYME) VALUES( (SELECT ID_USUARIO FROM INFRA.TRACTORAS WHERE EMPRESA = 'Vitro'), (SELECT ID_USUARIO FROM INFRA.USUARIOS WHERE CVE_USUARIO = 'hclavijo@policauchoindustrial.com.mx') );
INSERT INTO INFRA.CLIENTES ( ID_USUARIO, CLIENTE) VALUES( (SELECT ID_USUARIO FROM INFRA.USUARIOS WHERE CVE_USUARIO = 'hclavijo@policauchoindustrial.com.mx'), 'Vitro' );

--NORMA ANGELIZA ARCIGA GONZALEZ
INSERT INTO INFRA.USUARIOS ( CVE_USUARIO, PASSWORD ) VALUES( 'modi54@prodigy.net.mx', 'ccmx1234' );
INSERT INTO INFRA.REL_ROLES ( CVE_ROL, CVE_USUARIO ) VALUES( 'PyME', 'modi54@prodigy.net.mx' );
INSERT INTO INFRA.PYMES ( ID_USUARIO, ID_USUARIO_PADRE, CORREO_ELECTRONICO, NOMBRE_COMERCIAL ) VALUES( (SELECT ID_USUARIO FROM INFRA.USUARIOS WHERE CVE_USUARIO = 'modi54@prodigy.net.mx'), '1', 'modi54@prodigy.net.mx', 'NORMA ANGELIZA ARCIGA GONZALEZ' );
INSERT INTO INFRA.CONTACTOS (ID_USUARIO, TIPO, NOMBRE, APELLIDO_PATERNO, APELLIDO_MATERNO, CORREO_ELECTRONICO, B_PRINCIPAL, TELEFONO) VALUES ( (SELECT ID_USUARIO FROM INFRA.USUARIOS WHERE CVE_USUARIO = 'modi54@prodigy.net.mx'), 'Ventas', 'ROBERTO', 'PIAZZINI', '', 'modi54@prodigy.net.mx', true, '5939180405');
INSERT INTO INFRA.REL_PYMES_TRACTORAS ( ID_USUARIO_TRACTORA, ID_USUARIO_PYME) VALUES( (SELECT ID_USUARIO FROM INFRA.TRACTORAS WHERE EMPRESA = 'Vitro'), (SELECT ID_USUARIO FROM INFRA.USUARIOS WHERE CVE_USUARIO = 'modi54@prodigy.net.mx') );
INSERT INTO INFRA.CLIENTES ( ID_USUARIO, CLIENTE) VALUES( (SELECT ID_USUARIO FROM INFRA.USUARIOS WHERE CVE_USUARIO = 'modi54@prodigy.net.mx'), 'Vitro' );

--INGENIERIA Y SERVICIOS INDUSTRIALES ORBE
INSERT INTO INFRA.USUARIOS ( CVE_USUARIO, PASSWORD ) VALUES( 'ingservio@prodigy.net.mx', 'ccmx1234' );
INSERT INTO INFRA.REL_ROLES ( CVE_ROL, CVE_USUARIO ) VALUES( 'PyME', 'ingservio@prodigy.net.mx' );
INSERT INTO INFRA.PYMES ( ID_USUARIO, ID_USUARIO_PADRE, CORREO_ELECTRONICO, NOMBRE_COMERCIAL ) VALUES( (SELECT ID_USUARIO FROM INFRA.USUARIOS WHERE CVE_USUARIO = 'ingservio@prodigy.net.mx'), '1', 'ingservio@prodigy.net.mx', 'INGENIERIA Y SERVICIOS INDUSTRIALES ORBE' );
INSERT INTO INFRA.CONTACTOS (ID_USUARIO, TIPO, NOMBRE, APELLIDO_PATERNO, APELLIDO_MATERNO, CORREO_ELECTRONICO, B_PRINCIPAL, TELEFONO) VALUES ( (SELECT ID_USUARIO FROM INFRA.USUARIOS WHERE CVE_USUARIO = 'ingservio@prodigy.net.mx'), 'Ventas', 'DAVID', 'BECERRIL', 'MORALES', 'ingservio@prodigy.net.mx', true, '55617667');
INSERT INTO INFRA.REL_PYMES_TRACTORAS ( ID_USUARIO_TRACTORA, ID_USUARIO_PYME) VALUES( (SELECT ID_USUARIO FROM INFRA.TRACTORAS WHERE EMPRESA = 'Vitro'), (SELECT ID_USUARIO FROM INFRA.USUARIOS WHERE CVE_USUARIO = 'ingservio@prodigy.net.mx') );
INSERT INTO INFRA.CLIENTES ( ID_USUARIO, CLIENTE) VALUES( (SELECT ID_USUARIO FROM INFRA.USUARIOS WHERE CVE_USUARIO = 'ingservio@prodigy.net.mx'), 'Vitro' );

--HEMI, S.A. DE C.V.
INSERT INTO INFRA.USUARIOS ( CVE_USUARIO, PASSWORD ) VALUES( 'rruelas@hemi.com.mx', 'ccmx1234' );
INSERT INTO INFRA.REL_ROLES ( CVE_ROL, CVE_USUARIO ) VALUES( 'PyME', 'rruelas@hemi.com.mx' );
INSERT INTO INFRA.PYMES ( ID_USUARIO, ID_USUARIO_PADRE, CORREO_ELECTRONICO, NOMBRE_COMERCIAL ) VALUES( (SELECT ID_USUARIO FROM INFRA.USUARIOS WHERE CVE_USUARIO = 'rruelas@hemi.com.mx'), '1', 'rruelas@hemi.com.mx', 'HEMI, S.A. DE C.V.' );
INSERT INTO INFRA.CONTACTOS (ID_USUARIO, TIPO, NOMBRE, APELLIDO_PATERNO, APELLIDO_MATERNO, CORREO_ELECTRONICO, B_PRINCIPAL, TELEFONO) VALUES ( (SELECT ID_USUARIO FROM INFRA.USUARIOS WHERE CVE_USUARIO = 'rruelas@hemi.com.mx'), 'Ventas', 'ARTURO', 'FIGUEROA', '', 'rruelas@hemi.com.mx', true, '53702434');
INSERT INTO INFRA.REL_PYMES_TRACTORAS ( ID_USUARIO_TRACTORA, ID_USUARIO_PYME) VALUES( (SELECT ID_USUARIO FROM INFRA.TRACTORAS WHERE EMPRESA = 'Vitro'), (SELECT ID_USUARIO FROM INFRA.USUARIOS WHERE CVE_USUARIO = 'rruelas@hemi.com.mx') );
INSERT INTO INFRA.CLIENTES ( ID_USUARIO, CLIENTE) VALUES( (SELECT ID_USUARIO FROM INFRA.USUARIOS WHERE CVE_USUARIO = 'rruelas@hemi.com.mx'), 'Vitro' );

--MAQUINADOS LUNA
INSERT INTO INFRA.USUARIOS ( CVE_USUARIO, PASSWORD ) VALUES( 'adolfoluna@prodigy.net.mx', 'ccmx1234' );
INSERT INTO INFRA.REL_ROLES ( CVE_ROL, CVE_USUARIO ) VALUES( 'PyME', 'adolfoluna@prodigy.net.mx' );
INSERT INTO INFRA.PYMES ( ID_USUARIO, ID_USUARIO_PADRE, CORREO_ELECTRONICO, NOMBRE_COMERCIAL ) VALUES( (SELECT ID_USUARIO FROM INFRA.USUARIOS WHERE CVE_USUARIO = 'adolfoluna@prodigy.net.mx'), '1', 'adolfoluna@prodigy.net.mx', 'MAQUINADOS LUNA' );
INSERT INTO INFRA.CONTACTOS (ID_USUARIO, TIPO, NOMBRE, APELLIDO_PATERNO, APELLIDO_MATERNO, CORREO_ELECTRONICO, B_PRINCIPAL, TELEFONO) VALUES ( (SELECT ID_USUARIO FROM INFRA.USUARIOS WHERE CVE_USUARIO = 'adolfoluna@prodigy.net.mx'), 'Ventas', 'ADOLFO', 'LUNA', '', 'adolfoluna@prodigy.net.mx', true, '58674167');
INSERT INTO INFRA.REL_PYMES_TRACTORAS ( ID_USUARIO_TRACTORA, ID_USUARIO_PYME) VALUES( (SELECT ID_USUARIO FROM INFRA.TRACTORAS WHERE EMPRESA = 'Vitro'), (SELECT ID_USUARIO FROM INFRA.USUARIOS WHERE CVE_USUARIO = 'adolfoluna@prodigy.net.mx') );
INSERT INTO INFRA.CLIENTES ( ID_USUARIO, CLIENTE) VALUES( (SELECT ID_USUARIO FROM INFRA.USUARIOS WHERE CVE_USUARIO = 'adolfoluna@prodigy.net.mx'), 'Vitro' );

--ESPECIALIDADES MEDICAS SAN VICENTE
INSERT INTO INFRA.USUARIOS ( CVE_USUARIO, PASSWORD ) VALUES( 't_credi@hotmail.com', 'ccmx1234' );
INSERT INTO INFRA.REL_ROLES ( CVE_ROL, CVE_USUARIO ) VALUES( 'PyME', 't_credi@hotmail.com' );
INSERT INTO INFRA.PYMES ( ID_USUARIO, ID_USUARIO_PADRE, CORREO_ELECTRONICO, NOMBRE_COMERCIAL ) VALUES( (SELECT ID_USUARIO FROM INFRA.USUARIOS WHERE CVE_USUARIO = 't_credi@hotmail.com'), '1', 't_credi@hotmail.com', 'ESPECIALIDADES MEDICAS SAN VICENTE' );
INSERT INTO INFRA.CONTACTOS (ID_USUARIO, TIPO, NOMBRE, APELLIDO_PATERNO, APELLIDO_MATERNO, CORREO_ELECTRONICO, B_PRINCIPAL, TELEFONO) VALUES ( (SELECT ID_USUARIO FROM INFRA.USUARIOS WHERE CVE_USUARIO = 't_credi@hotmail.com'), 'Ventas', '', '', '', 't_credi@hotmail.com', true, '55615899');
INSERT INTO INFRA.REL_PYMES_TRACTORAS ( ID_USUARIO_TRACTORA, ID_USUARIO_PYME) VALUES( (SELECT ID_USUARIO FROM INFRA.TRACTORAS WHERE EMPRESA = 'Vitro'), (SELECT ID_USUARIO FROM INFRA.USUARIOS WHERE CVE_USUARIO = 't_credi@hotmail.com') );
INSERT INTO INFRA.CLIENTES ( ID_USUARIO, CLIENTE) VALUES( (SELECT ID_USUARIO FROM INFRA.USUARIOS WHERE CVE_USUARIO = 't_credi@hotmail.com'), 'Vitro' );

--ANTONIO MOSQUEDA
INSERT INTO INFRA.USUARIOS ( CVE_USUARIO, PASSWORD ) VALUES( 'saul.mgavia@gmail.com', 'ccmx1234' );
INSERT INTO INFRA.REL_ROLES ( CVE_ROL, CVE_USUARIO ) VALUES( 'PyME', 'saul.mgavia@gmail.com' );
INSERT INTO INFRA.PYMES ( ID_USUARIO, ID_USUARIO_PADRE, CORREO_ELECTRONICO, NOMBRE_COMERCIAL ) VALUES( (SELECT ID_USUARIO FROM INFRA.USUARIOS WHERE CVE_USUARIO = 'saul.mgavia@gmail.com'), '1', 'saul.mgavia@gmail.com', 'ANTONIO MOSQUEDA' );
INSERT INTO INFRA.CONTACTOS (ID_USUARIO, TIPO, NOMBRE, APELLIDO_PATERNO, APELLIDO_MATERNO, CORREO_ELECTRONICO, B_PRINCIPAL, TELEFONO) VALUES ( (SELECT ID_USUARIO FROM INFRA.USUARIOS WHERE CVE_USUARIO = 'saul.mgavia@gmail.com'), 'Ventas', 'SAUL', 'MOSQUEDA', '', 'saul.mgavia@gmail.com', true, '53070221');
INSERT INTO INFRA.REL_PYMES_TRACTORAS ( ID_USUARIO_TRACTORA, ID_USUARIO_PYME) VALUES( (SELECT ID_USUARIO FROM INFRA.TRACTORAS WHERE EMPRESA = 'Vitro'), (SELECT ID_USUARIO FROM INFRA.USUARIOS WHERE CVE_USUARIO = 'saul.mgavia@gmail.com') );
INSERT INTO INFRA.CLIENTES ( ID_USUARIO, CLIENTE) VALUES( (SELECT ID_USUARIO FROM INFRA.USUARIOS WHERE CVE_USUARIO = 'saul.mgavia@gmail.com'), 'Vitro' );

--ELECTRONICA Y MECANICA DE MEXICO, S.A. DE C.V.
INSERT INTO INFRA.USUARIOS ( CVE_USUARIO, PASSWORD ) VALUES( 'sbanos@emmexa.com.mx', 'ccmx1234' );
INSERT INTO INFRA.REL_ROLES ( CVE_ROL, CVE_USUARIO ) VALUES( 'PyME', 'sbanos@emmexa.com.mx' );
INSERT INTO INFRA.PYMES ( ID_USUARIO, ID_USUARIO_PADRE, CORREO_ELECTRONICO, NOMBRE_COMERCIAL ) VALUES( (SELECT ID_USUARIO FROM INFRA.USUARIOS WHERE CVE_USUARIO = 'sbanos@emmexa.com.mx'), '1', 'sbanos@emmexa.com.mx', 'ELECTRONICA Y MECANICA DE MEXICO, S.A. DE C.V.' );
INSERT INTO INFRA.CONTACTOS (ID_USUARIO, TIPO, NOMBRE, APELLIDO_PATERNO, APELLIDO_MATERNO, CORREO_ELECTRONICO, B_PRINCIPAL, TELEFONO) VALUES ( (SELECT ID_USUARIO FROM INFRA.USUARIOS WHERE CVE_USUARIO = 'sbanos@emmexa.com.mx'), 'Ventas', 'SALVADOR', 'BAÑOS', '', 'sbanos@emmexa.com.mx', true, '588875777');
INSERT INTO INFRA.REL_PYMES_TRACTORAS ( ID_USUARIO_TRACTORA, ID_USUARIO_PYME) VALUES( (SELECT ID_USUARIO FROM INFRA.TRACTORAS WHERE EMPRESA = 'Vitro'), (SELECT ID_USUARIO FROM INFRA.USUARIOS WHERE CVE_USUARIO = 'sbanos@emmexa.com.mx') );
INSERT INTO INFRA.CLIENTES ( ID_USUARIO, CLIENTE) VALUES( (SELECT ID_USUARIO FROM INFRA.USUARIOS WHERE CVE_USUARIO = 'sbanos@emmexa.com.mx'), 'Vitro' );

--GRUPO IMPRESOR MARLA
INSERT INTO INFRA.USUARIOS ( CVE_USUARIO, PASSWORD ) VALUES( 'grupoimpresor@prodigy.net.mx', 'ccmx1234' );
INSERT INTO INFRA.REL_ROLES ( CVE_ROL, CVE_USUARIO ) VALUES( 'PyME', 'grupoimpresor@prodigy.net.mx' );
INSERT INTO INFRA.PYMES ( ID_USUARIO, ID_USUARIO_PADRE, CORREO_ELECTRONICO, NOMBRE_COMERCIAL ) VALUES( (SELECT ID_USUARIO FROM INFRA.USUARIOS WHERE CVE_USUARIO = 'grupoimpresor@prodigy.net.mx'), '1', 'grupoimpresor@prodigy.net.mx', 'GRUPO IMPRESOR MARLA' );
INSERT INTO INFRA.CONTACTOS (ID_USUARIO, TIPO, NOMBRE, APELLIDO_PATERNO, APELLIDO_MATERNO, CORREO_ELECTRONICO, B_PRINCIPAL, TELEFONO) VALUES ( (SELECT ID_USUARIO FROM INFRA.USUARIOS WHERE CVE_USUARIO = 'grupoimpresor@prodigy.net.mx'), 'Ventas', 'JOSE LUIS', 'MARTIN', 'CALDERON', 'grupoimpresor@prodigy.net.mx', true, '53650090');
INSERT INTO INFRA.REL_PYMES_TRACTORAS ( ID_USUARIO_TRACTORA, ID_USUARIO_PYME) VALUES( (SELECT ID_USUARIO FROM INFRA.TRACTORAS WHERE EMPRESA = 'Vitro'), (SELECT ID_USUARIO FROM INFRA.USUARIOS WHERE CVE_USUARIO = 'grupoimpresor@prodigy.net.mx') );
INSERT INTO INFRA.CLIENTES ( ID_USUARIO, CLIENTE) VALUES( (SELECT ID_USUARIO FROM INFRA.USUARIOS WHERE CVE_USUARIO = 'grupoimpresor@prodigy.net.mx'), 'Vitro' );

--JOSEFINA NUÑEZ, S.A. DE C.V.
INSERT INTO INFRA.USUARIOS ( CVE_USUARIO, PASSWORD ) VALUES( 'lnuñez@jonsa.com.mx', 'ccmx1234' );
INSERT INTO INFRA.REL_ROLES ( CVE_ROL, CVE_USUARIO ) VALUES( 'PyME', 'lnuñez@jonsa.com.mx' );
INSERT INTO INFRA.PYMES ( ID_USUARIO, ID_USUARIO_PADRE, CORREO_ELECTRONICO, NOMBRE_COMERCIAL ) VALUES( (SELECT ID_USUARIO FROM INFRA.USUARIOS WHERE CVE_USUARIO = 'lnuñez@jonsa.com.mx'), '1', 'lnuñez@jonsa.com.mx', 'JOSEFINA NUÑEZ, S.A. DE C.V.' );
INSERT INTO INFRA.CONTACTOS (ID_USUARIO, TIPO, NOMBRE, APELLIDO_PATERNO, APELLIDO_MATERNO, CORREO_ELECTRONICO, B_PRINCIPAL, TELEFONO) VALUES ( (SELECT ID_USUARIO FROM INFRA.USUARIOS WHERE CVE_USUARIO = 'lnuñez@jonsa.com.mx'), 'Ventas', 'LEONARDO', 'NUÑEZ', 'CAYEROS', 'lnuñez@jonsa.com.mx', true, '55595800');
INSERT INTO INFRA.REL_PYMES_TRACTORAS ( ID_USUARIO_TRACTORA, ID_USUARIO_PYME) VALUES( (SELECT ID_USUARIO FROM INFRA.TRACTORAS WHERE EMPRESA = 'Vitro'), (SELECT ID_USUARIO FROM INFRA.USUARIOS WHERE CVE_USUARIO = 'lnuñez@jonsa.com.mx') );
INSERT INTO INFRA.CLIENTES ( ID_USUARIO, CLIENTE) VALUES( (SELECT ID_USUARIO FROM INFRA.USUARIOS WHERE CVE_USUARIO = 'lnuñez@jonsa.com.mx'), 'Vitro' );

--GUANTES INDUSTRIALES GASI, S.A. DE C.V.
INSERT INTO INFRA.USUARIOS ( CVE_USUARIO, PASSWORD ) VALUES( 'accegind@yahoo.com.mx', 'ccmx1234' );
INSERT INTO INFRA.REL_ROLES ( CVE_ROL, CVE_USUARIO ) VALUES( 'PyME', 'accegind@yahoo.com.mx' );
INSERT INTO INFRA.PYMES ( ID_USUARIO, ID_USUARIO_PADRE, CORREO_ELECTRONICO, NOMBRE_COMERCIAL ) VALUES( (SELECT ID_USUARIO FROM INFRA.USUARIOS WHERE CVE_USUARIO = 'accegind@yahoo.com.mx'), '1', 'accegind@yahoo.com.mx', 'GUANTES INDUSTRIALES GASI, S.A. DE C.V.' );
INSERT INTO INFRA.CONTACTOS (ID_USUARIO, TIPO, NOMBRE, APELLIDO_PATERNO, APELLIDO_MATERNO, CORREO_ELECTRONICO, B_PRINCIPAL, TELEFONO) VALUES ( (SELECT ID_USUARIO FROM INFRA.USUARIOS WHERE CVE_USUARIO = 'accegind@yahoo.com.mx'), 'Ventas', 'JOSE ANTONIO', 'AYALA', '', 'accegind@yahoo.com.mx', true, '57663305');
INSERT INTO INFRA.REL_PYMES_TRACTORAS ( ID_USUARIO_TRACTORA, ID_USUARIO_PYME) VALUES( (SELECT ID_USUARIO FROM INFRA.TRACTORAS WHERE EMPRESA = 'Vitro'), (SELECT ID_USUARIO FROM INFRA.USUARIOS WHERE CVE_USUARIO = 'accegind@yahoo.com.mx') );
INSERT INTO INFRA.CLIENTES ( ID_USUARIO, CLIENTE) VALUES( (SELECT ID_USUARIO FROM INFRA.USUARIOS WHERE CVE_USUARIO = 'accegind@yahoo.com.mx'), 'Vitro' );

--TOCIRA MAQUINADOS INDUSTRIALES, S.A. DE C.V.
INSERT INTO INFRA.USUARIOS ( CVE_USUARIO, PASSWORD ) VALUES( 'info@tocira.com.mx', 'ccmx1234' );
INSERT INTO INFRA.REL_ROLES ( CVE_ROL, CVE_USUARIO ) VALUES( 'PyME', 'info@tocira.com.mx' );
INSERT INTO INFRA.PYMES ( ID_USUARIO, ID_USUARIO_PADRE, CORREO_ELECTRONICO, NOMBRE_COMERCIAL ) VALUES( (SELECT ID_USUARIO FROM INFRA.USUARIOS WHERE CVE_USUARIO = 'info@tocira.com.mx'), '1', 'info@tocira.com.mx', 'TOCIRA MAQUINADOS INDUSTRIALES, S.A. DE C.V.' );
INSERT INTO INFRA.CONTACTOS (ID_USUARIO, TIPO, NOMBRE, APELLIDO_PATERNO, APELLIDO_MATERNO, CORREO_ELECTRONICO, B_PRINCIPAL, TELEFONO) VALUES ( (SELECT ID_USUARIO FROM INFRA.USUARIOS WHERE CVE_USUARIO = 'info@tocira.com.mx'), 'Ventas', 'MIGUEL ANGEL', 'RAMIREZ', 'GALICIA', 'info@tocira.com.mx', true, '58691499');
INSERT INTO INFRA.REL_PYMES_TRACTORAS ( ID_USUARIO_TRACTORA, ID_USUARIO_PYME) VALUES( (SELECT ID_USUARIO FROM INFRA.TRACTORAS WHERE EMPRESA = 'Vitro'), (SELECT ID_USUARIO FROM INFRA.USUARIOS WHERE CVE_USUARIO = 'info@tocira.com.mx') );
INSERT INTO INFRA.CLIENTES ( ID_USUARIO, CLIENTE) VALUES( (SELECT ID_USUARIO FROM INFRA.USUARIOS WHERE CVE_USUARIO = 'info@tocira.com.mx'), 'Vitro' );

--RICARDO GARCÍA FRAGOSO
INSERT INTO INFRA.USUARIOS ( CVE_USUARIO, PASSWORD ) VALUES( 'ricardo@troquelesthr.com.mx', 'ccmx1234' );
INSERT INTO INFRA.REL_ROLES ( CVE_ROL, CVE_USUARIO ) VALUES( 'PyME', 'ricardo@troquelesthr.com.mx' );
INSERT INTO INFRA.PYMES ( ID_USUARIO, ID_USUARIO_PADRE, CORREO_ELECTRONICO, NOMBRE_COMERCIAL ) VALUES( (SELECT ID_USUARIO FROM INFRA.USUARIOS WHERE CVE_USUARIO = 'ricardo@troquelesthr.com.mx'), '1', 'ricardo@troquelesthr.com.mx', 'RICARDO GARCÍA FRAGOSO' );
INSERT INTO INFRA.CONTACTOS (ID_USUARIO, TIPO, NOMBRE, APELLIDO_PATERNO, APELLIDO_MATERNO, CORREO_ELECTRONICO, B_PRINCIPAL, TELEFONO) VALUES ( (SELECT ID_USUARIO FROM INFRA.USUARIOS WHERE CVE_USUARIO = 'ricardo@troquelesthr.com.mx'), 'Ventas', 'RICARDO', 'GARCIA', 'FRAGOSO', 'ricardo@troquelesthr.com.mx', true, '57887928');
INSERT INTO INFRA.REL_PYMES_TRACTORAS ( ID_USUARIO_TRACTORA, ID_USUARIO_PYME) VALUES( (SELECT ID_USUARIO FROM INFRA.TRACTORAS WHERE EMPRESA = 'Vitro'), (SELECT ID_USUARIO FROM INFRA.USUARIOS WHERE CVE_USUARIO = 'ricardo@troquelesthr.com.mx') );
INSERT INTO INFRA.CLIENTES ( ID_USUARIO, CLIENTE) VALUES( (SELECT ID_USUARIO FROM INFRA.USUARIOS WHERE CVE_USUARIO = 'ricardo@troquelesthr.com.mx'), 'Vitro' );

--SERVICIOS Y PROYECTOS DEL AGUA, S.A. DE C.V.
INSERT INTO INFRA.USUARIOS ( CVE_USUARIO, PASSWORD ) VALUES( 'bguerrero@prodigy.net.mx', 'ccmx1234' );
INSERT INTO INFRA.REL_ROLES ( CVE_ROL, CVE_USUARIO ) VALUES( 'PyME', 'bguerrero@prodigy.net.mx' );
INSERT INTO INFRA.PYMES ( ID_USUARIO, ID_USUARIO_PADRE, CORREO_ELECTRONICO, NOMBRE_COMERCIAL ) VALUES( (SELECT ID_USUARIO FROM INFRA.USUARIOS WHERE CVE_USUARIO = 'bguerrero@prodigy.net.mx'), '1', 'bguerrero@prodigy.net.mx', 'SERVICIOS Y PROYECTOS DEL AGUA, S.A. DE C.V.' );
INSERT INTO INFRA.CONTACTOS (ID_USUARIO, TIPO, NOMBRE, APELLIDO_PATERNO, APELLIDO_MATERNO, CORREO_ELECTRONICO, B_PRINCIPAL, TELEFONO) VALUES ( (SELECT ID_USUARIO FROM INFRA.USUARIOS WHERE CVE_USUARIO = 'bguerrero@prodigy.net.mx'), 'Ventas', 'BALDOMERO', 'GUERRERO', 'PADILLA', 'bguerrero@prodigy.net.mx', true, '53410569');
INSERT INTO INFRA.REL_PYMES_TRACTORAS ( ID_USUARIO_TRACTORA, ID_USUARIO_PYME) VALUES( (SELECT ID_USUARIO FROM INFRA.TRACTORAS WHERE EMPRESA = 'Vitro'), (SELECT ID_USUARIO FROM INFRA.USUARIOS WHERE CVE_USUARIO = 'bguerrero@prodigy.net.mx') );
INSERT INTO INFRA.CLIENTES ( ID_USUARIO, CLIENTE) VALUES( (SELECT ID_USUARIO FROM INFRA.USUARIOS WHERE CVE_USUARIO = 'bguerrero@prodigy.net.mx'), 'Vitro' );

--INGENIERIA RECONSTRUCCION Y SERVICIOS
INSERT INTO INFRA.USUARIOS ( CVE_USUARIO, PASSWORD ) VALUES( 'irsmetallizing@prodigy.net.mx', 'ccmx1234' );
INSERT INTO INFRA.REL_ROLES ( CVE_ROL, CVE_USUARIO ) VALUES( 'PyME', 'irsmetallizing@prodigy.net.mx' );
INSERT INTO INFRA.PYMES ( ID_USUARIO, ID_USUARIO_PADRE, CORREO_ELECTRONICO, NOMBRE_COMERCIAL ) VALUES( (SELECT ID_USUARIO FROM INFRA.USUARIOS WHERE CVE_USUARIO = 'irsmetallizing@prodigy.net.mx'), '1', 'irsmetallizing@prodigy.net.mx', 'INGENIERIA RECONSTRUCCION Y SERVICIOS' );
INSERT INTO INFRA.CONTACTOS (ID_USUARIO, TIPO, NOMBRE, APELLIDO_PATERNO, APELLIDO_MATERNO, CORREO_ELECTRONICO, B_PRINCIPAL, TELEFONO) VALUES ( (SELECT ID_USUARIO FROM INFRA.USUARIOS WHERE CVE_USUARIO = 'irsmetallizing@prodigy.net.mx'), 'Ventas', 'ROBERTO', 'PONCE', 'FRAUSTO', 'irsmetallizing@prodigy.net.mx', true, '4482751080');
INSERT INTO INFRA.REL_PYMES_TRACTORAS ( ID_USUARIO_TRACTORA, ID_USUARIO_PYME) VALUES( (SELECT ID_USUARIO FROM INFRA.TRACTORAS WHERE EMPRESA = 'Vitro'), (SELECT ID_USUARIO FROM INFRA.USUARIOS WHERE CVE_USUARIO = 'irsmetallizing@prodigy.net.mx') );
INSERT INTO INFRA.CLIENTES ( ID_USUARIO, CLIENTE) VALUES( (SELECT ID_USUARIO FROM INFRA.USUARIOS WHERE CVE_USUARIO = 'irsmetallizing@prodigy.net.mx'), 'Vitro' );

--SEÑALAMIENTOS Y MOTIVACION IND., S.A. DE C.V.
INSERT INTO INFRA.USUARIOS ( CVE_USUARIO, PASSWORD ) VALUES( 'smiletreros@yahoo.com.mx', 'ccmx1234' );
INSERT INTO INFRA.REL_ROLES ( CVE_ROL, CVE_USUARIO ) VALUES( 'PyME', 'smiletreros@yahoo.com.mx' );
INSERT INTO INFRA.PYMES ( ID_USUARIO, ID_USUARIO_PADRE, CORREO_ELECTRONICO, NOMBRE_COMERCIAL ) VALUES( (SELECT ID_USUARIO FROM INFRA.USUARIOS WHERE CVE_USUARIO = 'smiletreros@yahoo.com.mx'), '1', 'smiletreros@yahoo.com.mx', 'SEÑALAMIENTOS Y MOTIVACION IND., S.A. DE C.V.' );
INSERT INTO INFRA.CONTACTOS (ID_USUARIO, TIPO, NOMBRE, APELLIDO_PATERNO, APELLIDO_MATERNO, CORREO_ELECTRONICO, B_PRINCIPAL, TELEFONO) VALUES ( (SELECT ID_USUARIO FROM INFRA.USUARIOS WHERE CVE_USUARIO = 'smiletreros@yahoo.com.mx'), 'Ventas', 'MARGARITA', 'ALMARAZ', 'LUGO', 'smiletreros@yahoo.com.mx', true, '57623851');
INSERT INTO INFRA.REL_PYMES_TRACTORAS ( ID_USUARIO_TRACTORA, ID_USUARIO_PYME) VALUES( (SELECT ID_USUARIO FROM INFRA.TRACTORAS WHERE EMPRESA = 'Vitro'), (SELECT ID_USUARIO FROM INFRA.USUARIOS WHERE CVE_USUARIO = 'smiletreros@yahoo.com.mx') );
INSERT INTO INFRA.CLIENTES ( ID_USUARIO, CLIENTE) VALUES( (SELECT ID_USUARIO FROM INFRA.USUARIOS WHERE CVE_USUARIO = 'smiletreros@yahoo.com.mx'), 'Vitro' );

--CAPRESE ASOCIADOS, S.A. DE C.V.
INSERT INTO INFRA.USUARIOS ( CVE_USUARIO, PASSWORD ) VALUES( 'capese@prodigy.net.mx', 'ccmx1234' );
INSERT INTO INFRA.REL_ROLES ( CVE_ROL, CVE_USUARIO ) VALUES( 'PyME', 'capese@prodigy.net.mx' );
INSERT INTO INFRA.PYMES ( ID_USUARIO, ID_USUARIO_PADRE, CORREO_ELECTRONICO, NOMBRE_COMERCIAL ) VALUES( (SELECT ID_USUARIO FROM INFRA.USUARIOS WHERE CVE_USUARIO = 'capese@prodigy.net.mx'), '1', 'capese@prodigy.net.mx', 'CAPRESE ASOCIADOS, S.A. DE C.V.' );
INSERT INTO INFRA.CONTACTOS (ID_USUARIO, TIPO, NOMBRE, APELLIDO_PATERNO, APELLIDO_MATERNO, CORREO_ELECTRONICO, B_PRINCIPAL, TELEFONO) VALUES ( (SELECT ID_USUARIO FROM INFRA.USUARIOS WHERE CVE_USUARIO = 'capese@prodigy.net.mx'), 'Ventas', 'RAYMUNDO', 'MANCILLA', '', 'capese@prodigy.net.mx', true, '58933233');
INSERT INTO INFRA.REL_PYMES_TRACTORAS ( ID_USUARIO_TRACTORA, ID_USUARIO_PYME) VALUES( (SELECT ID_USUARIO FROM INFRA.TRACTORAS WHERE EMPRESA = 'Vitro'), (SELECT ID_USUARIO FROM INFRA.USUARIOS WHERE CVE_USUARIO = 'capese@prodigy.net.mx') );
INSERT INTO INFRA.CLIENTES ( ID_USUARIO, CLIENTE) VALUES( (SELECT ID_USUARIO FROM INFRA.USUARIOS WHERE CVE_USUARIO = 'capese@prodigy.net.mx'), 'Vitro' );

--SISTEMAS HIDRAULICOS DE EMPAQUES Y RETENA ESPECIALES, S.A. DE C.V.
INSERT INTO INFRA.USUARIOS ( CVE_USUARIO, PASSWORD ) VALUES( 'sherebe@prodigy.net.mx', 'ccmx1234' );
INSERT INTO INFRA.REL_ROLES ( CVE_ROL, CVE_USUARIO ) VALUES( 'PyME', 'sherebe@prodigy.net.mx' );
INSERT INTO INFRA.PYMES ( ID_USUARIO, ID_USUARIO_PADRE, CORREO_ELECTRONICO, NOMBRE_COMERCIAL ) VALUES( (SELECT ID_USUARIO FROM INFRA.USUARIOS WHERE CVE_USUARIO = 'sherebe@prodigy.net.mx'), '1', 'sherebe@prodigy.net.mx', 'SISTEMAS HIDRAULICOS DE EMPAQUES Y RETENA ESPECIALES, S.A. DE C.V.' );
INSERT INTO INFRA.CONTACTOS (ID_USUARIO, TIPO, NOMBRE, APELLIDO_PATERNO, APELLIDO_MATERNO, CORREO_ELECTRONICO, B_PRINCIPAL, TELEFONO) VALUES ( (SELECT ID_USUARIO FROM INFRA.USUARIOS WHERE CVE_USUARIO = 'sherebe@prodigy.net.mx'), 'Ventas', 'ARMANDO', 'AVILA', 'HERRERA', 'sherebe@prodigy.net.mx', true, '53864121');
INSERT INTO INFRA.REL_PYMES_TRACTORAS ( ID_USUARIO_TRACTORA, ID_USUARIO_PYME) VALUES( (SELECT ID_USUARIO FROM INFRA.TRACTORAS WHERE EMPRESA = 'Vitro'), (SELECT ID_USUARIO FROM INFRA.USUARIOS WHERE CVE_USUARIO = 'sherebe@prodigy.net.mx') );
INSERT INTO INFRA.CLIENTES ( ID_USUARIO, CLIENTE) VALUES( (SELECT ID_USUARIO FROM INFRA.USUARIOS WHERE CVE_USUARIO = 'sherebe@prodigy.net.mx'), 'Vitro' );

--ABEL RODRIGUEZ RODRIGUEZ
INSERT INTO INFRA.USUARIOS ( CVE_USUARIO, PASSWORD ) VALUES( 'beltro17@yahoo.com.mx', 'ccmx1234' );
INSERT INTO INFRA.REL_ROLES ( CVE_ROL, CVE_USUARIO ) VALUES( 'PyME', 'beltro17@yahoo.com.mx' );
INSERT INTO INFRA.PYMES ( ID_USUARIO, ID_USUARIO_PADRE, CORREO_ELECTRONICO, NOMBRE_COMERCIAL ) VALUES( (SELECT ID_USUARIO FROM INFRA.USUARIOS WHERE CVE_USUARIO = 'beltro17@yahoo.com.mx'), '1', 'beltro17@yahoo.com.mx', 'ABEL RODRIGUEZ RODRIGUEZ' );
INSERT INTO INFRA.CONTACTOS (ID_USUARIO, TIPO, NOMBRE, APELLIDO_PATERNO, APELLIDO_MATERNO, CORREO_ELECTRONICO, B_PRINCIPAL, TELEFONO) VALUES ( (SELECT ID_USUARIO FROM INFRA.USUARIOS WHERE CVE_USUARIO = 'beltro17@yahoo.com.mx'), 'Ventas', 'ABEL', 'RODRIGUEZ', 'RODRIGUEZ', 'beltro17@yahoo.com.mx', true, '59341234');
INSERT INTO INFRA.REL_PYMES_TRACTORAS ( ID_USUARIO_TRACTORA, ID_USUARIO_PYME) VALUES( (SELECT ID_USUARIO FROM INFRA.TRACTORAS WHERE EMPRESA = 'Vitro'), (SELECT ID_USUARIO FROM INFRA.USUARIOS WHERE CVE_USUARIO = 'beltro17@yahoo.com.mx') );
INSERT INTO INFRA.CLIENTES ( ID_USUARIO, CLIENTE) VALUES( (SELECT ID_USUARIO FROM INFRA.USUARIOS WHERE CVE_USUARIO = 'beltro17@yahoo.com.mx'), 'Vitro' );

--STAFF QUIMICO DE MEXICO, S.A. DE C.V.
INSERT INTO INFRA.USUARIOS ( CVE_USUARIO, PASSWORD ) VALUES( 'edith2412@yahoo.com.mx', 'ccmx1234' );
INSERT INTO INFRA.REL_ROLES ( CVE_ROL, CVE_USUARIO ) VALUES( 'PyME', 'edith2412@yahoo.com.mx' );
INSERT INTO INFRA.PYMES ( ID_USUARIO, ID_USUARIO_PADRE, CORREO_ELECTRONICO, NOMBRE_COMERCIAL ) VALUES( (SELECT ID_USUARIO FROM INFRA.USUARIOS WHERE CVE_USUARIO = 'edith2412@yahoo.com.mx'), '1', 'edith2412@yahoo.com.mx', 'STAFF QUIMICO DE MEXICO, S.A. DE C.V.' );
INSERT INTO INFRA.CONTACTOS (ID_USUARIO, TIPO, NOMBRE, APELLIDO_PATERNO, APELLIDO_MATERNO, CORREO_ELECTRONICO, B_PRINCIPAL, TELEFONO) VALUES ( (SELECT ID_USUARIO FROM INFRA.USUARIOS WHERE CVE_USUARIO = 'edith2412@yahoo.com.mx'), 'Ventas', 'EDITH', 'ORTIZ', 'PALMA', 'edith2412@yahoo.com.mx', true, '55711424');
INSERT INTO INFRA.REL_PYMES_TRACTORAS ( ID_USUARIO_TRACTORA, ID_USUARIO_PYME) VALUES( (SELECT ID_USUARIO FROM INFRA.TRACTORAS WHERE EMPRESA = 'Vitro'), (SELECT ID_USUARIO FROM INFRA.USUARIOS WHERE CVE_USUARIO = 'edith2412@yahoo.com.mx') );
INSERT INTO INFRA.CLIENTES ( ID_USUARIO, CLIENTE) VALUES( (SELECT ID_USUARIO FROM INFRA.USUARIOS WHERE CVE_USUARIO = 'edith2412@yahoo.com.mx'), 'Vitro' );

--VALDEZ GERVACIO BERTHA
INSERT INTO INFRA.USUARIOS ( CVE_USUARIO, PASSWORD ) VALUES( 'jolurios@hotmail.com', 'ccmx1234' );
INSERT INTO INFRA.REL_ROLES ( CVE_ROL, CVE_USUARIO ) VALUES( 'PyME', 'jolurios@hotmail.com' );
INSERT INTO INFRA.PYMES ( ID_USUARIO, ID_USUARIO_PADRE, CORREO_ELECTRONICO, NOMBRE_COMERCIAL ) VALUES( (SELECT ID_USUARIO FROM INFRA.USUARIOS WHERE CVE_USUARIO = 'jolurios@hotmail.com'), '1', 'jolurios@hotmail.com', 'VALDEZ GERVACIO BERTHA' );
INSERT INTO INFRA.CONTACTOS (ID_USUARIO, TIPO, NOMBRE, APELLIDO_PATERNO, APELLIDO_MATERNO, CORREO_ELECTRONICO, B_PRINCIPAL, TELEFONO) VALUES ( (SELECT ID_USUARIO FROM INFRA.USUARIOS WHERE CVE_USUARIO = 'jolurios@hotmail.com'), 'Ventas', 'JOSE LUIS', 'RIOS', '', 'jolurios@hotmail.com', true, '58837511');
INSERT INTO INFRA.REL_PYMES_TRACTORAS ( ID_USUARIO_TRACTORA, ID_USUARIO_PYME) VALUES( (SELECT ID_USUARIO FROM INFRA.TRACTORAS WHERE EMPRESA = 'Vitro'), (SELECT ID_USUARIO FROM INFRA.USUARIOS WHERE CVE_USUARIO = 'jolurios@hotmail.com') );
INSERT INTO INFRA.CLIENTES ( ID_USUARIO, CLIENTE) VALUES( (SELECT ID_USUARIO FROM INFRA.USUARIOS WHERE CVE_USUARIO = 'jolurios@hotmail.com'), 'Vitro' );

--JOSE ALFREDO PEÑA OLVERA
INSERT INTO INFRA.USUARIOS ( CVE_USUARIO, PASSWORD ) VALUES( 'alf_po@hotmail.com', 'ccmx1234' );
INSERT INTO INFRA.REL_ROLES ( CVE_ROL, CVE_USUARIO ) VALUES( 'PyME', 'alf_po@hotmail.com' );
INSERT INTO INFRA.PYMES ( ID_USUARIO, ID_USUARIO_PADRE, CORREO_ELECTRONICO, NOMBRE_COMERCIAL ) VALUES( (SELECT ID_USUARIO FROM INFRA.USUARIOS WHERE CVE_USUARIO = 'alf_po@hotmail.com'), '1', 'alf_po@hotmail.com', 'JOSE ALFREDO PEÑA OLVERA' );
INSERT INTO INFRA.CONTACTOS (ID_USUARIO, TIPO, NOMBRE, APELLIDO_PATERNO, APELLIDO_MATERNO, CORREO_ELECTRONICO, B_PRINCIPAL, TELEFONO) VALUES ( (SELECT ID_USUARIO FROM INFRA.USUARIOS WHERE CVE_USUARIO = 'alf_po@hotmail.com'), 'Ventas', 'JOSE ALFREDO', 'PEÑA', '', 'alf_po@hotmail.com', true, '4422171408');
INSERT INTO INFRA.REL_PYMES_TRACTORAS ( ID_USUARIO_TRACTORA, ID_USUARIO_PYME) VALUES( (SELECT ID_USUARIO FROM INFRA.TRACTORAS WHERE EMPRESA = 'Vitro'), (SELECT ID_USUARIO FROM INFRA.USUARIOS WHERE CVE_USUARIO = 'alf_po@hotmail.com') );
INSERT INTO INFRA.CLIENTES ( ID_USUARIO, CLIENTE) VALUES( (SELECT ID_USUARIO FROM INFRA.USUARIOS WHERE CVE_USUARIO = 'alf_po@hotmail.com'), 'Vitro' );